#tsbench {"created_at": "2026-09-26T14:06:41+00:00", "seed": 42, "config_hash": "cf9843ca8dfe43f0", "sample_key": "4f93cf97d52c739c", "n_series": 2000, "target": "Dollars", "scope": {"geography_level": ["MARKET"], "channels": ["CONVENTIONAL|MULTI OUTLET"]}, "volume_deciles": 10, "zero_share_bins": [0.0, 0.05, 0.2, 1.01], "min_observed_weeks": 156}
unique_id,n_obs,n_grid,total_volume,n_zero,first_ds,last_ds,n_missing,zero_share,volume_decile,zero_bin,stratum
"SUBCATEGORY_APPLES_FUJI-APPLES@@ATLANTA, GA - MULO",232,232,18389630.76,0,2022-01-09,2026-06-14,0,0.0,7,0,7|0
"SUBCATEGORY_APPLES_FUJI-APPLES@@CINCINNATI/DAYTON, OH - MULO",232,232,10809228.56,0,2022-01-09,2026-06-14,0,0.0,6,0,6|0
"SUBCATEGORY_APPLES_FUJI-APPLES@@DALLAS/FT. WORTH, TX - MULO",232,232,22965439.13,0,2022-01-09,2026-06-14,0,0.0,7,0,7|0
"SUBCATEGORY_APPLES_FUJI-APPLES@@DENVER, CO - MULO",232,232,14972036.05,0,2022-01-09,2026-06-14,0,0.0,6,0,6|0
"SUBCATEGORY_APPLES_FUJI-APPLES@@DES MOINES, IA - MULO",232,232,2413569.73,0,2022-01-09,2026-06-14,0,0.0,3,0,3|0
"SUBCATEGORY_APPLES_FUJI-APPLES@@HARRISBURG/SCRANTON, PA - MULO",232,232,12884834.66,0,2022-01-09,2026-06-14,0,0.0,6,0,6|0
"SUBCATEGORY_APPLES_FUJI-APPLES@@HOUSTON, TX - MULO",232,232,12709712.44,0,2022-01-09,2026-06-14,0,0.0,6,0,6|0
"SUBCATEGORY_APPLES_FUJI-APPLES@@INDIANAPOLIS, IN - MULO",232,232,10265652.1,0,2022-01-09,2026-06-14,0,0.0,6,0,6|0
"SUBCATEGORY_APPLES_FUJI-APPLES@@JACKSONVILLE, FL - MULO",232,232,5962208.51,0,2022-01-09,2026-06-14,0,0.0,4,0,4|0
"SUBCATEGORY_APPLES_FUJI-APPLES@@MEMPHIS, TN - MULO",232,232,4047459.98,0,2022-01-09,2026-06-14,0,0.0,4,0,4|0
"SUBCATEGORY_APPLES_FUJI-APPLES@@NASHVILLE, TN - MULO",232,232,8523481.22,0,2022-01-09,2026-06-14,0,0.0,5,0,5|0
"SUBCATEGORY_APPLES_FUJI-APPLES@@NEW ORLEANS, LA/MOBILE, AL - MULO",232,232,8267342.93,0,2022-01-09,2026-06-14,0,0.0,5,0,5|0
"SUBCATEGORY_APPLES_FUJI-APPLES@@NEW YORK, NY - MULO",232,232,33020343.23,0,2022-01-09,2026-06-14,0,0.0,8,0,8|0
"SUBCATEGORY_APPLES_FUJI-APPLES@@ORLANDO, FL - MULO",232,232,12740407.09,0,2022-01-09,2026-06-14,0,0.0,6,0,6|0
"SUBCATEGORY_APPLES_FUJI-APPLES@@RALEIGH/GREENSBORO, NC - MULO",232,232,14537516.07,0,2022-01-09,2026-06-14,0,0.0,6,0,6|0
"SUBCATEGORY_APPLES_FUJI-APPLES@@SPOKANE, WA - MULO",232,232,1559138.53,0,2022-01-09,2026-06-14,0,0.0,2,0,2|0
"SUBCATEGORY_APPLES_FUJI-APPLES@@TULSA, OK - MULO",232,232,4139340.6,0,2022-01-09,2026-06-14,0,0.0,4,0,4|0
SUBCATEGORY_APPLES_FUJI-APPLES@@WEST TEXAS/NEW MEXICO - MULO,232,232,10971221.13,0,2022-01-09,2026-06-14,0,0.0,6,0,6|0
"SUBCATEGORY_APPLES_GALA-APPLES@@DETROIT, MI - MULO",232,232,37411619.39,0,2022-01-09,2026-06-14,0,0.0,8,0,8|0
"SUBCATEGORY_APPLES_GALA-APPLES@@GRAND RAPIDS, MI - MULO",232,232,17266868.03,0,2022-01-09,2026-06-14,0,0.0,7,0,7|0
"SUBCATEGORY_APPLES_GALA-APPLES@@GREEN BAY, WI - MULO",232,232,5731076.93,0,2022-01-09,2026-06-14,0,0.0,4,0,4|0
"SUBCATEGORY_APPLES_GALA-APPLES@@HARRISBURG/SCRANTON, PA - MULO",232,232,39766672.1,0,2022-01-09,2026-06-14,0,0.0,8,0,8|0
"SUBCATEGORY_APPLES_GALA-APPLES@@HOUSTON, TX - MULO",232,232,35545029.33,0,2022-01-09,2026-06-14,0,0.0,8,0,8|0
"SUBCATEGORY_APPLES_GALA-APPLES@@LAS VEGAS, NV - MULO",232,232,12977598.29,0,2022-01-09,2026-06-14,0,0.0,6,0,6|0
SUBCATEGORY_APPLES_GALA-APPLES@@MISSISSIPPI - MULO,232,232,15628406.89,0,2022-01-09,2026-06-14,0,0.0,7,0,7|0
"SUBCATEGORY_APPLES_GALA-APPLES@@NEW ORLEANS, LA/MOBILE, AL - MULO",232,232,21656542.24,0,2022-01-09,2026-06-14,0,0.0,7,0,7|0
"SUBCATEGORY_APPLES_GALA-APPLES@@NEW YORK, NY - MULO",232,232,112072974.34,0,2022-01-09,2026-06-14,0,0.0,9,0,9|0
"SUBCATEGORY_APPLES_GALA-APPLES@@OKLAHOMA CITY, OK - MULO",232,232,11250718.17,0,2022-01-09,2026-06-14,0,0.0,6,0,6|0
"SUBCATEGORY_APPLES_GALA-APPLES@@ORLANDO, FL - MULO",232,232,44184698.47,0,2022-01-09,2026-06-14,0,0.0,8,0,8|0
"SUBCATEGORY_APPLES_GALA-APPLES@@PORTLAND, OR - MULO",232,232,11818513.23,0,2022-01-09,2026-06-14,0,0.0,6,0,6|0
"SUBCATEGORY_APPLES_GALA-APPLES@@TAMPA/ST. PETERSBURG, FL - MULO",232,232,40633333.08,0,2022-01-09,2026-06-14,0,0.0,8,0,8|0
"SUBCATEGORY_APPLES_GALA-APPLES@@TOLEDO, OH - MULO",232,232,15211760.31,0,2022-01-09,2026-06-14,0,0.0,6,0,6|0
"SUBCATEGORY_APPLES_GOLDEN-DELICIOUS-APPLES@@ALBANY, NY - MULO",218,232,74770.92,4,2022-01-09,2026-06-14,14,0.018348623853211,0,0,0|0
"SUBCATEGORY_APPLES_GOLDEN-DELICIOUS-APPLES@@BALTIMORE, MD/WASHINGTON D.C. - MULO",232,232,3182222.53,0,2022-01-09,2026-06-14,0,0.0,3,0,3|0
"SUBCATEGORY_APPLES_GOLDEN-DELICIOUS-APPLES@@CHARLOTTE, NC - MULO",232,232,1987380.19,0,2022-01-09,2026-06-14,0,0.0,2,0,2|0
"SUBCATEGORY_APPLES_GOLDEN-DELICIOUS-APPLES@@DETROIT, MI - MULO",232,232,1554661.4,0,2022-01-09,2026-06-14,0,0.0,2,0,2|0
"SUBCATEGORY_APPLES_GOLDEN-DELICIOUS-APPLES@@GREEN BAY, WI - MULO",232,232,61319.52,0,2022-01-09,2026-06-14,0,0.0,0,0,0|0
"SUBCATEGORY_APPLES_GOLDEN-DELICIOUS-APPLES@@NEW ORLEANS, LA/MOBILE, AL - MULO",232,232,510205.51,0,2022-01-09,2026-06-14,0,0.0,1,0,1|0
"SUBCATEGORY_APPLES_GOLDEN-DELICIOUS-APPLES@@PHILADELPHIA, PA - MULO",232,232,2181943.15,0,2022-01-09,2026-06-14,0,0.0,2,0,2|0
"SUBCATEGORY_APPLES_GOLDEN-DELICIOUS-APPLES@@RICHMOND/NORFOLK, VA - MULO",232,232,1366516.75,0,2022-01-09,2026-06-14,0,0.0,2,0,2|0
SUBCATEGORY_APPLES_GOLDEN-DELICIOUS-APPLES@@SOUTH CAROLINA - MULO,232,232,2309191.72,0,2022-01-09,2026-06-14,0,0.0,2,0,2|0
"SUBCATEGORY_APPLES_GOLDEN-DELICIOUS-APPLES@@TOLEDO, OH - MULO",232,232,822080.03,0,2022-01-09,2026-06-14,0,0.0,1,0,1|0
"SUBCATEGORY_APPLES_GRANNY-SMITH-APPLES@@CHARLOTTE, NC - MULO",232,232,16141312.31,0,2022-01-09,2026-06-14,0,0.0,7,0,7|0
"SUBCATEGORY_APPLES_GRANNY-SMITH-APPLES@@CINCINNATI/DAYTON, OH - MULO",232,232,10809970.74,0,2022-01-09,2026-06-14,0,0.0,6,0,6|0
"SUBCATEGORY_APPLES_GRANNY-SMITH-APPLES@@HARRISBURG/SCRANTON, PA - MULO",232,232,14130954.91,0,2022-01-09,2026-06-14,0,0.0,6,0,6|0
"SUBCATEGORY_APPLES_GRANNY-SMITH-APPLES@@HARTFORD, CT/SPRINGFIELD, MA - MULO",232,232,10877099.26,0,2022-01-09,2026-06-14,0,0.0,6,0,6|0
"SUBCATEGORY_APPLES_GRANNY-SMITH-APPLES@@KNOXVILLE, TN - MULO",232,232,4244483.99,0,2022-01-09,2026-06-14,0,0.0,4,0,4|0
"SUBCATEGORY_APPLES_GRANNY-SMITH-APPLES@@LAS VEGAS, NV - MULO",232,232,6451692.3,0,2022-01-09,2026-06-14,0,0.0,5,0,5|0
"SUBCATEGORY_APPLES_GRANNY-SMITH-APPLES@@MILWAUKEE, WI - MULO",232,232,7956495.35,0,2022-01-09,2026-06-14,0,0.0,5,0,5|0
"SUBCATEGORY_APPLES_GRANNY-SMITH-APPLES@@OKLAHOMA CITY, OK - MULO",232,232,4145435.5,0,2022-01-09,2026-06-14,0,0.0,4,0,4|0
"SUBCATEGORY_APPLES_GRANNY-SMITH-APPLES@@PHILADELPHIA, PA - MULO",232,232,22911553.95,0,2022-01-09,2026-06-14,0,0.0,7,0,7|0
"SUBCATEGORY_APPLES_GRANNY-SMITH-APPLES@@SYRACUSE, NY - MULO",232,232,4166415.84,0,2022-01-09,2026-06-14,0,0.0,4,0,4|0
"SUBCATEGORY_APPLES_GRANNY-SMITH-APPLES@@TAMPA/ST. PETERSBURG, FL - MULO",232,232,16243954.58,0,2022-01-09,2026-06-14,0,0.0,7,0,7|0
"SUBCATEGORY_APPLES_HONEYCRISP-APPLES@@ALBANY, NY - MULO",232,232,7724494.05,0,2022-01-09,2026-06-14,0,0.0,5,0,5|0
"SUBCATEGORY_APPLES_HONEYCRISP-APPLES@@ATLANTA, GA - MULO",232,232,43451816.87,0,2022-01-09,2026-06-14,0,0.0,8,0,8|0
"SUBCATEGORY_APPLES_HONEYCRISP-APPLES@@BALTIMORE, MD/WASHINGTON D.C. - MULO",232,232,74396999.89,0,2022-01-09,2026-06-14,0,0.0,9,0,9|0
"SUBCATEGORY_APPLES_HONEYCRISP-APPLES@@BOISE, ID - MULO",232,232,5348704.5,0,2022-01-09,2026-06-14,0,0.0,4,0,4|0
"SUBCATEGORY_APPLES_HONEYCRISP-APPLES@@CHARLOTTE, NC - MULO",232,232,30045365.65,0,2022-01-09,2026-06-14,0,0.0,8,0,8|0
"SUBCATEGORY_APPLES_HONEYCRISP-APPLES@@CINCINNATI/DAYTON, OH - MULO",232,232,32242002.75,0,2022-01-09,2026-06-14,0,0.0,8,0,8|0
"SUBCATEGORY_APPLES_HONEYCRISP-APPLES@@COLUMBUS, OH - MULO",232,232,24523212.5,0,2022-01-09,2026-06-14,0,0.0,7,0,7|0
"SUBCATEGORY_APPLES_HONEYCRISP-APPLES@@INDIANAPOLIS, IN - MULO",232,232,28336789.0,0,2022-01-09,2026-06-14,0,0.0,8,0,8|0
"SUBCATEGORY_APPLES_HONEYCRISP-APPLES@@JACKSONVILLE, FL - MULO",232,232,15908892.31,0,2022-01-09,2026-06-14,0,0.0,7,0,7|0
"SUBCATEGORY_APPLES_HONEYCRISP-APPLES@@LAS VEGAS, NV - MULO",232,232,12295106.21,0,2022-01-09,2026-06-14,0,0.0,6,0,6|0
"SUBCATEGORY_APPLES_HONEYCRISP-APPLES@@LOS ANGELES, CA - MULO",232,232,55366014.08,0,2022-01-09,2026-06-14,0,0.0,8,0,8|0
SUBCATEGORY_APPLES_HONEYCRISP-APPLES@@MISSISSIPPI - MULO,232,232,13556429.33,0,2022-01-09,2026-06-14,0,0.0,6,0,6|0
SUBCATEGORY_APPLES_HONEYCRISP-APPLES@@NEW ENGLAND - MULO,232,232,18712388.14,0,2022-01-09,2026-06-14,0,0.0,7,0,7|0
"SUBCATEGORY_APPLES_HONEYCRISP-APPLES@@NEW ORLEANS, LA/MOBILE, AL - MULO",232,232,19638480.59,0,2022-01-09,2026-06-14,0,0.0,7,0,7|0
"SUBCATEGORY_APPLES_HONEYCRISP-APPLES@@OKLAHOMA CITY, OK - MULO",232,232,10490433.01,0,2022-01-09,2026-06-14,0,0.0,6,0,6|0
"SUBCATEGORY_APPLES_HONEYCRISP-APPLES@@ORLANDO, FL - MULO",232,232,33247693.44,0,2022-01-09,2026-06-14,0,0.0,8,0,8|0
"SUBCATEGORY_APPLES_HONEYCRISP-APPLES@@PHOENIX/TUCSON, AZ - MULO",232,232,31433809.74,0,2022-01-09,2026-06-14,0,0.0,8,0,8|0
"SUBCATEGORY_APPLES_HONEYCRISP-APPLES@@PITTSBURGH, PA - MULO",232,232,23413241.94,0,2022-01-09,2026-06-14,0,0.0,7,0,7|0
"SUBCATEGORY_APPLES_HONEYCRISP-APPLES@@SAN DIEGO, CA - MULO",232,232,12697717.12,0,2022-01-09,2026-06-14,0,0.0,6,0,6|0
"SUBCATEGORY_APPLES_HONEYCRISP-APPLES@@SPOKANE, WA - MULO",232,232,3853586.62,0,2022-01-09,2026-06-14,0,0.0,3,0,3|0
"SUBCATEGORY_APPLES_HONEYCRISP-APPLES@@ST. LOUIS, MO - MULO",232,232,23866243.99,0,2022-01-09,2026-06-14,0,0.0,7,0,7|0
"SUBCATEGORY_APPLES_MCINTOSH-APPLES@@BOSTON, MA - MULO",232,232,6084328.89,0,2022-01-09,2026-06-14,0,0.0,4,0,4|0
"SUBCATEGORY_APPLES_MCINTOSH-APPLES@@BUFFALO/ROCHESTER, NY - MULO",232,232,6505594.82,0,2022-01-09,2026-06-14,0,0.0,5,0,5|0
"SUBCATEGORY_APPLES_MCINTOSH-APPLES@@CHICAGO, IL - MULO",232,232,1516970.06,0,2022-01-09,2026-06-14,0,0.0,2,0,2|0
"SUBCATEGORY_APPLES_MCINTOSH-APPLES@@CLEVELAND, OH - MULO",232,232,1604764.28,0,2022-01-09,2026-06-14,0,0.0,2,0,2|0
"SUBCATEGORY_APPLES_MCINTOSH-APPLES@@DETROIT, MI - MULO",232,232,5430372.56,7,2022-01-09,2026-06-14,0,0.0301724137931034,4,0,4|0
"SUBCATEGORY_APPLES_MCINTOSH-APPLES@@GRAND RAPIDS, MI - MULO",231,232,2397368.15,4,2022-01-09,2026-06-14,1,0.0173160173160173,3,0,3|0
"SUBCATEGORY_APPLES_MCINTOSH-APPLES@@HARTFORD, CT/SPRINGFIELD, MA - MULO",232,232,6597529.15,0,2022-01-09,2026-06-14,0,0.0,5,0,5|0
"SUBCATEGORY_APPLES_MCINTOSH-APPLES@@KNOXVILLE, TN - MULO",232,232,409257.4,1,2022-01-09,2026-06-14,0,0.0043103448275862,0,0,0|0
"SUBCATEGORY_APPLES_MCINTOSH-APPLES@@OMAHA, NE - MULO",227,232,56295.01,33,2022-01-09,2026-06-14,5,0.145374449339207,0,1,0|1
"SUBCATEGORY_APPLES_MCINTOSH-APPLES@@ROANOKE, VA - MULO",232,232,1063646.81,0,2022-01-09,2026-06-14,0,0.0,1,0,1|0
"SUBCATEGORY_APPLES_OTHER-APPLES@@ALBANY, NY - MULO",232,232,6754367.78,0,2022-01-09,2026-06-14,0,0.0,5,0,5|0
"SUBCATEGORY_APPLES_OTHER-APPLES@@BUFFALO/ROCHESTER, NY - MULO",232,232,29724066.44,0,2022-01-09,2026-06-14,0,0.0,8,0,8|0
"SUBCATEGORY_APPLES_OTHER-APPLES@@CHICAGO, IL - MULO",232,232,41355376.43,0,2022-01-09,2026-06-14,0,0.0,8,0,8|0
"SUBCATEGORY_APPLES_OTHER-APPLES@@CLEVELAND, OH - MULO",232,232,11844261.27,0,2022-01-09,2026-06-14,0,0.0,6,0,6|0
"SUBCATEGORY_APPLES_OTHER-APPLES@@DENVER, CO - MULO",232,232,28630619.93,0,2022-01-09,2026-06-14,0,0.0,8,0,8|0
"SUBCATEGORY_APPLES_OTHER-APPLES@@JACKSONVILLE, FL - MULO",232,232,19690254.5,0,2022-01-09,2026-06-14,0,0.0,7,0,7|0
"SUBCATEGORY_APPLES_OTHER-APPLES@@KANSAS CITY, KS - MULO",232,232,13717099.81,0,2022-01-09,2026-06-14,0,0.0,6,0,6|0
"SUBCATEGORY_APPLES_OTHER-APPLES@@KNOXVILLE, TN - MULO",232,232,9490972.18,0,2022-01-09,2026-06-14,0,0.0,5,0,5|0
"SUBCATEGORY_APPLES_OTHER-APPLES@@ORLANDO, FL - MULO",232,232,43282354.36,0,2022-01-09,2026-06-14,0,0.0,8,0,8|0
"SUBCATEGORY_APPLES_OTHER-APPLES@@PITTSBURGH, PA - MULO",232,232,18096481.08,0,2022-01-09,2026-06-14,0,0.0,7,0,7|0
"SUBCATEGORY_APPLES_OTHER-APPLES@@ROANOKE, VA - MULO",232,232,16310581.06,0,2022-01-09,2026-06-14,0,0.0,7,0,7|0
"SUBCATEGORY_APPLES_OTHER-APPLES@@TOLEDO, OH - MULO",232,232,10434489.32,0,2022-01-09,2026-06-14,0,0.0,6,0,6|0
"SUBCATEGORY_APPLES_OTHER-APPLES@@WICHITA, KS - MULO",232,232,6190962.29,0,2022-01-09,2026-06-14,0,0.0,4,0,4|0
"SUBCATEGORY_APPLES_PINK-LADY-APPLES@@BIRMINGHAM/MONTGOMERY, AL - MULO",232,232,12291776.91,0,2022-01-09,2026-06-14,0,0.0,6,0,6|0
"SUBCATEGORY_APPLES_PINK-LADY-APPLES@@BOISE, ID - MULO",232,232,1363530.56,0,2022-01-09,2026-06-14,0,0.0,2,0,2|0
"SUBCATEGORY_APPLES_PINK-LADY-APPLES@@CLEVELAND, OH - MULO",232,232,5562957.42,0,2022-01-09,2026-06-14,0,0.0,4,0,4|0
"SUBCATEGORY_APPLES_PINK-LADY-APPLES@@DALLAS/FT. WORTH, TX - MULO",232,232,17592113.63,0,2022-01-09,2026-06-14,0,0.0,7,0,7|0
"SUBCATEGORY_APPLES_PINK-LADY-APPLES@@DENVER, CO - MULO",232,232,11133303.96,0,2022-01-09,2026-06-14,0,0.0,6,0,6|0
"SUBCATEGORY_APPLES_PINK-LADY-APPLES@@GREEN BAY, WI - MULO",232,232,3177476.95,0,2022-01-09,2026-06-14,0,0.0,3,0,3|0
"SUBCATEGORY_APPLES_PINK-LADY-APPLES@@HOUSTON, TX - MULO",232,232,9543640.92,0,2022-01-09,2026-06-14,0,0.0,5,0,5|0
"SUBCATEGORY_APPLES_PINK-LADY-APPLES@@LOS ANGELES, CA - MULO",232,232,14641242.61,0,2022-01-09,2026-06-14,0,0.0,6,0,6|0
SUBCATEGORY_APPLES_PINK-LADY-APPLES@@MISSISSIPPI - MULO,232,232,5115606.08,0,2022-01-09,2026-06-14,0,0.0,4,0,4|0
"SUBCATEGORY_APPLES_PINK-LADY-APPLES@@PEORIA/SPRINGFIELD, IL - MULO",232,232,5702488.87,0,2022-01-09,2026-06-14,0,0.0,4,0,4|0
"SUBCATEGORY_APPLES_PINK-LADY-APPLES@@SALT LAKE CITY, UT - MULO",232,232,5139022.27,0,2022-01-09,2026-06-14,0,0.0,4,0,4|0
"SUBCATEGORY_APPLES_PINK-LADY-APPLES@@SAN DIEGO, CA - MULO",232,232,3184719.58,0,2022-01-09,2026-06-14,0,0.0,3,0,3|0
"SUBCATEGORY_APPLES_PINK-LADY-APPLES@@SEATTLE/TACOMA, WA - MULO",232,232,5192874.5,0,2022-01-09,2026-06-14,0,0.0,4,0,4|0
"SUBCATEGORY_APPLES_PINK-LADY-APPLES@@TAMPA/ST. PETERSBURG, FL - MULO",232,232,14217970.59,0,2022-01-09,2026-06-14,0,0.0,6,0,6|0
"SUBCATEGORY_APPLES_PINK-LADY-APPLES@@TULSA, OK - MULO",232,232,2604177.43,0,2022-01-09,2026-06-14,0,0.0,3,0,3|0
"SUBCATEGORY_APPLES_PINK-LADY-APPLES@@WICHITA, KS - MULO",232,232,2584279.04,0,2022-01-09,2026-06-14,0,0.0,3,0,3|0
"SUBCATEGORY_APPLES_RED-DELICIOUS-APPLES@@ALBANY, NY - MULO",232,232,2217134.16,0,2022-01-09,2026-06-14,0,0.0,2,0,2|0
"SUBCATEGORY_APPLES_RED-DELICIOUS-APPLES@@ATLANTA, GA - MULO",232,232,7829705.23,0,2022-01-09,2026-06-14,0,0.0,5,0,5|0
"SUBCATEGORY_APPLES_RED-DELICIOUS-APPLES@@BALTIMORE, MD/WASHINGTON D.C. - MULO",232,232,21957828.21,0,2022-01-09,2026-06-14,0,0.0,7,0,7|0
"SUBCATEGORY_APPLES_RED-DELICIOUS-APPLES@@BIRMINGHAM/MONTGOMERY, AL - MULO",232,232,10475916.51,0,2022-01-09,2026-06-14,0,0.0,6,0,6|0
"SUBCATEGORY_APPLES_RED-DELICIOUS-APPLES@@GREEN BAY, WI - MULO",232,232,1397984.77,0,2022-01-09,2026-06-14,0,0.0,2,0,2|0
"SUBCATEGORY_APPLES_RED-DELICIOUS-APPLES@@HARRISBURG/SCRANTON, PA - MULO",232,232,13579038.3,0,2022-01-09,2026-06-14,0,0.0,6,0,6|0
"SUBCATEGORY_APPLES_RED-DELICIOUS-APPLES@@LOUISVILLE, KY - MULO",232,232,2243220.84,0,2022-01-09,2026-06-14,0,0.0,2,0,2|0
"SUBCATEGORY_APPLES_RED-DELICIOUS-APPLES@@MINNEAPOLIS/ST. PAUL, MN - MULO",232,232,2853996.36,0,2022-01-09,2026-06-14,0,0.0,3,0,3|0
"SUBCATEGORY_APPLES_RED-DELICIOUS-APPLES@@NEW ORLEANS, LA/MOBILE, AL - MULO",232,232,6521726.48,0,2022-01-09,2026-06-14,0,0.0,5,0,5|0
"SUBCATEGORY_APPLES_RED-DELICIOUS-APPLES@@RALEIGH/GREENSBORO, NC - MULO",232,232,11091355.9,0,2022-01-09,2026-06-14,0,0.0,6,0,6|0
"SUBCATEGORY_APPLES_RED-DELICIOUS-APPLES@@SALT LAKE CITY, UT - MULO",232,232,1597302.99,0,2022-01-09,2026-06-14,0,0.0,2,0,2|0
"SUBCATEGORY_APPLES_RED-DELICIOUS-APPLES@@SAN DIEGO, CA - MULO",232,232,1280778.78,0,2022-01-09,2026-06-14,0,0.0,2,0,2|0
"SUBCATEGORY_APPLES_RED-DELICIOUS-APPLES@@ST. LOUIS, MO - MULO",232,232,5283235.24,0,2022-01-09,2026-06-14,0,0.0,4,0,4|0
"SUBCATEGORY_APPLES_RED-DELICIOUS-APPLES@@TOLEDO, OH - MULO",232,232,3661835.7,0,2022-01-09,2026-06-14,0,0.0,3,0,3|0
"SUBCATEGORY_AVOCADOS_AVOCADOS@@CINCINNATI/DAYTON, OH - MULO",232,232,1408176.82,0,2022-01-09,2026-06-14,0,0.0,2,0,2|0
"SUBCATEGORY_AVOCADOS_AVOCADOS@@DETROIT, MI - MULO",232,232,1724209.52,0,2022-01-09,2026-06-14,0,0.0,2,0,2|0
"SUBCATEGORY_AVOCADOS_AVOCADOS@@HARRISBURG/SCRANTON, PA - MULO",232,232,1648859.4,0,2022-01-09,2026-06-14,0,0.0,2,0,2|0
"SUBCATEGORY_AVOCADOS_AVOCADOS@@JACKSONVILLE, FL - MULO",232,232,800663.72,0,2022-01-09,2026-06-14,0,0.0,1,0,1|0
"SUBCATEGORY_AVOCADOS_AVOCADOS@@KANSAS CITY, KS - MULO",232,232,3123357.55,0,2022-01-09,2026-06-14,0,0.0,3,0,3|0
"SUBCATEGORY_AVOCADOS_AVOCADOS@@KNOXVILLE, TN - MULO",232,232,708273.05,0,2022-01-09,2026-06-14,0,0.0,1,0,1|0
"SUBCATEGORY_AVOCADOS_AVOCADOS@@LOS ANGELES, CA - MULO",232,232,39613271.86,0,2022-01-09,2026-06-14,0,0.0,8,0,8|0
"SUBCATEGORY_AVOCADOS_AVOCADOS@@LOUISVILLE, KY - MULO",232,232,1175479.63,0,2022-01-09,2026-06-14,0,0.0,1,0,1|0
"SUBCATEGORY_AVOCADOS_AVOCADOS@@NASHVILLE, TN - MULO",232,232,2072432.93,0,2022-01-09,2026-06-14,0,0.0,2,0,2|0
"SUBCATEGORY_AVOCADOS_AVOCADOS@@OKLAHOMA CITY, OK - MULO",232,232,952560.41,0,2022-01-09,2026-06-14,0,0.0,1,0,1|0
"SUBCATEGORY_AVOCADOS_AVOCADOS@@SPOKANE, WA - MULO",232,232,555328.53,0,2022-01-09,2026-06-14,0,0.0,1,0,1|0
"SUBCATEGORY_AVOCADOS_AVOCADOS@@ST. LOUIS, MO - MULO",232,232,2488591.57,0,2022-01-09,2026-06-14,0,0.0,3,0,3|0
"SUBCATEGORY_AVOCADOS_AVOCADOS@@TOLEDO, OH - MULO",232,232,1130011.33,0,2022-01-09,2026-06-14,0,0.0,1,0,1|0
"SUBCATEGORY_AVOCADOS_AVOCADOS@@TULSA, OK - MULO",232,232,514646.56,0,2022-01-09,2026-06-14,0,0.0,1,0,1|0
"SUBCATEGORY_BANANAS_BANANAS@@BALTIMORE, MD/WASHINGTON D.C. - MULO",232,232,29172285.87,0,2022-01-09,2026-06-14,0,0.0,8,0,8|0
"SUBCATEGORY_BANANAS_BANANAS@@CHARLOTTE, NC - MULO",232,232,9525728.75,0,2022-01-09,2026-06-14,0,0.0,5,0,5|0
"SUBCATEGORY_BANANAS_BANANAS@@CINCINNATI/DAYTON, OH - MULO",232,232,6591911.02,0,2022-01-09,2026-06-14,0,0.0,5,0,5|0
"SUBCATEGORY_BANANAS_BANANAS@@CLEVELAND, OH - MULO",232,232,7695558.62,0,2022-01-09,2026-06-14,0,0.0,5,0,5|0
"SUBCATEGORY_BANANAS_BANANAS@@HARTFORD, CT/SPRINGFIELD, MA - MULO",232,232,11906929.97,0,2022-01-09,2026-06-14,0,0.0,6,0,6|0
"SUBCATEGORY_BANANAS_BANANAS@@JACKSONVILLE, FL - MULO",232,232,6733676.43,0,2022-01-09,2026-06-14,0,0.0,5,0,5|0
"SUBCATEGORY_BANANAS_BANANAS@@LITTLE ROCK, AR - MULO",232,232,3947658.85,0,2022-01-09,2026-06-14,0,0.0,4,0,4|0
"SUBCATEGORY_BANANAS_BANANAS@@MEMPHIS, TN - MULO",232,232,4928155.32,0,2022-01-09,2026-06-14,0,0.0,4,0,4|0
"SUBCATEGORY_BANANAS_BANANAS@@MILWAUKEE, WI - MULO",232,232,9124436.49,0,2022-01-09,2026-06-14,0,0.0,5,0,5|0
"SUBCATEGORY_BANANAS_BANANAS@@NEW ORLEANS, LA/MOBILE, AL - MULO",232,232,14239661.69,0,2022-01-09,2026-06-14,0,0.0,6,0,6|0
"SUBCATEGORY_BANANAS_BANANAS@@NEW YORK, NY - MULO",232,232,69638551.26,0,2022-01-09,2026-06-14,0,0.0,9,0,9|0
"SUBCATEGORY_BANANAS_BANANAS@@RICHMOND/NORFOLK, VA - MULO",232,232,12575903.43,0,2022-01-09,2026-06-14,0,0.0,6,0,6|0
"SUBCATEGORY_BANANAS_BANANAS@@SACRAMENTO, CA - MULO",232,232,9681450.16,0,2022-01-09,2026-06-14,0,0.0,5,0,5|0
SUBCATEGORY_BANANAS_BANANAS@@SOUTH CAROLINA - MULO,232,232,18915424.84,0,2022-01-09,2026-06-14,0,0.0,7,0,7|0
"SUBCATEGORY_BANANAS_BANANAS@@SYRACUSE, NY - MULO",232,232,6084198.88,0,2022-01-09,2026-06-14,0,0.0,4,0,4|0
"SUBCATEGORY_BANANAS_BANANAS@@TAMPA/ST. PETERSBURG, FL - MULO",232,232,18978207.79,0,2022-01-09,2026-06-14,0,0.0,7,0,7|0
"SUBCATEGORY_BANANAS_BANANAS@@TULSA, OK - MULO",232,232,5764638.11,0,2022-01-09,2026-06-14,0,0.0,4,0,4|0
SUBCATEGORY_BANANAS_BANANAS@@WEST TEXAS/NEW MEXICO - MULO,232,232,17509943.57,0,2022-01-09,2026-06-14,0,0.0,7,0,7|0
"SUBCATEGORY_BANANAS_BANANAS@@WICHITA, KS - MULO",232,232,4320482.15,0,2022-01-09,2026-06-14,0,0.0,4,0,4|0
"SUBCATEGORY_BANANAS_PLANTAINS-&-OTHER-BANANAS@@CHARLOTTE, NC - MULO",204,204,306540.93,8,2022-07-24,2026-06-14,0,0.0392156862745098,0,0,0|0
"SUBCATEGORY_BANANAS_PLANTAINS-&-OTHER-BANANAS@@HARTFORD, CT/SPRINGFIELD, MA - MULO",224,224,271002.39,0,2022-03-06,2026-06-14,0,0.0,0,0,0|0
SUBCATEGORY_BANANAS_PLANTAINS-&-OTHER-BANANAS@@NEW ENGLAND - MULO,232,232,583294.22,0,2022-01-09,2026-06-14,0,0.0,1,0,1|0
"SUBCATEGORY_BANANAS_PLANTAINS-&-OTHER-BANANAS@@NEW YORK, NY - MULO",232,232,3200660.93,0,2022-01-09,2026-06-14,0,0.0,3,0,3|0
"SUBCATEGORY_BANANAS_PLANTAINS-&-OTHER-BANANAS@@PHILADELPHIA, PA - MULO",232,232,787521.6,0,2022-01-09,2026-06-14,0,0.0,1,0,1|0
"SUBCATEGORY_BANANAS_PLANTAINS-&-OTHER-BANANAS@@RICHMOND/NORFOLK, VA - MULO",215,215,722696.49,19,2022-05-08,2026-06-14,0,0.0883720930232558,1,1,1|1
SUBCATEGORY_BANANAS_PLANTAINS-&-OTHER-BANANAS@@SOUTH CAROLINA - MULO,223,224,165784.37,10,2022-03-06,2026-06-14,1,0.0448430493273542,0,0,0|0
"SUBCATEGORY_BERRIES_BLACKBERRIES@@BALTIMORE, MD/WASHINGTON D.C. - MULO",232,232,154490036.99,0,2022-01-09,2026-06-14,0,0.0,9,0,9|0
"SUBCATEGORY_BERRIES_BLACKBERRIES@@BIRMINGHAM/MONTGOMERY, AL - MULO",232,232,49506525.64,0,2022-01-09,2026-06-14,0,0.0,8,0,8|0
"SUBCATEGORY_BERRIES_BLACKBERRIES@@CHARLOTTE, NC - MULO",232,232,46685712.1,0,2022-01-09,2026-06-14,0,0.0,8,0,8|0
"SUBCATEGORY_BERRIES_BLACKBERRIES@@CINCINNATI/DAYTON, OH - MULO",232,232,50555259.24,0,2022-01-09,2026-06-14,0,0.0,8,0,8|0
"SUBCATEGORY_BERRIES_BLACKBERRIES@@DENVER, CO - MULO",232,232,88553347.33,0,2022-01-09,2026-06-14,0,0.0,9,0,9|0
"SUBCATEGORY_BERRIES_BLACKBERRIES@@DETROIT, MI - MULO",232,232,66719543.44,0,2022-01-09,2026-06-14,0,0.0,9,0,9|0
"SUBCATEGORY_BERRIES_BLACKBERRIES@@HOUSTON, TX - MULO",232,232,54624565.08,0,2022-01-09,2026-06-14,0,0.0,8,0,8|0
"SUBCATEGORY_BERRIES_BLACKBERRIES@@LOUISVILLE, KY - MULO",232,232,17324219.84,0,2022-01-09,2026-06-14,0,0.0,7,0,7|0
"SUBCATEGORY_BERRIES_BLACKBERRIES@@MEMPHIS, TN - MULO",232,232,11069031.75,0,2022-01-09,2026-06-14,0,0.0,6,0,6|0
"SUBCATEGORY_BERRIES_BLACKBERRIES@@MIAMI/FT. LAUDERDALE, FL - MULO",232,232,125076772.71,0,2022-01-09,2026-06-14,0,0.0,9,0,9|0
"SUBCATEGORY_BERRIES_BLACKBERRIES@@MILWAUKEE, WI - MULO",232,232,36027910.7,0,2022-01-09,2026-06-14,0,0.0,8,0,8|0
"SUBCATEGORY_BERRIES_BLACKBERRIES@@NASHVILLE, TN - MULO",232,232,36302936.83,0,2022-01-09,2026-06-14,0,0.0,8,0,8|0
SUBCATEGORY_BERRIES_BLACKBERRIES@@NEW ENGLAND - MULO,232,232,57772323.86,0,2022-01-09,2026-06-14,0,0.0,9,0,9|0
"SUBCATEGORY_BERRIES_BLACKBERRIES@@PORTLAND, OR - MULO",232,232,35287408.55,0,2022-01-09,2026-06-14,0,0.0,8,0,8|0
"SUBCATEGORY_BERRIES_BLACKBERRIES@@RALEIGH/GREENSBORO, NC - MULO",232,232,52670153.69,0,2022-01-09,2026-06-14,0,0.0,8,0,8|0
"SUBCATEGORY_BERRIES_BLACKBERRIES@@SAN FRANCISCO/OAKLAND, CA - MULO",232,232,92774644.64,0,2022-01-09,2026-06-14,0,0.0,9,0,9|0
"SUBCATEGORY_BERRIES_BLACKBERRIES@@SEATTLE/TACOMA, WA - MULO",232,232,46109748.47,0,2022-01-09,2026-06-14,0,0.0,8,0,8|0
"SUBCATEGORY_BERRIES_BLACKBERRIES@@TAMPA/ST. PETERSBURG, FL - MULO",232,232,86082395.72,0,2022-01-09,2026-06-14,0,0.0,9,0,9|0
SUBCATEGORY_BERRIES_BLACKBERRIES@@WEST TEXAS/NEW MEXICO - MULO,232,232,39879061.87,0,2022-01-09,2026-06-14,0,0.0,8,0,8|0
"SUBCATEGORY_BERRIES_BLACKBERRIES@@WICHITA, KS - MULO",232,232,10021321.29,0,2022-01-09,2026-06-14,0,0.0,6,0,6|0
"SUBCATEGORY_BERRIES_BLACKBERRIES_CONVENTIONAL@@LITTLE ROCK, AR - MULO",180,180,5554781.11,0,2023-01-08,2026-06-14,0,0.0,4,0,4|0
"SUBCATEGORY_BERRIES_BLACKBERRIES_NATURAL@@LOS ANGELES, CA - MULO",180,180,37515104.53,0,2023-01-08,2026-06-14,0,0.0,8,0,8|0
"SUBCATEGORY_BERRIES_BLACKBERRIES_SPECIALTY-AND-WELLNESS@@LOS ANGELES, CA - MULO",180,180,2763048.92,0,2023-01-08,2026-06-14,0,0.0,3,0,3|0
"SUBCATEGORY_BERRIES_BLUEBERRIES@@BOISE, ID - MULO",232,232,28700083.81,0,2022-01-09,2026-06-14,0,0.0,8,0,8|0
"SUBCATEGORY_BERRIES_BLUEBERRIES@@BOSTON, MA - MULO",232,232,298573246.16,0,2022-01-09,2026-06-14,0,0.0,9,0,9|0
"SUBCATEGORY_BERRIES_BLUEBERRIES@@HARRISBURG/SCRANTON, PA - MULO",232,232,219831189.22,0,2022-01-09,2026-06-14,0,0.0,9,0,9|0
"SUBCATEGORY_BERRIES_BLUEBERRIES@@KNOXVILLE, TN - MULO",232,232,51414483.01,0,2022-01-09,2026-06-14,0,0.0,8,0,8|0
"SUBCATEGORY_BERRIES_BLUEBERRIES@@LAS VEGAS, NV - MULO",232,232,82831201.79,0,2022-01-09,2026-06-14,0,0.0,9,0,9|0
"SUBCATEGORY_BERRIES_BLUEBERRIES@@LITTLE ROCK, AR - MULO",232,232,25126598.47,0,2022-01-09,2026-06-14,0,0.0,7,0,7|0
"SUBCATEGORY_BERRIES_BLUEBERRIES@@MILWAUKEE, WI - MULO",232,232,124520628.14,0,2022-01-09,2026-06-14,0,0.0,9,0,9|0
"SUBCATEGORY_BERRIES_BLUEBERRIES@@MINNEAPOLIS/ST. PAUL, MN - MULO",232,232,155938168.15,0,2022-01-09,2026-06-14,0,0.0,9,0,9|0
"SUBCATEGORY_BERRIES_BLUEBERRIES@@NEW YORK, NY - MULO",232,232,704910036.8,0,2022-01-09,2026-06-14,0,0.0,9,0,9|0
"SUBCATEGORY_BERRIES_BLUEBERRIES@@PEORIA/SPRINGFIELD, IL - MULO",232,232,74220870.51,0,2022-01-09,2026-06-14,0,0.0,9,0,9|0
"SUBCATEGORY_BERRIES_BLUEBERRIES@@PHOENIX/TUCSON, AZ - MULO",232,232,237123925.67,0,2022-01-09,2026-06-14,0,0.0,9,0,9|0
"SUBCATEGORY_BERRIES_BLUEBERRIES@@PROVIDENCE, RI - MULO",232,232,55944457.85,0,2022-01-09,2026-06-14,0,0.0,8,0,8|0
"SUBCATEGORY_BERRIES_BLUEBERRIES@@RICHMOND/NORFOLK, VA - MULO",232,232,152444454.12,0,2022-01-09,2026-06-14,0,0.0,9,0,9|0
"SUBCATEGORY_BERRIES_BLUEBERRIES@@SACRAMENTO, CA - MULO",232,232,93344808.7,0,2022-01-09,2026-06-14,0,0.0,9,0,9|0
"SUBCATEGORY_BERRIES_BLUEBERRIES@@SAN DIEGO, CA - MULO",232,232,136691830.31,0,2022-01-09,2026-06-14,0,0.0,9,0,9|0
"SUBCATEGORY_BERRIES_BLUEBERRIES@@ST. LOUIS, MO - MULO",232,232,123241047.65,0,2022-01-09,2026-06-14,0,0.0,9,0,9|0
SUBCATEGORY_BERRIES_BLUEBERRIES@@WEST TEXAS/NEW MEXICO - MULO,232,232,116902042.09,0,2022-01-09,2026-06-14,0,0.0,9,0,9|0
"SUBCATEGORY_BERRIES_BLUEBERRIES_CONVENTIONAL@@LITTLE ROCK, AR - MULO",180,180,17304735.8,0,2023-01-08,2026-06-14,0,0.0,7,0,7|0
"SUBCATEGORY_BERRIES_BLUEBERRIES_CONVENTIONAL@@LOS ANGELES, CA - MULO",180,180,425611243.3,0,2023-01-08,2026-06-14,0,0.0,9,0,9|0
"SUBCATEGORY_BERRIES_BLUEBERRIES_ORGANIC@@LITTLE ROCK, AR - MULO",180,180,2313689.22,0,2023-01-08,2026-06-14,0,0.0,2,0,2|0
"SUBCATEGORY_BERRIES_CRANBERRIES@@BALTIMORE, MD/WASHINGTON D.C. - MULO",213,232,6847133.54,14,2022-01-09,2026-06-14,19,0.0657276995305164,5,1,5|1
"SUBCATEGORY_BERRIES_CRANBERRIES@@BOSTON, MA - MULO",218,232,3884243.04,5,2022-01-09,2026-06-14,14,0.0229357798165137,3,0,3|0
"SUBCATEGORY_BERRIES_CRANBERRIES@@DES MOINES, IA - MULO",221,232,897945.69,12,2022-01-09,2026-06-14,11,0.0542986425339366,1,1,1|1
"SUBCATEGORY_BERRIES_CRANBERRIES@@HARTFORD, CT/SPRINGFIELD, MA - MULO",222,232,3436921.92,22,2022-01-09,2026-06-14,10,0.0990990990990991,3,1,3|1
"SUBCATEGORY_BERRIES_CRANBERRIES@@KANSAS CITY, KS - MULO",232,232,1908913.87,0,2022-01-09,2026-06-14,0,0.0,2,0,2|0
"SUBCATEGORY_BERRIES_CRANBERRIES@@MINNEAPOLIS/ST. PAUL, MN - MULO",212,232,2960547.49,5,2022-01-09,2026-06-14,20,0.0235849056603773,3,0,3|0
"SUBCATEGORY_BERRIES_CRANBERRIES@@ORLANDO, FL - MULO",218,232,2704186.9099999997,13,2022-01-09,2026-06-14,14,0.0596330275229357,3,1,3|1
"SUBCATEGORY_BERRIES_CRANBERRIES@@PEORIA/SPRINGFIELD, IL - MULO",232,232,1348166.5,0,2022-01-09,2026-06-14,0,0.0,2,0,2|0
"SUBCATEGORY_BERRIES_CRANBERRIES_CONVENTIONAL@@LITTLE ROCK, AR - MULO",180,180,276067.88,88,2023-01-08,2026-06-14,0,0.4888888888888889,0,2,0|2
"SUBCATEGORY_BERRIES_OTHER-BERRIES@@ATLANTA, GA - MULO",232,232,6344658.0200000005,0,2022-01-09,2026-06-14,0,0.0,5,0,5|0
"SUBCATEGORY_BERRIES_OTHER-BERRIES@@CHICAGO, IL - MULO",232,232,2120116.36,0,2022-01-09,2026-06-14,0,0.0,2,0,2|0
"SUBCATEGORY_BERRIES_OTHER-BERRIES@@CINCINNATI/DAYTON, OH - MULO",232,232,915264.95,0,2022-01-09,2026-06-14,0,0.0,1,0,1|0
"SUBCATEGORY_BERRIES_OTHER-BERRIES@@COLUMBUS, OH - MULO",232,232,1198621.48,0,2022-01-09,2026-06-14,0,0.0,1,0,1|0
"SUBCATEGORY_BERRIES_OTHER-BERRIES@@HARRISBURG/SCRANTON, PA - MULO",232,232,744534.72,0,2022-01-09,2026-06-14,0,0.0,1,0,1|0
"SUBCATEGORY_BERRIES_OTHER-BERRIES@@JACKSONVILLE, FL - MULO",232,232,1486304.06,0,2022-01-09,2026-06-14,0,0.0,2,0,2|0
"SUBCATEGORY_BERRIES_OTHER-BERRIES@@KANSAS CITY, KS - MULO",194,232,72694.14,11,2022-01-09,2026-06-14,38,0.056701030927835,0,1,0|1
"SUBCATEGORY_BERRIES_OTHER-BERRIES@@MIAMI/FT. LAUDERDALE, FL - MULO",232,232,3873912.34,0,2022-01-09,2026-06-14,0,0.0,3,0,3|0
"SUBCATEGORY_BERRIES_OTHER-BERRIES@@OMAHA, NE - MULO",213,232,117670.65,0,2022-01-09,2026-06-14,19,0.0,0,0,0|0
"SUBCATEGORY_BERRIES_OTHER-BERRIES@@PEORIA/SPRINGFIELD, IL - MULO",232,232,1028285.8,0,2022-01-09,2026-06-14,0,0.0,1,0,1|0
"SUBCATEGORY_BERRIES_OTHER-BERRIES@@PHOENIX/TUCSON, AZ - MULO",232,232,2094331.33,0,2022-01-09,2026-06-14,0,0.0,2,0,2|0
"SUBCATEGORY_BERRIES_OTHER-BERRIES@@PITTSBURGH, PA - MULO",232,232,494317.99,0,2022-01-09,2026-06-14,0,0.0,1,0,1|0
"SUBCATEGORY_BERRIES_OTHER-BERRIES@@PROVIDENCE, RI - MULO",227,232,82817.19,0,2022-01-09,2026-06-14,5,0.0,0,0,0|0
"SUBCATEGORY_BERRIES_OTHER-BERRIES@@SEATTLE/TACOMA, WA - MULO",232,232,1308405.64,0,2022-01-09,2026-06-14,0,0.0,2,0,2|0
"SUBCATEGORY_BERRIES_OTHER-BERRIES@@SPOKANE, WA - MULO",232,232,148237.09,4,2022-01-09,2026-06-14,0,0.0172413793103448,0,0,0|0
"SUBCATEGORY_BERRIES_OTHER-BERRIES@@TOLEDO, OH - MULO",232,232,599170.55,0,2022-01-09,2026-06-14,0,0.0,1,0,1|0
"SUBCATEGORY_BERRIES_OTHER-BERRIES@@TULSA, OK - MULO",232,232,75734.44,0,2022-01-09,2026-06-14,0,0.0,0,0,0|0
"SUBCATEGORY_BERRIES_OTHER-BERRIES_CONVENTIONAL@@LITTLE ROCK, AR - MULO",180,180,1770104.42,0,2023-01-08,2026-06-14,0,0.0,2,0,2|0
"SUBCATEGORY_BERRIES_RASPBERRIES@@ALBANY, NY - MULO",232,232,39576594.76,0,2022-01-09,2026-06-14,0,0.0,8,0,8|0
"SUBCATEGORY_BERRIES_RASPBERRIES@@ATLANTA, GA - MULO",232,232,90013044.94,0,2022-01-09,2026-06-14,0,0.0,9,0,9|0
"SUBCATEGORY_BERRIES_RASPBERRIES@@BALTIMORE, MD/WASHINGTON D.C. - MULO",232,232,192941544.45,0,2022-01-09,2026-06-14,0,0.0,9,0,9|0
"SUBCATEGORY_BERRIES_RASPBERRIES@@BIRMINGHAM/MONTGOMERY, AL - MULO",232,232,44435926.57,0,2022-01-09,2026-06-14,0,0.0,8,0,8|0
"SUBCATEGORY_BERRIES_RASPBERRIES@@BUFFALO/ROCHESTER, NY - MULO",232,232,82104962.7,0,2022-01-09,2026-06-14,0,0.0,9,0,9|0
"SUBCATEGORY_BERRIES_RASPBERRIES@@CHARLOTTE, NC - MULO",232,232,51295425.29,0,2022-01-09,2026-06-14,0,0.0,8,0,8|0
"SUBCATEGORY_BERRIES_RASPBERRIES@@COLUMBUS, OH - MULO",232,232,51838922.37,0,2022-01-09,2026-06-14,0,0.0,8,0,8|0
"SUBCATEGORY_BERRIES_RASPBERRIES@@DALLAS/FT. WORTH, TX - MULO",232,232,116716983.49,0,2022-01-09,2026-06-14,0,0.0,9,0,9|0
"SUBCATEGORY_BERRIES_RASPBERRIES@@DENVER, CO - MULO",232,232,130994441.18,0,2022-01-09,2026-06-14,0,0.0,9,0,9|0
"SUBCATEGORY_BERRIES_RASPBERRIES@@GREEN BAY, WI - MULO",232,232,29367895.7,0,2022-01-09,2026-06-14,0,0.0,8,0,8|0
"SUBCATEGORY_BERRIES_RASPBERRIES@@HARTFORD, CT/SPRINGFIELD, MA - MULO",232,232,91146504.85,0,2022-01-09,2026-06-14,0,0.0,9,0,9|0
"SUBCATEGORY_BERRIES_RASPBERRIES@@INDIANAPOLIS, IN - MULO",232,232,45331728.98,0,2022-01-09,2026-06-14,0,0.0,8,0,8|0
"SUBCATEGORY_BERRIES_RASPBERRIES@@LITTLE ROCK, AR - MULO",232,232,7407987.49,0,2022-01-09,2026-06-14,0,0.0,5,0,5|0
"SUBCATEGORY_BERRIES_RASPBERRIES@@MEMPHIS, TN - MULO",232,232,8436009.46,0,2022-01-09,2026-06-14,0,0.0,5,0,5|0
"SUBCATEGORY_BERRIES_RASPBERRIES@@OKLAHOMA CITY, OK - MULO",232,232,15494700.45,0,2022-01-09,2026-06-14,0,0.0,7,0,7|0
"SUBCATEGORY_BERRIES_RASPBERRIES@@OMAHA, NE - MULO",232,232,25037134.94,0,2022-01-09,2026-06-14,0,0.0,7,0,7|0
"SUBCATEGORY_BERRIES_RASPBERRIES@@RICHMOND/NORFOLK, VA - MULO",232,232,53329574.94,0,2022-01-09,2026-06-14,0,0.0,8,0,8|0
"SUBCATEGORY_BERRIES_RASPBERRIES@@SEATTLE/TACOMA, WA - MULO",232,232,108090471.67,0,2022-01-09,2026-06-14,0,0.0,9,0,9|0
SUBCATEGORY_BERRIES_RASPBERRIES@@SOUTH CAROLINA - MULO,232,232,81853471.65,0,2022-01-09,2026-06-14,0,0.0,9,0,9|0
"SUBCATEGORY_BERRIES_RASPBERRIES@@TOLEDO, OH - MULO",232,232,39991452.95,0,2022-01-09,2026-06-14,0,0.0,8,0,8|0
SUBCATEGORY_BERRIES_RASPBERRIES@@WEST TEXAS/NEW MEXICO - MULO,232,232,43852418.71,0,2022-01-09,2026-06-14,0,0.0,8,0,8|0
"SUBCATEGORY_BERRIES_RASPBERRIES_CONVENTIONAL@@LITTLE ROCK, AR - MULO",180,180,4606072.19,0,2023-01-08,2026-06-14,0,0.0,4,0,4|0
"SUBCATEGORY_BERRIES_RASPBERRIES_CONVENTIONAL@@LOS ANGELES, CA - MULO",180,180,171117653.5,0,2023-01-08,2026-06-14,0,0.0,9,0,9|0
"SUBCATEGORY_BERRIES_RASPBERRIES_ORGANIC@@LITTLE ROCK, AR - MULO",180,180,1231357.92,0,2023-01-08,2026-06-14,0,0.0,2,0,2|0
"SUBCATEGORY_BERRIES_RASPBERRIES_SPECIALTY-AND-WELLNESS@@LOS ANGELES, CA - MULO",180,180,1108308.74,66,2023-01-08,2026-06-14,0,0.3666666666666666,1,2,1|2
"SUBCATEGORY_BERRIES_STRAWBERRIES@@ALBANY, NY - MULO",232,232,84452970.76,0,2022-01-09,2026-06-14,0,0.0,9,0,9|0
"SUBCATEGORY_BERRIES_STRAWBERRIES@@BALTIMORE, MD/WASHINGTON D.C. - MULO",232,232,609707662.7,0,2022-01-09,2026-06-14,0,0.0,9,0,9|0
"SUBCATEGORY_BERRIES_STRAWBERRIES@@BIRMINGHAM/MONTGOMERY, AL - MULO",232,232,224320660.48,0,2022-01-09,2026-06-14,0,0.0,9,0,9|0
"SUBCATEGORY_BERRIES_STRAWBERRIES@@BOISE, ID - MULO",232,232,37586084.62,0,2022-01-09,2026-06-14,0,0.0,8,0,8|0
"SUBCATEGORY_BERRIES_STRAWBERRIES@@BOSTON, MA - MULO",232,232,333234652.2,0,2022-01-09,2026-06-14,0,0.0,9,0,9|0
"SUBCATEGORY_BERRIES_STRAWBERRIES@@COLUMBUS, OH - MULO",232,232,157692701.71,0,2022-01-09,2026-06-14,0,0.0,9,0,9|0
"SUBCATEGORY_BERRIES_STRAWBERRIES@@DETROIT, MI - MULO",232,232,301688397.85,0,2022-01-09,2026-06-14,0,0.0,9,0,9|0
"SUBCATEGORY_BERRIES_STRAWBERRIES@@HARTFORD, CT/SPRINGFIELD, MA - MULO",232,232,234239174.69,0,2022-01-09,2026-06-14,0,0.0,9,0,9|0
"SUBCATEGORY_BERRIES_STRAWBERRIES@@LOUISVILLE, KY - MULO",232,232,79675391.8,0,2022-01-09,2026-06-14,0,0.0,9,0,9|0
"SUBCATEGORY_BERRIES_STRAWBERRIES@@MILWAUKEE, WI - MULO",232,232,162079563.14,0,2022-01-09,2026-06-14,0,0.0,9,0,9|0
"SUBCATEGORY_BERRIES_STRAWBERRIES@@MINNEAPOLIS/ST. PAUL, MN - MULO",232,232,214642693.6,0,2022-01-09,2026-06-14,0,0.0,9,0,9|0
"SUBCATEGORY_BERRIES_STRAWBERRIES@@NEW ORLEANS, LA/MOBILE, AL - MULO",232,232,160259852.77,0,2022-01-09,2026-06-14,0,0.0,9,0,9|0
"SUBCATEGORY_BERRIES_STRAWBERRIES@@OMAHA, NE - MULO",232,232,81936618.65,0,2022-01-09,2026-06-14,0,0.0,9,0,9|0
"SUBCATEGORY_BERRIES_STRAWBERRIES@@PEORIA/SPRINGFIELD, IL - MULO",232,232,104481100.9,0,2022-01-09,2026-06-14,0,0.0,9,0,9|0
"SUBCATEGORY_BERRIES_STRAWBERRIES@@PHILADELPHIA, PA - MULO",232,232,417279148.1,0,2022-01-09,2026-06-14,0,0.0,9,0,9|0
"SUBCATEGORY_BERRIES_STRAWBERRIES@@PORTLAND, OR - MULO",232,232,175712727.13,0,2022-01-09,2026-06-14,0,0.0,9,0,9|0
"SUBCATEGORY_BERRIES_STRAWBERRIES@@RALEIGH/GREENSBORO, NC - MULO",232,232,240346738.57,0,2022-01-09,2026-06-14,0,0.0,9,0,9|0
"SUBCATEGORY_BERRIES_STRAWBERRIES@@SEATTLE/TACOMA, WA - MULO",232,232,232698334.22,0,2022-01-09,2026-06-14,0,0.0,9,0,9|0
SUBCATEGORY_BERRIES_STRAWBERRIES@@SOUTH CAROLINA - MULO,232,232,338927942.63,0,2022-01-09,2026-06-14,0,0.0,9,0,9|0
"SUBCATEGORY_BERRIES_STRAWBERRIES_CONVENTIONAL@@LITTLE ROCK, AR - MULO",180,180,30860834.41,0,2023-01-08,2026-06-14,0,0.0,8,0,8|0
"SUBCATEGORY_BERRIES_STRAWBERRIES_NATURAL@@LOS ANGELES, CA - MULO",180,180,117965329.29,0,2023-01-08,2026-06-14,0,0.0,9,0,9|0
"SUBCATEGORY_BERRIES_STRAWBERRIES_ORGANIC@@LITTLE ROCK, AR - MULO",180,180,1920529.77,0,2023-01-08,2026-06-14,0,0.0,2,0,2|0
"SUBCATEGORY_BERRIES_STRAWBERRIES_ORGANIC@@LOS ANGELES, CA - MULO",180,180,117965329.29,0,2023-01-08,2026-06-14,0,0.0,9,0,9|0
"SUBCATEGORY_CARROTS_BABY-CARROTS@@BOISE, ID - MULO",232,232,7400277.86,0,2022-01-09,2026-06-14,0,0.0,5,0,5|0
"SUBCATEGORY_CARROTS_BABY-CARROTS@@BOSTON, MA - MULO",232,232,50484148.4,0,2022-01-09,2026-06-14,0,0.0,8,0,8|0
"SUBCATEGORY_CARROTS_BABY-CARROTS@@HOUSTON, TX - MULO",232,232,28863801.5,0,2022-01-09,2026-06-14,0,0.0,8,0,8|0
"SUBCATEGORY_CARROTS_BABY-CARROTS@@KANSAS CITY, KS - MULO",232,232,26416243.66,0,2022-01-09,2026-06-14,0,0.0,7,0,7|0
"SUBCATEGORY_CARROTS_BABY-CARROTS@@LAS VEGAS, NV - MULO",232,232,18136202.19,0,2022-01-09,2026-06-14,0,0.0,7,0,7|0
"SUBCATEGORY_CARROTS_BABY-CARROTS@@MEMPHIS, TN - MULO",232,232,9009393.95,0,2022-01-09,2026-06-14,0,0.0,5,0,5|0
"SUBCATEGORY_CARROTS_BABY-CARROTS@@MINNEAPOLIS/ST. PAUL, MN - MULO",232,232,43419188.79,0,2022-01-09,2026-06-14,0,0.0,8,0,8|0
"SUBCATEGORY_CARROTS_BABY-CARROTS@@NASHVILLE, TN - MULO",232,232,23245145.26,0,2022-01-09,2026-06-14,0,0.0,7,0,7|0
SUBCATEGORY_CARROTS_BABY-CARROTS@@NEW ENGLAND - MULO,232,232,44236877.86,0,2022-01-09,2026-06-14,0,0.0,8,0,8|0
"SUBCATEGORY_CARROTS_BABY-CARROTS@@PHILADELPHIA, PA - MULO",232,232,68285830.26,0,2022-01-09,2026-06-14,0,0.0,9,0,9|0
"SUBCATEGORY_CARROTS_BABY-CARROTS@@PORTLAND, OR - MULO",232,232,35753320.44,0,2022-01-09,2026-06-14,0,0.0,8,0,8|0
"SUBCATEGORY_CARROTS_BABY-CARROTS@@RICHMOND/NORFOLK, VA - MULO",232,232,30248937.82,0,2022-01-09,2026-06-14,0,0.0,8,0,8|0
"SUBCATEGORY_CARROTS_BABY-CARROTS@@ROANOKE, VA - MULO",232,232,26874044.24,0,2022-01-09,2026-06-14,0,0.0,8,0,8|0
"SUBCATEGORY_CARROTS_BABY-CARROTS@@SAN FRANCISCO/OAKLAND, CA - MULO",232,232,52640253.38,0,2022-01-09,2026-06-14,0,0.0,8,0,8|0
"SUBCATEGORY_CARROTS_BABY-CARROTS@@SPOKANE, WA - MULO",232,232,8084775.09,0,2022-01-09,2026-06-14,0,0.0,5,0,5|0
"SUBCATEGORY_CARROTS_BABY-CARROTS@@ST. LOUIS, MO - MULO",232,232,29639610.6,0,2022-01-09,2026-06-14,0,0.0,8,0,8|0
"SUBCATEGORY_CARROTS_CARROTS@@CHARLOTTE, NC - MULO",232,232,23568322.59,0,2022-01-09,2026-06-14,0,0.0,7,0,7|0
"SUBCATEGORY_CARROTS_CARROTS@@COLUMBUS, OH - MULO",232,232,17597471.57,0,2022-01-09,2026-06-14,0,0.0,7,0,7|0
"SUBCATEGORY_CARROTS_CARROTS@@DENVER, CO - MULO",232,232,31587441.78,0,2022-01-09,2026-06-14,0,0.0,8,0,8|0
"SUBCATEGORY_CARROTS_CARROTS@@HARRISBURG/SCRANTON, PA - MULO",232,232,36617581.81,0,2022-01-09,2026-06-14,0,0.0,8,0,8|0
"SUBCATEGORY_CARROTS_CARROTS@@LOUISVILLE, KY - MULO",232,232,9219951.51,0,2022-01-09,2026-06-14,0,0.0,5,0,5|0
"SUBCATEGORY_CARROTS_CARROTS@@MEMPHIS, TN - MULO",232,232,5385122.73,0,2022-01-09,2026-06-14,0,0.0,4,0,4|0
SUBCATEGORY_CARROTS_CARROTS@@MISSISSIPPI - MULO,232,232,8278478.32,0,2022-01-09,2026-06-14,0,0.0,5,0,5|0
SUBCATEGORY_CARROTS_CARROTS@@NEW ENGLAND - MULO,232,232,42724471.89,0,2022-01-09,2026-06-14,0,0.0,8,0,8|0
"SUBCATEGORY_CARROTS_CARROTS@@PHOENIX/TUCSON, AZ - MULO",232,232,33947638.38,0,2022-01-09,2026-06-14,0,0.0,8,0,8|0
"SUBCATEGORY_CARROTS_CARROTS@@PORTLAND, OR - MULO",232,232,21649190.42,0,2022-01-09,2026-06-14,0,0.0,7,0,7|0
"SUBCATEGORY_CARROTS_CARROTS@@SACRAMENTO, CA - MULO",232,232,17209587.01,0,2022-01-09,2026-06-14,0,0.0,7,0,7|0
"SUBCATEGORY_CARROTS_CARROTS@@SAN FRANCISCO/OAKLAND, CA - MULO",232,232,29997567.99,0,2022-01-09,2026-06-14,0,0.0,8,0,8|0
"SUBCATEGORY_CARROTS_CARROTS@@SEATTLE/TACOMA, WA - MULO",232,232,24306125.49,0,2022-01-09,2026-06-14,0,0.0,7,0,7|0
"SUBCATEGORY_CARROTS_CARROTS@@SPOKANE, WA - MULO",232,232,5029027.52,0,2022-01-09,2026-06-14,0,0.0,4,0,4|0
"SUBCATEGORY_CARROTS_CARROTS@@TAMPA/ST. PETERSBURG, FL - MULO",232,232,36939234.33,0,2022-01-09,2026-06-14,0,0.0,8,0,8|0
"SUBCATEGORY_CARROTS_CARROTS@@TULSA, OK - MULO",232,232,6612147.2,0,2022-01-09,2026-06-14,0,0.0,5,0,5|0
"SUBCATEGORY_CARROTS_CARROTS@@WICHITA, KS - MULO",232,232,5086338.66,0,2022-01-09,2026-06-14,0,0.0,4,0,4|0
"SUBCATEGORY_CARROTS_CUT-CARROTS@@ATLANTA, GA - MULO",232,232,19711401.5,0,2022-01-09,2026-06-14,0,0.0,7,0,7|0
"SUBCATEGORY_CARROTS_CUT-CARROTS@@BIRMINGHAM/MONTGOMERY, AL - MULO",232,232,11489939.34,0,2022-01-09,2026-06-14,0,0.0,6,0,6|0
"SUBCATEGORY_CARROTS_CUT-CARROTS@@BOISE, ID - MULO",232,232,1639064.47,0,2022-01-09,2026-06-14,0,0.0,2,0,2|0
"SUBCATEGORY_CARROTS_CUT-CARROTS@@CLEVELAND, OH - MULO",232,232,6148670.82,0,2022-01-09,2026-06-14,0,0.0,4,0,4|0
"SUBCATEGORY_CARROTS_CUT-CARROTS@@DALLAS/FT. WORTH, TX - MULO",232,232,17641817.06,0,2022-01-09,2026-06-14,0,0.0,7,0,7|0
"SUBCATEGORY_CARROTS_CUT-CARROTS@@DES MOINES, IA - MULO",232,232,3196075.88,0,2022-01-09,2026-06-14,0,0.0,3,0,3|0
"SUBCATEGORY_CARROTS_CUT-CARROTS@@HOUSTON, TX - MULO",232,232,7658177.28,0,2022-01-09,2026-06-14,0,0.0,5,0,5|0
"SUBCATEGORY_CARROTS_CUT-CARROTS@@JACKSONVILLE, FL - MULO",232,232,9014945.83,0,2022-01-09,2026-06-14,0,0.0,5,0,5|0
"SUBCATEGORY_CARROTS_CUT-CARROTS@@LAS VEGAS, NV - MULO",232,232,4738142.35,0,2022-01-09,2026-06-14,0,0.0,4,0,4|0
"SUBCATEGORY_CARROTS_CUT-CARROTS@@LOUISVILLE, KY - MULO",232,232,3647339.17,0,2022-01-09,2026-06-14,0,0.0,3,0,3|0
"SUBCATEGORY_CARROTS_CUT-CARROTS@@MEMPHIS, TN - MULO",232,232,2294769.77,0,2022-01-09,2026-06-14,0,0.0,2,0,2|0
"SUBCATEGORY_CARROTS_CUT-CARROTS@@NEW ORLEANS, LA/MOBILE, AL - MULO",232,232,6661463.65,0,2022-01-09,2026-06-14,0,0.0,5,0,5|0
"SUBCATEGORY_CARROTS_CUT-CARROTS@@NEW YORK, NY - MULO",232,232,27104022.66,0,2022-01-09,2026-06-14,0,0.0,8,0,8|0
"SUBCATEGORY_CARROTS_CUT-CARROTS@@OMAHA, NE - MULO",232,232,4093256.25,0,2022-01-09,2026-06-14,0,0.0,4,0,4|0
"SUBCATEGORY_CARROTS_CUT-CARROTS@@RICHMOND/NORFOLK, VA - MULO",232,232,12267148.04,0,2022-01-09,2026-06-14,0,0.0,6,0,6|0
"SUBCATEGORY_CARROTS_CUT-CARROTS@@ROANOKE, VA - MULO",232,232,7201883.55,0,2022-01-09,2026-06-14,0,0.0,5,0,5|0
"SUBCATEGORY_CARROTS_CUT-CARROTS@@SACRAMENTO, CA - MULO",232,232,7388983.61,0,2022-01-09,2026-06-14,0,0.0,5,0,5|0
"SUBCATEGORY_CARROTS_CUT-CARROTS@@SALT LAKE CITY, UT - MULO",232,232,6769781.74,0,2022-01-09,2026-06-14,0,0.0,5,0,5|0
"SUBCATEGORY_CARROTS_CUT-CARROTS@@SAN DIEGO, CA - MULO",232,232,9475605.05,0,2022-01-09,2026-06-14,0,0.0,5,0,5|0
"SUBCATEGORY_CARROTS_CUT-CARROTS@@SAN FRANCISCO/OAKLAND, CA - MULO",232,232,12334877.87,0,2022-01-09,2026-06-14,0,0.0,6,0,6|0
SUBCATEGORY_CARROTS_CUT-CARROTS@@SOUTH CAROLINA - MULO,232,232,19951916.44,0,2022-01-09,2026-06-14,0,0.0,7,0,7|0
"SUBCATEGORY_CARROTS_CUT-CARROTS@@SPOKANE, WA - MULO",232,232,1927220.6,0,2022-01-09,2026-06-14,0,0.0,2,0,2|0
"SUBCATEGORY_CARROTS_CUT-CARROTS@@TAMPA/ST. PETERSBURG, FL - MULO",232,232,19550917.33,0,2022-01-09,2026-06-14,0,0.0,7,0,7|0
SUBCATEGORY_CARROTS_CUT-CARROTS@@WEST TEXAS/NEW MEXICO - MULO,232,232,12239251.25,0,2022-01-09,2026-06-14,0,0.0,6,0,6|0
"SUBCATEGORY_CARROTS_CUT-CARROTS@@WICHITA, KS - MULO",232,232,1995849.59,0,2022-01-09,2026-06-14,0,0.0,2,0,2|0
"SUBCATEGORY_CELERY_CELERY@@ATLANTA, GA - MULO",232,232,23438761.94,0,2022-01-09,2026-06-14,0,0.0,7,0,7|0
"SUBCATEGORY_CELERY_CELERY@@BALTIMORE, MD/WASHINGTON D.C. - MULO",232,232,50383011.03,0,2022-01-09,2026-06-14,0,0.0,8,0,8|0
"SUBCATEGORY_CELERY_CELERY@@BIRMINGHAM/MONTGOMERY, AL - MULO",232,232,16820968.25,0,2022-01-09,2026-06-14,0,0.0,7,0,7|0
"SUBCATEGORY_CELERY_CELERY@@BOSTON, MA - MULO",232,232,37134176.37,0,2022-01-09,2026-06-14,0,0.0,8,0,8|0
"SUBCATEGORY_CELERY_CELERY@@CHICAGO, IL - MULO",232,232,25280760.22,0,2022-01-09,2026-06-14,0,0.0,7,0,7|0
"SUBCATEGORY_CELERY_CELERY@@DENVER, CO - MULO",232,232,20561605.56,0,2022-01-09,2026-06-14,0,0.0,7,0,7|0
"SUBCATEGORY_CELERY_CELERY@@DETROIT, MI - MULO",232,232,23556076.86,0,2022-01-09,2026-06-14,0,0.0,7,0,7|0
"SUBCATEGORY_CELERY_CELERY@@GREEN BAY, WI - MULO",232,232,2348690.39,0,2022-01-09,2026-06-14,0,0.0,3,0,3|0
"SUBCATEGORY_CELERY_CELERY@@KANSAS CITY, KS - MULO",232,232,7171847.77,0,2022-01-09,2026-06-14,0,0.0,5,0,5|0
"SUBCATEGORY_CELERY_CELERY@@KNOXVILLE, TN - MULO",232,232,6446072.43,0,2022-01-09,2026-06-14,0,0.0,5,0,5|0
"SUBCATEGORY_CELERY_CELERY@@LOS ANGELES, CA - MULO",232,232,43290454.77,0,2022-01-09,2026-06-14,0,0.0,8,0,8|0
"SUBCATEGORY_CELERY_CELERY@@LOUISVILLE, KY - MULO",232,232,5495217.93,0,2022-01-09,2026-06-14,0,0.0,4,0,4|0
"SUBCATEGORY_CELERY_CELERY@@NEW ORLEANS, LA/MOBILE, AL - MULO",232,232,16817645.47,0,2022-01-09,2026-06-14,0,0.0,7,0,7|0
"SUBCATEGORY_CELERY_CELERY@@PHILADELPHIA, PA - MULO",232,232,32312314.91,0,2022-01-09,2026-06-14,0,0.0,8,0,8|0
"SUBCATEGORY_CELERY_CELERY@@PHOENIX/TUCSON, AZ - MULO",232,232,17212488.2,0,2022-01-09,2026-06-14,0,0.0,7,0,7|0
"SUBCATEGORY_CELERY_CELERY@@RALEIGH/GREENSBORO, NC - MULO",232,232,13028240.06,0,2022-01-09,2026-06-14,0,0.0,6,0,6|0
"SUBCATEGORY_CELERY_CELERY@@SACRAMENTO, CA - MULO",232,232,12903537.64,0,2022-01-09,2026-06-14,0,0.0,6,0,6|0
"SUBCATEGORY_CELERY_CELERY@@SAN DIEGO, CA - MULO",232,232,10544553.63,0,2022-01-09,2026-06-14,0,0.0,6,0,6|0
"SUBCATEGORY_CELERY_CELERY@@ST. LOUIS, MO - MULO",232,232,7750689.81,0,2022-01-09,2026-06-14,0,0.0,5,0,5|0
"SUBCATEGORY_CELERY_CELERY@@SYRACUSE, NY - MULO",232,232,8147321.39,0,2022-01-09,2026-06-14,0,0.0,5,0,5|0
"SUBCATEGORY_CELERY_CUT-CELERY@@ALBANY, NY - MULO",232,232,1891587.07,0,2022-01-09,2026-06-14,0,0.0,2,0,2|0
"SUBCATEGORY_CELERY_CUT-CELERY@@BALTIMORE, MD/WASHINGTON D.C. - MULO",232,232,26520196.21,0,2022-01-09,2026-06-14,0,0.0,7,0,7|0
"SUBCATEGORY_CELERY_CUT-CELERY@@CINCINNATI/DAYTON, OH - MULO",232,232,7178915.57,0,2022-01-09,2026-06-14,0,0.0,5,0,5|0
"SUBCATEGORY_CELERY_CUT-CELERY@@CLEVELAND, OH - MULO",232,232,7392820.21,0,2022-01-09,2026-06-14,0,0.0,5,0,5|0
"SUBCATEGORY_CELERY_CUT-CELERY@@DENVER, CO - MULO",232,232,11427526.81,0,2022-01-09,2026-06-14,0,0.0,6,0,6|0
"SUBCATEGORY_CELERY_CUT-CELERY@@DETROIT, MI - MULO",232,232,11697898.18,0,2022-01-09,2026-06-14,0,0.0,6,0,6|0
"SUBCATEGORY_CELERY_CUT-CELERY@@HARTFORD, CT/SPRINGFIELD, MA - MULO",232,232,10103590.16,0,2022-01-09,2026-06-14,0,0.0,6,0,6|0
"SUBCATEGORY_CELERY_CUT-CELERY@@KNOXVILLE, TN - MULO",232,232,2132257.61,0,2022-01-09,2026-06-14,0,0.0,2,0,2|0
"SUBCATEGORY_CELERY_CUT-CELERY@@LOS ANGELES, CA - MULO",232,232,21986059.35,0,2022-01-09,2026-06-14,0,0.0,7,0,7|0
"SUBCATEGORY_CELERY_CUT-CELERY@@MIAMI/FT. LAUDERDALE, FL - MULO",232,232,24397172.9,0,2022-01-09,2026-06-14,0,0.0,7,0,7|0
"SUBCATEGORY_CELERY_CUT-CELERY@@NEW ORLEANS, LA/MOBILE, AL - MULO",232,232,6152120.91,0,2022-01-09,2026-06-14,0,0.0,4,0,4|0
"SUBCATEGORY_CELERY_CUT-CELERY@@OKLAHOMA CITY, OK - MULO",232,232,2914174.11,0,2022-01-09,2026-06-14,0,0.0,3,0,3|0
"SUBCATEGORY_CELERY_CUT-CELERY@@OMAHA, NE - MULO",232,232,2489250.67,0,2022-01-09,2026-06-14,0,0.0,3,0,3|0
"SUBCATEGORY_CELERY_CUT-CELERY@@SPOKANE, WA - MULO",232,232,735208.48,0,2022-01-09,2026-06-14,0,0.0,1,0,1|0
"SUBCATEGORY_CITRUS_GRAPEFRUIT@@BALTIMORE, MD/WASHINGTON D.C. - MULO",232,232,14592444.59,0,2022-01-09,2026-06-14,0,0.0,6,0,6|0
"SUBCATEGORY_CITRUS_GRAPEFRUIT@@BIRMINGHAM/MONTGOMERY, AL - MULO",232,232,6131966.92,0,2022-01-09,2026-06-14,0,0.0,4,0,4|0
"SUBCATEGORY_CITRUS_GRAPEFRUIT@@BOSTON, MA - MULO",232,232,5286375.86,0,2022-01-09,2026-06-14,0,0.0,4,0,4|0
"SUBCATEGORY_CITRUS_GRAPEFRUIT@@BUFFALO/ROCHESTER, NY - MULO",232,232,4990691.3,0,2022-01-09,2026-06-14,0,0.0,4,0,4|0
"SUBCATEGORY_CITRUS_GRAPEFRUIT@@CLEVELAND, OH - MULO",232,232,3475609.76,0,2022-01-09,2026-06-14,0,0.0,3,0,3|0
"SUBCATEGORY_CITRUS_GRAPEFRUIT@@DALLAS/FT. WORTH, TX - MULO",232,232,11963388.69,0,2022-01-09,2026-06-14,0,0.0,6,0,6|0
"SUBCATEGORY_CITRUS_GRAPEFRUIT@@DENVER, CO - MULO",232,232,7054951.93,0,2022-01-09,2026-06-14,0,0.0,5,0,5|0
"SUBCATEGORY_CITRUS_GRAPEFRUIT@@KNOXVILLE, TN - MULO",232,232,1758385.17,0,2022-01-09,2026-06-14,0,0.0,2,0,2|0
"SUBCATEGORY_CITRUS_GRAPEFRUIT@@LOUISVILLE, KY - MULO",232,232,2264068.68,0,2022-01-09,2026-06-14,0,0.0,2,0,2|0
"SUBCATEGORY_CITRUS_GRAPEFRUIT@@MIAMI/FT. LAUDERDALE, FL - MULO",232,232,17252736.45,0,2022-01-09,2026-06-14,0,0.0,7,0,7|0
SUBCATEGORY_CITRUS_GRAPEFRUIT@@MISSISSIPPI - MULO,232,232,3136216.41,0,2022-01-09,2026-06-14,0,0.0,3,0,3|0
"SUBCATEGORY_CITRUS_GRAPEFRUIT@@NEW YORK, NY - MULO",232,232,18134346.42,0,2022-01-09,2026-06-14,0,0.0,7,0,7|0
"SUBCATEGORY_CITRUS_GRAPEFRUIT@@OKLAHOMA CITY, OK - MULO",232,232,1919845.34,0,2022-01-09,2026-06-14,0,0.0,2,0,2|0
"SUBCATEGORY_CITRUS_GRAPEFRUIT@@PORTLAND, OR - MULO",232,232,2506405.04,0,2022-01-09,2026-06-14,0,0.0,3,0,3|0
"SUBCATEGORY_CITRUS_GRAPEFRUIT@@SALT LAKE CITY, UT - MULO",232,232,2518750.79,0,2022-01-09,2026-06-14,0,0.0,3,0,3|0
"SUBCATEGORY_CITRUS_GRAPEFRUIT@@SPOKANE, WA - MULO",232,232,525844.68,0,2022-01-09,2026-06-14,0,0.0,1,0,1|0
"SUBCATEGORY_CITRUS_GRAPEFRUIT@@ST. LOUIS, MO - MULO",232,232,3876156.64,0,2022-01-09,2026-06-14,0,0.0,3,0,3|0
"SUBCATEGORY_CITRUS_LEMONS@@ATLANTA, GA - MULO",232,232,54606729.4,0,2022-01-09,2026-06-14,0,0.0,8,0,8|0
"SUBCATEGORY_CITRUS_LEMONS@@BOSTON, MA - MULO",232,232,30153359.71,0,2022-01-09,2026-06-14,0,0.0,8,0,8|0
"SUBCATEGORY_CITRUS_LEMONS@@CHICAGO, IL - MULO",232,232,81697478.64,0,2022-01-09,2026-06-14,0,0.0,9,0,9|0
"SUBCATEGORY_CITRUS_LEMONS@@DENVER, CO - MULO",232,232,29484762.92,0,2022-01-09,2026-06-14,0,0.0,8,0,8|0
"SUBCATEGORY_CITRUS_LEMONS@@DES MOINES, IA - MULO",232,232,4679177.44,0,2022-01-09,2026-06-14,0,0.0,4,0,4|0
"SUBCATEGORY_CITRUS_LEMONS@@HOUSTON, TX - MULO",232,232,28211624.73,0,2022-01-09,2026-06-14,0,0.0,8,0,8|0
"SUBCATEGORY_CITRUS_LEMONS@@INDIANAPOLIS, IN - MULO",232,232,19458382.17,0,2022-01-09,2026-06-14,0,0.0,7,0,7|0
"SUBCATEGORY_CITRUS_LEMONS@@LAS VEGAS, NV - MULO",232,232,17785278.84,0,2022-01-09,2026-06-14,0,0.0,7,0,7|0
"SUBCATEGORY_CITRUS_LEMONS@@LOUISVILLE, KY - MULO",232,232,10598894.85,0,2022-01-09,2026-06-14,0,0.0,6,0,6|0
"SUBCATEGORY_CITRUS_LEMONS@@MEMPHIS, TN - MULO",232,232,10956055.06,0,2022-01-09,2026-06-14,0,0.0,6,0,6|0
"SUBCATEGORY_CITRUS_LEMONS@@NEW ORLEANS, LA/MOBILE, AL - MULO",232,232,31390988.38,0,2022-01-09,2026-06-14,0,0.0,8,0,8|0
"SUBCATEGORY_CITRUS_LEMONS@@PITTSBURGH, PA - MULO",232,232,24591961.74,0,2022-01-09,2026-06-14,0,0.0,7,0,7|0
"SUBCATEGORY_CITRUS_LEMONS@@SAN FRANCISCO/OAKLAND, CA - MULO",232,232,22249934.39,0,2022-01-09,2026-06-14,0,0.0,7,0,7|0
"SUBCATEGORY_CITRUS_LEMONS@@SEATTLE/TACOMA, WA - MULO",232,232,20766141.69,0,2022-01-09,2026-06-14,0,0.0,7,0,7|0
"SUBCATEGORY_CITRUS_LEMONS@@SPOKANE, WA - MULO",232,232,2432416.33,0,2022-01-09,2026-06-14,0,0.0,3,0,3|0
"SUBCATEGORY_CITRUS_LEMONS@@TOLEDO, OH - MULO",232,232,11704482.06,0,2022-01-09,2026-06-14,0,0.0,6,0,6|0
"SUBCATEGORY_CITRUS_LEMONS@@TULSA, OK - MULO",232,232,6753062.18,0,2022-01-09,2026-06-14,0,0.0,5,0,5|0
SUBCATEGORY_CITRUS_LEMONS@@WEST TEXAS/NEW MEXICO - MULO,232,232,27780909.38,0,2022-01-09,2026-06-14,0,0.0,8,0,8|0
"SUBCATEGORY_CITRUS_LEMONS@@WICHITA, KS - MULO",232,232,4902169.03,0,2022-01-09,2026-06-14,0,0.0,4,0,4|0
"SUBCATEGORY_CITRUS_LIMES@@ATLANTA, GA - MULO",232,232,32266626.77,0,2022-01-09,2026-06-14,0,0.0,8,0,8|0
"SUBCATEGORY_CITRUS_LIMES@@BALTIMORE, MD/WASHINGTON D.C. - MULO",232,232,53318461.76,0,2022-01-09,2026-06-14,0,0.0,8,0,8|0
"SUBCATEGORY_CITRUS_LIMES@@BOISE, ID - MULO",232,232,1604419.21,0,2022-01-09,2026-06-14,0,0.0,2,0,2|0
"SUBCATEGORY_CITRUS_LIMES@@BUFFALO/ROCHESTER, NY - MULO",232,232,9819224.58,0,2022-01-09,2026-06-14,0,0.0,6,0,6|0
"SUBCATEGORY_CITRUS_LIMES@@CHARLOTTE, NC - MULO",232,232,18211289.29,0,2022-01-09,2026-06-14,0,0.0,7,0,7|0
"SUBCATEGORY_CITRUS_LIMES@@CLEVELAND, OH - MULO",232,232,6804804.5,0,2022-01-09,2026-06-14,0,0.0,5,0,5|0
"SUBCATEGORY_CITRUS_LIMES@@DENVER, CO - MULO",232,232,46673524.7,0,2022-01-09,2026-06-14,0,0.0,8,0,8|0
"SUBCATEGORY_CITRUS_LIMES@@HARRISBURG/SCRANTON, PA - MULO",232,232,19899173.46,0,2022-01-09,2026-06-14,0,0.0,7,0,7|0
"SUBCATEGORY_CITRUS_LIMES@@HARTFORD, CT/SPRINGFIELD, MA - MULO",232,232,11293499.94,0,2022-01-09,2026-06-14,0,0.0,6,0,6|0
"SUBCATEGORY_CITRUS_LIMES@@LOS ANGELES, CA - MULO",232,232,64435060.01,0,2022-01-09,2026-06-14,0,0.0,9,0,9|0
"SUBCATEGORY_CITRUS_LIMES@@LOUISVILLE, KY - MULO",232,232,8337465.0,0,2022-01-09,2026-06-14,0,0.0,5,0,5|0
"SUBCATEGORY_CITRUS_LIMES@@MINNEAPOLIS/ST. PAUL, MN - MULO",232,232,24377815.81,0,2022-01-09,2026-06-14,0,0.0,7,0,7|0
"SUBCATEGORY_CITRUS_LIMES@@ORLANDO, FL - MULO",232,232,26292676.77,0,2022-01-09,2026-06-14,0,0.0,7,0,7|0
"SUBCATEGORY_CITRUS_LIMES@@PHILADELPHIA, PA - MULO",232,232,25844125.01,0,2022-01-09,2026-06-14,0,0.0,7,0,7|0
"SUBCATEGORY_CITRUS_LIMES@@ROANOKE, VA - MULO",232,232,6399359.58,0,2022-01-09,2026-06-14,0,0.0,5,0,5|0
"SUBCATEGORY_CITRUS_LIMES@@SAN DIEGO, CA - MULO",232,232,9800463.67,0,2022-01-09,2026-06-14,0,0.0,6,0,6|0
"SUBCATEGORY_CITRUS_LIMES@@SAN FRANCISCO/OAKLAND, CA - MULO",232,232,15616420.94,0,2022-01-09,2026-06-14,0,0.0,7,0,7|0
"SUBCATEGORY_CITRUS_LIMES@@SEATTLE/TACOMA, WA - MULO",232,232,19211453.63,0,2022-01-09,2026-06-14,0,0.0,7,0,7|0
"SUBCATEGORY_CITRUS_LIMES@@TAMPA/ST. PETERSBURG, FL - MULO",232,232,23310773.78,0,2022-01-09,2026-06-14,0,0.0,7,0,7|0
"SUBCATEGORY_CITRUS_LIMES@@TOLEDO, OH - MULO",232,232,5439666.68,0,2022-01-09,2026-06-14,0,0.0,4,0,4|0
"SUBCATEGORY_CITRUS_MANDARINS@@BUFFALO/ROCHESTER, NY - MULO",232,232,83082029.17,0,2022-01-09,2026-06-14,0,0.0,9,0,9|0
"SUBCATEGORY_CITRUS_MANDARINS@@COLUMBUS, OH - MULO",232,232,77715684.02,0,2022-01-09,2026-06-14,0,0.0,9,0,9|0
"SUBCATEGORY_CITRUS_MANDARINS@@DENVER, CO - MULO",232,232,164852576.29,0,2022-01-09,2026-06-14,0,0.0,9,0,9|0
"SUBCATEGORY_CITRUS_MANDARINS@@DES MOINES, IA - MULO",232,232,30964958.53,0,2022-01-09,2026-06-14,0,0.0,8,0,8|0
"SUBCATEGORY_CITRUS_MANDARINS@@HARRISBURG/SCRANTON, PA - MULO",232,232,136635485.23,0,2022-01-09,2026-06-14,0,0.0,9,0,9|0
"SUBCATEGORY_CITRUS_MANDARINS@@INDIANAPOLIS, IN - MULO",232,232,75394977.92,0,2022-01-09,2026-06-14,0,0.0,9,0,9|0
"SUBCATEGORY_CITRUS_MANDARINS@@LAS VEGAS, NV - MULO",232,232,63858930.36,0,2022-01-09,2026-06-14,0,0.0,9,0,9|0
"SUBCATEGORY_CITRUS_MANDARINS@@LITTLE ROCK, AR - MULO",232,232,21755283.45,0,2022-01-09,2026-06-14,0,0.0,7,0,7|0
"SUBCATEGORY_CITRUS_MANDARINS@@MIAMI/FT. LAUDERDALE, FL - MULO",232,232,289344012.02,0,2022-01-09,2026-06-14,0,0.0,9,0,9|0
"SUBCATEGORY_CITRUS_MANDARINS@@MILWAUKEE, WI - MULO",232,232,82569461.09,0,2022-01-09,2026-06-14,0,0.0,9,0,9|0
"SUBCATEGORY_CITRUS_MANDARINS@@OKLAHOMA CITY, OK - MULO",232,232,38952484.1,0,2022-01-09,2026-06-14,0,0.0,8,0,8|0
SUBCATEGORY_CITRUS_MANDARINS@@SOUTH CAROLINA - MULO,232,232,193082976.19,0,2022-01-09,2026-06-14,0,0.0,9,0,9|0
"SUBCATEGORY_CITRUS_MANDARINS@@ST. LOUIS, MO - MULO",232,232,79666398.97,0,2022-01-09,2026-06-14,0,0.0,9,0,9|0
"SUBCATEGORY_CITRUS_MANDARINS@@TAMPA/ST. PETERSBURG, FL - MULO",232,232,167346949.09,0,2022-01-09,2026-06-14,0,0.0,9,0,9|0
"SUBCATEGORY_CITRUS_MANDARINS@@TULSA, OK - MULO",232,232,29375403.89,0,2022-01-09,2026-06-14,0,0.0,8,0,8|0
"SUBCATEGORY_CITRUS_ORANGES@@BALTIMORE, MD/WASHINGTON D.C. - MULO",232,232,164143826.82,0,2022-01-09,2026-06-14,0,0.0,9,0,9|0
"SUBCATEGORY_CITRUS_ORANGES@@DES MOINES, IA - MULO",232,232,10595001.96,0,2022-01-09,2026-06-14,0,0.0,6,0,6|0
"SUBCATEGORY_CITRUS_ORANGES@@HARTFORD, CT/SPRINGFIELD, MA - MULO",232,232,45099954.71,0,2022-01-09,2026-06-14,0,0.0,8,0,8|0
"SUBCATEGORY_CITRUS_ORANGES@@LOS ANGELES, CA - MULO",232,232,96515336.6,0,2022-01-09,2026-06-14,0,0.0,9,0,9|0
"SUBCATEGORY_CITRUS_ORANGES@@NASHVILLE, TN - MULO",232,232,34239598.35,0,2022-01-09,2026-06-14,0,0.0,8,0,8|0
"SUBCATEGORY_CITRUS_ORANGES@@NEW ORLEANS, LA/MOBILE, AL - MULO",232,232,41561807.83,0,2022-01-09,2026-06-14,0,0.0,8,0,8|0
"SUBCATEGORY_CITRUS_ORANGES@@PHOENIX/TUCSON, AZ - MULO",232,232,49021321.22,0,2022-01-09,2026-06-14,0,0.0,8,0,8|0
"SUBCATEGORY_CITRUS_ORANGES@@ROANOKE, VA - MULO",232,232,34310578.7,0,2022-01-09,2026-06-14,0,0.0,8,0,8|0
"SUBCATEGORY_CITRUS_ORANGES@@SALT LAKE CITY, UT - MULO",232,232,20776412.33,0,2022-01-09,2026-06-14,0,0.0,7,0,7|0
"SUBCATEGORY_CITRUS_ORANGES@@TOLEDO, OH - MULO",232,232,20946729.38,0,2022-01-09,2026-06-14,0,0.0,7,0,7|0
SUBCATEGORY_CITRUS_ORANGES@@WEST TEXAS/NEW MEXICO - MULO,232,232,64084424.16,0,2022-01-09,2026-06-14,0,0.0,9,0,9|0
"SUBCATEGORY_CITRUS_ORANGES@@WICHITA, KS - MULO",232,232,10230651.43,0,2022-01-09,2026-06-14,0,0.0,6,0,6|0
"SUBCATEGORY_CUCUMBERS_CUCUMBERS@@BIRMINGHAM/MONTGOMERY, AL - MULO",232,232,9478470.81,0,2022-01-09,2026-06-14,0,0.0,5,0,5|0
"SUBCATEGORY_CUCUMBERS_CUCUMBERS@@CINCINNATI/DAYTON, OH - MULO",232,232,4466964.35,0,2022-01-09,2026-06-14,0,0.0,4,0,4|0
"SUBCATEGORY_CUCUMBERS_CUCUMBERS@@HARRISBURG/SCRANTON, PA - MULO",232,232,16925383.29,0,2022-01-09,2026-06-14,0,0.0,7,0,7|0
"SUBCATEGORY_CUCUMBERS_CUCUMBERS@@JACKSONVILLE, FL - MULO",232,232,7518876.0,0,2022-01-09,2026-06-14,0,0.0,5,0,5|0
"SUBCATEGORY_CUCUMBERS_CUCUMBERS@@LITTLE ROCK, AR - MULO",232,232,2041402.46,0,2022-01-09,2026-06-14,0,0.0,2,0,2|0
"SUBCATEGORY_CUCUMBERS_CUCUMBERS@@MILWAUKEE, WI - MULO",232,232,6125634.9,0,2022-01-09,2026-06-14,0,0.0,4,0,4|0
"SUBCATEGORY_CUCUMBERS_CUCUMBERS@@MINNEAPOLIS/ST. PAUL, MN - MULO",232,232,10138025.05,0,2022-01-09,2026-06-14,0,0.0,6,0,6|0
SUBCATEGORY_CUCUMBERS_CUCUMBERS@@NEW ENGLAND - MULO,232,232,29218575.31,0,2022-01-09,2026-06-14,0,0.0,8,0,8|0
"SUBCATEGORY_CUCUMBERS_CUCUMBERS@@NEW YORK, NY - MULO",232,232,34559608.48,0,2022-01-09,2026-06-14,0,0.0,8,0,8|0
"SUBCATEGORY_CUCUMBERS_CUCUMBERS@@OKLAHOMA CITY, OK - MULO",232,232,1164777.34,0,2022-01-09,2026-06-14,0,0.0,1,0,1|0
"SUBCATEGORY_CUCUMBERS_CUCUMBERS@@PEORIA/SPRINGFIELD, IL - MULO",232,232,3852920.17,0,2022-01-09,2026-06-14,0,0.0,3,0,3|0
"SUBCATEGORY_CUCUMBERS_CUCUMBERS@@PHOENIX/TUCSON, AZ - MULO",232,232,9322487.46,0,2022-01-09,2026-06-14,0,0.0,5,0,5|0
"SUBCATEGORY_CUCUMBERS_CUCUMBERS@@RICHMOND/NORFOLK, VA - MULO",232,232,11082534.26,0,2022-01-09,2026-06-14,0,0.0,6,0,6|0
"SUBCATEGORY_CUCUMBERS_CUCUMBERS@@SACRAMENTO, CA - MULO",232,232,5101903.52,0,2022-01-09,2026-06-14,0,0.0,4,0,4|0
"SUBCATEGORY_CUCUMBERS_CUCUMBERS@@SAN DIEGO, CA - MULO",232,232,6319579.61,0,2022-01-09,2026-06-14,0,0.0,4,0,4|0
"SUBCATEGORY_CUCUMBERS_CUCUMBERS@@SEATTLE/TACOMA, WA - MULO",232,232,6189274.22,0,2022-01-09,2026-06-14,0,0.0,4,0,4|0
SUBCATEGORY_CUCUMBERS_CUCUMBERS@@SOUTH CAROLINA - MULO,232,232,18885019.59,0,2022-01-09,2026-06-14,0,0.0,7,0,7|0
"SUBCATEGORY_CUCUMBERS_CUCUMBERS@@ST. LOUIS, MO - MULO",232,232,4682090.18,0,2022-01-09,2026-06-14,0,0.0,4,0,4|0
"SUBCATEGORY_CUCUMBERS_CUCUMBERS@@SYRACUSE, NY - MULO",232,232,4047515.87,0,2022-01-09,2026-06-14,0,0.0,4,0,4|0
SUBCATEGORY_CUCUMBERS_CUCUMBERS@@WEST TEXAS/NEW MEXICO - MULO,232,232,8454404.4,0,2022-01-09,2026-06-14,0,0.0,5,0,5|0
"SUBCATEGORY_CUCUMBERS_MINI-CUCUMBERS@@BOISE, ID - MULO",232,232,2322253.0,0,2022-01-09,2026-06-14,0,0.0,3,0,3|0
"SUBCATEGORY_CUCUMBERS_MINI-CUCUMBERS@@BOSTON, MA - MULO",232,232,50338607.08,0,2022-01-09,2026-06-14,0,0.0,8,0,8|0
"SUBCATEGORY_CUCUMBERS_MINI-CUCUMBERS@@CHARLOTTE, NC - MULO",232,232,24767754.98,0,2022-01-09,2026-06-14,0,0.0,7,0,7|0
"SUBCATEGORY_CUCUMBERS_MINI-CUCUMBERS@@DALLAS/FT. WORTH, TX - MULO",232,232,38749030.83,0,2022-01-09,2026-06-14,0,0.0,8,0,8|0
"SUBCATEGORY_CUCUMBERS_MINI-CUCUMBERS@@GRAND RAPIDS, MI - MULO",232,232,7250088.96,0,2022-01-09,2026-06-14,0,0.0,5,0,5|0
"SUBCATEGORY_CUCUMBERS_MINI-CUCUMBERS@@HARTFORD, CT/SPRINGFIELD, MA - MULO",232,232,36444379.59,0,2022-01-09,2026-06-14,0,0.0,8,0,8|0
"SUBCATEGORY_CUCUMBERS_MINI-CUCUMBERS@@LITTLE ROCK, AR - MULO",232,232,3613156.15,0,2022-01-09,2026-06-14,0,0.0,3,0,3|0
"SUBCATEGORY_CUCUMBERS_MINI-CUCUMBERS@@NEW YORK, NY - MULO",232,232,154051658.96,0,2022-01-09,2026-06-14,0,0.0,9,0,9|0
"SUBCATEGORY_CUCUMBERS_MINI-CUCUMBERS@@OKLAHOMA CITY, OK - MULO",232,232,7006036.86,0,2022-01-09,2026-06-14,0,0.0,5,0,5|0
"SUBCATEGORY_CUCUMBERS_MINI-CUCUMBERS@@PHILADELPHIA, PA - MULO",232,232,54297577.68,0,2022-01-09,2026-06-14,0,0.0,8,0,8|0
"SUBCATEGORY_CUCUMBERS_MINI-CUCUMBERS@@PITTSBURGH, PA - MULO",232,232,17171260.71,0,2022-01-09,2026-06-14,0,0.0,7,0,7|0
"SUBCATEGORY_CUCUMBERS_MINI-CUCUMBERS@@PORTLAND, OR - MULO",232,232,12870510.93,0,2022-01-09,2026-06-14,0,0.0,6,0,6|0
"SUBCATEGORY_CUCUMBERS_MINI-CUCUMBERS@@PROVIDENCE, RI - MULO",232,232,8914342.13,0,2022-01-09,2026-06-14,0,0.0,5,0,5|0
"SUBCATEGORY_CUCUMBERS_MINI-CUCUMBERS@@RICHMOND/NORFOLK, VA - MULO",232,232,20698253.47,0,2022-01-09,2026-06-14,0,0.0,7,0,7|0
"SUBCATEGORY_CUCUMBERS_MINI-CUCUMBERS@@SACRAMENTO, CA - MULO",232,232,13288302.65,0,2022-01-09,2026-06-14,0,0.0,6,0,6|0
"SUBCATEGORY_CUCUMBERS_MINI-CUCUMBERS@@SEATTLE/TACOMA, WA - MULO",232,232,17424610.0,0,2022-01-09,2026-06-14,0,0.0,7,0,7|0
"SUBCATEGORY_CUCUMBERS_MINI-CUCUMBERS@@TOLEDO, OH - MULO",232,232,9496616.6,0,2022-01-09,2026-06-14,0,0.0,5,0,5|0
"SUBCATEGORY_CUCUMBERS_MINI-CUCUMBERS@@TULSA, OK - MULO",232,232,5553031.04,0,2022-01-09,2026-06-14,0,0.0,4,0,4|0
"SUBCATEGORY_CUCUMBERS_MINI-CUCUMBERS@@WICHITA, KS - MULO",232,232,5004345.11,0,2022-01-09,2026-06-14,0,0.0,4,0,4|0
"SUBCATEGORY_GRAPES_BLACK-GRAPES@@ATLANTA, GA - MULO",232,232,11982714.18,0,2022-01-09,2026-06-14,0,0.0,6,0,6|0
"SUBCATEGORY_GRAPES_BLACK-GRAPES@@BIRMINGHAM/MONTGOMERY, AL - MULO",232,232,7261789.3,0,2022-01-09,2026-06-14,0,0.0,5,0,5|0
"SUBCATEGORY_GRAPES_BLACK-GRAPES@@BOSTON, MA - MULO",232,232,2759039.85,0,2022-01-09,2026-06-14,0,0.0,3,0,3|0
"SUBCATEGORY_GRAPES_BLACK-GRAPES@@COLUMBUS, OH - MULO",232,232,2592702.06,0,2022-01-09,2026-06-14,0,0.0,3,0,3|0
"SUBCATEGORY_GRAPES_BLACK-GRAPES@@GRAND RAPIDS, MI - MULO",232,232,832464.9,0,2022-01-09,2026-06-14,0,0.0,1,0,1|0
"SUBCATEGORY_GRAPES_BLACK-GRAPES@@HARRISBURG/SCRANTON, PA - MULO",232,232,3256993.25,0,2022-01-09,2026-06-14,0,0.0,3,0,3|0
"SUBCATEGORY_GRAPES_BLACK-GRAPES@@HOUSTON, TX - MULO",232,232,7221928.96,0,2022-01-09,2026-06-14,0,0.0,5,0,5|0
"SUBCATEGORY_GRAPES_BLACK-GRAPES@@KNOXVILLE, TN - MULO",232,232,1835862.91,0,2022-01-09,2026-06-14,0,0.0,2,0,2|0
"SUBCATEGORY_GRAPES_BLACK-GRAPES@@MILWAUKEE, WI - MULO",232,232,1862030.02,0,2022-01-09,2026-06-14,0,0.0,2,0,2|0
"SUBCATEGORY_GRAPES_BLACK-GRAPES@@NASHVILLE, TN - MULO",232,232,3296910.85,0,2022-01-09,2026-06-14,0,0.0,3,0,3|0
SUBCATEGORY_GRAPES_BLACK-GRAPES@@NEW ENGLAND - MULO,232,232,1203685.41,0,2022-01-09,2026-06-14,0,0.0,2,0,2|0
"SUBCATEGORY_GRAPES_BLACK-GRAPES@@OKLAHOMA CITY, OK - MULO",232,232,2587171.93,0,2022-01-09,2026-06-14,0,0.0,3,0,3|0
"SUBCATEGORY_GRAPES_BLACK-GRAPES@@RALEIGH/GREENSBORO, NC - MULO",232,232,8444126.43,0,2022-01-09,2026-06-14,0,0.0,5,0,5|0
"SUBCATEGORY_GRAPES_BLACK-GRAPES@@ROANOKE, VA - MULO",232,232,4090516.17,0,2022-01-09,2026-06-14,0,0.0,4,0,4|0
"SUBCATEGORY_GRAPES_BLACK-GRAPES@@SACRAMENTO, CA - MULO",232,232,1392667.81,0,2022-01-09,2026-06-14,0,0.0,2,0,2|0
"SUBCATEGORY_GRAPES_BLACK-GRAPES@@SAN FRANCISCO/OAKLAND, CA - MULO",232,232,885377.03,0,2022-01-09,2026-06-14,0,0.0,1,0,1|0
"SUBCATEGORY_GRAPES_BLACK-GRAPES@@SEATTLE/TACOMA, WA - MULO",231,232,2392163.71,0,2022-01-09,2026-06-14,1,0.0,3,0,3|0
"SUBCATEGORY_GRAPES_BLACK-GRAPES@@ST. LOUIS, MO - MULO",232,232,2555229.4,0,2022-01-09,2026-06-14,0,0.0,3,0,3|0
"SUBCATEGORY_GRAPES_GREEN-GRAPES@@BUFFALO/ROCHESTER, NY - MULO",232,232,17138329.5,0,2022-01-09,2026-06-14,0,0.0,7,0,7|0
"SUBCATEGORY_GRAPES_GREEN-GRAPES@@CHARLOTTE, NC - MULO",232,232,26193886.05,0,2022-01-09,2026-06-14,0,0.0,7,0,7|0
"SUBCATEGORY_GRAPES_GREEN-GRAPES@@DES MOINES, IA - MULO",232,232,7712169.39,0,2022-01-09,2026-06-14,0,0.0,5,0,5|0
"SUBCATEGORY_GRAPES_GREEN-GRAPES@@GREEN BAY, WI - MULO",232,232,6568151.87,0,2022-01-09,2026-06-14,0,0.0,5,0,5|0
"SUBCATEGORY_GRAPES_GREEN-GRAPES@@KANSAS CITY, KS - MULO",232,232,20779561.83,0,2022-01-09,2026-06-14,0,0.0,7,0,7|0
"SUBCATEGORY_GRAPES_GREEN-GRAPES@@KNOXVILLE, TN - MULO",232,232,8029708.67,0,2022-01-09,2026-06-14,0,0.0,5,0,5|0
"SUBCATEGORY_GRAPES_GREEN-GRAPES@@NASHVILLE, TN - MULO",232,232,20375344.54,0,2022-01-09,2026-06-14,0,0.0,7,0,7|0
"SUBCATEGORY_GRAPES_GREEN-GRAPES@@OKLAHOMA CITY, OK - MULO",232,232,14658976.58,0,2022-01-09,2026-06-14,0,0.0,6,0,6|0
"SUBCATEGORY_GRAPES_GREEN-GRAPES@@ORLANDO, FL - MULO",232,232,35745711.15,0,2022-01-09,2026-06-14,0,0.0,8,0,8|0
"SUBCATEGORY_GRAPES_GREEN-GRAPES@@PITTSBURGH, PA - MULO",232,232,25177043.01,0,2022-01-09,2026-06-14,0,0.0,7,0,7|0
"SUBCATEGORY_GRAPES_GREEN-GRAPES@@PROVIDENCE, RI - MULO",232,232,6478140.7,0,2022-01-09,2026-06-14,0,0.0,5,0,5|0
"SUBCATEGORY_GRAPES_GREEN-GRAPES@@RALEIGH/GREENSBORO, NC - MULO",232,232,31655497.33,0,2022-01-09,2026-06-14,0,0.0,8,0,8|0
"SUBCATEGORY_GRAPES_GREEN-GRAPES@@SACRAMENTO, CA - MULO",232,232,20550932.16,0,2022-01-09,2026-06-14,0,0.0,7,0,7|0
"SUBCATEGORY_GRAPES_GREEN-GRAPES@@SAN FRANCISCO/OAKLAND, CA - MULO",232,232,34515546.26,0,2022-01-09,2026-06-14,0,0.0,8,0,8|0
"SUBCATEGORY_GRAPES_GREEN-GRAPES@@ST. LOUIS, MO - MULO",232,232,24152808.47,0,2022-01-09,2026-06-14,0,0.0,7,0,7|0
"SUBCATEGORY_GRAPES_GREEN-GRAPES@@SYRACUSE, NY - MULO",232,232,8746543.59,0,2022-01-09,2026-06-14,0,0.0,5,0,5|0
"SUBCATEGORY_GRAPES_GREEN-GRAPES@@TAMPA/ST. PETERSBURG, FL - MULO",232,232,29839110.2,0,2022-01-09,2026-06-14,0,0.0,8,0,8|0
SUBCATEGORY_GRAPES_GREEN-GRAPES@@WEST TEXAS/NEW MEXICO - MULO,232,232,54062121.55,0,2022-01-09,2026-06-14,0,0.0,8,0,8|0
"SUBCATEGORY_GRAPES_OTHER-GRAPES@@ATLANTA, GA - MULO",232,232,11438502.06,0,2022-01-09,2026-06-14,0,0.0,6,0,6|0
"SUBCATEGORY_GRAPES_OTHER-GRAPES@@BALTIMORE, MD/WASHINGTON D.C. - MULO",232,232,25286554.07,0,2022-01-09,2026-06-14,0,0.0,7,0,7|0
"SUBCATEGORY_GRAPES_OTHER-GRAPES@@COLUMBUS, OH - MULO",232,232,5205707.86,0,2022-01-09,2026-06-14,0,0.0,4,0,4|0
"SUBCATEGORY_GRAPES_OTHER-GRAPES@@DENVER, CO - MULO",232,232,7154925.38,0,2022-01-09,2026-06-14,0,0.0,5,0,5|0
"SUBCATEGORY_GRAPES_OTHER-GRAPES@@MEMPHIS, TN - MULO",232,232,3369841.47,0,2022-01-09,2026-06-14,0,0.0,3,0,3|0
"SUBCATEGORY_GRAPES_OTHER-GRAPES@@MILWAUKEE, WI - MULO",232,232,5496641.56,0,2022-01-09,2026-06-14,0,0.0,4,0,4|0
"SUBCATEGORY_GRAPES_OTHER-GRAPES@@PHOENIX/TUCSON, AZ - MULO",232,232,7404749.75,0,2022-01-09,2026-06-14,0,0.0,5,0,5|0
"SUBCATEGORY_GRAPES_OTHER-GRAPES@@SAN FRANCISCO/OAKLAND, CA - MULO",232,232,5318228.07,0,2022-01-09,2026-06-14,0,0.0,4,0,4|0
"SUBCATEGORY_GRAPES_OTHER-GRAPES@@TAMPA/ST. PETERSBURG, FL - MULO",232,232,7251049.1,0,2022-01-09,2026-06-14,0,0.0,5,0,5|0
"SUBCATEGORY_GRAPES_RED-GRAPES@@ALBANY, NY - MULO",232,232,5139677.41,0,2022-01-09,2026-06-14,0,0.0,4,0,4|0
"SUBCATEGORY_GRAPES_RED-GRAPES@@BOSTON, MA - MULO",232,232,30653686.36,0,2022-01-09,2026-06-14,0,0.0,8,0,8|0
"SUBCATEGORY_GRAPES_RED-GRAPES@@BUFFALO/ROCHESTER, NY - MULO",232,232,7787088.37,0,2022-01-09,2026-06-14,0,0.0,5,0,5|0
"SUBCATEGORY_GRAPES_RED-GRAPES@@GRAND RAPIDS, MI - MULO",232,232,6502833.29,0,2022-01-09,2026-06-14,0,0.0,5,0,5|0
"SUBCATEGORY_GRAPES_RED-GRAPES@@HARRISBURG/SCRANTON, PA - MULO",232,232,18916817.25,0,2022-01-09,2026-06-14,0,0.0,7,0,7|0
"SUBCATEGORY_GRAPES_RED-GRAPES@@INDIANAPOLIS, IN - MULO",232,232,14115344.95,0,2022-01-09,2026-06-14,0,0.0,6,0,6|0
"SUBCATEGORY_GRAPES_RED-GRAPES@@JACKSONVILLE, FL - MULO",232,232,12138048.86,0,2022-01-09,2026-06-14,0,0.0,6,0,6|0
"SUBCATEGORY_GRAPES_RED-GRAPES@@KANSAS CITY, KS - MULO",232,232,13979312.08,0,2022-01-09,2026-06-14,0,0.0,6,0,6|0
"SUBCATEGORY_GRAPES_RED-GRAPES@@MIAMI/FT. LAUDERDALE, FL - MULO",232,232,31906103.41,0,2022-01-09,2026-06-14,0,0.0,8,0,8|0
SUBCATEGORY_GRAPES_RED-GRAPES@@NEW ENGLAND - MULO,232,232,18417340.55,0,2022-01-09,2026-06-14,0,0.0,7,0,7|0
"SUBCATEGORY_GRAPES_RED-GRAPES@@PROVIDENCE, RI - MULO",232,232,5033680.39,0,2022-01-09,2026-06-14,0,0.0,4,0,4|0
"SUBCATEGORY_GRAPES_RED-GRAPES@@SAN DIEGO, CA - MULO",232,232,15564361.45,0,2022-01-09,2026-06-14,0,0.0,7,0,7|0
"SUBCATEGORY_GRAPES_RED-GRAPES@@SPOKANE, WA - MULO",232,232,2418294.88,0,2022-01-09,2026-06-14,0,0.0,3,0,3|0
"SUBCATEGORY_GREENS-&-LETTUCE_BUNCHED-GREENS@@ALBANY, NY - MULO",232,232,1602828.1,0,2022-01-09,2026-06-14,0,0.0,2,0,2|0
"SUBCATEGORY_GREENS-&-LETTUCE_BUNCHED-GREENS@@ATLANTA, GA - MULO",232,232,14460217.48,0,2022-01-09,2026-06-14,0,0.0,6,0,6|0
"SUBCATEGORY_GREENS-&-LETTUCE_BUNCHED-GREENS@@BIRMINGHAM/MONTGOMERY, AL - MULO",232,232,5949167.04,0,2022-01-09,2026-06-14,0,0.0,4,0,4|0
"SUBCATEGORY_GREENS-&-LETTUCE_BUNCHED-GREENS@@CINCINNATI/DAYTON, OH - MULO",232,232,4627012.5,0,2022-01-09,2026-06-14,0,0.0,4,0,4|0
"SUBCATEGORY_GREENS-&-LETTUCE_BUNCHED-GREENS@@CLEVELAND, OH - MULO",232,232,5336445.37,0,2022-01-09,2026-06-14,0,0.0,4,0,4|0
"SUBCATEGORY_GREENS-&-LETTUCE_BUNCHED-GREENS@@DENVER, CO - MULO",232,232,10123584.72,0,2022-01-09,2026-06-14,0,0.0,6,0,6|0
"SUBCATEGORY_GREENS-&-LETTUCE_BUNCHED-GREENS@@HARRISBURG/SCRANTON, PA - MULO",232,232,3200350.41,0,2022-01-09,2026-06-14,0,0.0,3,0,3|0
"SUBCATEGORY_GREENS-&-LETTUCE_BUNCHED-GREENS@@HARTFORD, CT/SPRINGFIELD, MA - MULO",232,232,2358975.63,0,2022-01-09,2026-06-14,0,0.0,3,0,3|0
"SUBCATEGORY_GREENS-&-LETTUCE_BUNCHED-GREENS@@HOUSTON, TX - MULO",232,232,3361159.98,0,2022-01-09,2026-06-14,0,0.0,3,0,3|0
"SUBCATEGORY_GREENS-&-LETTUCE_BUNCHED-GREENS@@INDIANAPOLIS, IN - MULO",232,232,3785267.98,0,2022-01-09,2026-06-14,0,0.0,3,0,3|0
"SUBCATEGORY_GREENS-&-LETTUCE_BUNCHED-GREENS@@JACKSONVILLE, FL - MULO",232,232,4034004.55,0,2022-01-09,2026-06-14,0,0.0,4,0,4|0
"SUBCATEGORY_GREENS-&-LETTUCE_BUNCHED-GREENS@@KANSAS CITY, KS - MULO",232,232,2773721.77,0,2022-01-09,2026-06-14,0,0.0,3,0,3|0
"SUBCATEGORY_GREENS-&-LETTUCE_BUNCHED-GREENS@@MINNEAPOLIS/ST. PAUL, MN - MULO",232,232,5257333.69,0,2022-01-09,2026-06-14,0,0.0,4,0,4|0
"SUBCATEGORY_GREENS-&-LETTUCE_BUNCHED-GREENS@@NASHVILLE, TN - MULO",232,232,3760004.51,0,2022-01-09,2026-06-14,0,0.0,3,0,3|0
"SUBCATEGORY_GREENS-&-LETTUCE_BUNCHED-GREENS@@SPOKANE, WA - MULO",232,232,841359.37,0,2022-01-09,2026-06-14,0,0.0,1,0,1|0
"SUBCATEGORY_GREENS-&-LETTUCE_BUNCHED-GREENS@@SYRACUSE, NY - MULO",232,232,1133601.39,0,2022-01-09,2026-06-14,0,0.0,1,0,1|0
"SUBCATEGORY_GREENS-&-LETTUCE_BUNCHED-GREENS@@TOLEDO, OH - MULO",232,232,2052271.19,0,2022-01-09,2026-06-14,0,0.0,2,0,2|0
"SUBCATEGORY_GREENS-&-LETTUCE_BUNCHED-GREENS@@TULSA, OK - MULO",232,232,304219.22000000003,0,2022-01-09,2026-06-14,0,0.0,0,0,0|0
"SUBCATEGORY_GREENS-&-LETTUCE_BUNCHED-GREENS@@WICHITA, KS - MULO",232,232,830688.9,0,2022-01-09,2026-06-14,0,0.0,1,0,1|0
"SUBCATEGORY_GREENS-&-LETTUCE_BUNCHED-SPINACH@@BALTIMORE, MD/WASHINGTON D.C. - MULO",232,232,322289.24,1,2022-01-09,2026-06-14,0,0.0043103448275862,0,0,0|0
"SUBCATEGORY_GREENS-&-LETTUCE_BUNCHED-SPINACH@@CHARLOTTE, NC - MULO",229,231,53306.64,8,2022-01-16,2026-06-14,2,0.0349344978165938,0,0,0|0
"SUBCATEGORY_GREENS-&-LETTUCE_BUNCHED-SPINACH@@CINCINNATI/DAYTON, OH - MULO",232,232,368272.29,1,2022-01-09,2026-06-14,0,0.0043103448275862,0,0,0|0
"SUBCATEGORY_GREENS-&-LETTUCE_BUNCHED-SPINACH@@DETROIT, MI - MULO",207,232,1577968.72,121,2022-01-09,2026-06-14,25,0.5845410628019324,2,2,2|2
"SUBCATEGORY_GREENS-&-LETTUCE_BUNCHED-SPINACH@@HOUSTON, TX - MULO",232,232,177394.06,0,2022-01-09,2026-06-14,0,0.0,0,0,0|0
"SUBCATEGORY_GREENS-&-LETTUCE_BUNCHED-SPINACH@@RALEIGH/GREENSBORO, NC - MULO",230,232,56527.15,9,2022-01-09,2026-06-14,2,0.0391304347826087,0,0,0|0
"SUBCATEGORY_GREENS-&-LETTUCE_BUNCHED-SPINACH@@SALT LAKE CITY, UT - MULO",179,232,28038.53,97,2022-01-09,2026-06-14,53,0.5418994413407822,0,2,0|2
"SUBCATEGORY_GREENS-&-LETTUCE_BUNCHED-SPINACH@@SAN DIEGO, CA - MULO",232,232,456329.32,11,2022-01-09,2026-06-14,0,0.0474137931034482,1,0,1|0
"SUBCATEGORY_GREENS-&-LETTUCE_BUNCHED-SPINACH@@TOLEDO, OH - MULO",202,232,273085.86,109,2022-01-09,2026-06-14,30,0.5396039603960396,0,2,0|2
"SUBCATEGORY_GREENS-&-LETTUCE_HEAD-CABBAGE@@ALBANY, NY - MULO",232,232,544707.94,0,2022-01-09,2026-06-14,0,0.0,1,0,1|0
"SUBCATEGORY_GREENS-&-LETTUCE_HEAD-CABBAGE@@BOISE, ID - MULO",191,232,82158.8,35,2022-01-09,2026-06-14,41,0.1832460732984293,0,1,0|1
"SUBCATEGORY_GREENS-&-LETTUCE_HEAD-CABBAGE@@BUFFALO/ROCHESTER, NY - MULO",232,232,3145189.03,0,2022-01-09,2026-06-14,0,0.0,3,0,3|0
"SUBCATEGORY_GREENS-&-LETTUCE_HEAD-CABBAGE@@CHICAGO, IL - MULO",232,232,1379416.09,0,2022-01-09,2026-06-14,0,0.0,2,0,2|0
"SUBCATEGORY_GREENS-&-LETTUCE_HEAD-CABBAGE@@DALLAS/FT. WORTH, TX - MULO",232,232,2662778.24,0,2022-01-09,2026-06-14,0,0.0,3,0,3|0
"SUBCATEGORY_GREENS-&-LETTUCE_HEAD-CABBAGE@@DENVER, CO - MULO",232,232,1129491.56,0,2022-01-09,2026-06-14,0,0.0,1,0,1|0
"SUBCATEGORY_GREENS-&-LETTUCE_HEAD-CABBAGE@@JACKSONVILLE, FL - MULO",232,232,805582.87,0,2022-01-09,2026-06-14,0,0.0,1,0,1|0
"SUBCATEGORY_GREENS-&-LETTUCE_HEAD-CABBAGE@@KNOXVILLE, TN - MULO",232,232,337966.26,0,2022-01-09,2026-06-14,0,0.0,0,0,0|0
"SUBCATEGORY_GREENS-&-LETTUCE_HEAD-CABBAGE@@LAS VEGAS, NV - MULO",232,232,959224.03,0,2022-01-09,2026-06-14,0,0.0,1,0,1|0
"SUBCATEGORY_GREENS-&-LETTUCE_HEAD-CABBAGE@@LITTLE ROCK, AR - MULO",232,232,197602.98,0,2022-01-09,2026-06-14,0,0.0,0,0,0|0
"SUBCATEGORY_GREENS-&-LETTUCE_HEAD-CABBAGE@@LOUISVILLE, KY - MULO",232,232,332875.53,0,2022-01-09,2026-06-14,0,0.0,0,0,0|0
"SUBCATEGORY_GREENS-&-LETTUCE_HEAD-CABBAGE@@MINNEAPOLIS/ST. PAUL, MN - MULO",232,232,1550728.23,0,2022-01-09,2026-06-14,0,0.0,2,0,2|0
SUBCATEGORY_GREENS-&-LETTUCE_HEAD-CABBAGE@@NEW ENGLAND - MULO,232,232,1758754.58,0,2022-01-09,2026-06-14,0,0.0,2,0,2|0
"SUBCATEGORY_GREENS-&-LETTUCE_HEAD-CABBAGE@@NEW ORLEANS, LA/MOBILE, AL - MULO",232,232,782626.53,0,2022-01-09,2026-06-14,0,0.0,1,0,1|0
"SUBCATEGORY_GREENS-&-LETTUCE_HEAD-CABBAGE@@OKLAHOMA CITY, OK - MULO",232,232,475450.15,0,2022-01-09,2026-06-14,0,0.0,1,0,1|0
"SUBCATEGORY_GREENS-&-LETTUCE_HEAD-CABBAGE@@PEORIA/SPRINGFIELD, IL - MULO",232,232,368560.31,0,2022-01-09,2026-06-14,0,0.0,0,0,0|0
"SUBCATEGORY_GREENS-&-LETTUCE_HEAD-CABBAGE@@SALT LAKE CITY, UT - MULO",232,232,303346.03,0,2022-01-09,2026-06-14,0,0.0,0,0,0|0
"SUBCATEGORY_GREENS-&-LETTUCE_HEAD-CABBAGE@@SAN DIEGO, CA - MULO",232,232,523943.76,0,2022-01-09,2026-06-14,0,0.0,1,0,1|0
"SUBCATEGORY_GREENS-&-LETTUCE_HEAD-CABBAGE@@ST. LOUIS, MO - MULO",232,232,420376.06,0,2022-01-09,2026-06-14,0,0.0,0,0,0|0
"SUBCATEGORY_GREENS-&-LETTUCE_HEAD-CABBAGE@@WICHITA, KS - MULO",232,232,262675.43,0,2022-01-09,2026-06-14,0,0.0,0,0,0|0
"SUBCATEGORY_GREENS-&-LETTUCE_HEAD-LETTUCE@@BIRMINGHAM/MONTGOMERY, AL - MULO",232,232,22128624.25,0,2022-01-09,2026-06-14,0,0.0,7,0,7|0
"SUBCATEGORY_GREENS-&-LETTUCE_HEAD-LETTUCE@@BOISE, ID - MULO",232,232,1255938.98,0,2022-01-09,2026-06-14,0,0.0,2,0,2|0
"SUBCATEGORY_GREENS-&-LETTUCE_HEAD-LETTUCE@@BUFFALO/ROCHESTER, NY - MULO",232,232,32496625.38,0,2022-01-09,2026-06-14,0,0.0,8,0,8|0
"SUBCATEGORY_GREENS-&-LETTUCE_HEAD-LETTUCE@@CHARLOTTE, NC - MULO",232,232,22346341.71,0,2022-01-09,2026-06-14,0,0.0,7,0,7|0
"SUBCATEGORY_GREENS-&-LETTUCE_HEAD-LETTUCE@@CINCINNATI/DAYTON, OH - MULO",232,232,13966362.57,0,2022-01-09,2026-06-14,0,0.0,6,0,6|0
"SUBCATEGORY_GREENS-&-LETTUCE_HEAD-LETTUCE@@CLEVELAND, OH - MULO",232,232,9486503.15,0,2022-01-09,2026-06-14,0,0.0,5,0,5|0
"SUBCATEGORY_GREENS-&-LETTUCE_HEAD-LETTUCE@@COLUMBUS, OH - MULO",232,232,7078040.23,0,2022-01-09,2026-06-14,0,0.0,5,0,5|0
"SUBCATEGORY_GREENS-&-LETTUCE_HEAD-LETTUCE@@DENVER, CO - MULO",232,232,26618592.82,0,2022-01-09,2026-06-14,0,0.0,7,0,7|0
"SUBCATEGORY_GREENS-&-LETTUCE_HEAD-LETTUCE@@DETROIT, MI - MULO",232,232,35755843.54,0,2022-01-09,2026-06-14,0,0.0,8,0,8|0
"SUBCATEGORY_GREENS-&-LETTUCE_HEAD-LETTUCE@@HOUSTON, TX - MULO",232,232,18571067.01,0,2022-01-09,2026-06-14,0,0.0,7,0,7|0
"SUBCATEGORY_GREENS-&-LETTUCE_HEAD-LETTUCE@@INDIANAPOLIS, IN - MULO",232,232,10994318.24,0,2022-01-09,2026-06-14,0,0.0,6,0,6|0
"SUBCATEGORY_GREENS-&-LETTUCE_HEAD-LETTUCE@@LITTLE ROCK, AR - MULO",232,232,3528943.0,0,2022-01-09,2026-06-14,0,0.0,3,0,3|0
"SUBCATEGORY_GREENS-&-LETTUCE_HEAD-LETTUCE@@NEW YORK, NY - MULO",232,232,188359384.07,0,2022-01-09,2026-06-14,0,0.0,9,0,9|0
"SUBCATEGORY_GREENS-&-LETTUCE_HEAD-LETTUCE@@OKLAHOMA CITY, OK - MULO",232,232,8243767.86,0,2022-01-09,2026-06-14,0,0.0,5,0,5|0
"SUBCATEGORY_GREENS-&-LETTUCE_HEAD-LETTUCE@@PHOENIX/TUCSON, AZ - MULO",232,232,19430271.0,0,2022-01-09,2026-06-14,0,0.0,7,0,7|0
"SUBCATEGORY_GREENS-&-LETTUCE_HEAD-LETTUCE@@PROVIDENCE, RI - MULO",232,232,11566888.62,0,2022-01-09,2026-06-14,0,0.0,6,0,6|0
"SUBCATEGORY_GREENS-&-LETTUCE_HEAD-LETTUCE@@ROANOKE, VA - MULO",232,232,9434705.79,0,2022-01-09,2026-06-14,0,0.0,5,0,5|0
"SUBCATEGORY_GREENS-&-LETTUCE_HEAD-LETTUCE@@SACRAMENTO, CA - MULO",232,232,12891342.45,0,2022-01-09,2026-06-14,0,0.0,6,0,6|0
"SUBCATEGORY_GREENS-&-LETTUCE_HEAD-LETTUCE@@SPOKANE, WA - MULO",232,232,1567077.45,0,2022-01-09,2026-06-14,0,0.0,2,0,2|0
"SUBCATEGORY_GREENS-&-LETTUCE_HEAD-LETTUCE@@TULSA, OK - MULO",232,232,6702689.09,0,2022-01-09,2026-06-14,0,0.0,5,0,5|0
"SUBCATEGORY_HERBS_BUNCHED-HERBS@@CLEVELAND, OH - MULO",232,232,1162319.73,0,2022-01-09,2026-06-14,0,0.0,1,0,1|0
"SUBCATEGORY_HERBS_BUNCHED-HERBS@@COLUMBUS, OH - MULO",232,232,52843.78,0,2022-01-09,2026-06-14,0,0.0,0,0,0|0
"SUBCATEGORY_HERBS_BUNCHED-HERBS@@DALLAS/FT. WORTH, TX - MULO",232,232,856736.98,0,2022-01-09,2026-06-14,0,0.0,1,0,1|0
"SUBCATEGORY_HERBS_BUNCHED-HERBS@@KANSAS CITY, KS - MULO",232,232,202482.85,0,2022-01-09,2026-06-14,0,0.0,0,0,0|0
"SUBCATEGORY_HERBS_BUNCHED-HERBS@@LAS VEGAS, NV - MULO",232,232,40047.96,0,2022-01-09,2026-06-14,0,0.0,0,0,0|0
"SUBCATEGORY_HERBS_BUNCHED-HERBS@@LITTLE ROCK, AR - MULO",201,229,93738.55,6,2022-01-30,2026-06-14,28,0.0298507462686567,0,0,0|0
"SUBCATEGORY_HERBS_BUNCHED-HERBS@@LOUISVILLE, KY - MULO",225,232,228554.77,16,2022-01-09,2026-06-14,7,0.0711111111111111,0,1,0|1
"SUBCATEGORY_HERBS_BUNCHED-HERBS@@MILWAUKEE, WI - MULO",228,232,38866.31,0,2022-01-09,2026-06-14,4,0.0,0,0,0|0
"SUBCATEGORY_HERBS_BUNCHED-HERBS@@MINNEAPOLIS/ST. PAUL, MN - MULO",232,232,675342.08,0,2022-01-09,2026-06-14,0,0.0,1,0,1|0
SUBCATEGORY_HERBS_BUNCHED-HERBS@@MISSISSIPPI - MULO,232,232,93924.29,0,2022-01-09,2026-06-14,0,0.0,0,0,0|0
"SUBCATEGORY_HERBS_BUNCHED-HERBS@@OMAHA, NE - MULO",232,232,50716.84,0,2022-01-09,2026-06-14,0,0.0,0,0,0|0
"SUBCATEGORY_HERBS_BUNCHED-HERBS@@PEORIA/SPRINGFIELD, IL - MULO",215,232,551803.23,39,2022-01-09,2026-06-14,17,0.1813953488372093,1,1,1|1
"SUBCATEGORY_HERBS_BUNCHED-HERBS@@PROVIDENCE, RI - MULO",211,231,24812.44,14,2022-01-16,2026-06-14,20,0.0663507109004739,0,1,0|1
"SUBCATEGORY_HERBS_BUNCHED-HERBS@@SALT LAKE CITY, UT - MULO",209,215,9893.91,170,2022-05-08,2026-06-14,6,0.8133971291866029,0,2,0|2
"SUBCATEGORY_HERBS_HERB-PASTES@@BALTIMORE, MD/WASHINGTON D.C. - MULO",232,232,7870842.85,0,2022-01-09,2026-06-14,0,0.0,5,0,5|0
"SUBCATEGORY_HERBS_HERB-PASTES@@BUFFALO/ROCHESTER, NY - MULO",232,232,1016190.61,0,2022-01-09,2026-06-14,0,0.0,1,0,1|0
"SUBCATEGORY_HERBS_HERB-PASTES@@COLUMBUS, OH - MULO",232,232,2004866.11,0,2022-01-09,2026-06-14,0,0.0,2,0,2|0
"SUBCATEGORY_HERBS_HERB-PASTES@@DES MOINES, IA - MULO",232,232,717189.51,0,2022-01-09,2026-06-14,0,0.0,1,0,1|0
"SUBCATEGORY_HERBS_HERB-PASTES@@JACKSONVILLE, FL - MULO",232,232,3013245.39,0,2022-01-09,2026-06-14,0,0.0,3,0,3|0
"SUBCATEGORY_HERBS_HERB-PASTES@@KANSAS CITY, KS - MULO",232,232,1670440.79,0,2022-01-09,2026-06-14,0,0.0,2,0,2|0
"SUBCATEGORY_HERBS_HERB-PASTES@@KNOXVILLE, TN - MULO",232,232,846483.37,0,2022-01-09,2026-06-14,0,0.0,1,0,1|0
"SUBCATEGORY_HERBS_HERB-PASTES@@LAS VEGAS, NV - MULO",232,232,2295787.69,0,2022-01-09,2026-06-14,0,0.0,2,0,2|0
"SUBCATEGORY_HERBS_HERB-PASTES@@NASHVILLE, TN - MULO",232,232,2504610.05,0,2022-01-09,2026-06-14,0,0.0,3,0,3|0
"SUBCATEGORY_HERBS_HERB-PASTES@@PEORIA/SPRINGFIELD, IL - MULO",232,232,1161012.54,0,2022-01-09,2026-06-14,0,0.0,1,0,1|0
"SUBCATEGORY_HERBS_PACKAGED-HERBS@@COLUMBUS, OH - MULO",232,232,19069210.92,0,2022-01-09,2026-06-14,0,0.0,7,0,7|0
"SUBCATEGORY_HERBS_PACKAGED-HERBS@@DENVER, CO - MULO",232,232,61893192.1,0,2022-01-09,2026-06-14,0,0.0,9,0,9|0
"SUBCATEGORY_HERBS_PACKAGED-HERBS@@DETROIT, MI - MULO",232,232,27558896.91,0,2022-01-09,2026-06-14,0,0.0,8,0,8|0
"SUBCATEGORY_HERBS_PACKAGED-HERBS@@GRAND RAPIDS, MI - MULO",232,232,10083579.93,0,2022-01-09,2026-06-14,0,0.0,6,0,6|0
"SUBCATEGORY_HERBS_PACKAGED-HERBS@@INDIANAPOLIS, IN - MULO",232,232,16572220.15,0,2022-01-09,2026-06-14,0,0.0,7,0,7|0
"SUBCATEGORY_HERBS_PACKAGED-HERBS@@JACKSONVILLE, FL - MULO",232,232,17310357.18,0,2022-01-09,2026-06-14,0,0.0,7,0,7|0
"SUBCATEGORY_HERBS_PACKAGED-HERBS@@KNOXVILLE, TN - MULO",232,232,6743813.75,0,2022-01-09,2026-06-14,0,0.0,5,0,5|0
"SUBCATEGORY_HERBS_PACKAGED-HERBS@@PHILADELPHIA, PA - MULO",232,232,41879495.75,0,2022-01-09,2026-06-14,0,0.0,8,0,8|0
"SUBCATEGORY_HERBS_PACKAGED-HERBS@@SAN FRANCISCO/OAKLAND, CA - MULO",232,232,42642840.08,0,2022-01-09,2026-06-14,0,0.0,8,0,8|0
"SUBCATEGORY_HERBS_PACKAGED-HERBS@@SYRACUSE, NY - MULO",232,232,7801355.75,0,2022-01-09,2026-06-14,0,0.0,5,0,5|0
"SUBCATEGORY_HERBS_PACKAGED-HERBS@@TOLEDO, OH - MULO",232,232,8852434.35,0,2022-01-09,2026-06-14,0,0.0,5,0,5|0
SUBCATEGORY_HERBS_PACKAGED-HERBS@@WEST TEXAS/NEW MEXICO - MULO,232,232,16563291.05,0,2022-01-09,2026-06-14,0,0.0,7,0,7|0
"SUBCATEGORY_MELONS_CANTALOUPE-MELON@@ALBANY, NY - MULO",232,232,1348459.48,0,2022-01-09,2026-06-14,0,0.0,2,0,2|0
"SUBCATEGORY_MELONS_CANTALOUPE-MELON@@BIRMINGHAM/MONTGOMERY, AL - MULO",232,232,3416639.45,0,2022-01-09,2026-06-14,0,0.0,3,0,3|0
"SUBCATEGORY_MELONS_CANTALOUPE-MELON@@BOISE, ID - MULO",232,232,688406.88,0,2022-01-09,2026-06-14,0,0.0,1,0,1|0
"SUBCATEGORY_MELONS_CANTALOUPE-MELON@@DES MOINES, IA - MULO",232,232,649165.34,0,2022-01-09,2026-06-14,0,0.0,1,0,1|0
"SUBCATEGORY_MELONS_CANTALOUPE-MELON@@DETROIT, MI - MULO",232,232,11677175.64,0,2022-01-09,2026-06-14,0,0.0,6,0,6|0
"SUBCATEGORY_MELONS_CANTALOUPE-MELON@@JACKSONVILLE, FL - MULO",232,232,2110630.45,0,2022-01-09,2026-06-14,0,0.0,2,0,2|0
"SUBCATEGORY_MELONS_CANTALOUPE-MELON@@LITTLE ROCK, AR - MULO",231,232,1245700.12,0,2022-01-09,2026-06-14,1,0.0,2,0,2|0
"SUBCATEGORY_MELONS_CANTALOUPE-MELON@@LOUISVILLE, KY - MULO",232,232,2177857.2,0,2022-01-09,2026-06-14,0,0.0,2,0,2|0
"SUBCATEGORY_MELONS_CANTALOUPE-MELON@@MEMPHIS, TN - MULO",231,232,1220428.82,0,2022-01-09,2026-06-14,1,0.0,2,0,2|0
"SUBCATEGORY_MELONS_CANTALOUPE-MELON@@MIAMI/FT. LAUDERDALE, FL - MULO",232,232,4288353.25,0,2022-01-09,2026-06-14,0,0.0,4,0,4|0
"SUBCATEGORY_MELONS_CANTALOUPE-MELON@@MILWAUKEE, WI - MULO",232,232,9053239.7,0,2022-01-09,2026-06-14,0,0.0,5,0,5|0
SUBCATEGORY_MELONS_CANTALOUPE-MELON@@MISSISSIPPI - MULO,232,232,2725993.09,0,2022-01-09,2026-06-14,0,0.0,3,0,3|0
"SUBCATEGORY_MELONS_CANTALOUPE-MELON@@NEW ORLEANS, LA/MOBILE, AL - MULO",232,232,4245520.77,0,2022-01-09,2026-06-14,0,0.0,4,0,4|0
"SUBCATEGORY_MELONS_CANTALOUPE-MELON@@OKLAHOMA CITY, OK - MULO",232,232,2265744.16,0,2022-01-09,2026-06-14,0,0.0,2,0,2|0
"SUBCATEGORY_MELONS_CANTALOUPE-MELON@@RALEIGH/GREENSBORO, NC - MULO",232,232,7494323.08,0,2022-01-09,2026-06-14,0,0.0,5,0,5|0
"SUBCATEGORY_MELONS_CANTALOUPE-MELON@@ROANOKE, VA - MULO",232,232,2386073.27,0,2022-01-09,2026-06-14,0,0.0,3,0,3|0
"SUBCATEGORY_MELONS_CANTALOUPE-MELON@@SAN FRANCISCO/OAKLAND, CA - MULO",232,232,1897376.3,0,2022-01-09,2026-06-14,0,0.0,2,0,2|0
SUBCATEGORY_MELONS_CANTALOUPE-MELON@@SOUTH CAROLINA - MULO,232,232,7467169.45,0,2022-01-09,2026-06-14,0,0.0,5,0,5|0
"SUBCATEGORY_MELONS_CANTALOUPE-MELON@@ST. LOUIS, MO - MULO",232,232,2216171.39,0,2022-01-09,2026-06-14,0,0.0,2,0,2|0
"SUBCATEGORY_MELONS_CANTALOUPE-MELON@@SYRACUSE, NY - MULO",232,232,1734916.17,0,2022-01-09,2026-06-14,0,0.0,2,0,2|0
SUBCATEGORY_MELONS_CANTALOUPE-MELON@@WEST TEXAS/NEW MEXICO - MULO,232,232,4340659.39,0,2022-01-09,2026-06-14,0,0.0,4,0,4|0
"SUBCATEGORY_MELONS_CANTALOUPE-MELON@@WICHITA, KS - MULO",232,232,1420685.15,0,2022-01-09,2026-06-14,0,0.0,2,0,2|0
"SUBCATEGORY_MELONS_HONEYDEW-MELON@@BOISE, ID - MULO",207,218,110248.37,52,2022-04-17,2026-06-14,11,0.251207729468599,0,2,0|2
"SUBCATEGORY_MELONS_HONEYDEW-MELON@@CLEVELAND, OH - MULO",232,232,291743.4,0,2022-01-09,2026-06-14,0,0.0,0,0,0|0
"SUBCATEGORY_MELONS_HONEYDEW-MELON@@COLUMBUS, OH - MULO",232,232,1286437.8,1,2022-01-09,2026-06-14,0,0.0043103448275862,2,0,2|0
"SUBCATEGORY_MELONS_HONEYDEW-MELON@@DETROIT, MI - MULO",232,232,2869188.09,0,2022-01-09,2026-06-14,0,0.0,3,0,3|0
"SUBCATEGORY_MELONS_HONEYDEW-MELON@@GREEN BAY, WI - MULO",232,232,470243.29,0,2022-01-09,2026-06-14,0,0.0,1,0,1|0
"SUBCATEGORY_MELONS_HONEYDEW-MELON@@KANSAS CITY, KS - MULO",232,232,43209.2,5,2022-01-09,2026-06-14,0,0.021551724137931,0,0,0|0
"SUBCATEGORY_MELONS_HONEYDEW-MELON@@KNOXVILLE, TN - MULO",232,232,346057.81,1,2022-01-09,2026-06-14,0,0.0043103448275862,0,0,0|0
"SUBCATEGORY_MELONS_HONEYDEW-MELON@@LOUISVILLE, KY - MULO",232,232,729215.39,7,2022-01-09,2026-06-14,0,0.0301724137931034,1,0,1|0
"SUBCATEGORY_MELONS_HONEYDEW-MELON@@MINNEAPOLIS/ST. PAUL, MN - MULO",193,232,70428.02,39,2022-01-09,2026-06-14,39,0.2020725388601036,0,2,0|2
"SUBCATEGORY_MELONS_HONEYDEW-MELON@@PHILADELPHIA, PA - MULO",232,232,901760.47,0,2022-01-09,2026-06-14,0,0.0,1,0,1|0
"SUBCATEGORY_MELONS_HONEYDEW-MELON@@PROVIDENCE, RI - MULO",193,232,72851.68000000001,37,2022-01-09,2026-06-14,39,0.1917098445595854,0,1,0|1
"SUBCATEGORY_MELONS_HONEYDEW-MELON@@RALEIGH/GREENSBORO, NC - MULO",232,232,1479041.89,0,2022-01-09,2026-06-14,0,0.0,2,0,2|0
"SUBCATEGORY_MELONS_HONEYDEW-MELON@@RICHMOND/NORFOLK, VA - MULO",232,232,1521939.43,0,2022-01-09,2026-06-14,0,0.0,2,0,2|0
"SUBCATEGORY_MELONS_HONEYDEW-MELON@@ROANOKE, VA - MULO",232,232,620413.7,0,2022-01-09,2026-06-14,0,0.0,1,0,1|0
"SUBCATEGORY_MELONS_HONEYDEW-MELON@@SAN DIEGO, CA - MULO",205,232,161375.08,27,2022-01-09,2026-06-14,27,0.1317073170731707,0,1,0|1
"SUBCATEGORY_MELONS_HONEYDEW-MELON@@SAN FRANCISCO/OAKLAND, CA - MULO",215,232,325597.3,13,2022-01-09,2026-06-14,17,0.0604651162790697,0,1,0|1
"SUBCATEGORY_MELONS_HONEYDEW-MELON@@TOLEDO, OH - MULO",232,232,776356.18,0,2022-01-09,2026-06-14,0,0.0,1,0,1|0
"SUBCATEGORY_MELONS_OTHER-MELONS@@ATLANTA, GA - MULO",194,232,404434.87,135,2022-01-09,2026-06-14,38,0.6958762886597938,0,2,0|2
"SUBCATEGORY_MELONS_OTHER-MELONS@@BALTIMORE, MD/WASHINGTON D.C. - MULO",192,208,4591.679999999999,160,2022-06-26,2026-06-14,16,0.8333333333333334,0,2,0|2
"SUBCATEGORY_MELONS_OTHER-MELONS@@BIRMINGHAM/MONTGOMERY, AL - MULO",179,232,73289.54,47,2022-01-09,2026-06-14,53,0.2625698324022346,0,2,0|2
"SUBCATEGORY_MELONS_OTHER-MELONS@@BOSTON, MA - MULO",207,207,144884.06,0,2022-07-03,2026-06-14,0,0.0,0,0,0|0
"SUBCATEGORY_MELONS_OTHER-MELONS@@CHICAGO, IL - MULO",176,211,52634.88,106,2022-06-05,2026-06-14,35,0.6022727272727273,0,2,0|2
"SUBCATEGORY_MELONS_OTHER-MELONS@@DETROIT, MI - MULO",200,209,23962.21,152,2022-06-19,2026-06-14,9,0.76,0,2,0|2
"SUBCATEGORY_MELONS_OTHER-MELONS@@LOS ANGELES, CA - MULO",181,232,535114.62,67,2022-01-09,2026-06-14,51,0.3701657458563536,1,2,1|2
"SUBCATEGORY_MELONS_OTHER-MELONS@@LOUISVILLE, KY - MULO",180,232,19243.84,49,2022-01-09,2026-06-14,52,0.2722222222222222,0,2,0|2
"SUBCATEGORY_MELONS_OTHER-MELONS@@RICHMOND/NORFOLK, VA - MULO",203,209,1207.08,188,2022-06-19,2026-06-14,6,0.9261083743842364,0,2,0|2
"SUBCATEGORY_MELONS_OTHER-MELONS@@SACRAMENTO, CA - MULO",232,232,405583.86,0,2022-01-09,2026-06-14,0,0.0,0,0,0|0
"SUBCATEGORY_MELONS_OTHER-MELONS@@SEATTLE/TACOMA, WA - MULO",212,220,105878.15,136,2022-04-03,2026-06-14,8,0.6415094339622641,0,2,0|2
"SUBCATEGORY_MELONS_OTHER-MELONS@@SPOKANE, WA - MULO",209,213,16156.77,143,2022-05-22,2026-06-14,4,0.6842105263157895,0,2,0|2
"SUBCATEGORY_MELONS_OTHER-MELONS@@TOLEDO, OH - MULO",207,209,9198.6,160,2022-06-19,2026-06-14,2,0.7729468599033816,0,2,0|2
"SUBCATEGORY_MELONS_WATERMELON@@ATLANTA, GA - MULO",232,232,14030071.71,0,2022-01-09,2026-06-14,0,0.0,6,0,6|0
"SUBCATEGORY_MELONS_WATERMELON@@BIRMINGHAM/MONTGOMERY, AL - MULO",232,232,9816472.63,0,2022-01-09,2026-06-14,0,0.0,6,0,6|0
"SUBCATEGORY_MELONS_WATERMELON@@DES MOINES, IA - MULO",232,232,1029528.56,0,2022-01-09,2026-06-14,0,0.0,1,0,1|0
"SUBCATEGORY_MELONS_WATERMELON@@DETROIT, MI - MULO",232,232,27920686.23,0,2022-01-09,2026-06-14,0,0.0,8,0,8|0
"SUBCATEGORY_MELONS_WATERMELON@@GREEN BAY, WI - MULO",232,232,5213485.12,0,2022-01-09,2026-06-14,0,0.0,4,0,4|0
"SUBCATEGORY_MELONS_WATERMELON@@HOUSTON, TX - MULO",232,232,18688240.13,0,2022-01-09,2026-06-14,0,0.0,7,0,7|0
"SUBCATEGORY_MELONS_WATERMELON@@INDIANAPOLIS, IN - MULO",232,232,10934320.24,0,2022-01-09,2026-06-14,0,0.0,6,0,6|0
"SUBCATEGORY_MELONS_WATERMELON@@LAS VEGAS, NV - MULO",232,232,10474767.58,0,2022-01-09,2026-06-14,0,0.0,6,0,6|0
"SUBCATEGORY_MELONS_WATERMELON@@LITTLE ROCK, AR - MULO",232,232,2008440.08,0,2022-01-09,2026-06-14,0,0.0,2,0,2|0
"SUBCATEGORY_MELONS_WATERMELON@@LOUISVILLE, KY - MULO",232,232,6501157.11,0,2022-01-09,2026-06-14,0,0.0,5,0,5|0
"SUBCATEGORY_MELONS_WATERMELON@@MINNEAPOLIS/ST. PAUL, MN - MULO",232,232,7635939.53,0,2022-01-09,2026-06-14,0,0.0,5,0,5|0
"SUBCATEGORY_MELONS_WATERMELON@@NEW YORK, NY - MULO",232,232,17543074.04,0,2022-01-09,2026-06-14,0,0.0,7,0,7|0
"SUBCATEGORY_MELONS_WATERMELON@@PHOENIX/TUCSON, AZ - MULO",232,232,20453457.4,0,2022-01-09,2026-06-14,0,0.0,7,0,7|0
"SUBCATEGORY_MELONS_WATERMELON@@PORTLAND, OR - MULO",232,232,10410667.25,0,2022-01-09,2026-06-14,0,0.0,6,0,6|0
"SUBCATEGORY_MELONS_WATERMELON@@SACRAMENTO, CA - MULO",232,232,5626717.01,0,2022-01-09,2026-06-14,0,0.0,4,0,4|0
"SUBCATEGORY_MELONS_WATERMELON@@SAN DIEGO, CA - MULO",232,232,11929154.12,0,2022-01-09,2026-06-14,0,0.0,6,0,6|0
"SUBCATEGORY_MELONS_WATERMELON@@SPOKANE, WA - MULO",232,232,2057137.09,0,2022-01-09,2026-06-14,0,0.0,2,0,2|0
"SUBCATEGORY_MELONS_WATERMELON@@ST. LOUIS, MO - MULO",232,232,7938903.76,0,2022-01-09,2026-06-14,0,0.0,5,0,5|0
"SUBCATEGORY_MELONS_WATERMELON@@TAMPA/ST. PETERSBURG, FL - MULO",232,232,7573998.84,0,2022-01-09,2026-06-14,0,0.0,5,0,5|0
"SUBCATEGORY_MELONS_WATERMELON@@WICHITA, KS - MULO",232,232,2776637.69,0,2022-01-09,2026-06-14,0,0.0,3,0,3|0
"SUBCATEGORY_MUSHROOMS_MUSHROOMS@@CHICAGO, IL - MULO",232,232,147320534.9,0,2022-01-09,2026-06-14,0,0.0,9,0,9|0
"SUBCATEGORY_MUSHROOMS_MUSHROOMS@@DETROIT, MI - MULO",232,232,94232734.83,0,2022-01-09,2026-06-14,0,0.0,9,0,9|0
"SUBCATEGORY_MUSHROOMS_MUSHROOMS@@INDIANAPOLIS, IN - MULO",232,232,41394079.68,0,2022-01-09,2026-06-14,0,0.0,8,0,8|0
"SUBCATEGORY_MUSHROOMS_MUSHROOMS@@LAS VEGAS, NV - MULO",232,232,40684486.78,0,2022-01-09,2026-06-14,0,0.0,8,0,8|0
"SUBCATEGORY_MUSHROOMS_MUSHROOMS@@LOS ANGELES, CA - MULO",232,232,242614770.06,0,2022-01-09,2026-06-14,0,0.0,9,0,9|0
"SUBCATEGORY_MUSHROOMS_MUSHROOMS@@MEMPHIS, TN - MULO",232,232,14544388.55,0,2022-01-09,2026-06-14,0,0.0,6,0,6|0
"SUBCATEGORY_MUSHROOMS_MUSHROOMS@@MILWAUKEE, WI - MULO",232,232,58071572.63,0,2022-01-09,2026-06-14,0,0.0,9,0,9|0
SUBCATEGORY_MUSHROOMS_MUSHROOMS@@MISSISSIPPI - MULO,232,232,26644461.57,0,2022-01-09,2026-06-14,0,0.0,7,0,7|0
"SUBCATEGORY_MUSHROOMS_MUSHROOMS@@NEW ORLEANS, LA/MOBILE, AL - MULO",232,232,49668246.64,0,2022-01-09,2026-06-14,0,0.0,8,0,8|0
"SUBCATEGORY_MUSHROOMS_MUSHROOMS@@NEW YORK, NY - MULO",232,232,258366333.68,0,2022-01-09,2026-06-14,0,0.0,9,0,9|0
"SUBCATEGORY_MUSHROOMS_MUSHROOMS@@OMAHA, NE - MULO",232,232,21479343.04,0,2022-01-09,2026-06-14,0,0.0,7,0,7|0
"SUBCATEGORY_MUSHROOMS_MUSHROOMS@@PHOENIX/TUCSON, AZ - MULO",232,232,97512829.66,0,2022-01-09,2026-06-14,0,0.0,9,0,9|0
"SUBCATEGORY_MUSHROOMS_MUSHROOMS@@RALEIGH/GREENSBORO, NC - MULO",232,232,51070055.15,0,2022-01-09,2026-06-14,0,0.0,8,0,8|0
"SUBCATEGORY_MUSHROOMS_MUSHROOMS@@SACRAMENTO, CA - MULO",232,232,54170214.56,0,2022-01-09,2026-06-14,0,0.0,8,0,8|0
"SUBCATEGORY_MUSHROOMS_MUSHROOMS@@SAN FRANCISCO/OAKLAND, CA - MULO",232,232,93339547.62,0,2022-01-09,2026-06-14,0,0.0,9,0,9|0
"SUBCATEGORY_MUSHROOMS_MUSHROOMS@@SEATTLE/TACOMA, WA - MULO",232,232,78171904.83,0,2022-01-09,2026-06-14,0,0.0,9,0,9|0
"SUBCATEGORY_MUSHROOMS_MUSHROOMS@@SPOKANE, WA - MULO",232,232,13294865.97,0,2022-01-09,2026-06-14,0,0.0,6,0,6|0
SUBCATEGORY_MUSHROOMS_MUSHROOMS@@WEST TEXAS/NEW MEXICO - MULO,232,232,61061338.24,0,2022-01-09,2026-06-14,0,0.0,9,0,9|0
"SUBCATEGORY_MUSHROOMS_MUSHROOMS@@WICHITA, KS - MULO",232,232,12297197.0,0,2022-01-09,2026-06-14,0,0.0,6,0,6|0
"SUBCATEGORY_MUSHROOMS_SPECIALTY-MUSHROOMS@@HOUSTON, TX - MULO",232,232,1199055.51,0,2022-01-09,2026-06-14,0,0.0,1,0,1|0
"SUBCATEGORY_MUSHROOMS_SPECIALTY-MUSHROOMS@@JACKSONVILLE, FL - MULO",232,232,3829079.71,0,2022-01-09,2026-06-14,0,0.0,3,0,3|0
"SUBCATEGORY_MUSHROOMS_SPECIALTY-MUSHROOMS@@KANSAS CITY, KS - MULO",232,232,562620.79,0,2022-01-09,2026-06-14,0,0.0,1,0,1|0
"SUBCATEGORY_MUSHROOMS_SPECIALTY-MUSHROOMS@@KNOXVILLE, TN - MULO",232,232,1314084.53,0,2022-01-09,2026-06-14,0,0.0,2,0,2|0
"SUBCATEGORY_MUSHROOMS_SPECIALTY-MUSHROOMS@@LAS VEGAS, NV - MULO",232,232,1328495.1,0,2022-01-09,2026-06-14,0,0.0,2,0,2|0
"SUBCATEGORY_MUSHROOMS_SPECIALTY-MUSHROOMS@@MEMPHIS, TN - MULO",232,232,762673.35,0,2022-01-09,2026-06-14,0,0.0,1,0,1|0
"SUBCATEGORY_MUSHROOMS_SPECIALTY-MUSHROOMS@@MIAMI/FT. LAUDERDALE, FL - MULO",232,232,12508170.72,0,2022-01-09,2026-06-14,0,0.0,6,0,6|0
SUBCATEGORY_MUSHROOMS_SPECIALTY-MUSHROOMS@@MISSISSIPPI - MULO,232,232,803381.66,0,2022-01-09,2026-06-14,0,0.0,1,0,1|0
"SUBCATEGORY_MUSHROOMS_SPECIALTY-MUSHROOMS@@NASHVILLE, TN - MULO",232,232,3881244.1,0,2022-01-09,2026-06-14,0,0.0,3,0,3|0
"SUBCATEGORY_MUSHROOMS_SPECIALTY-MUSHROOMS@@PHILADELPHIA, PA - MULO",232,232,9645671.69,0,2022-01-09,2026-06-14,0,0.0,5,0,5|0
"SUBCATEGORY_MUSHROOMS_SPECIALTY-MUSHROOMS@@RALEIGH/GREENSBORO, NC - MULO",232,232,19748239.3,0,2022-01-09,2026-06-14,0,0.0,7,0,7|0
"SUBCATEGORY_MUSHROOMS_SPECIALTY-MUSHROOMS@@SALT LAKE CITY, UT - MULO",232,232,940255.14,0,2022-01-09,2026-06-14,0,0.0,1,0,1|0
"SUBCATEGORY_MUSHROOMS_SPECIALTY-MUSHROOMS@@TAMPA/ST. PETERSBURG, FL - MULO",232,232,8615994.46,0,2022-01-09,2026-06-14,0,0.0,5,0,5|0
"SUBCATEGORY_ONIONS_GREEN-ONIONS@@ATLANTA, GA - MULO",232,232,4024375.49,0,2022-01-09,2026-06-14,0,0.0,4,0,4|0
"SUBCATEGORY_ONIONS_GREEN-ONIONS@@BOISE, ID - MULO",232,232,663354.98,0,2022-01-09,2026-06-14,0,0.0,1,0,1|0
"SUBCATEGORY_ONIONS_GREEN-ONIONS@@BUFFALO/ROCHESTER, NY - MULO",232,232,3129633.25,0,2022-01-09,2026-06-14,0,0.0,3,0,3|0
"SUBCATEGORY_ONIONS_GREEN-ONIONS@@CINCINNATI/DAYTON, OH - MULO",232,232,845025.16,0,2022-01-09,2026-06-14,0,0.0,1,0,1|0
"SUBCATEGORY_ONIONS_GREEN-ONIONS@@GRAND RAPIDS, MI - MULO",232,232,1659571.74,0,2022-01-09,2026-06-14,0,0.0,2,0,2|0
"SUBCATEGORY_ONIONS_GREEN-ONIONS@@GREEN BAY, WI - MULO",232,232,814880.69,0,2022-01-09,2026-06-14,0,0.0,1,0,1|0
"SUBCATEGORY_ONIONS_GREEN-ONIONS@@HARTFORD, CT/SPRINGFIELD, MA - MULO",232,232,1260421.31,0,2022-01-09,2026-06-14,0,0.0,2,0,2|0
"SUBCATEGORY_ONIONS_GREEN-ONIONS@@INDIANAPOLIS, IN - MULO",232,232,2385118.66,0,2022-01-09,2026-06-14,0,0.0,3,0,3|0
"SUBCATEGORY_ONIONS_GREEN-ONIONS@@JACKSONVILLE, FL - MULO",232,232,2580405.31,0,2022-01-09,2026-06-14,0,0.0,3,0,3|0
"SUBCATEGORY_ONIONS_GREEN-ONIONS@@KANSAS CITY, KS - MULO",232,232,2607776.92,0,2022-01-09,2026-06-14,0,0.0,3,0,3|0
"SUBCATEGORY_ONIONS_GREEN-ONIONS@@LOS ANGELES, CA - MULO",232,232,12612921.27,0,2022-01-09,2026-06-14,0,0.0,6,0,6|0
"SUBCATEGORY_ONIONS_GREEN-ONIONS@@MINNEAPOLIS/ST. PAUL, MN - MULO",232,232,7729922.96,0,2022-01-09,2026-06-14,0,0.0,5,0,5|0
SUBCATEGORY_ONIONS_GREEN-ONIONS@@MISSISSIPPI - MULO,232,232,1113560.24,0,2022-01-09,2026-06-14,0,0.0,1,0,1|0
"SUBCATEGORY_ONIONS_GREEN-ONIONS@@NEW YORK, NY - MULO",232,232,10270346.87,0,2022-01-09,2026-06-14,0,0.0,6,0,6|0
"SUBCATEGORY_ONIONS_GREEN-ONIONS@@ORLANDO, FL - MULO",232,232,7121629.89,0,2022-01-09,2026-06-14,0,0.0,5,0,5|0
"SUBCATEGORY_ONIONS_GREEN-ONIONS@@PHOENIX/TUCSON, AZ - MULO",232,232,3022598.59,0,2022-01-09,2026-06-14,0,0.0,3,0,3|0
"SUBCATEGORY_ONIONS_GREEN-ONIONS@@SALT LAKE CITY, UT - MULO",232,232,2385840.67,0,2022-01-09,2026-06-14,0,0.0,3,0,3|0
"SUBCATEGORY_ONIONS_GREEN-ONIONS@@TULSA, OK - MULO",232,232,1234082.51,0,2022-01-09,2026-06-14,0,0.0,2,0,2|0
"SUBCATEGORY_ONIONS_OTHER-ONIONS@@BALTIMORE, MD/WASHINGTON D.C. - MULO",232,232,3142188.06,0,2022-01-09,2026-06-14,0,0.0,3,0,3|0
"SUBCATEGORY_ONIONS_OTHER-ONIONS@@BOISE, ID - MULO",232,232,188755.48,0,2022-01-09,2026-06-14,0,0.0,0,0,0|0
"SUBCATEGORY_ONIONS_OTHER-ONIONS@@DALLAS/FT. WORTH, TX - MULO",232,232,1343035.29,0,2022-01-09,2026-06-14,0,0.0,2,0,2|0
"SUBCATEGORY_ONIONS_OTHER-ONIONS@@DES MOINES, IA - MULO",232,232,222369.98,0,2022-01-09,2026-06-14,0,0.0,0,0,0|0
"SUBCATEGORY_ONIONS_OTHER-ONIONS@@HARTFORD, CT/SPRINGFIELD, MA - MULO",232,232,1249384.38,0,2022-01-09,2026-06-14,0,0.0,2,0,2|0
"SUBCATEGORY_ONIONS_OTHER-ONIONS@@JACKSONVILLE, FL - MULO",232,232,1114292.01,0,2022-01-09,2026-06-14,0,0.0,1,0,1|0
"SUBCATEGORY_ONIONS_OTHER-ONIONS@@KANSAS CITY, KS - MULO",232,232,843250.47,0,2022-01-09,2026-06-14,0,0.0,1,0,1|0
"SUBCATEGORY_ONIONS_OTHER-ONIONS@@LOS ANGELES, CA - MULO",232,232,2195121.99,0,2022-01-09,2026-06-14,0,0.0,2,0,2|0
"SUBCATEGORY_ONIONS_OTHER-ONIONS@@MEMPHIS, TN - MULO",232,232,186071.25,0,2022-01-09,2026-06-14,0,0.0,0,0,0|0
"SUBCATEGORY_ONIONS_OTHER-ONIONS@@MINNEAPOLIS/ST. PAUL, MN - MULO",232,232,756188.98,0,2022-01-09,2026-06-14,0,0.0,1,0,1|0
SUBCATEGORY_ONIONS_OTHER-ONIONS@@MISSISSIPPI - MULO,232,232,411084.2,0,2022-01-09,2026-06-14,0,0.0,0,0,0|0
"SUBCATEGORY_ONIONS_OTHER-ONIONS@@PHOENIX/TUCSON, AZ - MULO",232,232,1187015.57,0,2022-01-09,2026-06-14,0,0.0,1,0,1|0
"SUBCATEGORY_ONIONS_OTHER-ONIONS@@RALEIGH/GREENSBORO, NC - MULO",232,232,2105034.7,0,2022-01-09,2026-06-14,0,0.0,2,0,2|0
"SUBCATEGORY_ONIONS_OTHER-ONIONS@@SEATTLE/TACOMA, WA - MULO",232,232,675162.62,0,2022-01-09,2026-06-14,0,0.0,1,0,1|0
"SUBCATEGORY_ONIONS_OTHER-ONIONS@@TAMPA/ST. PETERSBURG, FL - MULO",232,232,1387643.14,0,2022-01-09,2026-06-14,0,0.0,2,0,2|0
"SUBCATEGORY_ONIONS_OTHER-ONIONS@@TULSA, OK - MULO",232,232,189382.27,0,2022-01-09,2026-06-14,0,0.0,0,0,0|0
"SUBCATEGORY_ONIONS_RED-ONIONS@@ALBANY, NY - MULO",232,232,4436076.74,0,2022-01-09,2026-06-14,0,0.0,4,0,4|0
"SUBCATEGORY_ONIONS_RED-ONIONS@@BOSTON, MA - MULO",232,232,13732612.05,0,2022-01-09,2026-06-14,0,0.0,6,0,6|0
"SUBCATEGORY_ONIONS_RED-ONIONS@@CINCINNATI/DAYTON, OH - MULO",232,232,11035596.22,0,2022-01-09,2026-06-14,0,0.0,6,0,6|0
"SUBCATEGORY_ONIONS_RED-ONIONS@@GRAND RAPIDS, MI - MULO",232,232,5930218.5,0,2022-01-09,2026-06-14,0,0.0,4,0,4|0
"SUBCATEGORY_ONIONS_RED-ONIONS@@GREEN BAY, WI - MULO",232,232,2190336.0,0,2022-01-09,2026-06-14,0,0.0,2,0,2|0
"SUBCATEGORY_ONIONS_RED-ONIONS@@JACKSONVILLE, FL - MULO",232,232,7730255.77,0,2022-01-09,2026-06-14,0,0.0,5,0,5|0
"SUBCATEGORY_ONIONS_RED-ONIONS@@KANSAS CITY, KS - MULO",232,232,4178268.72,0,2022-01-09,2026-06-14,0,0.0,4,0,4|0
"SUBCATEGORY_ONIONS_RED-ONIONS@@MILWAUKEE, WI - MULO",232,232,7005136.94,0,2022-01-09,2026-06-14,0,0.0,5,0,5|0
"SUBCATEGORY_ONIONS_RED-ONIONS@@MINNEAPOLIS/ST. PAUL, MN - MULO",232,232,13213474.76,0,2022-01-09,2026-06-14,0,0.0,6,0,6|0
"SUBCATEGORY_ONIONS_RED-ONIONS@@NASHVILLE, TN - MULO",232,232,8356935.76,0,2022-01-09,2026-06-14,0,0.0,5,0,5|0
"SUBCATEGORY_ONIONS_RED-ONIONS@@PHOENIX/TUCSON, AZ - MULO",232,232,6758784.3,0,2022-01-09,2026-06-14,0,0.0,5,0,5|0
"SUBCATEGORY_ONIONS_RED-ONIONS@@PROVIDENCE, RI - MULO",232,232,2737438.76,0,2022-01-09,2026-06-14,0,0.0,3,0,3|0
"SUBCATEGORY_ONIONS_RED-ONIONS@@ROANOKE, VA - MULO",232,232,5504723.02,0,2022-01-09,2026-06-14,0,0.0,4,0,4|0
"SUBCATEGORY_ONIONS_RED-ONIONS@@SACRAMENTO, CA - MULO",232,232,7000290.05,0,2022-01-09,2026-06-14,0,0.0,5,0,5|0
"SUBCATEGORY_ONIONS_RED-ONIONS@@SALT LAKE CITY, UT - MULO",232,232,2826993.13,0,2022-01-09,2026-06-14,0,0.0,3,0,3|0
"SUBCATEGORY_ONIONS_RED-ONIONS@@SPOKANE, WA - MULO",232,232,452907.87,0,2022-01-09,2026-06-14,0,0.0,1,0,1|0
"SUBCATEGORY_ONIONS_RED-ONIONS@@TAMPA/ST. PETERSBURG, FL - MULO",232,232,20174903.69,0,2022-01-09,2026-06-14,0,0.0,7,0,7|0
"SUBCATEGORY_ONIONS_RED-ONIONS@@TULSA, OK - MULO",232,232,2225801.94,0,2022-01-09,2026-06-14,0,0.0,2,0,2|0
"SUBCATEGORY_ONIONS_SHALLOTS@@ALBANY, NY - MULO",232,232,267054.69,0,2022-01-09,2026-06-14,0,0.0,0,0,0|0
"SUBCATEGORY_ONIONS_SHALLOTS@@ATLANTA, GA - MULO",232,232,3961549.15,0,2022-01-09,2026-06-14,0,0.0,4,0,4|0
"SUBCATEGORY_ONIONS_SHALLOTS@@CHARLOTTE, NC - MULO",232,232,1322604.88,0,2022-01-09,2026-06-14,0,0.0,2,0,2|0
"SUBCATEGORY_ONIONS_SHALLOTS@@CINCINNATI/DAYTON, OH - MULO",232,232,248343.32,0,2022-01-09,2026-06-14,0,0.0,0,0,0|0
"SUBCATEGORY_ONIONS_SHALLOTS@@GREEN BAY, WI - MULO",232,232,118961.0,0,2022-01-09,2026-06-14,0,0.0,0,0,0|0
"SUBCATEGORY_ONIONS_SHALLOTS@@KANSAS CITY, KS - MULO",232,232,414571.77,0,2022-01-09,2026-06-14,0,0.0,0,0,0|0
"SUBCATEGORY_ONIONS_SHALLOTS@@LITTLE ROCK, AR - MULO",232,232,136193.13,0,2022-01-09,2026-06-14,0,0.0,0,0,0|0
"SUBCATEGORY_ONIONS_SHALLOTS@@LOS ANGELES, CA - MULO",232,232,1778853.97,0,2022-01-09,2026-06-14,0,0.0,2,0,2|0
"SUBCATEGORY_ONIONS_SHALLOTS@@MILWAUKEE, WI - MULO",232,232,363793.5,0,2022-01-09,2026-06-14,0,0.0,0,0,0|0
SUBCATEGORY_ONIONS_SHALLOTS@@MISSISSIPPI - MULO,232,232,241626.92,0,2022-01-09,2026-06-14,0,0.0,0,0,0|0
"SUBCATEGORY_ONIONS_SHALLOTS@@NASHVILLE, TN - MULO",232,232,1347145.71,0,2022-01-09,2026-06-14,0,0.0,2,0,2|0
"SUBCATEGORY_ONIONS_SHALLOTS@@ORLANDO, FL - MULO",232,232,3943306.93,0,2022-01-09,2026-06-14,0,0.0,4,0,4|0
"SUBCATEGORY_ONIONS_SHALLOTS@@PHOENIX/TUCSON, AZ - MULO",232,232,667228.87,0,2022-01-09,2026-06-14,0,0.0,1,0,1|0
"SUBCATEGORY_ONIONS_SHALLOTS@@PORTLAND, OR - MULO",232,232,431744.91,0,2022-01-09,2026-06-14,0,0.0,0,0,0|0
"SUBCATEGORY_ONIONS_SHALLOTS@@RICHMOND/NORFOLK, VA - MULO",232,232,1285805.32,0,2022-01-09,2026-06-14,0,0.0,2,0,2|0
"SUBCATEGORY_ONIONS_SHALLOTS@@SACRAMENTO, CA - MULO",232,232,338802.81,0,2022-01-09,2026-06-14,0,0.0,0,0,0|0
"SUBCATEGORY_ONIONS_SHALLOTS@@SALT LAKE CITY, UT - MULO",232,232,316296.11,0,2022-01-09,2026-06-14,0,0.0,0,0,0|0
"SUBCATEGORY_ONIONS_SHALLOTS@@ST. LOUIS, MO - MULO",232,232,964363.57,0,2022-01-09,2026-06-14,0,0.0,1,0,1|0
SUBCATEGORY_ONIONS_SHALLOTS@@WEST TEXAS/NEW MEXICO - MULO,232,232,564556.96,0,2022-01-09,2026-06-14,0,0.0,1,0,1|0
"SUBCATEGORY_ONIONS_SWEET-ONIONS@@BALTIMORE, MD/WASHINGTON D.C. - MULO",232,232,31429351.28,0,2022-01-09,2026-06-14,0,0.0,8,0,8|0
"SUBCATEGORY_ONIONS_SWEET-ONIONS@@BOSTON, MA - MULO",232,232,12176580.02,0,2022-01-09,2026-06-14,0,0.0,6,0,6|0
"SUBCATEGORY_ONIONS_SWEET-ONIONS@@CHARLOTTE, NC - MULO",232,232,17371363.07,0,2022-01-09,2026-06-14,0,0.0,7,0,7|0
"SUBCATEGORY_ONIONS_SWEET-ONIONS@@CINCINNATI/DAYTON, OH - MULO",232,232,11123913.36,0,2022-01-09,2026-06-14,0,0.0,6,0,6|0
"SUBCATEGORY_ONIONS_SWEET-ONIONS@@COLUMBUS, OH - MULO",232,232,8126946.93,0,2022-01-09,2026-06-14,0,0.0,5,0,5|0
"SUBCATEGORY_ONIONS_SWEET-ONIONS@@DENVER, CO - MULO",232,232,5407586.54,0,2022-01-09,2026-06-14,0,0.0,4,0,4|0
"SUBCATEGORY_ONIONS_SWEET-ONIONS@@GREEN BAY, WI - MULO",232,232,1408554.7,0,2022-01-09,2026-06-14,0,0.0,2,0,2|0
"SUBCATEGORY_ONIONS_SWEET-ONIONS@@HARTFORD, CT/SPRINGFIELD, MA - MULO",232,232,13830760.75,0,2022-01-09,2026-06-14,0,0.0,6,0,6|0
"SUBCATEGORY_ONIONS_SWEET-ONIONS@@INDIANAPOLIS, IN - MULO",232,232,7783673.11,0,2022-01-09,2026-06-14,0,0.0,5,0,5|0
SUBCATEGORY_ONIONS_SWEET-ONIONS@@MISSISSIPPI - MULO,232,232,8897662.42,0,2022-01-09,2026-06-14,0,0.0,5,0,5|0
"SUBCATEGORY_ONIONS_SWEET-ONIONS@@OMAHA, NE - MULO",232,232,2666297.16,0,2022-01-09,2026-06-14,0,0.0,3,0,3|0
"SUBCATEGORY_ONIONS_SWEET-ONIONS@@ORLANDO, FL - MULO",232,232,24483513.86,0,2022-01-09,2026-06-14,0,0.0,7,0,7|0
"SUBCATEGORY_ONIONS_SWEET-ONIONS@@PORTLAND, OR - MULO",232,232,3253033.35,0,2022-01-09,2026-06-14,0,0.0,3,0,3|0
"SUBCATEGORY_ONIONS_SWEET-ONIONS@@SAN DIEGO, CA - MULO",232,232,2862282.23,0,2022-01-09,2026-06-14,0,0.0,3,0,3|0
"SUBCATEGORY_ONIONS_SWEET-ONIONS@@SAN FRANCISCO/OAKLAND, CA - MULO",232,232,4783483.69,0,2022-01-09,2026-06-14,0,0.0,4,0,4|0
"SUBCATEGORY_ONIONS_SWEET-ONIONS@@SEATTLE/TACOMA, WA - MULO",232,232,5137143.49,0,2022-01-09,2026-06-14,0,0.0,4,0,4|0
"SUBCATEGORY_ONIONS_SWEET-ONIONS@@ST. LOUIS, MO - MULO",232,232,9203565.41,0,2022-01-09,2026-06-14,0,0.0,5,0,5|0
SUBCATEGORY_ONIONS_SWEET-ONIONS@@WEST TEXAS/NEW MEXICO - MULO,232,232,6662076.29,0,2022-01-09,2026-06-14,0,0.0,5,0,5|0
"SUBCATEGORY_ONIONS_SWEET-ONIONS@@WICHITA, KS - MULO",232,232,2484637.64,0,2022-01-09,2026-06-14,0,0.0,3,0,3|0
"SUBCATEGORY_ONIONS_WHITE-ONIONS@@BIRMINGHAM/MONTGOMERY, AL - MULO",232,232,5655045.45,0,2022-01-09,2026-06-14,0,0.0,4,0,4|0
"SUBCATEGORY_ONIONS_WHITE-ONIONS@@BUFFALO/ROCHESTER, NY - MULO",232,232,3241360.76,0,2022-01-09,2026-06-14,0,0.0,3,0,3|0
"SUBCATEGORY_ONIONS_WHITE-ONIONS@@CINCINNATI/DAYTON, OH - MULO",232,232,6252099.53,0,2022-01-09,2026-06-14,0,0.0,4,0,4|0
"SUBCATEGORY_ONIONS_WHITE-ONIONS@@COLUMBUS, OH - MULO",232,232,4064675.74,0,2022-01-09,2026-06-14,0,0.0,4,0,4|0
"SUBCATEGORY_ONIONS_WHITE-ONIONS@@DETROIT, MI - MULO",232,232,7438666.85,0,2022-01-09,2026-06-14,0,0.0,5,0,5|0
"SUBCATEGORY_ONIONS_WHITE-ONIONS@@HARTFORD, CT/SPRINGFIELD, MA - MULO",232,232,878548.47,0,2022-01-09,2026-06-14,0,0.0,1,0,1|0
"SUBCATEGORY_ONIONS_WHITE-ONIONS@@INDIANAPOLIS, IN - MULO",232,232,4892440.74,0,2022-01-09,2026-06-14,0,0.0,4,0,4|0
"SUBCATEGORY_ONIONS_WHITE-ONIONS@@LAS VEGAS, NV - MULO",232,232,2545381.08,0,2022-01-09,2026-06-14,0,0.0,3,0,3|0
"SUBCATEGORY_ONIONS_WHITE-ONIONS@@LITTLE ROCK, AR - MULO",232,232,573071.51,0,2022-01-09,2026-06-14,0,0.0,1,0,1|0
"SUBCATEGORY_ONIONS_WHITE-ONIONS@@LOUISVILLE, KY - MULO",232,232,3297732.69,0,2022-01-09,2026-06-14,0,0.0,3,0,3|0
SUBCATEGORY_ONIONS_WHITE-ONIONS@@MISSISSIPPI - MULO,232,232,2269549.02,0,2022-01-09,2026-06-14,0,0.0,2,0,2|0
SUBCATEGORY_ONIONS_WHITE-ONIONS@@NEW ENGLAND - MULO,232,232,592238.74,0,2022-01-09,2026-06-14,0,0.0,1,0,1|0
"SUBCATEGORY_ONIONS_WHITE-ONIONS@@NEW YORK, NY - MULO",232,232,5520805.34,0,2022-01-09,2026-06-14,0,0.0,4,0,4|0
"SUBCATEGORY_ONIONS_WHITE-ONIONS@@OKLAHOMA CITY, OK - MULO",232,232,2975601.7,0,2022-01-09,2026-06-14,0,0.0,3,0,3|0
"SUBCATEGORY_ONIONS_WHITE-ONIONS@@ORLANDO, FL - MULO",232,232,5814464.06,0,2022-01-09,2026-06-14,0,0.0,4,0,4|0
"SUBCATEGORY_ONIONS_WHITE-ONIONS@@PITTSBURGH, PA - MULO",232,232,1598875.31,0,2022-01-09,2026-06-14,0,0.0,2,0,2|0
"SUBCATEGORY_ONIONS_WHITE-ONIONS@@RALEIGH/GREENSBORO, NC - MULO",232,232,5249353.07,0,2022-01-09,2026-06-14,0,0.0,4,0,4|0
"SUBCATEGORY_ONIONS_WHITE-ONIONS@@RICHMOND/NORFOLK, VA - MULO",232,232,2292370.51,0,2022-01-09,2026-06-14,0,0.0,2,0,2|0
"SUBCATEGORY_ONIONS_WHITE-ONIONS@@ROANOKE, VA - MULO",232,232,3558225.69,0,2022-01-09,2026-06-14,0,0.0,3,0,3|0
"SUBCATEGORY_ONIONS_WHITE-ONIONS@@SACRAMENTO, CA - MULO",232,232,2155731.27,0,2022-01-09,2026-06-14,0,0.0,2,0,2|0
"SUBCATEGORY_ONIONS_WHITE-ONIONS@@SAN DIEGO, CA - MULO",232,232,2315903.08,0,2022-01-09,2026-06-14,0,0.0,3,0,3|0
"SUBCATEGORY_ONIONS_YELLOW-ONIONS@@ALBANY, NY - MULO",232,232,14987644.12,0,2022-01-09,2026-06-14,0,0.0,6,0,6|0
"SUBCATEGORY_ONIONS_YELLOW-ONIONS@@BALTIMORE, MD/WASHINGTON D.C. - MULO",232,232,109407897.3,0,2022-01-09,2026-06-14,0,0.0,9,0,9|0
"SUBCATEGORY_ONIONS_YELLOW-ONIONS@@BIRMINGHAM/MONTGOMERY, AL - MULO",232,232,39078189.04,0,2022-01-09,2026-06-14,0,0.0,8,0,8|0
"SUBCATEGORY_ONIONS_YELLOW-ONIONS@@BUFFALO/ROCHESTER, NY - MULO",232,232,27050081.6,0,2022-01-09,2026-06-14,0,0.0,8,0,8|0
"SUBCATEGORY_ONIONS_YELLOW-ONIONS@@CHARLOTTE, NC - MULO",232,232,38269120.59,0,2022-01-09,2026-06-14,0,0.0,8,0,8|0
"SUBCATEGORY_ONIONS_YELLOW-ONIONS@@CLEVELAND, OH - MULO",232,232,22423972.38,0,2022-01-09,2026-06-14,0,0.0,7,0,7|0
"SUBCATEGORY_ONIONS_YELLOW-ONIONS@@DENVER, CO - MULO",232,232,28453742.74,0,2022-01-09,2026-06-14,0,0.0,8,0,8|0
"SUBCATEGORY_ONIONS_YELLOW-ONIONS@@HARRISBURG/SCRANTON, PA - MULO",232,232,48275501.37,0,2022-01-09,2026-06-14,0,0.0,8,0,8|0
"SUBCATEGORY_ONIONS_YELLOW-ONIONS@@HARTFORD, CT/SPRINGFIELD, MA - MULO",232,232,41689920.31,0,2022-01-09,2026-06-14,0,0.0,8,0,8|0
"SUBCATEGORY_ONIONS_YELLOW-ONIONS@@JACKSONVILLE, FL - MULO",232,232,23140291.46,0,2022-01-09,2026-06-14,0,0.0,7,0,7|0
"SUBCATEGORY_ONIONS_YELLOW-ONIONS@@KNOXVILLE, TN - MULO",232,232,12927696.46,0,2022-01-09,2026-06-14,0,0.0,6,0,6|0
"SUBCATEGORY_ONIONS_YELLOW-ONIONS@@LITTLE ROCK, AR - MULO",232,232,5892894.81,0,2022-01-09,2026-06-14,0,0.0,4,0,4|0
SUBCATEGORY_ONIONS_YELLOW-ONIONS@@MISSISSIPPI - MULO,232,232,24781591.12,0,2022-01-09,2026-06-14,0,0.0,7,0,7|0
"SUBCATEGORY_ONIONS_YELLOW-ONIONS@@NEW YORK, NY - MULO",232,232,184674931.51,0,2022-01-09,2026-06-14,0,0.0,9,0,9|0
"SUBCATEGORY_ONIONS_YELLOW-ONIONS@@ORLANDO, FL - MULO",232,232,49617805.78,0,2022-01-09,2026-06-14,0,0.0,8,0,8|0
"SUBCATEGORY_ONIONS_YELLOW-ONIONS@@PHOENIX/TUCSON, AZ - MULO",232,232,23766824.09,0,2022-01-09,2026-06-14,0,0.0,7,0,7|0
"SUBCATEGORY_ONIONS_YELLOW-ONIONS@@PITTSBURGH, PA - MULO",232,232,26893648.01,0,2022-01-09,2026-06-14,0,0.0,8,0,8|0
"SUBCATEGORY_ONIONS_YELLOW-ONIONS@@SACRAMENTO, CA - MULO",232,232,13938965.7,0,2022-01-09,2026-06-14,0,0.0,6,0,6|0
"SUBCATEGORY_ONIONS_YELLOW-ONIONS@@SALT LAKE CITY, UT - MULO",232,232,11757602.04,0,2022-01-09,2026-06-14,0,0.0,6,0,6|0
"SUBCATEGORY_ONIONS_YELLOW-ONIONS@@SEATTLE/TACOMA, WA - MULO",232,232,14503724.3,0,2022-01-09,2026-06-14,0,0.0,6,0,6|0
"SUBCATEGORY_ONIONS_YELLOW-ONIONS@@TULSA, OK - MULO",232,232,8511336.94,0,2022-01-09,2026-06-14,0,0.0,5,0,5|0
SUBCATEGORY_ONIONS_YELLOW-ONIONS@@WEST TEXAS/NEW MEXICO - MULO,232,232,18159918.32,0,2022-01-09,2026-06-14,0,0.0,7,0,7|0
"SUBCATEGORY_ONIONS_YELLOW-ONIONS@@WICHITA, KS - MULO",232,232,6747443.75,0,2022-01-09,2026-06-14,0,0.0,5,0,5|0
"SUBCATEGORY_OTHER-FRUIT_OTHER-FRUIT@@BUFFALO/ROCHESTER, NY - MULO",232,232,2240064.4,0,2022-01-09,2026-06-14,0,0.0,2,0,2|0
"SUBCATEGORY_OTHER-FRUIT_OTHER-FRUIT@@COLUMBUS, OH - MULO",232,232,12417482.48,0,2022-01-09,2026-06-14,0,0.0,6,0,6|0
"SUBCATEGORY_OTHER-FRUIT_OTHER-FRUIT@@DENVER, CO - MULO",232,232,19795209.29,0,2022-01-09,2026-06-14,0,0.0,7,0,7|0
"SUBCATEGORY_OTHER-FRUIT_OTHER-FRUIT@@KANSAS CITY, KS - MULO",232,232,4499317.04,0,2022-01-09,2026-06-14,0,0.0,4,0,4|0
"SUBCATEGORY_OTHER-FRUIT_OTHER-FRUIT@@MINNEAPOLIS/ST. PAUL, MN - MULO",232,232,7127058.87,0,2022-01-09,2026-06-14,0,0.0,5,0,5|0
SUBCATEGORY_OTHER-FRUIT_OTHER-FRUIT@@MISSISSIPPI - MULO,232,232,7059886.25,0,2022-01-09,2026-06-14,0,0.0,5,0,5|0
SUBCATEGORY_OTHER-FRUIT_OTHER-FRUIT@@NEW ENGLAND - MULO,232,232,8112547.2,0,2022-01-09,2026-06-14,0,0.0,5,0,5|0
"SUBCATEGORY_OTHER-FRUIT_OTHER-FRUIT@@NEW ORLEANS, LA/MOBILE, AL - MULO",232,232,7195810.19,0,2022-01-09,2026-06-14,0,0.0,5,0,5|0
"SUBCATEGORY_OTHER-FRUIT_OTHER-FRUIT@@NEW YORK, NY - MULO",232,232,18107476.57,0,2022-01-09,2026-06-14,0,0.0,7,0,7|0
"SUBCATEGORY_OTHER-FRUIT_OTHER-FRUIT@@ORLANDO, FL - MULO",232,232,12030196.47,0,2022-01-09,2026-06-14,0,0.0,6,0,6|0
"SUBCATEGORY_OTHER-FRUIT_OTHER-FRUIT@@PHILADELPHIA, PA - MULO",232,232,6266616.93,0,2022-01-09,2026-06-14,0,0.0,4,0,4|0
"SUBCATEGORY_OTHER-FRUIT_OTHER-FRUIT@@PHOENIX/TUCSON, AZ - MULO",232,232,13859723.2,0,2022-01-09,2026-06-14,0,0.0,6,0,6|0
"SUBCATEGORY_OTHER-FRUIT_OTHER-FRUIT@@SALT LAKE CITY, UT - MULO",232,232,6733305.83,0,2022-01-09,2026-06-14,0,0.0,5,0,5|0
"SUBCATEGORY_OTHER-FRUIT_OTHER-FRUIT@@SAN DIEGO, CA - MULO",232,232,2612787.74,0,2022-01-09,2026-06-14,0,0.0,3,0,3|0
SUBCATEGORY_OTHER-FRUIT_OTHER-FRUIT@@SOUTH CAROLINA - MULO,232,232,14184518.35,0,2022-01-09,2026-06-14,0,0.0,6,0,6|0
"SUBCATEGORY_OTHER-FRUIT_OTHER-FRUIT@@SYRACUSE, NY - MULO",232,232,1118796.36,0,2022-01-09,2026-06-14,0,0.0,1,0,1|0
"SUBCATEGORY_OTHER-VEGETABLES_ASPARAGUS@@BOISE, ID - MULO",232,232,1514607.91,0,2022-01-09,2026-06-14,0,0.0,2,0,2|0
"SUBCATEGORY_OTHER-VEGETABLES_ASPARAGUS@@CHARLOTTE, NC - MULO",232,232,12014915.37,0,2022-01-09,2026-06-14,0,0.0,6,0,6|0
"SUBCATEGORY_OTHER-VEGETABLES_ASPARAGUS@@CLEVELAND, OH - MULO",232,232,6796555.76,0,2022-01-09,2026-06-14,0,0.0,5,0,5|0
"SUBCATEGORY_OTHER-VEGETABLES_ASPARAGUS@@DES MOINES, IA - MULO",232,232,2769842.8,0,2022-01-09,2026-06-14,0,0.0,3,0,3|0
"SUBCATEGORY_OTHER-VEGETABLES_ASPARAGUS@@GREEN BAY, WI - MULO",232,232,2311415.07,0,2022-01-09,2026-06-14,0,0.0,2,0,2|0
"SUBCATEGORY_OTHER-VEGETABLES_ASPARAGUS@@JACKSONVILLE, FL - MULO",232,232,11178101.63,0,2022-01-09,2026-06-14,0,0.0,6,0,6|0
"SUBCATEGORY_OTHER-VEGETABLES_ASPARAGUS@@KANSAS CITY, KS - MULO",232,232,5888094.24,0,2022-01-09,2026-06-14,0,0.0,4,0,4|0
"SUBCATEGORY_OTHER-VEGETABLES_ASPARAGUS@@MEMPHIS, TN - MULO",232,232,3089520.87,0,2022-01-09,2026-06-14,0,0.0,3,0,3|0
"SUBCATEGORY_OTHER-VEGETABLES_ASPARAGUS@@MIAMI/FT. LAUDERDALE, FL - MULO",232,232,33184507.66,0,2022-01-09,2026-06-14,0,0.0,8,0,8|0
SUBCATEGORY_OTHER-VEGETABLES_ASPARAGUS@@MISSISSIPPI - MULO,232,232,4956106.63,0,2022-01-09,2026-06-14,0,0.0,4,0,4|0
"SUBCATEGORY_OTHER-VEGETABLES_ASPARAGUS@@OKLAHOMA CITY, OK - MULO",232,232,4227559.73,0,2022-01-09,2026-06-14,0,0.0,4,0,4|0
"SUBCATEGORY_OTHER-VEGETABLES_ASPARAGUS@@ORLANDO, FL - MULO",232,232,24764882.73,0,2022-01-09,2026-06-14,0,0.0,7,0,7|0
"SUBCATEGORY_OTHER-VEGETABLES_ASPARAGUS@@PEORIA/SPRINGFIELD, IL - MULO",232,232,6286384.66,0,2022-01-09,2026-06-14,0,0.0,4,0,4|0
"SUBCATEGORY_OTHER-VEGETABLES_ASPARAGUS@@PHOENIX/TUCSON, AZ - MULO",232,232,10706708.09,0,2022-01-09,2026-06-14,0,0.0,6,0,6|0
"SUBCATEGORY_OTHER-VEGETABLES_ASPARAGUS@@PORTLAND, OR - MULO",232,232,1140889.61,0,2022-01-09,2026-06-14,0,0.0,1,0,1|0
"SUBCATEGORY_OTHER-VEGETABLES_ASPARAGUS@@ROANOKE, VA - MULO",232,232,6399436.78,0,2022-01-09,2026-06-14,0,0.0,5,0,5|0
"SUBCATEGORY_OTHER-VEGETABLES_ASPARAGUS@@TAMPA/ST. PETERSBURG, FL - MULO",232,232,28862517.56,0,2022-01-09,2026-06-14,0,0.0,8,0,8|0
"SUBCATEGORY_OTHER-VEGETABLES_ASPARAGUS@@TULSA, OK - MULO",232,232,3270424.82,0,2022-01-09,2026-06-14,0,0.0,3,0,3|0
"SUBCATEGORY_OTHER-VEGETABLES_BEANS@@BALTIMORE, MD/WASHINGTON D.C. - MULO",232,232,115616701.34,0,2022-01-09,2026-06-14,0,0.0,9,0,9|0
"SUBCATEGORY_OTHER-VEGETABLES_BEANS@@BIRMINGHAM/MONTGOMERY, AL - MULO",232,232,25699070.53,0,2022-01-09,2026-06-14,0,0.0,7,0,7|0
"SUBCATEGORY_OTHER-VEGETABLES_BEANS@@COLUMBUS, OH - MULO",232,232,10669352.65,0,2022-01-09,2026-06-14,0,0.0,6,0,6|0
"SUBCATEGORY_OTHER-VEGETABLES_BEANS@@DES MOINES, IA - MULO",232,232,5539256.86,0,2022-01-09,2026-06-14,0,0.0,4,0,4|0
"SUBCATEGORY_OTHER-VEGETABLES_BEANS@@HARRISBURG/SCRANTON, PA - MULO",232,232,38414024.64,0,2022-01-09,2026-06-14,0,0.0,8,0,8|0
"SUBCATEGORY_OTHER-VEGETABLES_BEANS@@KANSAS CITY, KS - MULO",232,232,9197449.22,0,2022-01-09,2026-06-14,0,0.0,5,0,5|0
"SUBCATEGORY_OTHER-VEGETABLES_BEANS@@KNOXVILLE, TN - MULO",232,232,5905081.4,0,2022-01-09,2026-06-14,0,0.0,4,0,4|0
"SUBCATEGORY_OTHER-VEGETABLES_BEANS@@LAS VEGAS, NV - MULO",232,232,8440798.59,0,2022-01-09,2026-06-14,0,0.0,5,0,5|0
"SUBCATEGORY_OTHER-VEGETABLES_BEANS@@LITTLE ROCK, AR - MULO",232,232,2844415.99,0,2022-01-09,2026-06-14,0,0.0,3,0,3|0
"SUBCATEGORY_OTHER-VEGETABLES_BEANS@@MILWAUKEE, WI - MULO",232,232,9366942.86,0,2022-01-09,2026-06-14,0,0.0,5,0,5|0
"SUBCATEGORY_OTHER-VEGETABLES_BEANS@@NEW ORLEANS, LA/MOBILE, AL - MULO",232,232,18874655.16,0,2022-01-09,2026-06-14,0,0.0,7,0,7|0
"SUBCATEGORY_OTHER-VEGETABLES_BEANS@@ROANOKE, VA - MULO",232,232,9960188.43,0,2022-01-09,2026-06-14,0,0.0,6,0,6|0
"SUBCATEGORY_OTHER-VEGETABLES_BEANS@@SAN FRANCISCO/OAKLAND, CA - MULO",232,232,24285828.15,0,2022-01-09,2026-06-14,0,0.0,7,0,7|0
"SUBCATEGORY_OTHER-VEGETABLES_BEANS@@SYRACUSE, NY - MULO",232,232,10467362.27,0,2022-01-09,2026-06-14,0,0.0,6,0,6|0
"SUBCATEGORY_OTHER-VEGETABLES_BEANS@@TOLEDO, OH - MULO",232,232,5697332.91,0,2022-01-09,2026-06-14,0,0.0,4,0,4|0
SUBCATEGORY_OTHER-VEGETABLES_BEANS@@WEST TEXAS/NEW MEXICO - MULO,232,232,11847160.98,0,2022-01-09,2026-06-14,0,0.0,6,0,6|0
"SUBCATEGORY_OTHER-VEGETABLES_BEETS@@ALBANY, NY - MULO",232,232,289016.45,0,2022-01-09,2026-06-14,0,0.0,0,0,0|0
"SUBCATEGORY_OTHER-VEGETABLES_BEETS@@BOISE, ID - MULO",232,232,161001.59,0,2022-01-09,2026-06-14,0,0.0,0,0,0|0
"SUBCATEGORY_OTHER-VEGETABLES_BEETS@@BUFFALO/ROCHESTER, NY - MULO",232,232,345989.87,0,2022-01-09,2026-06-14,0,0.0,0,0,0|0
"SUBCATEGORY_OTHER-VEGETABLES_BEETS@@CHARLOTTE, NC - MULO",232,232,753734.78,0,2022-01-09,2026-06-14,0,0.0,1,0,1|0
"SUBCATEGORY_OTHER-VEGETABLES_BEETS@@CINCINNATI/DAYTON, OH - MULO",214,232,14308.0,39,2022-01-09,2026-06-14,18,0.1822429906542056,0,1,0|1
"SUBCATEGORY_OTHER-VEGETABLES_BEETS@@DALLAS/FT. WORTH, TX - MULO",232,232,901317.38,0,2022-01-09,2026-06-14,0,0.0,1,0,1|0
"SUBCATEGORY_OTHER-VEGETABLES_BEETS@@DENVER, CO - MULO",232,232,497667.56,0,2022-01-09,2026-06-14,0,0.0,1,0,1|0
"SUBCATEGORY_OTHER-VEGETABLES_BEETS@@GRAND RAPIDS, MI - MULO",232,232,215998.95,0,2022-01-09,2026-06-14,0,0.0,0,0,0|0
"SUBCATEGORY_OTHER-VEGETABLES_BEETS@@GREEN BAY, WI - MULO",232,232,208028.63,0,2022-01-09,2026-06-14,0,0.0,0,0,0|0
"SUBCATEGORY_OTHER-VEGETABLES_BEETS@@HARTFORD, CT/SPRINGFIELD, MA - MULO",232,232,705211.19,0,2022-01-09,2026-06-14,0,0.0,1,0,1|0
"SUBCATEGORY_OTHER-VEGETABLES_BEETS@@LAS VEGAS, NV - MULO",232,232,321869.25,0,2022-01-09,2026-06-14,0,0.0,0,0,0|0
"SUBCATEGORY_OTHER-VEGETABLES_BEETS@@PHILADELPHIA, PA - MULO",232,232,1047723.39,0,2022-01-09,2026-06-14,0,0.0,1,0,1|0
"SUBCATEGORY_OTHER-VEGETABLES_BEETS@@PITTSBURGH, PA - MULO",232,232,453650.32,0,2022-01-09,2026-06-14,0,0.0,1,0,1|0
"SUBCATEGORY_OTHER-VEGETABLES_BEETS@@PORTLAND, OR - MULO",232,232,85186.03,0,2022-01-09,2026-06-14,0,0.0,0,0,0|0
"SUBCATEGORY_OTHER-VEGETABLES_BEETS@@SACRAMENTO, CA - MULO",232,232,265155.71,0,2022-01-09,2026-06-14,0,0.0,0,0,0|0
"SUBCATEGORY_OTHER-VEGETABLES_BEETS@@SEATTLE/TACOMA, WA - MULO",232,232,499376.98,0,2022-01-09,2026-06-14,0,0.0,1,0,1|0
SUBCATEGORY_OTHER-VEGETABLES_BEETS@@SOUTH CAROLINA - MULO,232,232,1304942.62,0,2022-01-09,2026-06-14,0,0.0,2,0,2|0
"SUBCATEGORY_OTHER-VEGETABLES_BEETS@@SPOKANE, WA - MULO",232,232,72609.61,0,2022-01-09,2026-06-14,0,0.0,0,0,0|0
"SUBCATEGORY_OTHER-VEGETABLES_BEETS@@TOLEDO, OH - MULO",232,232,117604.08,0,2022-01-09,2026-06-14,0,0.0,0,0,0|0
"SUBCATEGORY_OTHER-VEGETABLES_BROCCOLI@@ALBANY, NY - MULO",232,232,2239142.66,0,2022-01-09,2026-06-14,0,0.0,2,0,2|0
"SUBCATEGORY_OTHER-VEGETABLES_BROCCOLI@@BOISE, ID - MULO",232,232,332492.39,0,2022-01-09,2026-06-14,0,0.0,0,0,0|0
"SUBCATEGORY_OTHER-VEGETABLES_BROCCOLI@@BOSTON, MA - MULO",232,232,3265256.35,0,2022-01-09,2026-06-14,0,0.0,3,0,3|0
"SUBCATEGORY_OTHER-VEGETABLES_BROCCOLI@@CINCINNATI/DAYTON, OH - MULO",232,232,4581592.52,0,2022-01-09,2026-06-14,0,0.0,4,0,4|0
"SUBCATEGORY_OTHER-VEGETABLES_BROCCOLI@@CLEVELAND, OH - MULO",232,232,1696482.15,0,2022-01-09,2026-06-14,0,0.0,2,0,2|0
"SUBCATEGORY_OTHER-VEGETABLES_BROCCOLI@@DENVER, CO - MULO",232,232,4647183.76,0,2022-01-09,2026-06-14,0,0.0,4,0,4|0
"SUBCATEGORY_OTHER-VEGETABLES_BROCCOLI@@GRAND RAPIDS, MI - MULO",232,232,2794053.35,0,2022-01-09,2026-06-14,0,0.0,3,0,3|0
"SUBCATEGORY_OTHER-VEGETABLES_BROCCOLI@@HARTFORD, CT/SPRINGFIELD, MA - MULO",232,232,1902150.48,0,2022-01-09,2026-06-14,0,0.0,2,0,2|0
"SUBCATEGORY_OTHER-VEGETABLES_BROCCOLI@@KNOXVILLE, TN - MULO",232,232,1473256.97,0,2022-01-09,2026-06-14,0,0.0,2,0,2|0
"SUBCATEGORY_OTHER-VEGETABLES_BROCCOLI@@LAS VEGAS, NV - MULO",232,232,2324355.12,0,2022-01-09,2026-06-14,0,0.0,3,0,3|0
"SUBCATEGORY_OTHER-VEGETABLES_BROCCOLI@@LITTLE ROCK, AR - MULO",232,232,588022.76,0,2022-01-09,2026-06-14,0,0.0,1,0,1|0
"SUBCATEGORY_OTHER-VEGETABLES_BROCCOLI@@MINNEAPOLIS/ST. PAUL, MN - MULO",232,232,3988711.63,0,2022-01-09,2026-06-14,0,0.0,4,0,4|0
SUBCATEGORY_OTHER-VEGETABLES_BROCCOLI@@NEW ENGLAND - MULO,232,232,6608533.89,0,2022-01-09,2026-06-14,0,0.0,5,0,5|0
"SUBCATEGORY_OTHER-VEGETABLES_BROCCOLI@@OMAHA, NE - MULO",232,232,939270.59,0,2022-01-09,2026-06-14,0,0.0,1,0,1|0
"SUBCATEGORY_OTHER-VEGETABLES_BROCCOLI@@ORLANDO, FL - MULO",232,232,36606831.0,0,2022-01-09,2026-06-14,0,0.0,8,0,8|0
"SUBCATEGORY_OTHER-VEGETABLES_BROCCOLI@@PITTSBURGH, PA - MULO",232,232,1555718.17,0,2022-01-09,2026-06-14,0,0.0,2,0,2|0
"SUBCATEGORY_OTHER-VEGETABLES_BROCCOLI@@ST. LOUIS, MO - MULO",232,232,2123393.65,0,2022-01-09,2026-06-14,0,0.0,2,0,2|0
"SUBCATEGORY_OTHER-VEGETABLES_BROCCOLI@@TOLEDO, OH - MULO",232,232,1676106.32,0,2022-01-09,2026-06-14,0,0.0,2,0,2|0
"SUBCATEGORY_OTHER-VEGETABLES_BRUSSELS-SPROUTS@@BALTIMORE, MD/WASHINGTON D.C. - MULO",232,232,45041783.64,0,2022-01-09,2026-06-14,0,0.0,8,0,8|0
"SUBCATEGORY_OTHER-VEGETABLES_BRUSSELS-SPROUTS@@BOSTON, MA - MULO",232,232,17739422.66,0,2022-01-09,2026-06-14,0,0.0,7,0,7|0
"SUBCATEGORY_OTHER-VEGETABLES_BRUSSELS-SPROUTS@@CHICAGO, IL - MULO",232,232,21028796.36,0,2022-01-09,2026-06-14,0,0.0,7,0,7|0
"SUBCATEGORY_OTHER-VEGETABLES_BRUSSELS-SPROUTS@@GRAND RAPIDS, MI - MULO",232,232,8891892.35,0,2022-01-09,2026-06-14,0,0.0,5,0,5|0
"SUBCATEGORY_OTHER-VEGETABLES_BRUSSELS-SPROUTS@@HARRISBURG/SCRANTON, PA - MULO",232,232,19403658.06,0,2022-01-09,2026-06-14,0,0.0,7,0,7|0
"SUBCATEGORY_OTHER-VEGETABLES_BRUSSELS-SPROUTS@@LAS VEGAS, NV - MULO",232,232,4689564.16,0,2022-01-09,2026-06-14,0,0.0,4,0,4|0
"SUBCATEGORY_OTHER-VEGETABLES_BRUSSELS-SPROUTS@@LITTLE ROCK, AR - MULO",232,232,2379586.94,0,2022-01-09,2026-06-14,0,0.0,3,0,3|0
"SUBCATEGORY_OTHER-VEGETABLES_BRUSSELS-SPROUTS@@NEW ORLEANS, LA/MOBILE, AL - MULO",232,232,10290772.75,0,2022-01-09,2026-06-14,0,0.0,6,0,6|0
"SUBCATEGORY_OTHER-VEGETABLES_BRUSSELS-SPROUTS@@OKLAHOMA CITY, OK - MULO",232,232,3581581.38,0,2022-01-09,2026-06-14,0,0.0,3,0,3|0
"SUBCATEGORY_OTHER-VEGETABLES_BRUSSELS-SPROUTS@@PEORIA/SPRINGFIELD, IL - MULO",232,232,4839315.67,0,2022-01-09,2026-06-14,0,0.0,4,0,4|0
"SUBCATEGORY_OTHER-VEGETABLES_BRUSSELS-SPROUTS@@PHOENIX/TUCSON, AZ - MULO",232,232,11496692.36,0,2022-01-09,2026-06-14,0,0.0,6,0,6|0
"SUBCATEGORY_OTHER-VEGETABLES_BRUSSELS-SPROUTS@@SACRAMENTO, CA - MULO",232,232,7305198.51,0,2022-01-09,2026-06-14,0,0.0,5,0,5|0
"SUBCATEGORY_OTHER-VEGETABLES_BRUSSELS-SPROUTS@@SAN FRANCISCO/OAKLAND, CA - MULO",232,232,12055782.46,0,2022-01-09,2026-06-14,0,0.0,6,0,6|0
SUBCATEGORY_OTHER-VEGETABLES_BRUSSELS-SPROUTS@@SOUTH CAROLINA - MULO,232,232,25936172.26,0,2022-01-09,2026-06-14,0,0.0,7,0,7|0
"SUBCATEGORY_OTHER-VEGETABLES_BRUSSELS-SPROUTS@@SPOKANE, WA - MULO",232,232,1022115.58,0,2022-01-09,2026-06-14,0,0.0,1,0,1|0
"SUBCATEGORY_OTHER-VEGETABLES_BRUSSELS-SPROUTS@@ST. LOUIS, MO - MULO",232,232,7667497.07,0,2022-01-09,2026-06-14,0,0.0,5,0,5|0
"SUBCATEGORY_OTHER-VEGETABLES_BRUSSELS-SPROUTS@@TULSA, OK - MULO",232,232,2890269.61,0,2022-01-09,2026-06-14,0,0.0,3,0,3|0
"SUBCATEGORY_OTHER-VEGETABLES_CAULIFLOWER@@BALTIMORE, MD/WASHINGTON D.C. - MULO",232,232,18357203.95,0,2022-01-09,2026-06-14,0,0.0,7,0,7|0
"SUBCATEGORY_OTHER-VEGETABLES_CAULIFLOWER@@BIRMINGHAM/MONTGOMERY, AL - MULO",232,232,3954119.09,0,2022-01-09,2026-06-14,0,0.0,4,0,4|0
"SUBCATEGORY_OTHER-VEGETABLES_CAULIFLOWER@@CHARLOTTE, NC - MULO",232,232,3601380.94,0,2022-01-09,2026-06-14,0,0.0,3,0,3|0
"SUBCATEGORY_OTHER-VEGETABLES_CAULIFLOWER@@CHICAGO, IL - MULO",232,232,3694357.01,0,2022-01-09,2026-06-14,0,0.0,3,0,3|0
"SUBCATEGORY_OTHER-VEGETABLES_CAULIFLOWER@@CINCINNATI/DAYTON, OH - MULO",232,232,12922322.92,0,2022-01-09,2026-06-14,0,0.0,6,0,6|0
"SUBCATEGORY_OTHER-VEGETABLES_CAULIFLOWER@@DALLAS/FT. WORTH, TX - MULO",232,232,5963015.72,0,2022-01-09,2026-06-14,0,0.0,4,0,4|0
"SUBCATEGORY_OTHER-VEGETABLES_CAULIFLOWER@@DES MOINES, IA - MULO",232,232,391337.06,0,2022-01-09,2026-06-14,0,0.0,0,0,0|0
"SUBCATEGORY_OTHER-VEGETABLES_CAULIFLOWER@@GRAND RAPIDS, MI - MULO",232,232,5369318.4,0,2022-01-09,2026-06-14,0,0.0,4,0,4|0
"SUBCATEGORY_OTHER-VEGETABLES_CAULIFLOWER@@KANSAS CITY, KS - MULO",232,232,2758520.17,0,2022-01-09,2026-06-14,0,0.0,3,0,3|0
SUBCATEGORY_OTHER-VEGETABLES_CAULIFLOWER@@MISSISSIPPI - MULO,232,232,1962318.18,0,2022-01-09,2026-06-14,0,0.0,2,0,2|0
"SUBCATEGORY_OTHER-VEGETABLES_CAULIFLOWER@@OKLAHOMA CITY, OK - MULO",232,232,384872.33,0,2022-01-09,2026-06-14,0,0.0,0,0,0|0
"SUBCATEGORY_OTHER-VEGETABLES_CAULIFLOWER@@PEORIA/SPRINGFIELD, IL - MULO",232,232,3131099.36,0,2022-01-09,2026-06-14,0,0.0,3,0,3|0
"SUBCATEGORY_OTHER-VEGETABLES_CAULIFLOWER@@PHOENIX/TUCSON, AZ - MULO",232,232,4924760.75,0,2022-01-09,2026-06-14,0,0.0,4,0,4|0
"SUBCATEGORY_OTHER-VEGETABLES_CAULIFLOWER@@RICHMOND/NORFOLK, VA - MULO",232,232,5648528.51,0,2022-01-09,2026-06-14,0,0.0,4,0,4|0
SUBCATEGORY_OTHER-VEGETABLES_CAULIFLOWER@@SOUTH CAROLINA - MULO,232,232,6032414.74,0,2022-01-09,2026-06-14,0,0.0,4,0,4|0
"SUBCATEGORY_OTHER-VEGETABLES_CAULIFLOWER@@SYRACUSE, NY - MULO",232,232,2431659.22,0,2022-01-09,2026-06-14,0,0.0,3,0,3|0
"SUBCATEGORY_OTHER-VEGETABLES_CAULIFLOWER@@WICHITA, KS - MULO",232,232,620881.18,0,2022-01-09,2026-06-14,0,0.0,1,0,1|0
"SUBCATEGORY_OTHER-VEGETABLES_CORN@@BUFFALO/ROCHESTER, NY - MULO",232,232,2320423.03,0,2022-01-09,2026-06-14,0,0.0,3,0,3|0
"SUBCATEGORY_OTHER-VEGETABLES_CORN@@CHARLOTTE, NC - MULO",232,232,2532750.77,0,2022-01-09,2026-06-14,0,0.0,3,0,3|0
"SUBCATEGORY_OTHER-VEGETABLES_CORN@@COLUMBUS, OH - MULO",232,232,1023942.04,0,2022-01-09,2026-06-14,0,0.0,1,0,1|0
"SUBCATEGORY_OTHER-VEGETABLES_CORN@@HARRISBURG/SCRANTON, PA - MULO",232,232,4523388.04,0,2022-01-09,2026-06-14,0,0.0,4,0,4|0
"SUBCATEGORY_OTHER-VEGETABLES_CORN@@MIAMI/FT. LAUDERDALE, FL - MULO",232,232,9965610.56,0,2022-01-09,2026-06-14,0,0.0,6,0,6|0
"SUBCATEGORY_OTHER-VEGETABLES_CORN@@NEW ORLEANS, LA/MOBILE, AL - MULO",232,232,3913079.87,0,2022-01-09,2026-06-14,0,0.0,3,0,3|0
"SUBCATEGORY_OTHER-VEGETABLES_CORN@@NEW YORK, NY - MULO",232,232,36761456.21,0,2022-01-09,2026-06-14,0,0.0,8,0,8|0
"SUBCATEGORY_OTHER-VEGETABLES_CORN@@PHILADELPHIA, PA - MULO",232,232,17518506.14,0,2022-01-09,2026-06-14,0,0.0,7,0,7|0
"SUBCATEGORY_OTHER-VEGETABLES_CORN@@PHOENIX/TUCSON, AZ - MULO",232,232,11677042.83,0,2022-01-09,2026-06-14,0,0.0,6,0,6|0
"SUBCATEGORY_OTHER-VEGETABLES_CORN@@ROANOKE, VA - MULO",232,232,1581743.71,0,2022-01-09,2026-06-14,0,0.0,2,0,2|0
"SUBCATEGORY_OTHER-VEGETABLES_CORN@@SEATTLE/TACOMA, WA - MULO",232,232,9845296.58,0,2022-01-09,2026-06-14,0,0.0,6,0,6|0
"SUBCATEGORY_OTHER-VEGETABLES_CORN@@SYRACUSE, NY - MULO",232,232,958082.68,0,2022-01-09,2026-06-14,0,0.0,1,0,1|0
"SUBCATEGORY_OTHER-VEGETABLES_EGGPLANT@@ALBANY, NY - MULO",232,232,105755.69,3,2022-01-09,2026-06-14,0,0.0129310344827586,0,0,0|0
"SUBCATEGORY_OTHER-VEGETABLES_EGGPLANT@@BALTIMORE, MD/WASHINGTON D.C. - MULO",232,232,273950.93,0,2022-01-09,2026-06-14,0,0.0,0,0,0|0
"SUBCATEGORY_OTHER-VEGETABLES_EGGPLANT@@HARTFORD, CT/SPRINGFIELD, MA - MULO",232,232,93757.78,0,2022-01-09,2026-06-14,0,0.0,0,0,0|0
"SUBCATEGORY_OTHER-VEGETABLES_EGGPLANT@@INDIANAPOLIS, IN - MULO",197,232,147263.84,50,2022-01-09,2026-06-14,35,0.2538071065989847,0,2,0|2
"SUBCATEGORY_OTHER-VEGETABLES_EGGPLANT@@NEW ORLEANS, LA/MOBILE, AL - MULO",220,232,177613.12,69,2022-01-09,2026-06-14,12,0.3136363636363636,0,2,0|2
"SUBCATEGORY_OTHER-VEGETABLES_EGGPLANT@@PHILADELPHIA, PA - MULO",232,232,375358.41,0,2022-01-09,2026-06-14,0,0.0,0,0,0|0
"SUBCATEGORY_OTHER-VEGETABLES_EGGPLANT@@PORTLAND, OR - MULO",213,232,373662.49,16,2022-01-09,2026-06-14,19,0.0751173708920187,0,1,0|1
"SUBCATEGORY_OTHER-VEGETABLES_EGGPLANT@@RICHMOND/NORFOLK, VA - MULO",195,232,41259.15,61,2022-01-09,2026-06-14,37,0.3128205128205128,0,2,0|2
"SUBCATEGORY_OTHER-VEGETABLES_GARLIC@@BALTIMORE, MD/WASHINGTON D.C. - MULO",232,232,31815091.34,0,2022-01-09,2026-06-14,0,0.0,8,0,8|0
"SUBCATEGORY_OTHER-VEGETABLES_GARLIC@@BUFFALO/ROCHESTER, NY - MULO",232,232,9971315.45,0,2022-01-09,2026-06-14,0,0.0,6,0,6|0
"SUBCATEGORY_OTHER-VEGETABLES_GARLIC@@DALLAS/FT. WORTH, TX - MULO",232,232,25145041.05,0,2022-01-09,2026-06-14,0,0.0,7,0,7|0
"SUBCATEGORY_OTHER-VEGETABLES_GARLIC@@HARRISBURG/SCRANTON, PA - MULO",232,232,16405448.65,0,2022-01-09,2026-06-14,0,0.0,7,0,7|0
"SUBCATEGORY_OTHER-VEGETABLES_GARLIC@@INDIANAPOLIS, IN - MULO",232,232,7050966.06,0,2022-01-09,2026-06-14,0,0.0,5,0,5|0
"SUBCATEGORY_OTHER-VEGETABLES_GARLIC@@LAS VEGAS, NV - MULO",232,232,7856600.14,0,2022-01-09,2026-06-14,0,0.0,5,0,5|0
"SUBCATEGORY_OTHER-VEGETABLES_GARLIC@@LOS ANGELES, CA - MULO",232,232,40278852.04,0,2022-01-09,2026-06-14,0,0.0,8,0,8|0
SUBCATEGORY_OTHER-VEGETABLES_GARLIC@@MISSISSIPPI - MULO,232,232,5508487.05,0,2022-01-09,2026-06-14,0,0.0,4,0,4|0
"SUBCATEGORY_OTHER-VEGETABLES_GARLIC@@NEW YORK, NY - MULO",232,232,98909956.8,0,2022-01-09,2026-06-14,0,0.0,9,0,9|0
"SUBCATEGORY_OTHER-VEGETABLES_GARLIC@@OKLAHOMA CITY, OK - MULO",232,232,4267595.54,0,2022-01-09,2026-06-14,0,0.0,4,0,4|0
"SUBCATEGORY_OTHER-VEGETABLES_GARLIC@@PHOENIX/TUCSON, AZ - MULO",232,232,13710839.95,0,2022-01-09,2026-06-14,0,0.0,6,0,6|0
"SUBCATEGORY_OTHER-VEGETABLES_GARLIC@@PROVIDENCE, RI - MULO",232,232,3162851.94,0,2022-01-09,2026-06-14,0,0.0,3,0,3|0
"SUBCATEGORY_OTHER-VEGETABLES_GARLIC@@RICHMOND/NORFOLK, VA - MULO",232,232,9687171.36,0,2022-01-09,2026-06-14,0,0.0,5,0,5|0
"SUBCATEGORY_OTHER-VEGETABLES_GARLIC@@SACRAMENTO, CA - MULO",232,232,7754786.19,0,2022-01-09,2026-06-14,0,0.0,5,0,5|0
"SUBCATEGORY_OTHER-VEGETABLES_GARLIC@@SALT LAKE CITY, UT - MULO",232,232,3721594.61,0,2022-01-09,2026-06-14,0,0.0,3,0,3|0
"SUBCATEGORY_OTHER-VEGETABLES_GARLIC@@SAN FRANCISCO/OAKLAND, CA - MULO",232,232,11315232.61,0,2022-01-09,2026-06-14,0,0.0,6,0,6|0
"SUBCATEGORY_OTHER-VEGETABLES_GARLIC@@SEATTLE/TACOMA, WA - MULO",232,232,6606662.21,0,2022-01-09,2026-06-14,0,0.0,5,0,5|0
"SUBCATEGORY_OTHER-VEGETABLES_GARLIC@@SYRACUSE, NY - MULO",232,232,4491993.72,0,2022-01-09,2026-06-14,0,0.0,4,0,4|0
"SUBCATEGORY_OTHER-VEGETABLES_GARLIC@@TULSA, OK - MULO",232,232,3183396.05,0,2022-01-09,2026-06-14,0,0.0,3,0,3|0
"SUBCATEGORY_OTHER-VEGETABLES_GINGER-ROOT@@ATLANTA, GA - MULO",232,232,4890236.07,0,2022-01-09,2026-06-14,0,0.0,4,0,4|0
"SUBCATEGORY_OTHER-VEGETABLES_GINGER-ROOT@@BALTIMORE, MD/WASHINGTON D.C. - MULO",232,232,10322726.85,0,2022-01-09,2026-06-14,0,0.0,6,0,6|0
"SUBCATEGORY_OTHER-VEGETABLES_GINGER-ROOT@@BIRMINGHAM/MONTGOMERY, AL - MULO",232,232,2267974.84,0,2022-01-09,2026-06-14,0,0.0,2,0,2|0
"SUBCATEGORY_OTHER-VEGETABLES_GINGER-ROOT@@BOISE, ID - MULO",232,232,262426.15,0,2022-01-09,2026-06-14,0,0.0,0,0,0|0
"SUBCATEGORY_OTHER-VEGETABLES_GINGER-ROOT@@CHICAGO, IL - MULO",232,232,4673230.85,0,2022-01-09,2026-06-14,0,0.0,4,0,4|0
"SUBCATEGORY_OTHER-VEGETABLES_GINGER-ROOT@@CINCINNATI/DAYTON, OH - MULO",232,232,1219625.05,0,2022-01-09,2026-06-14,0,0.0,2,0,2|0
"SUBCATEGORY_OTHER-VEGETABLES_GINGER-ROOT@@CLEVELAND, OH - MULO",232,232,1435194.55,0,2022-01-09,2026-06-14,0,0.0,2,0,2|0
"SUBCATEGORY_OTHER-VEGETABLES_GINGER-ROOT@@COLUMBUS, OH - MULO",232,232,1753416.5,0,2022-01-09,2026-06-14,0,0.0,2,0,2|0
"SUBCATEGORY_OTHER-VEGETABLES_GINGER-ROOT@@DALLAS/FT. WORTH, TX - MULO",232,232,6311667.33,0,2022-01-09,2026-06-14,0,0.0,4,0,4|0
"SUBCATEGORY_OTHER-VEGETABLES_GINGER-ROOT@@DES MOINES, IA - MULO",232,232,677563.95,0,2022-01-09,2026-06-14,0,0.0,1,0,1|0
"SUBCATEGORY_OTHER-VEGETABLES_GINGER-ROOT@@GRAND RAPIDS, MI - MULO",232,232,629211.53,0,2022-01-09,2026-06-14,0,0.0,1,0,1|0
"SUBCATEGORY_OTHER-VEGETABLES_GINGER-ROOT@@GREEN BAY, WI - MULO",232,232,293154.79,0,2022-01-09,2026-06-14,0,0.0,0,0,0|0
"SUBCATEGORY_OTHER-VEGETABLES_GINGER-ROOT@@LAS VEGAS, NV - MULO",232,232,1155095.48,0,2022-01-09,2026-06-14,0,0.0,1,0,1|0
"SUBCATEGORY_OTHER-VEGETABLES_GINGER-ROOT@@LOS ANGELES, CA - MULO",232,232,6891713.58,0,2022-01-09,2026-06-14,0,0.0,5,0,5|0
"SUBCATEGORY_OTHER-VEGETABLES_GINGER-ROOT@@MIAMI/FT. LAUDERDALE, FL - MULO",232,232,7792588.65,0,2022-01-09,2026-06-14,0,0.0,5,0,5|0
"SUBCATEGORY_OTHER-VEGETABLES_GINGER-ROOT@@NEW ORLEANS, LA/MOBILE, AL - MULO",232,232,1702177.21,0,2022-01-09,2026-06-14,0,0.0,2,0,2|0
"SUBCATEGORY_OTHER-VEGETABLES_GINGER-ROOT@@PEORIA/SPRINGFIELD, IL - MULO",232,232,819002.18,0,2022-01-09,2026-06-14,0,0.0,1,0,1|0
"SUBCATEGORY_OTHER-VEGETABLES_GINGER-ROOT@@PHOENIX/TUCSON, AZ - MULO",232,232,1777463.94,0,2022-01-09,2026-06-14,0,0.0,2,0,2|0
"SUBCATEGORY_OTHER-VEGETABLES_OTHER-VEGETABLES@@ATLANTA, GA - MULO",230,230,1823646.7,21,2022-01-23,2026-06-14,0,0.0913043478260869,2,1,2|1
"SUBCATEGORY_OTHER-VEGETABLES_OTHER-VEGETABLES@@CHICAGO, IL - MULO",231,231,2976960.31,28,2022-01-16,2026-06-14,0,0.1212121212121212,3,1,3|1
"SUBCATEGORY_OTHER-VEGETABLES_OTHER-VEGETABLES@@CLEVELAND, OH - MULO",227,232,395222.25,85,2022-01-09,2026-06-14,5,0.3744493392070485,0,2,0|2
"SUBCATEGORY_OTHER-VEGETABLES_OTHER-VEGETABLES@@DENVER, CO - MULO",204,204,999694.22,9,2022-07-24,2026-06-14,0,0.0441176470588235,1,0,1|0
"SUBCATEGORY_OTHER-VEGETABLES_OTHER-VEGETABLES@@HARTFORD, CT/SPRINGFIELD, MA - MULO",232,232,6376478.84,0,2022-01-09,2026-06-14,0,0.0,5,0,5|0
"SUBCATEGORY_OTHER-VEGETABLES_OTHER-VEGETABLES@@LAS VEGAS, NV - MULO",232,232,589659.19,50,2022-01-09,2026-06-14,0,0.2155172413793103,1,2,1|2
"SUBCATEGORY_OTHER-VEGETABLES_OTHER-VEGETABLES@@LITTLE ROCK, AR - MULO",225,232,693482.31,48,2022-01-09,2026-06-14,7,0.2133333333333333,1,2,1|2
"SUBCATEGORY_OTHER-VEGETABLES_OTHER-VEGETABLES@@LOS ANGELES, CA - MULO",232,232,5567251.69,0,2022-01-09,2026-06-14,0,0.0,4,0,4|0
"SUBCATEGORY_OTHER-VEGETABLES_OTHER-VEGETABLES@@MILWAUKEE, WI - MULO",205,205,930147.66,24,2022-07-17,2026-06-14,0,0.1170731707317073,1,1,1|1
SUBCATEGORY_OTHER-VEGETABLES_OTHER-VEGETABLES@@MISSISSIPPI - MULO,207,226,168399.66,43,2022-02-20,2026-06-14,19,0.2077294685990338,0,2,0|2
"SUBCATEGORY_OTHER-VEGETABLES_OTHER-VEGETABLES@@NEW ORLEANS, LA/MOBILE, AL - MULO",232,232,414906.61,0,2022-01-09,2026-06-14,0,0.0,0,0,0|0
"SUBCATEGORY_OTHER-VEGETABLES_OTHER-VEGETABLES@@ORLANDO, FL - MULO",232,232,2351809.02,8,2022-01-09,2026-06-14,0,0.0344827586206896,3,0,3|0
"SUBCATEGORY_OTHER-VEGETABLES_OTHER-VEGETABLES@@PEORIA/SPRINGFIELD, IL - MULO",222,222,537259.97,40,2022-03-20,2026-06-14,0,0.1801801801801801,1,1,1|1
"SUBCATEGORY_OTHER-VEGETABLES_OTHER-VEGETABLES@@PROVIDENCE, RI - MULO",232,232,2017327.25,1,2022-01-09,2026-06-14,0,0.0043103448275862,2,0,2|0
"SUBCATEGORY_OTHER-VEGETABLES_OTHER-VEGETABLES@@SALT LAKE CITY, UT - MULO",231,231,949323.06,45,2022-01-16,2026-06-14,0,0.1948051948051948,1,1,1|1
"SUBCATEGORY_OTHER-VEGETABLES_OTHER-VEGETABLES@@SPOKANE, WA - MULO",211,211,118856.86,30,2022-06-05,2026-06-14,0,0.1421800947867298,0,1,0|1
"SUBCATEGORY_OTHER-VEGETABLES_OTHER-VEGETABLES@@SYRACUSE, NY - MULO",231,231,644891.75,25,2022-01-16,2026-06-14,0,0.1082251082251082,1,1,1|1
"SUBCATEGORY_OTHER-VEGETABLES_OTHER-VEGETABLES@@TOLEDO, OH - MULO",180,180,451155.24,0,2023-01-08,2026-06-14,0,0.0,1,0,1|0
"SUBCATEGORY_OTHER-VEGETABLES_PEAS@@BOSTON, MA - MULO",232,232,10000973.12,0,2022-01-09,2026-06-14,0,0.0,6,0,6|0
"SUBCATEGORY_OTHER-VEGETABLES_PEAS@@BUFFALO/ROCHESTER, NY - MULO",232,232,5956890.36,0,2022-01-09,2026-06-14,0,0.0,4,0,4|0
"SUBCATEGORY_OTHER-VEGETABLES_PEAS@@CHARLOTTE, NC - MULO",232,232,4947782.78,0,2022-01-09,2026-06-14,0,0.0,4,0,4|0
"SUBCATEGORY_OTHER-VEGETABLES_PEAS@@CHICAGO, IL - MULO",232,232,12202453.8,0,2022-01-09,2026-06-14,0,0.0,6,0,6|0
"SUBCATEGORY_OTHER-VEGETABLES_PEAS@@DENVER, CO - MULO",232,232,18285965.72,0,2022-01-09,2026-06-14,0,0.0,7,0,7|0
"SUBCATEGORY_OTHER-VEGETABLES_PEAS@@INDIANAPOLIS, IN - MULO",232,232,4293334.07,0,2022-01-09,2026-06-14,0,0.0,4,0,4|0
"SUBCATEGORY_OTHER-VEGETABLES_PEAS@@KNOXVILLE, TN - MULO",232,232,1929695.19,0,2022-01-09,2026-06-14,0,0.0,2,0,2|0
"SUBCATEGORY_OTHER-VEGETABLES_PEAS@@LAS VEGAS, NV - MULO",232,232,4015384.8,0,2022-01-09,2026-06-14,0,0.0,4,0,4|0
SUBCATEGORY_OTHER-VEGETABLES_PEAS@@MISSISSIPPI - MULO,232,232,1267558.13,0,2022-01-09,2026-06-14,0,0.0,2,0,2|0
"SUBCATEGORY_OTHER-VEGETABLES_PEAS@@NEW ORLEANS, LA/MOBILE, AL - MULO",232,232,3764187.1,0,2022-01-09,2026-06-14,0,0.0,3,0,3|0
"SUBCATEGORY_OTHER-VEGETABLES_PEAS@@PHILADELPHIA, PA - MULO",232,232,11951744.13,0,2022-01-09,2026-06-14,0,0.0,6,0,6|0
"SUBCATEGORY_OTHER-VEGETABLES_PEAS@@PITTSBURGH, PA - MULO",232,232,3886934.13,0,2022-01-09,2026-06-14,0,0.0,3,0,3|0
"SUBCATEGORY_OTHER-VEGETABLES_PEAS@@PORTLAND, OR - MULO",232,232,12118290.99,0,2022-01-09,2026-06-14,0,0.0,6,0,6|0
"SUBCATEGORY_OTHER-VEGETABLES_PEAS@@PROVIDENCE, RI - MULO",232,232,1695868.53,0,2022-01-09,2026-06-14,0,0.0,2,0,2|0
"SUBCATEGORY_OTHER-VEGETABLES_PEAS@@RALEIGH/GREENSBORO, NC - MULO",232,232,6419860.04,0,2022-01-09,2026-06-14,0,0.0,5,0,5|0
"SUBCATEGORY_OTHER-VEGETABLES_PEAS@@ROANOKE, VA - MULO",232,232,4263273.74,0,2022-01-09,2026-06-14,0,0.0,4,0,4|0
"SUBCATEGORY_OTHER-VEGETABLES_PEAS@@SALT LAKE CITY, UT - MULO",232,232,7872397.94,0,2022-01-09,2026-06-14,0,0.0,5,0,5|0
"SUBCATEGORY_OTHER-VEGETABLES_PEAS@@SYRACUSE, NY - MULO",232,232,2564497.01,0,2022-01-09,2026-06-14,0,0.0,3,0,3|0
"SUBCATEGORY_OTHER-VEGETABLES_PEAS@@TOLEDO, OH - MULO",232,232,3627929.91,0,2022-01-09,2026-06-14,0,0.0,3,0,3|0
SUBCATEGORY_OTHER-VEGETABLES_PEAS@@WEST TEXAS/NEW MEXICO - MULO,232,232,9104087.13,0,2022-01-09,2026-06-14,0,0.0,5,0,5|0
"SUBCATEGORY_OTHER-VEGETABLES_RADISHES@@BALTIMORE, MD/WASHINGTON D.C. - MULO",232,232,11229385.46,0,2022-01-09,2026-06-14,0,0.0,6,0,6|0
"SUBCATEGORY_OTHER-VEGETABLES_RADISHES@@BIRMINGHAM/MONTGOMERY, AL - MULO",232,232,3781435.7,0,2022-01-09,2026-06-14,0,0.0,3,0,3|0
"SUBCATEGORY_OTHER-VEGETABLES_RADISHES@@CINCINNATI/DAYTON, OH - MULO",232,232,2978823.52,0,2022-01-09,2026-06-14,0,0.0,3,0,3|0
"SUBCATEGORY_OTHER-VEGETABLES_RADISHES@@COLUMBUS, OH - MULO",232,232,2362038.67,0,2022-01-09,2026-06-14,0,0.0,3,0,3|0
"SUBCATEGORY_OTHER-VEGETABLES_RADISHES@@GREEN BAY, WI - MULO",232,232,1522710.86,0,2022-01-09,2026-06-14,0,0.0,2,0,2|0
"SUBCATEGORY_OTHER-VEGETABLES_RADISHES@@JACKSONVILLE, FL - MULO",232,232,2012496.96,0,2022-01-09,2026-06-14,0,0.0,2,0,2|0
"SUBCATEGORY_OTHER-VEGETABLES_RADISHES@@KANSAS CITY, KS - MULO",232,232,3602520.8,0,2022-01-09,2026-06-14,0,0.0,3,0,3|0
"SUBCATEGORY_OTHER-VEGETABLES_RADISHES@@LAS VEGAS, NV - MULO",232,232,682243.76,0,2022-01-09,2026-06-14,0,0.0,1,0,1|0
"SUBCATEGORY_OTHER-VEGETABLES_RADISHES@@LOS ANGELES, CA - MULO",232,232,2679700.56,0,2022-01-09,2026-06-14,0,0.0,3,0,3|0
"SUBCATEGORY_OTHER-VEGETABLES_RADISHES@@MINNEAPOLIS/ST. PAUL, MN - MULO",232,232,5700147.1,0,2022-01-09,2026-06-14,0,0.0,4,0,4|0
SUBCATEGORY_OTHER-VEGETABLES_RADISHES@@NEW ENGLAND - MULO,232,232,4930500.61,0,2022-01-09,2026-06-14,0,0.0,4,0,4|0
"SUBCATEGORY_OTHER-VEGETABLES_RADISHES@@OKLAHOMA CITY, OK - MULO",232,232,1417667.37,0,2022-01-09,2026-06-14,0,0.0,2,0,2|0
"SUBCATEGORY_OTHER-VEGETABLES_RADISHES@@PHOENIX/TUCSON, AZ - MULO",232,232,3103655.0,0,2022-01-09,2026-06-14,0,0.0,3,0,3|0
"SUBCATEGORY_OTHER-VEGETABLES_RADISHES@@PITTSBURGH, PA - MULO",232,232,3997144.22,0,2022-01-09,2026-06-14,0,0.0,4,0,4|0
"SUBCATEGORY_OTHER-VEGETABLES_RADISHES@@PROVIDENCE, RI - MULO",232,232,1097531.8,0,2022-01-09,2026-06-14,0,0.0,1,0,1|0
"SUBCATEGORY_OTHER-VEGETABLES_RADISHES@@ROANOKE, VA - MULO",232,232,2781175.82,0,2022-01-09,2026-06-14,0,0.0,3,0,3|0
"SUBCATEGORY_OTHER-VEGETABLES_RADISHES@@SACRAMENTO, CA - MULO",232,232,722637.21,0,2022-01-09,2026-06-14,0,0.0,1,0,1|0
SUBCATEGORY_OTHER-VEGETABLES_RADISHES@@SOUTH CAROLINA - MULO,232,232,5251185.14,0,2022-01-09,2026-06-14,0,0.0,4,0,4|0
"SUBCATEGORY_OTHER-VEGETABLES_RADISHES@@SPOKANE, WA - MULO",232,232,237432.83,0,2022-01-09,2026-06-14,0,0.0,0,0,0|0
"SUBCATEGORY_OTHER-VEGETABLES_RADISHES@@TAMPA/ST. PETERSBURG, FL - MULO",232,232,5119231.07,0,2022-01-09,2026-06-14,0,0.0,4,0,4|0
"SUBCATEGORY_OTHER-VEGETABLES_SPECIALTY-VEGETABLES@@BIRMINGHAM/MONTGOMERY, AL - MULO",232,232,6090306.51,0,2022-01-09,2026-06-14,0,0.0,4,0,4|0
"SUBCATEGORY_OTHER-VEGETABLES_SPECIALTY-VEGETABLES@@BOSTON, MA - MULO",232,232,4738948.56,0,2022-01-09,2026-06-14,0,0.0,4,0,4|0
"SUBCATEGORY_OTHER-VEGETABLES_SPECIALTY-VEGETABLES@@CHICAGO, IL - MULO",232,232,2764305.72,0,2022-01-09,2026-06-14,0,0.0,3,0,3|0
"SUBCATEGORY_OTHER-VEGETABLES_SPECIALTY-VEGETABLES@@DETROIT, MI - MULO",232,232,1115094.65,0,2022-01-09,2026-06-14,0,0.0,1,0,1|0
"SUBCATEGORY_OTHER-VEGETABLES_SPECIALTY-VEGETABLES@@GRAND RAPIDS, MI - MULO",232,232,820411.02,0,2022-01-09,2026-06-14,0,0.0,1,0,1|0
"SUBCATEGORY_OTHER-VEGETABLES_SPECIALTY-VEGETABLES@@INDIANAPOLIS, IN - MULO",232,232,573952.71,0,2022-01-09,2026-06-14,0,0.0,1,0,1|0
"SUBCATEGORY_OTHER-VEGETABLES_SPECIALTY-VEGETABLES@@KNOXVILLE, TN - MULO",232,232,765774.77,0,2022-01-09,2026-06-14,0,0.0,1,0,1|0
"SUBCATEGORY_OTHER-VEGETABLES_SPECIALTY-VEGETABLES@@MILWAUKEE, WI - MULO",232,232,1173702.36,0,2022-01-09,2026-06-14,0,0.0,1,0,1|0
SUBCATEGORY_OTHER-VEGETABLES_SPECIALTY-VEGETABLES@@MISSISSIPPI - MULO,232,232,1790249.24,0,2022-01-09,2026-06-14,0,0.0,2,0,2|0
SUBCATEGORY_OTHER-VEGETABLES_SPECIALTY-VEGETABLES@@NEW ENGLAND - MULO,232,232,3214903.47,0,2022-01-09,2026-06-14,0,0.0,3,0,3|0
"SUBCATEGORY_OTHER-VEGETABLES_SPECIALTY-VEGETABLES@@OKLAHOMA CITY, OK - MULO",232,232,844479.98,0,2022-01-09,2026-06-14,0,0.0,1,0,1|0
"SUBCATEGORY_OTHER-VEGETABLES_SPECIALTY-VEGETABLES@@ORLANDO, FL - MULO",232,232,8390895.53,0,2022-01-09,2026-06-14,0,0.0,5,0,5|0
"SUBCATEGORY_OTHER-VEGETABLES_SPECIALTY-VEGETABLES@@PITTSBURGH, PA - MULO",232,232,765289.72,0,2022-01-09,2026-06-14,0,0.0,1,0,1|0
"SUBCATEGORY_OTHER-VEGETABLES_SPECIALTY-VEGETABLES@@PORTLAND, OR - MULO",232,232,1429209.27,0,2022-01-09,2026-06-14,0,0.0,2,0,2|0
"SUBCATEGORY_OTHER-VEGETABLES_SPECIALTY-VEGETABLES@@PROVIDENCE, RI - MULO",232,232,687156.45,0,2022-01-09,2026-06-14,0,0.0,1,0,1|0
"SUBCATEGORY_OTHER-VEGETABLES_SPECIALTY-VEGETABLES@@SACRAMENTO, CA - MULO",232,232,1513493.97,0,2022-01-09,2026-06-14,0,0.0,2,0,2|0
"SUBCATEGORY_OTHER-VEGETABLES_SPECIALTY-VEGETABLES@@SALT LAKE CITY, UT - MULO",232,232,872251.28,0,2022-01-09,2026-06-14,0,0.0,1,0,1|0
SUBCATEGORY_OTHER-VEGETABLES_SPECIALTY-VEGETABLES@@SOUTH CAROLINA - MULO,232,232,8919956.33,0,2022-01-09,2026-06-14,0,0.0,5,0,5|0
"SUBCATEGORY_OTHER-VEGETABLES_SPECIALTY-VEGETABLES@@ST. LOUIS, MO - MULO",232,232,1858046.84,0,2022-01-09,2026-06-14,0,0.0,2,0,2|0
"SUBCATEGORY_OTHER-VEGETABLES_SPECIALTY-VEGETABLES@@TAMPA/ST. PETERSBURG, FL - MULO",232,232,9231224.74,0,2022-01-09,2026-06-14,0,0.0,5,0,5|0
SUBCATEGORY_OTHER-VEGETABLES_SPECIALTY-VEGETABLES@@WEST TEXAS/NEW MEXICO - MULO,232,232,2771084.89,0,2022-01-09,2026-06-14,0,0.0,3,0,3|0
"SUBCATEGORY_OTHER-VEGETABLES_SPROUTS@@ALBANY, NY - MULO",232,232,640320.46,0,2022-01-09,2026-06-14,0,0.0,1,0,1|0
"SUBCATEGORY_OTHER-VEGETABLES_SPROUTS@@BOISE, ID - MULO",232,232,553281.36,0,2022-01-09,2026-06-14,0,0.0,1,0,1|0
"SUBCATEGORY_OTHER-VEGETABLES_SPROUTS@@BUFFALO/ROCHESTER, NY - MULO",232,232,2095626.7,0,2022-01-09,2026-06-14,0,0.0,2,0,2|0
"SUBCATEGORY_OTHER-VEGETABLES_SPROUTS@@CLEVELAND, OH - MULO",232,232,1037930.76,0,2022-01-09,2026-06-14,0,0.0,1,0,1|0
"SUBCATEGORY_OTHER-VEGETABLES_SPROUTS@@DES MOINES, IA - MULO",208,232,63279.21,3,2022-01-09,2026-06-14,24,0.0144230769230769,0,0,0|0
"SUBCATEGORY_OTHER-VEGETABLES_SPROUTS@@HARTFORD, CT/SPRINGFIELD, MA - MULO",232,232,1698972.21,0,2022-01-09,2026-06-14,0,0.0,2,0,2|0
"SUBCATEGORY_OTHER-VEGETABLES_SPROUTS@@HOUSTON, TX - MULO",232,232,1057313.89,0,2022-01-09,2026-06-14,0,0.0,1,0,1|0
"SUBCATEGORY_OTHER-VEGETABLES_SPROUTS@@JACKSONVILLE, FL - MULO",232,232,917803.91,0,2022-01-09,2026-06-14,0,0.0,1,0,1|0
"SUBCATEGORY_OTHER-VEGETABLES_SPROUTS@@LAS VEGAS, NV - MULO",232,232,1421942.7,0,2022-01-09,2026-06-14,0,0.0,2,0,2|0
"SUBCATEGORY_OTHER-VEGETABLES_SPROUTS@@OMAHA, NE - MULO",232,232,185545.21,0,2022-01-09,2026-06-14,0,0.0,0,0,0|0
"SUBCATEGORY_OTHER-VEGETABLES_SPROUTS@@ORLANDO, FL - MULO",232,232,1992487.0,0,2022-01-09,2026-06-14,0,0.0,2,0,2|0
"SUBCATEGORY_OTHER-VEGETABLES_SPROUTS@@SAN FRANCISCO/OAKLAND, CA - MULO",232,232,8215791.32,0,2022-01-09,2026-06-14,0,0.0,5,0,5|0
"SUBCATEGORY_OTHER-VEGETABLES_SPROUTS@@SEATTLE/TACOMA, WA - MULO",232,232,5372127.85,0,2022-01-09,2026-06-14,0,0.0,4,0,4|0
"SUBCATEGORY_OTHER-VEGETABLES_SPROUTS@@ST. LOUIS, MO - MULO",232,232,679308.89,0,2022-01-09,2026-06-14,0,0.0,1,0,1|0
"SUBCATEGORY_PEARS_ANJOU-PEARS@@BALTIMORE, MD/WASHINGTON D.C. - MULO",232,232,7292686.97,0,2022-01-09,2026-06-14,0,0.0,5,0,5|0
"SUBCATEGORY_PEARS_ANJOU-PEARS@@BUFFALO/ROCHESTER, NY - MULO",231,232,1109187.88,0,2022-01-09,2026-06-14,1,0.0,1,0,1|0
"SUBCATEGORY_PEARS_ANJOU-PEARS@@CINCINNATI/DAYTON, OH - MULO",223,232,917905.9,9,2022-01-09,2026-06-14,9,0.0403587443946188,1,0,1|0
"SUBCATEGORY_PEARS_ANJOU-PEARS@@LOS ANGELES, CA - MULO",225,232,3553892.02,5,2022-01-09,2026-06-14,7,0.0222222222222222,3,0,3|0
"SUBCATEGORY_PEARS_ANJOU-PEARS@@MEMPHIS, TN - MULO",198,226,330906.92,18,2022-02-20,2026-06-14,28,0.0909090909090909,0,1,0|1
"SUBCATEGORY_PEARS_ANJOU-PEARS@@MILWAUKEE, WI - MULO",220,232,1365488.49,18,2022-01-09,2026-06-14,12,0.0818181818181818,2,1,2|1
SUBCATEGORY_PEARS_ANJOU-PEARS@@NEW ENGLAND - MULO,229,232,584698.65,5,2022-01-09,2026-06-14,3,0.0218340611353711,1,0,1|0
"SUBCATEGORY_PEARS_ANJOU-PEARS@@PORTLAND, OR - MULO",224,232,543209.22,20,2022-01-09,2026-06-14,8,0.0892857142857142,1,1,1|1
"SUBCATEGORY_PEARS_ANJOU-PEARS@@RICHMOND/NORFOLK, VA - MULO",232,232,1077223.22,0,2022-01-09,2026-06-14,0,0.0,1,0,1|0
"SUBCATEGORY_PEARS_ANJOU-PEARS@@SAN DIEGO, CA - MULO",225,232,686836.77,14,2022-01-09,2026-06-14,7,0.0622222222222222,1,1,1|1
"SUBCATEGORY_PEARS_ANJOU-PEARS@@SAN FRANCISCO/OAKLAND, CA - MULO",216,232,196404.57,47,2022-01-09,2026-06-14,16,0.2175925925925926,0,2,0|2
"SUBCATEGORY_PEARS_ANJOU-PEARS@@SEATTLE/TACOMA, WA - MULO",191,232,188638.45,42,2022-01-09,2026-06-14,41,0.2198952879581152,0,2,0|2
"SUBCATEGORY_PEARS_ANJOU-PEARS@@TAMPA/ST. PETERSBURG, FL - MULO",231,232,1104960.69,6,2022-01-09,2026-06-14,1,0.0259740259740259,1,0,1|0
"SUBCATEGORY_PEARS_ANJOU-PEARS@@WICHITA, KS - MULO",219,232,221758.51,25,2022-01-09,2026-06-14,13,0.1141552511415525,0,1,0|1
"SUBCATEGORY_PEARS_BARTLETT-PEARS@@ALBANY, NY - MULO",232,232,1406737.62,0,2022-01-09,2026-06-14,0,0.0,2,0,2|0
"SUBCATEGORY_PEARS_BARTLETT-PEARS@@ATLANTA, GA - MULO",232,232,8049400.5,0,2022-01-09,2026-06-14,0,0.0,5,0,5|0
"SUBCATEGORY_PEARS_BARTLETT-PEARS@@BIRMINGHAM/MONTGOMERY, AL - MULO",232,232,5125026.82,0,2022-01-09,2026-06-14,0,0.0,4,0,4|0
"SUBCATEGORY_PEARS_BARTLETT-PEARS@@BOISE, ID - MULO",232,232,482480.42,0,2022-01-09,2026-06-14,0,0.0,1,0,1|0
"SUBCATEGORY_PEARS_BARTLETT-PEARS@@CHICAGO, IL - MULO",232,232,5502999.29,0,2022-01-09,2026-06-14,0,0.0,4,0,4|0
"SUBCATEGORY_PEARS_BARTLETT-PEARS@@CLEVELAND, OH - MULO",232,232,3413063.22,0,2022-01-09,2026-06-14,0,0.0,3,0,3|0
"SUBCATEGORY_PEARS_BARTLETT-PEARS@@COLUMBUS, OH - MULO",232,232,3216155.31,0,2022-01-09,2026-06-14,0,0.0,3,0,3|0
"SUBCATEGORY_PEARS_BARTLETT-PEARS@@DES MOINES, IA - MULO",232,232,1026226.42,6,2022-01-09,2026-06-14,0,0.0258620689655172,1,0,1|0
"SUBCATEGORY_PEARS_BARTLETT-PEARS@@GRAND RAPIDS, MI - MULO",232,232,1960371.82,2,2022-01-09,2026-06-14,0,0.0086206896551724,2,0,2|0
"SUBCATEGORY_PEARS_BARTLETT-PEARS@@GREEN BAY, WI - MULO",232,232,636473.12,0,2022-01-09,2026-06-14,0,0.0,1,0,1|0
"SUBCATEGORY_PEARS_BARTLETT-PEARS@@HARRISBURG/SCRANTON, PA - MULO",232,232,4494074.15,0,2022-01-09,2026-06-14,0,0.0,4,0,4|0
"SUBCATEGORY_PEARS_BARTLETT-PEARS@@HOUSTON, TX - MULO",232,232,6481827.01,0,2022-01-09,2026-06-14,0,0.0,5,0,5|0
"SUBCATEGORY_PEARS_BARTLETT-PEARS@@INDIANAPOLIS, IN - MULO",232,232,2807285.27,0,2022-01-09,2026-06-14,0,0.0,3,0,3|0
"SUBCATEGORY_PEARS_BARTLETT-PEARS@@KNOXVILLE, TN - MULO",232,232,1240851.19,0,2022-01-09,2026-06-14,0,0.0,2,0,2|0
"SUBCATEGORY_PEARS_BARTLETT-PEARS@@LOUISVILLE, KY - MULO",232,232,1507193.8,0,2022-01-09,2026-06-14,0,0.0,2,0,2|0
"SUBCATEGORY_PEARS_BARTLETT-PEARS@@NASHVILLE, TN - MULO",232,232,3344203.13,0,2022-01-09,2026-06-14,0,0.0,3,0,3|0
"SUBCATEGORY_PEARS_BARTLETT-PEARS@@PEORIA/SPRINGFIELD, IL - MULO",232,232,1276249.89,0,2022-01-09,2026-06-14,0,0.0,2,0,2|0
"SUBCATEGORY_PEARS_BARTLETT-PEARS@@SALT LAKE CITY, UT - MULO",232,232,2090979.66,0,2022-01-09,2026-06-14,0,0.0,2,0,2|0
"SUBCATEGORY_PEARS_BARTLETT-PEARS@@ST. LOUIS, MO - MULO",232,232,4044026.45,1,2022-01-09,2026-06-14,0,0.0043103448275862,4,0,4|0
"SUBCATEGORY_PEARS_BARTLETT-PEARS@@TAMPA/ST. PETERSBURG, FL - MULO",232,232,8425545.83,0,2022-01-09,2026-06-14,0,0.0,5,0,5|0
"SUBCATEGORY_PEARS_BARTLETT-PEARS@@TOLEDO, OH - MULO",232,232,1927988.88,0,2022-01-09,2026-06-14,0,0.0,2,0,2|0
"SUBCATEGORY_PEARS_BOSC-PEARS@@BALTIMORE, MD/WASHINGTON D.C. - MULO",227,232,1525758.53,0,2022-01-09,2026-06-14,5,0.0,2,0,2|0
"SUBCATEGORY_PEARS_BOSC-PEARS@@BIRMINGHAM/MONTGOMERY, AL - MULO",231,232,872757.05,0,2022-01-09,2026-06-14,1,0.0,1,0,1|0
"SUBCATEGORY_PEARS_BOSC-PEARS@@BUFFALO/ROCHESTER, NY - MULO",190,232,310718.72,0,2022-01-09,2026-06-14,42,0.0,0,0,0|0
"SUBCATEGORY_PEARS_BOSC-PEARS@@DENVER, CO - MULO",219,232,577311.89,0,2022-01-09,2026-06-14,13,0.0,1,0,1|0
"SUBCATEGORY_PEARS_BOSC-PEARS@@DETROIT, MI - MULO",219,232,600474.99,1,2022-01-09,2026-06-14,13,0.0045662100456621,1,0,1|0
"SUBCATEGORY_PEARS_BOSC-PEARS@@GRAND RAPIDS, MI - MULO",187,232,115303.62,14,2022-01-09,2026-06-14,45,0.0748663101604278,0,1,0|1
"SUBCATEGORY_PEARS_BOSC-PEARS@@GREEN BAY, WI - MULO",203,232,69669.8,1,2022-01-09,2026-06-14,29,0.0049261083743842,0,0,0|0
"SUBCATEGORY_PEARS_BOSC-PEARS@@HARTFORD, CT/SPRINGFIELD, MA - MULO",198,232,494225.46,0,2022-01-09,2026-06-14,34,0.0,1,0,1|0
"SUBCATEGORY_PEARS_BOSC-PEARS@@LOS ANGELES, CA - MULO",230,232,1484158.46,0,2022-01-09,2026-06-14,2,0.0,2,0,2|0
"SUBCATEGORY_PEARS_BOSC-PEARS@@MILWAUKEE, WI - MULO",211,232,363748.35,0,2022-01-09,2026-06-14,21,0.0,0,0,0|0
"SUBCATEGORY_PEARS_BOSC-PEARS@@MINNEAPOLIS/ST. PAUL, MN - MULO",188,232,220977.93,2,2022-01-09,2026-06-14,44,0.0106382978723404,0,0,0|0
"SUBCATEGORY_PEARS_BOSC-PEARS@@PITTSBURGH, PA - MULO",220,232,484585.46,0,2022-01-09,2026-06-14,12,0.0,1,0,1|0
"SUBCATEGORY_PEARS_BOSC-PEARS@@PORTLAND, OR - MULO",232,232,350851.06,0,2022-01-09,2026-06-14,0,0.0,0,0,0|0
"SUBCATEGORY_PEARS_BOSC-PEARS@@RALEIGH/GREENSBORO, NC - MULO",213,232,818489.81,0,2022-01-09,2026-06-14,19,0.0,1,0,1|0
"SUBCATEGORY_PEARS_BOSC-PEARS@@SPOKANE, WA - MULO",215,232,50706.41,0,2022-01-09,2026-06-14,17,0.0,0,0,0|0
"SUBCATEGORY_PEARS_BOSC-PEARS@@SYRACUSE, NY - MULO",188,232,132787.06,0,2022-01-09,2026-06-14,44,0.0,0,0,0|0
"SUBCATEGORY_PEARS_BOSC-PEARS@@TOLEDO, OH - MULO",221,232,185686.78,0,2022-01-09,2026-06-14,11,0.0,0,0,0|0
"SUBCATEGORY_PEARS_BOSC-PEARS@@TULSA, OK - MULO",185,232,144415.74,9,2022-01-09,2026-06-14,47,0.0486486486486486,0,0,0|0
"SUBCATEGORY_PEARS_BOSC-PEARS@@WICHITA, KS - MULO",214,232,138534.64,0,2022-01-09,2026-06-14,18,0.0,0,0,0|0
"SUBCATEGORY_PEARS_OTHER-PEARS@@BALTIMORE, MD/WASHINGTON D.C. - MULO",232,232,10722717.65,0,2022-01-09,2026-06-14,0,0.0,6,0,6|0
"SUBCATEGORY_PEARS_OTHER-PEARS@@BOISE, ID - MULO",231,232,119857.76,0,2022-01-09,2026-06-14,1,0.0,0,0,0|0
"SUBCATEGORY_PEARS_OTHER-PEARS@@BUFFALO/ROCHESTER, NY - MULO",232,232,3178545.13,0,2022-01-09,2026-06-14,0,0.0,3,0,3|0
"SUBCATEGORY_PEARS_OTHER-PEARS@@CINCINNATI/DAYTON, OH - MULO",232,232,1492410.36,0,2022-01-09,2026-06-14,0,0.0,2,0,2|0
"SUBCATEGORY_PEARS_OTHER-PEARS@@DETROIT, MI - MULO",232,232,3688126.59,0,2022-01-09,2026-06-14,0,0.0,3,0,3|0
"SUBCATEGORY_PEARS_OTHER-PEARS@@GRAND RAPIDS, MI - MULO",230,232,1368844.1,0,2022-01-09,2026-06-14,2,0.0,2,0,2|0
"SUBCATEGORY_PEARS_OTHER-PEARS@@GREEN BAY, WI - MULO",232,232,868261.29,0,2022-01-09,2026-06-14,0,0.0,1,0,1|0
"SUBCATEGORY_PEARS_OTHER-PEARS@@KNOXVILLE, TN - MULO",232,232,748647.05,0,2022-01-09,2026-06-14,0,0.0,1,0,1|0
"SUBCATEGORY_PEARS_OTHER-PEARS@@LITTLE ROCK, AR - MULO",232,232,390101.46,0,2022-01-09,2026-06-14,0,0.0,0,0,0|0
"SUBCATEGORY_PEARS_OTHER-PEARS@@LOS ANGELES, CA - MULO",232,232,8724389.28,0,2022-01-09,2026-06-14,0,0.0,5,0,5|0
"SUBCATEGORY_PEARS_OTHER-PEARS@@LOUISVILLE, KY - MULO",232,232,1025098.04,0,2022-01-09,2026-06-14,0,0.0,1,0,1|0
"SUBCATEGORY_PEARS_OTHER-PEARS@@MINNEAPOLIS/ST. PAUL, MN - MULO",232,232,3681675.95,0,2022-01-09,2026-06-14,0,0.0,3,0,3|0
"SUBCATEGORY_PEARS_OTHER-PEARS@@PHOENIX/TUCSON, AZ - MULO",232,232,2258486.27,0,2022-01-09,2026-06-14,0,0.0,2,0,2|0
"SUBCATEGORY_PEARS_OTHER-PEARS@@PORTLAND, OR - MULO",232,232,1143767.87,0,2022-01-09,2026-06-14,0,0.0,1,0,1|0
"SUBCATEGORY_PEARS_OTHER-PEARS@@PROVIDENCE, RI - MULO",232,232,460886.55,0,2022-01-09,2026-06-14,0,0.0,1,0,1|0
"SUBCATEGORY_PEARS_OTHER-PEARS@@SACRAMENTO, CA - MULO",229,232,1118736.88,0,2022-01-09,2026-06-14,3,0.0,1,0,1|0
"SUBCATEGORY_PEARS_OTHER-PEARS@@SAN FRANCISCO/OAKLAND, CA - MULO",231,232,1734547.78,0,2022-01-09,2026-06-14,1,0.0,2,0,2|0
SUBCATEGORY_PEARS_OTHER-PEARS@@SOUTH CAROLINA - MULO,232,232,4783073.54,0,2022-01-09,2026-06-14,0,0.0,4,0,4|0
SUBCATEGORY_PEARS_OTHER-PEARS@@WEST TEXAS/NEW MEXICO - MULO,232,232,3885233.62,0,2022-01-09,2026-06-14,0,0.0,3,0,3|0
"SUBCATEGORY_PEPPERS_CHILI-PEPPERS@@BIRMINGHAM/MONTGOMERY, AL - MULO",232,232,7620266.22,0,2022-01-09,2026-06-14,0,0.0,5,0,5|0
"SUBCATEGORY_PEPPERS_CHILI-PEPPERS@@BOSTON, MA - MULO",232,232,4551487.56,0,2022-01-09,2026-06-14,0,0.0,4,0,4|0
"SUBCATEGORY_PEPPERS_CHILI-PEPPERS@@DALLAS/FT. WORTH, TX - MULO",232,232,20413016.73,0,2022-01-09,2026-06-14,0,0.0,7,0,7|0
"SUBCATEGORY_PEPPERS_CHILI-PEPPERS@@DENVER, CO - MULO",232,232,7437613.69,0,2022-01-09,2026-06-14,0,0.0,5,0,5|0
"SUBCATEGORY_PEPPERS_CHILI-PEPPERS@@DES MOINES, IA - MULO",232,232,1424366.52,0,2022-01-09,2026-06-14,0,0.0,2,0,2|0
"SUBCATEGORY_PEPPERS_CHILI-PEPPERS@@DETROIT, MI - MULO",232,232,2933445.93,0,2022-01-09,2026-06-14,0,0.0,3,0,3|0
"SUBCATEGORY_PEPPERS_CHILI-PEPPERS@@GRAND RAPIDS, MI - MULO",232,232,1899404.61,0,2022-01-09,2026-06-14,0,0.0,2,0,2|0
"SUBCATEGORY_PEPPERS_CHILI-PEPPERS@@GREEN BAY, WI - MULO",232,232,882972.15,0,2022-01-09,2026-06-14,0,0.0,1,0,1|0
"SUBCATEGORY_PEPPERS_CHILI-PEPPERS@@HARRISBURG/SCRANTON, PA - MULO",232,232,6767091.57,0,2022-01-09,2026-06-14,0,0.0,5,0,5|0
"SUBCATEGORY_PEPPERS_CHILI-PEPPERS@@INDIANAPOLIS, IN - MULO",232,232,2667079.53,0,2022-01-09,2026-06-14,0,0.0,3,0,3|0
"SUBCATEGORY_PEPPERS_CHILI-PEPPERS@@JACKSONVILLE, FL - MULO",232,232,3033275.87,0,2022-01-09,2026-06-14,0,0.0,3,0,3|0
"SUBCATEGORY_PEPPERS_CHILI-PEPPERS@@MINNEAPOLIS/ST. PAUL, MN - MULO",232,232,6197464.72,0,2022-01-09,2026-06-14,0,0.0,4,0,4|0
"SUBCATEGORY_PEPPERS_CHILI-PEPPERS@@NEW ORLEANS, LA/MOBILE, AL - MULO",232,232,5685728.07,0,2022-01-09,2026-06-14,0,0.0,4,0,4|0
"SUBCATEGORY_PEPPERS_CHILI-PEPPERS@@NEW YORK, NY - MULO",232,232,14293938.45,0,2022-01-09,2026-06-14,0,0.0,6,0,6|0
"SUBCATEGORY_PEPPERS_CHILI-PEPPERS@@PEORIA/SPRINGFIELD, IL - MULO",232,232,1955670.88,0,2022-01-09,2026-06-14,0,0.0,2,0,2|0
"SUBCATEGORY_PEPPERS_CHILI-PEPPERS@@PHILADELPHIA, PA - MULO",232,232,6565825.78,0,2022-01-09,2026-06-14,0,0.0,5,0,5|0
"SUBCATEGORY_PEPPERS_CHILI-PEPPERS@@PORTLAND, OR - MULO",232,232,2704838.63,0,2022-01-09,2026-06-14,0,0.0,3,0,3|0
"SUBCATEGORY_PEPPERS_CHILI-PEPPERS@@RICHMOND/NORFOLK, VA - MULO",232,232,4338421.67,0,2022-01-09,2026-06-14,0,0.0,4,0,4|0
"SUBCATEGORY_PEPPERS_CHILI-PEPPERS@@SACRAMENTO, CA - MULO",232,232,3088165.52,0,2022-01-09,2026-06-14,0,0.0,3,0,3|0
"SUBCATEGORY_PEPPERS_CHILI-PEPPERS@@SEATTLE/TACOMA, WA - MULO",232,232,2897943.32,0,2022-01-09,2026-06-14,0,0.0,3,0,3|0
SUBCATEGORY_PEPPERS_CHILI-PEPPERS@@SOUTH CAROLINA - MULO,232,232,10444232.46,0,2022-01-09,2026-06-14,0,0.0,6,0,6|0
"SUBCATEGORY_PEPPERS_CHILI-PEPPERS@@ST. LOUIS, MO - MULO",232,232,3438017.76,0,2022-01-09,2026-06-14,0,0.0,3,0,3|0
"SUBCATEGORY_PEPPERS_SWEET-PEPPERS@@BUFFALO/ROCHESTER, NY - MULO",232,232,62327270.51,0,2022-01-09,2026-06-14,0,0.0,9,0,9|0
"SUBCATEGORY_PEPPERS_SWEET-PEPPERS@@CINCINNATI/DAYTON, OH - MULO",232,232,39675696.86,0,2022-01-09,2026-06-14,0,0.0,8,0,8|0
"SUBCATEGORY_PEPPERS_SWEET-PEPPERS@@DENVER, CO - MULO",232,232,50486904.38,0,2022-01-09,2026-06-14,0,0.0,8,0,8|0
"SUBCATEGORY_PEPPERS_SWEET-PEPPERS@@DES MOINES, IA - MULO",232,232,8786021.57,0,2022-01-09,2026-06-14,0,0.0,5,0,5|0
"SUBCATEGORY_PEPPERS_SWEET-PEPPERS@@JACKSONVILLE, FL - MULO",232,232,25258046.28,0,2022-01-09,2026-06-14,0,0.0,7,0,7|0
"SUBCATEGORY_PEPPERS_SWEET-PEPPERS@@MILWAUKEE, WI - MULO",232,232,32827633.88,0,2022-01-09,2026-06-14,0,0.0,8,0,8|0
SUBCATEGORY_PEPPERS_SWEET-PEPPERS@@NEW ENGLAND - MULO,232,232,44954081.08,0,2022-01-09,2026-06-14,0,0.0,8,0,8|0
"SUBCATEGORY_PEPPERS_SWEET-PEPPERS@@OMAHA, NE - MULO",232,232,11773882.8,0,2022-01-09,2026-06-14,0,0.0,6,0,6|0
"SUBCATEGORY_PEPPERS_SWEET-PEPPERS@@PHILADELPHIA, PA - MULO",232,232,86544494.77,0,2022-01-09,2026-06-14,0,0.0,9,0,9|0
"SUBCATEGORY_PEPPERS_SWEET-PEPPERS@@RICHMOND/NORFOLK, VA - MULO",232,232,42775783.2,0,2022-01-09,2026-06-14,0,0.0,8,0,8|0
"SUBCATEGORY_PEPPERS_SWEET-PEPPERS@@ROANOKE, VA - MULO",232,232,26706466.9,0,2022-01-09,2026-06-14,0,0.0,7,0,7|0
"SUBCATEGORY_PEPPERS_SWEET-PEPPERS@@SAN FRANCISCO/OAKLAND, CA - MULO",232,232,33405007.78,0,2022-01-09,2026-06-14,0,0.0,8,0,8|0
"SUBCATEGORY_PEPPERS_SWEET-PEPPERS@@TOLEDO, OH - MULO",232,232,21016259.63,0,2022-01-09,2026-06-14,0,0.0,7,0,7|0
SUBCATEGORY_PEPPERS_SWEET-PEPPERS@@WEST TEXAS/NEW MEXICO - MULO,232,232,27619675.1,0,2022-01-09,2026-06-14,0,0.0,8,0,8|0
"SUBCATEGORY_PEPPERS_SWEET-PEPPERS@@WICHITA, KS - MULO",232,232,10306520.47,0,2022-01-09,2026-06-14,0,0.0,6,0,6|0
"SUBCATEGORY_POTATOES_BAKING-&-RUSSET-POTATOES@@ALBANY, NY - MULO",232,232,21325745.45,0,2022-01-09,2026-06-14,0,0.0,7,0,7|0
"SUBCATEGORY_POTATOES_BAKING-&-RUSSET-POTATOES@@ATLANTA, GA - MULO",232,232,133961442.58,0,2022-01-09,2026-06-14,0,0.0,9,0,9|0
"SUBCATEGORY_POTATOES_BAKING-&-RUSSET-POTATOES@@BOISE, ID - MULO",232,232,10808958.23,0,2022-01-09,2026-06-14,0,0.0,6,0,6|0
"SUBCATEGORY_POTATOES_BAKING-&-RUSSET-POTATOES@@CHARLOTTE, NC - MULO",232,232,82719638.08,0,2022-01-09,2026-06-14,0,0.0,9,0,9|0
"SUBCATEGORY_POTATOES_BAKING-&-RUSSET-POTATOES@@DES MOINES, IA - MULO",232,232,21455225.73,0,2022-01-09,2026-06-14,0,0.0,7,0,7|0
"SUBCATEGORY_POTATOES_BAKING-&-RUSSET-POTATOES@@GREEN BAY, WI - MULO",232,232,15002211.23,0,2022-01-09,2026-06-14,0,0.0,6,0,6|0
"SUBCATEGORY_POTATOES_BAKING-&-RUSSET-POTATOES@@KNOXVILLE, TN - MULO",232,232,50032937.05,0,2022-01-09,2026-06-14,0,0.0,8,0,8|0
"SUBCATEGORY_POTATOES_BAKING-&-RUSSET-POTATOES@@LITTLE ROCK, AR - MULO",232,232,24607775.27,0,2022-01-09,2026-06-14,0,0.0,7,0,7|0
"SUBCATEGORY_POTATOES_BAKING-&-RUSSET-POTATOES@@LOUISVILLE, KY - MULO",232,232,49532670.76,0,2022-01-09,2026-06-14,0,0.0,8,0,8|0
"SUBCATEGORY_POTATOES_BAKING-&-RUSSET-POTATOES@@MILWAUKEE, WI - MULO",232,232,42795733.07,0,2022-01-09,2026-06-14,0,0.0,8,0,8|0
"SUBCATEGORY_POTATOES_BAKING-&-RUSSET-POTATOES@@PEORIA/SPRINGFIELD, IL - MULO",232,232,52779958.08,0,2022-01-09,2026-06-14,0,0.0,8,0,8|0
"SUBCATEGORY_POTATOES_BAKING-&-RUSSET-POTATOES@@PHILADELPHIA, PA - MULO",232,232,105160277.88,0,2022-01-09,2026-06-14,0,0.0,9,0,9|0
"SUBCATEGORY_POTATOES_BAKING-&-RUSSET-POTATOES@@PHOENIX/TUCSON, AZ - MULO",232,232,134405630.96,0,2022-01-09,2026-06-14,0,0.0,9,0,9|0
"SUBCATEGORY_POTATOES_BAKING-&-RUSSET-POTATOES@@SALT LAKE CITY, UT - MULO",232,232,41215934.3,0,2022-01-09,2026-06-14,0,0.0,8,0,8|0
"SUBCATEGORY_POTATOES_BAKING-&-RUSSET-POTATOES@@SAN DIEGO, CA - MULO",232,232,42878561.61,0,2022-01-09,2026-06-14,0,0.0,8,0,8|0
"SUBCATEGORY_POTATOES_BAKING-&-RUSSET-POTATOES@@SPOKANE, WA - MULO",232,232,9844295.5,0,2022-01-09,2026-06-14,0,0.0,6,0,6|0
"SUBCATEGORY_POTATOES_BAKING-&-RUSSET-POTATOES@@TAMPA/ST. PETERSBURG, FL - MULO",232,232,104217025.3,0,2022-01-09,2026-06-14,0,0.0,9,0,9|0
SUBCATEGORY_POTATOES_BAKING-&-RUSSET-POTATOES@@WEST TEXAS/NEW MEXICO - MULO,232,232,135408669.21,0,2022-01-09,2026-06-14,0,0.0,9,0,9|0
"SUBCATEGORY_POTATOES_OTHER-POTATOES@@BIRMINGHAM/MONTGOMERY, AL - MULO",232,232,4398921.75,0,2022-01-09,2026-06-14,0,0.0,4,0,4|0
"SUBCATEGORY_POTATOES_OTHER-POTATOES@@BOSTON, MA - MULO",232,232,2161732.69,0,2022-01-09,2026-06-14,0,0.0,2,0,2|0
"SUBCATEGORY_POTATOES_OTHER-POTATOES@@CHARLOTTE, NC - MULO",232,232,6909310.69,0,2022-01-09,2026-06-14,0,0.0,5,0,5|0
"SUBCATEGORY_POTATOES_OTHER-POTATOES@@CHICAGO, IL - MULO",232,232,13022114.66,0,2022-01-09,2026-06-14,0,0.0,6,0,6|0
"SUBCATEGORY_POTATOES_OTHER-POTATOES@@CLEVELAND, OH - MULO",232,232,3024831.34,0,2022-01-09,2026-06-14,0,0.0,3,0,3|0
"SUBCATEGORY_POTATOES_OTHER-POTATOES@@DALLAS/FT. WORTH, TX - MULO",232,232,25309706.52,0,2022-01-09,2026-06-14,0,0.0,7,0,7|0
"SUBCATEGORY_POTATOES_OTHER-POTATOES@@DENVER, CO - MULO",232,232,40463079.66,0,2022-01-09,2026-06-14,0,0.0,8,0,8|0
"SUBCATEGORY_POTATOES_OTHER-POTATOES@@GREEN BAY, WI - MULO",232,232,2006069.73,0,2022-01-09,2026-06-14,0,0.0,2,0,2|0
"SUBCATEGORY_POTATOES_OTHER-POTATOES@@HARTFORD, CT/SPRINGFIELD, MA - MULO",232,232,2970398.98,0,2022-01-09,2026-06-14,0,0.0,3,0,3|0
"SUBCATEGORY_POTATOES_OTHER-POTATOES@@MILWAUKEE, WI - MULO",232,232,12055724.64,0,2022-01-09,2026-06-14,0,0.0,6,0,6|0
"SUBCATEGORY_POTATOES_OTHER-POTATOES@@MINNEAPOLIS/ST. PAUL, MN - MULO",225,232,87755.12,2,2022-01-09,2026-06-14,7,0.0088888888888888,0,0,0|0
"SUBCATEGORY_POTATOES_OTHER-POTATOES@@NEW ORLEANS, LA/MOBILE, AL - MULO",232,232,1209191.16,0,2022-01-09,2026-06-14,0,0.0,2,0,2|0
"SUBCATEGORY_POTATOES_OTHER-POTATOES@@NEW YORK, NY - MULO",232,232,18176755.79,0,2022-01-09,2026-06-14,0,0.0,7,0,7|0
"SUBCATEGORY_POTATOES_OTHER-POTATOES@@OKLAHOMA CITY, OK - MULO",232,232,1438907.95,0,2022-01-09,2026-06-14,0,0.0,2,0,2|0
"SUBCATEGORY_POTATOES_OTHER-POTATOES@@OMAHA, NE - MULO",232,232,3035166.45,0,2022-01-09,2026-06-14,0,0.0,3,0,3|0
"SUBCATEGORY_POTATOES_OTHER-POTATOES@@PHOENIX/TUCSON, AZ - MULO",232,232,29682150.6,0,2022-01-09,2026-06-14,0,0.0,8,0,8|0
"SUBCATEGORY_POTATOES_OTHER-POTATOES@@RICHMOND/NORFOLK, VA - MULO",232,232,11336693.42,0,2022-01-09,2026-06-14,0,0.0,6,0,6|0
"SUBCATEGORY_POTATOES_OTHER-POTATOES@@SACRAMENTO, CA - MULO",232,232,1630551.5,0,2022-01-09,2026-06-14,0,0.0,2,0,2|0
"SUBCATEGORY_POTATOES_OTHER-POTATOES@@SAN DIEGO, CA - MULO",232,232,7785455.45,0,2022-01-09,2026-06-14,0,0.0,5,0,5|0
SUBCATEGORY_POTATOES_OTHER-POTATOES@@WEST TEXAS/NEW MEXICO - MULO,232,232,12010285.49,0,2022-01-09,2026-06-14,0,0.0,6,0,6|0
"SUBCATEGORY_POTATOES_PETITE-POTATOES@@BIRMINGHAM/MONTGOMERY, AL - MULO",232,232,36529470.92,0,2022-01-09,2026-06-14,0,0.0,8,0,8|0
"SUBCATEGORY_POTATOES_PETITE-POTATOES@@BOISE, ID - MULO",232,232,3163665.0,0,2022-01-09,2026-06-14,0,0.0,3,0,3|0
"SUBCATEGORY_POTATOES_PETITE-POTATOES@@CLEVELAND, OH - MULO",232,232,20260752.11,0,2022-01-09,2026-06-14,0,0.0,7,0,7|0
"SUBCATEGORY_POTATOES_PETITE-POTATOES@@HARTFORD, CT/SPRINGFIELD, MA - MULO",232,232,42797120.01,0,2022-01-09,2026-06-14,0,0.0,8,0,8|0
"SUBCATEGORY_POTATOES_PETITE-POTATOES@@KNOXVILLE, TN - MULO",232,232,9401147.75,0,2022-01-09,2026-06-14,0,0.0,5,0,5|0
"SUBCATEGORY_POTATOES_PETITE-POTATOES@@LOS ANGELES, CA - MULO",232,232,86261199.32000001,0,2022-01-09,2026-06-14,0,0.0,9,0,9|0
"SUBCATEGORY_POTATOES_PETITE-POTATOES@@MEMPHIS, TN - MULO",232,232,5272794.05,0,2022-01-09,2026-06-14,0,0.0,4,0,4|0
"SUBCATEGORY_POTATOES_PETITE-POTATOES@@MIAMI/FT. LAUDERDALE, FL - MULO",232,232,57927345.53,0,2022-01-09,2026-06-14,0,0.0,9,0,9|0
"SUBCATEGORY_POTATOES_PETITE-POTATOES@@PROVIDENCE, RI - MULO",232,232,11183713.38,0,2022-01-09,2026-06-14,0,0.0,6,0,6|0
"SUBCATEGORY_POTATOES_PETITE-POTATOES@@ROANOKE, VA - MULO",232,232,17178864.73,0,2022-01-09,2026-06-14,0,0.0,7,0,7|0
"SUBCATEGORY_POTATOES_PETITE-POTATOES@@SACRAMENTO, CA - MULO",232,232,21816763.21,0,2022-01-09,2026-06-14,0,0.0,7,0,7|0
"SUBCATEGORY_POTATOES_PETITE-POTATOES@@SPOKANE, WA - MULO",232,232,3992648.31,0,2022-01-09,2026-06-14,0,0.0,4,0,4|0
"SUBCATEGORY_POTATOES_PETITE-POTATOES@@SYRACUSE, NY - MULO",232,232,17801624.18,0,2022-01-09,2026-06-14,0,0.0,7,0,7|0
"SUBCATEGORY_POTATOES_PETITE-POTATOES@@TAMPA/ST. PETERSBURG, FL - MULO",232,232,52731996.0,0,2022-01-09,2026-06-14,0,0.0,8,0,8|0
"SUBCATEGORY_POTATOES_PETITE-POTATOES@@TOLEDO, OH - MULO",232,232,14020975.36,0,2022-01-09,2026-06-14,0,0.0,6,0,6|0
"SUBCATEGORY_POTATOES_RED-POTATOES@@BIRMINGHAM/MONTGOMERY, AL - MULO",232,232,35201033.56,0,2022-01-09,2026-06-14,0,0.0,8,0,8|0
"SUBCATEGORY_POTATOES_RED-POTATOES@@BOSTON, MA - MULO",232,232,19804895.68,0,2022-01-09,2026-06-14,0,0.0,7,0,7|0
"SUBCATEGORY_POTATOES_RED-POTATOES@@CINCINNATI/DAYTON, OH - MULO",232,232,17082899.92,0,2022-01-09,2026-06-14,0,0.0,7,0,7|0
"SUBCATEGORY_POTATOES_RED-POTATOES@@CLEVELAND, OH - MULO",232,232,13848382.35,0,2022-01-09,2026-06-14,0,0.0,6,0,6|0
"SUBCATEGORY_POTATOES_RED-POTATOES@@DES MOINES, IA - MULO",232,232,3942664.79,0,2022-01-09,2026-06-14,0,0.0,4,0,4|0
"SUBCATEGORY_POTATOES_RED-POTATOES@@GRAND RAPIDS, MI - MULO",232,232,14320494.92,0,2022-01-09,2026-06-14,0,0.0,6,0,6|0
"SUBCATEGORY_POTATOES_RED-POTATOES@@INDIANAPOLIS, IN - MULO",232,232,12385563.65,0,2022-01-09,2026-06-14,0,0.0,6,0,6|0
"SUBCATEGORY_POTATOES_RED-POTATOES@@KANSAS CITY, KS - MULO",232,232,10682525.73,0,2022-01-09,2026-06-14,0,0.0,6,0,6|0
"SUBCATEGORY_POTATOES_RED-POTATOES@@MIAMI/FT. LAUDERDALE, FL - MULO",232,232,67053366.19,0,2022-01-09,2026-06-14,0,0.0,9,0,9|0
"SUBCATEGORY_POTATOES_RED-POTATOES@@PHILADELPHIA, PA - MULO",232,232,49742168.75,0,2022-01-09,2026-06-14,0,0.0,8,0,8|0
"SUBCATEGORY_POTATOES_RED-POTATOES@@PHOENIX/TUCSON, AZ - MULO",232,232,21222235.71,0,2022-01-09,2026-06-14,0,0.0,7,0,7|0
"SUBCATEGORY_POTATOES_RED-POTATOES@@PORTLAND, OR - MULO",232,232,13219385.82,0,2022-01-09,2026-06-14,0,0.0,6,0,6|0
"SUBCATEGORY_POTATOES_RED-POTATOES@@PROVIDENCE, RI - MULO",232,232,5514958.97,0,2022-01-09,2026-06-14,0,0.0,4,0,4|0
"SUBCATEGORY_POTATOES_RED-POTATOES@@RICHMOND/NORFOLK, VA - MULO",232,232,22743056.22,0,2022-01-09,2026-06-14,0,0.0,7,0,7|0
"SUBCATEGORY_POTATOES_RED-POTATOES@@SALT LAKE CITY, UT - MULO",232,232,10632717.94,0,2022-01-09,2026-06-14,0,0.0,6,0,6|0
"SUBCATEGORY_POTATOES_RED-POTATOES@@SAN DIEGO, CA - MULO",232,232,7365072.2,0,2022-01-09,2026-06-14,0,0.0,5,0,5|0
SUBCATEGORY_POTATOES_RED-POTATOES@@SOUTH CAROLINA - MULO,232,232,52928647.52,0,2022-01-09,2026-06-14,0,0.0,8,0,8|0
"SUBCATEGORY_POTATOES_RED-POTATOES@@SYRACUSE, NY - MULO",232,232,8025603.52,0,2022-01-09,2026-06-14,0,0.0,5,0,5|0
"SUBCATEGORY_POTATOES_SWEET-POTATOES-&-YAMS@@ALBANY, NY - MULO",232,232,5537508.62,0,2022-01-09,2026-06-14,0,0.0,4,0,4|0
"SUBCATEGORY_POTATOES_SWEET-POTATOES-&-YAMS@@ATLANTA, GA - MULO",232,232,19754071.24,0,2022-01-09,2026-06-14,0,0.0,7,0,7|0
"SUBCATEGORY_POTATOES_SWEET-POTATOES-&-YAMS@@BOISE, ID - MULO",232,232,911673.15,0,2022-01-09,2026-06-14,0,0.0,1,0,1|0
"SUBCATEGORY_POTATOES_SWEET-POTATOES-&-YAMS@@CHICAGO, IL - MULO",232,232,11202128.0,0,2022-01-09,2026-06-14,0,0.0,6,0,6|0
"SUBCATEGORY_POTATOES_SWEET-POTATOES-&-YAMS@@CLEVELAND, OH - MULO",232,232,10497769.04,0,2022-01-09,2026-06-14,0,0.0,6,0,6|0
"SUBCATEGORY_POTATOES_SWEET-POTATOES-&-YAMS@@COLUMBUS, OH - MULO",232,232,9179093.26,0,2022-01-09,2026-06-14,0,0.0,5,0,5|0
"SUBCATEGORY_POTATOES_SWEET-POTATOES-&-YAMS@@DENVER, CO - MULO",232,232,10183843.59,0,2022-01-09,2026-06-14,0,0.0,6,0,6|0
"SUBCATEGORY_POTATOES_SWEET-POTATOES-&-YAMS@@DES MOINES, IA - MULO",232,232,1718614.54,0,2022-01-09,2026-06-14,0,0.0,2,0,2|0
"SUBCATEGORY_POTATOES_SWEET-POTATOES-&-YAMS@@INDIANAPOLIS, IN - MULO",232,232,8970533.22,0,2022-01-09,2026-06-14,0,0.0,5,0,5|0
"SUBCATEGORY_POTATOES_SWEET-POTATOES-&-YAMS@@LITTLE ROCK, AR - MULO",232,232,3205296.97,0,2022-01-09,2026-06-14,0,0.0,3,0,3|0
"SUBCATEGORY_POTATOES_SWEET-POTATOES-&-YAMS@@MINNEAPOLIS/ST. PAUL, MN - MULO",232,232,6393931.78,0,2022-01-09,2026-06-14,0,0.0,5,0,5|0
SUBCATEGORY_POTATOES_SWEET-POTATOES-&-YAMS@@MISSISSIPPI - MULO,232,232,7079604.77,0,2022-01-09,2026-06-14,0,0.0,5,0,5|0
"SUBCATEGORY_POTATOES_SWEET-POTATOES-&-YAMS@@NASHVILLE, TN - MULO",232,232,9001978.9,0,2022-01-09,2026-06-14,0,0.0,5,0,5|0
"SUBCATEGORY_POTATOES_SWEET-POTATOES-&-YAMS@@NEW ORLEANS, LA/MOBILE, AL - MULO",232,232,11016921.26,0,2022-01-09,2026-06-14,0,0.0,6,0,6|0
"SUBCATEGORY_POTATOES_SWEET-POTATOES-&-YAMS@@NEW YORK, NY - MULO",232,232,79523974.98,0,2022-01-09,2026-06-14,0,0.0,9,0,9|0
"SUBCATEGORY_POTATOES_SWEET-POTATOES-&-YAMS@@OMAHA, NE - MULO",232,232,2915042.56,0,2022-01-09,2026-06-14,0,0.0,3,0,3|0
"SUBCATEGORY_POTATOES_SWEET-POTATOES-&-YAMS@@ORLANDO, FL - MULO",232,232,19635963.39,0,2022-01-09,2026-06-14,0,0.0,7,0,7|0
"SUBCATEGORY_POTATOES_SWEET-POTATOES-&-YAMS@@PHILADELPHIA, PA - MULO",232,232,37240646.29,0,2022-01-09,2026-06-14,0,0.0,8,0,8|0
"SUBCATEGORY_POTATOES_SWEET-POTATOES-&-YAMS@@PHOENIX/TUCSON, AZ - MULO",232,232,11205992.69,0,2022-01-09,2026-06-14,0,0.0,6,0,6|0
"SUBCATEGORY_POTATOES_SWEET-POTATOES-&-YAMS@@PITTSBURGH, PA - MULO",232,232,16053297.02,0,2022-01-09,2026-06-14,0,0.0,7,0,7|0
"SUBCATEGORY_POTATOES_SWEET-POTATOES-&-YAMS@@RICHMOND/NORFOLK, VA - MULO",232,232,14898518.17,0,2022-01-09,2026-06-14,0,0.0,6,0,6|0
"SUBCATEGORY_POTATOES_SWEET-POTATOES-&-YAMS@@SALT LAKE CITY, UT - MULO",232,232,4496308.09,0,2022-01-09,2026-06-14,0,0.0,4,0,4|0
"SUBCATEGORY_POTATOES_SWEET-POTATOES-&-YAMS@@SAN DIEGO, CA - MULO",232,232,4398269.63,0,2022-01-09,2026-06-14,0,0.0,4,0,4|0
"SUBCATEGORY_POTATOES_SWEET-POTATOES-&-YAMS@@SEATTLE/TACOMA, WA - MULO",232,232,3434442.12,0,2022-01-09,2026-06-14,0,0.0,3,0,3|0
"SUBCATEGORY_POTATOES_SWEET-POTATOES-&-YAMS@@ST. LOUIS, MO - MULO",232,232,10954120.29,0,2022-01-09,2026-06-14,0,0.0,6,0,6|0
"SUBCATEGORY_POTATOES_SWEET-POTATOES-&-YAMS@@SYRACUSE, NY - MULO",232,232,6740985.44,0,2022-01-09,2026-06-14,0,0.0,5,0,5|0
"SUBCATEGORY_POTATOES_SWEET-POTATOES-&-YAMS@@TULSA, OK - MULO",232,232,3393995.06,0,2022-01-09,2026-06-14,0,0.0,3,0,3|0
"SUBCATEGORY_POTATOES_SWEET-POTATOES-&-YAMS@@WICHITA, KS - MULO",232,232,2312301.65,0,2022-01-09,2026-06-14,0,0.0,2,0,2|0
"SUBCATEGORY_POTATOES_WHITE-POTATOES@@ALBANY, NY - MULO",232,232,7599597.57,0,2022-01-09,2026-06-14,0,0.0,5,0,5|0
"SUBCATEGORY_POTATOES_WHITE-POTATOES@@BALTIMORE, MD/WASHINGTON D.C. - MULO",232,232,21979615.29,0,2022-01-09,2026-06-14,0,0.0,7,0,7|0
"SUBCATEGORY_POTATOES_WHITE-POTATOES@@BIRMINGHAM/MONTGOMERY, AL - MULO",232,232,3068315.23,0,2022-01-09,2026-06-14,0,0.0,3,0,3|0
"SUBCATEGORY_POTATOES_WHITE-POTATOES@@BUFFALO/ROCHESTER, NY - MULO",232,232,23200857.01,0,2022-01-09,2026-06-14,0,0.0,7,0,7|0
"SUBCATEGORY_POTATOES_WHITE-POTATOES@@DALLAS/FT. WORTH, TX - MULO",232,232,39213791.22,0,2022-01-09,2026-06-14,0,0.0,8,0,8|0
"SUBCATEGORY_POTATOES_WHITE-POTATOES@@DENVER, CO - MULO",196,232,524451.7,146,2022-01-09,2026-06-14,36,0.7448979591836735,1,2,1|2
"SUBCATEGORY_POTATOES_WHITE-POTATOES@@DETROIT, MI - MULO",232,232,2414195.48,0,2022-01-09,2026-06-14,0,0.0,3,0,3|0
SUBCATEGORY_POTATOES_WHITE-POTATOES@@MISSISSIPPI - MULO,231,232,373761.13,0,2022-01-09,2026-06-14,1,0.0,0,0,0|0
"SUBCATEGORY_POTATOES_WHITE-POTATOES@@NASHVILLE, TN - MULO",232,232,1670673.31,0,2022-01-09,2026-06-14,0,0.0,2,0,2|0
"SUBCATEGORY_POTATOES_WHITE-POTATOES@@OKLAHOMA CITY, OK - MULO",232,232,3646085.28,0,2022-01-09,2026-06-14,0,0.0,3,0,3|0
"SUBCATEGORY_POTATOES_WHITE-POTATOES@@PEORIA/SPRINGFIELD, IL - MULO",230,232,533998.78,0,2022-01-09,2026-06-14,2,0.0,1,0,1|0
"SUBCATEGORY_POTATOES_WHITE-POTATOES@@PROVIDENCE, RI - MULO",232,232,3438950.47,0,2022-01-09,2026-06-14,0,0.0,3,0,3|0
"SUBCATEGORY_POTATOES_WHITE-POTATOES@@RICHMOND/NORFOLK, VA - MULO",232,232,8622133.68,0,2022-01-09,2026-06-14,0,0.0,5,0,5|0
"SUBCATEGORY_POTATOES_WHITE-POTATOES@@SAN FRANCISCO/OAKLAND, CA - MULO",232,232,1460101.47,0,2022-01-09,2026-06-14,0,0.0,2,0,2|0
"SUBCATEGORY_POTATOES_WHITE-POTATOES@@ST. LOUIS, MO - MULO",220,232,83409.53,3,2022-01-09,2026-06-14,12,0.0136363636363636,0,0,0|0
"SUBCATEGORY_POTATOES_WHITE-POTATOES@@SYRACUSE, NY - MULO",232,232,12176732.54,0,2022-01-09,2026-06-14,0,0.0,6,0,6|0
"SUBCATEGORY_POTATOES_WHITE-POTATOES@@TOLEDO, OH - MULO",232,232,944281.31,0,2022-01-09,2026-06-14,0,0.0,1,0,1|0
"SUBCATEGORY_POTATOES_YELLOW-POTATOES@@ALBANY, NY - MULO",232,232,14229358.63,0,2022-01-09,2026-06-14,0,0.0,6,0,6|0
"SUBCATEGORY_POTATOES_YELLOW-POTATOES@@ATLANTA, GA - MULO",232,232,44798147.11,0,2022-01-09,2026-06-14,0,0.0,8,0,8|0
"SUBCATEGORY_POTATOES_YELLOW-POTATOES@@BUFFALO/ROCHESTER, NY - MULO",232,232,26573363.93,0,2022-01-09,2026-06-14,0,0.0,7,0,7|0
"SUBCATEGORY_POTATOES_YELLOW-POTATOES@@COLUMBUS, OH - MULO",232,232,21663681.26,0,2022-01-09,2026-06-14,0,0.0,7,0,7|0
"SUBCATEGORY_POTATOES_YELLOW-POTATOES@@GRAND RAPIDS, MI - MULO",232,232,18721652.07,0,2022-01-09,2026-06-14,0,0.0,7,0,7|0
"SUBCATEGORY_POTATOES_YELLOW-POTATOES@@GREEN BAY, WI - MULO",232,232,7290247.64,0,2022-01-09,2026-06-14,0,0.0,5,0,5|0
"SUBCATEGORY_POTATOES_YELLOW-POTATOES@@HOUSTON, TX - MULO",232,232,29923065.77,0,2022-01-09,2026-06-14,0,0.0,8,0,8|0
"SUBCATEGORY_POTATOES_YELLOW-POTATOES@@JACKSONVILLE, FL - MULO",232,232,21570706.69,0,2022-01-09,2026-06-14,0,0.0,7,0,7|0
"SUBCATEGORY_POTATOES_YELLOW-POTATOES@@LITTLE ROCK, AR - MULO",232,232,4971338.04,0,2022-01-09,2026-06-14,0,0.0,4,0,4|0
"SUBCATEGORY_POTATOES_YELLOW-POTATOES@@MINNEAPOLIS/ST. PAUL, MN - MULO",232,232,34217260.37,0,2022-01-09,2026-06-14,0,0.0,8,0,8|0
SUBCATEGORY_POTATOES_YELLOW-POTATOES@@MISSISSIPPI - MULO,232,232,17156385.34,0,2022-01-09,2026-06-14,0,0.0,7,0,7|0
SUBCATEGORY_POTATOES_YELLOW-POTATOES@@NEW ENGLAND - MULO,232,232,41189887.78,0,2022-01-09,2026-06-14,0,0.0,8,0,8|0
"SUBCATEGORY_POTATOES_YELLOW-POTATOES@@NEW ORLEANS, LA/MOBILE, AL - MULO",232,232,26498853.09,0,2022-01-09,2026-06-14,0,0.0,7,0,7|0
"SUBCATEGORY_POTATOES_YELLOW-POTATOES@@OKLAHOMA CITY, OK - MULO",232,232,10196833.93,0,2022-01-09,2026-06-14,0,0.0,6,0,6|0
"SUBCATEGORY_POTATOES_YELLOW-POTATOES@@OMAHA, NE - MULO",232,232,11103060.04,0,2022-01-09,2026-06-14,0,0.0,6,0,6|0
"SUBCATEGORY_POTATOES_YELLOW-POTATOES@@PEORIA/SPRINGFIELD, IL - MULO",232,232,17784279.14,0,2022-01-09,2026-06-14,0,0.0,7,0,7|0
"SUBCATEGORY_POTATOES_YELLOW-POTATOES@@PORTLAND, OR - MULO",232,232,27508442.92,0,2022-01-09,2026-06-14,0,0.0,8,0,8|0
"SUBCATEGORY_POTATOES_YELLOW-POTATOES@@ROANOKE, VA - MULO",232,232,23470378.82,0,2022-01-09,2026-06-14,0,0.0,7,0,7|0
"SUBCATEGORY_POTATOES_YELLOW-POTATOES@@SYRACUSE, NY - MULO",232,232,14067787.02,0,2022-01-09,2026-06-14,0,0.0,6,0,6|0
SUBCATEGORY_POTATOES_YELLOW-POTATOES@@WEST TEXAS/NEW MEXICO - MULO,232,232,23863677.72,0,2022-01-09,2026-06-14,0,0.0,7,0,7|0
"SUBCATEGORY_SALADS_PACKAGED-GREENS@@ALBANY, NY - MULO",232,232,12614455.66,0,2022-01-09,2026-06-14,0,0.0,6,0,6|0
"SUBCATEGORY_SALADS_PACKAGED-GREENS@@BIRMINGHAM/MONTGOMERY, AL - MULO",232,232,36821577.34,0,2022-01-09,2026-06-14,0,0.0,8,0,8|0
"SUBCATEGORY_SALADS_PACKAGED-GREENS@@BOISE, ID - MULO",232,232,4284012.07,0,2022-01-09,2026-06-14,0,0.0,4,0,4|0
"SUBCATEGORY_SALADS_PACKAGED-GREENS@@BUFFALO/ROCHESTER, NY - MULO",232,232,27543526.19,0,2022-01-09,2026-06-14,0,0.0,8,0,8|0
"SUBCATEGORY_SALADS_PACKAGED-GREENS@@CHARLOTTE, NC - MULO",232,232,31705210.1,0,2022-01-09,2026-06-14,0,0.0,8,0,8|0
"SUBCATEGORY_SALADS_PACKAGED-GREENS@@CHICAGO, IL - MULO",232,232,72646566.39,0,2022-01-09,2026-06-14,0,0.0,9,0,9|0
"SUBCATEGORY_SALADS_PACKAGED-GREENS@@CINCINNATI/DAYTON, OH - MULO",232,232,22814580.04,0,2022-01-09,2026-06-14,0,0.0,7,0,7|0
"SUBCATEGORY_SALADS_PACKAGED-GREENS@@DENVER, CO - MULO",232,232,40225827.96,0,2022-01-09,2026-06-14,0,0.0,8,0,8|0
"SUBCATEGORY_SALADS_PACKAGED-GREENS@@DES MOINES, IA - MULO",232,232,5788923.95,0,2022-01-09,2026-06-14,0,0.0,4,0,4|0
"SUBCATEGORY_SALADS_PACKAGED-GREENS@@KANSAS CITY, KS - MULO",232,232,18266191.91,0,2022-01-09,2026-06-14,0,0.0,7,0,7|0
"SUBCATEGORY_SALADS_PACKAGED-GREENS@@LAS VEGAS, NV - MULO",232,232,16753454.04,0,2022-01-09,2026-06-14,0,0.0,7,0,7|0
"SUBCATEGORY_SALADS_PACKAGED-GREENS@@MEMPHIS, TN - MULO",232,232,11954920.01,0,2022-01-09,2026-06-14,0,0.0,6,0,6|0
SUBCATEGORY_SALADS_PACKAGED-GREENS@@MISSISSIPPI - MULO,232,232,10336734.83,0,2022-01-09,2026-06-14,0,0.0,6,0,6|0
SUBCATEGORY_SALADS_PACKAGED-GREENS@@NEW ENGLAND - MULO,232,232,32364072.24,0,2022-01-09,2026-06-14,0,0.0,8,0,8|0
"SUBCATEGORY_SALADS_PACKAGED-GREENS@@NEW YORK, NY - MULO",232,232,154880351.65,0,2022-01-09,2026-06-14,0,0.0,9,0,9|0
"SUBCATEGORY_SALADS_PACKAGED-GREENS@@OKLAHOMA CITY, OK - MULO",232,232,8371095.72,0,2022-01-09,2026-06-14,0,0.0,5,0,5|0
"SUBCATEGORY_SALADS_PACKAGED-GREENS@@PEORIA/SPRINGFIELD, IL - MULO",232,232,11819283.13,0,2022-01-09,2026-06-14,0,0.0,6,0,6|0
"SUBCATEGORY_SALADS_PACKAGED-GREENS@@PITTSBURGH, PA - MULO",232,232,24031614.58,0,2022-01-09,2026-06-14,0,0.0,7,0,7|0
"SUBCATEGORY_SALADS_PACKAGED-GREENS@@PORTLAND, OR - MULO",232,232,26889263.95,0,2022-01-09,2026-06-14,0,0.0,8,0,8|0
"SUBCATEGORY_SALADS_PACKAGED-GREENS@@SPOKANE, WA - MULO",232,232,4260089.5,0,2022-01-09,2026-06-14,0,0.0,4,0,4|0
"SUBCATEGORY_SALADS_PACKAGED-GREENS@@TAMPA/ST. PETERSBURG, FL - MULO",232,232,60049481.92,0,2022-01-09,2026-06-14,0,0.0,9,0,9|0
"SUBCATEGORY_SALADS_PACKAGED-GREENS@@TOLEDO, OH - MULO",232,232,11291493.97,0,2022-01-09,2026-06-14,0,0.0,6,0,6|0
"SUBCATEGORY_SALADS_PACKAGED-GREENS@@TULSA, OK - MULO",232,232,5972637.58,0,2022-01-09,2026-06-14,0,0.0,4,0,4|0
"SUBCATEGORY_SALADS_PACKAGED-GREENS@@WICHITA, KS - MULO",232,232,5417007.91,0,2022-01-09,2026-06-14,0,0.0,4,0,4|0
"SUBCATEGORY_SALADS_PACKAGED-MICROGREENS@@CINCINNATI/DAYTON, OH - MULO",217,222,131404.01,0,2022-03-20,2026-06-14,5,0.0,0,0,0|0
"SUBCATEGORY_SALADS_PACKAGED-MICROGREENS@@HARRISBURG/SCRANTON, PA - MULO",231,232,440310.17,0,2022-01-09,2026-06-14,1,0.0,1,0,1|0
"SUBCATEGORY_SALADS_PACKAGED-MICROGREENS@@HARTFORD, CT/SPRINGFIELD, MA - MULO",232,232,1783522.27,0,2022-01-09,2026-06-14,0,0.0,2,0,2|0
"SUBCATEGORY_SALADS_PACKAGED-MICROGREENS@@INDIANAPOLIS, IN - MULO",232,232,158042.7,0,2022-01-09,2026-06-14,0,0.0,0,0,0|0
"SUBCATEGORY_SALADS_PACKAGED-MICROGREENS@@LAS VEGAS, NV - MULO",217,217,410771.63,0,2022-04-24,2026-06-14,0,0.0,0,0,0|0
"SUBCATEGORY_SALADS_PACKAGED-MICROGREENS@@LOS ANGELES, CA - MULO",232,232,4254727.41,0,2022-01-09,2026-06-14,0,0.0,4,0,4|0
"SUBCATEGORY_SALADS_PACKAGED-MICROGREENS@@NASHVILLE, TN - MULO",204,211,63464.37,0,2022-06-05,2026-06-14,7,0.0,0,0,0|0
"SUBCATEGORY_SALADS_PACKAGED-MICROGREENS@@NEW YORK, NY - MULO",232,232,5238709.31,0,2022-01-09,2026-06-14,0,0.0,4,0,4|0
"SUBCATEGORY_SALADS_PACKAGED-MICROGREENS@@PHILADELPHIA, PA - MULO",232,232,524177.19,0,2022-01-09,2026-06-14,0,0.0,1,0,1|0
"SUBCATEGORY_SALADS_PACKAGED-MICROGREENS@@PITTSBURGH, PA - MULO",232,232,335882.44,0,2022-01-09,2026-06-14,0,0.0,0,0,0|0
"SUBCATEGORY_SALADS_PACKAGED-MICROGREENS@@PORTLAND, OR - MULO",232,232,993790.35,0,2022-01-09,2026-06-14,0,0.0,1,0,1|0
"SUBCATEGORY_SALADS_PACKAGED-MICROGREENS@@PROVIDENCE, RI - MULO",232,232,534526.74,0,2022-01-09,2026-06-14,0,0.0,1,0,1|0
"SUBCATEGORY_SALADS_PACKAGED-MICROGREENS@@ROANOKE, VA - MULO",200,232,97786.16,23,2022-01-09,2026-06-14,32,0.115,0,1,0|1
"SUBCATEGORY_SALADS_PACKAGED-MICROGREENS@@SACRAMENTO, CA - MULO",232,232,1680251.02,0,2022-01-09,2026-06-14,0,0.0,2,0,2|0
"SUBCATEGORY_SALADS_PACKAGED-MICROGREENS@@SEATTLE/TACOMA, WA - MULO",232,232,1008995.95,0,2022-01-09,2026-06-14,0,0.0,1,0,1|0
SUBCATEGORY_SALADS_PACKAGED-MICROGREENS@@SOUTH CAROLINA - MULO,204,232,463458.65,10,2022-01-09,2026-06-14,28,0.0490196078431372,1,0,1|0
"SUBCATEGORY_SALADS_PACKAGED-MICROGREENS@@SYRACUSE, NY - MULO",230,232,53864.42,0,2022-01-09,2026-06-14,2,0.0,0,0,0|0
"SUBCATEGORY_SALADS_PACKAGED-MICROGREENS@@TAMPA/ST. PETERSBURG, FL - MULO",214,214,557770.78,0,2022-05-15,2026-06-14,0,0.0,1,0,1|0
"SUBCATEGORY_SALADS_SALAD-KITS-SINGLES@@BALTIMORE, MD/WASHINGTON D.C. - MULO",232,232,176481755.53,0,2022-01-09,2026-06-14,0,0.0,9,0,9|0
"SUBCATEGORY_SALADS_SALAD-KITS-SINGLES@@BOSTON, MA - MULO",232,232,73129680.7,0,2022-01-09,2026-06-14,0,0.0,9,0,9|0
"SUBCATEGORY_SALADS_SALAD-KITS-SINGLES@@BUFFALO/ROCHESTER, NY - MULO",232,232,39502210.93,0,2022-01-09,2026-06-14,0,0.0,8,0,8|0
"SUBCATEGORY_SALADS_SALAD-KITS-SINGLES@@HOUSTON, TX - MULO",232,232,64248646.67,0,2022-01-09,2026-06-14,0,0.0,9,0,9|0
"SUBCATEGORY_SALADS_SALAD-KITS-SINGLES@@INDIANAPOLIS, IN - MULO",232,232,55449222.11,0,2022-01-09,2026-06-14,0,0.0,8,0,8|0
"SUBCATEGORY_SALADS_SALAD-KITS-SINGLES@@KANSAS CITY, KS - MULO",232,232,36455500.54,0,2022-01-09,2026-06-14,0,0.0,8,0,8|0
"SUBCATEGORY_SALADS_SALAD-KITS-SINGLES@@LAS VEGAS, NV - MULO",232,232,47823267.13,0,2022-01-09,2026-06-14,0,0.0,8,0,8|0
SUBCATEGORY_SALADS_SALAD-KITS-SINGLES@@NEW ENGLAND - MULO,232,232,91754338.54,0,2022-01-09,2026-06-14,0,0.0,9,0,9|0
"SUBCATEGORY_SALADS_SALAD-KITS-SINGLES@@NEW ORLEANS, LA/MOBILE, AL - MULO",232,232,59348807.81,0,2022-01-09,2026-06-14,0,0.0,9,0,9|0
"SUBCATEGORY_SALADS_SALAD-KITS-SINGLES@@NEW YORK, NY - MULO",232,232,230352270.13,0,2022-01-09,2026-06-14,0,0.0,9,0,9|0
"SUBCATEGORY_SALADS_SALAD-KITS-SINGLES@@PITTSBURGH, PA - MULO",232,232,41363725.95,0,2022-01-09,2026-06-14,0,0.0,8,0,8|0
"SUBCATEGORY_SALADS_SALAD-KITS-SINGLES@@PORTLAND, OR - MULO",232,232,76053743.62,0,2022-01-09,2026-06-14,0,0.0,9,0,9|0
"SUBCATEGORY_SALADS_SALAD-KITS-SINGLES@@ROANOKE, VA - MULO",232,232,52942458.12,0,2022-01-09,2026-06-14,0,0.0,8,0,8|0
"SUBCATEGORY_SALADS_SALAD-KITS-SINGLES@@SAN FRANCISCO/OAKLAND, CA - MULO",232,232,136057687.34,0,2022-01-09,2026-06-14,0,0.0,9,0,9|0
"SUBCATEGORY_SALADS_SALAD-KITS-SINGLES@@SEATTLE/TACOMA, WA - MULO",232,232,92960750.9,0,2022-01-09,2026-06-14,0,0.0,9,0,9|0
SUBCATEGORY_SALADS_SALAD-KITS-SINGLES@@SOUTH CAROLINA - MULO,232,232,134226457.06,0,2022-01-09,2026-06-14,0,0.0,9,0,9|0
"SUBCATEGORY_SALADS_SALAD-KITS-SINGLES@@SPOKANE, WA - MULO",232,232,18109971.67,0,2022-01-09,2026-06-14,0,0.0,7,0,7|0
"SUBCATEGORY_SALADS_SALAD-KITS-SINGLES@@ST. LOUIS, MO - MULO",232,232,73877455.02,0,2022-01-09,2026-06-14,0,0.0,9,0,9|0
"SUBCATEGORY_SALADS_SALAD-KITS-SINGLES@@TAMPA/ST. PETERSBURG, FL - MULO",232,232,108745758.71,0,2022-01-09,2026-06-14,0,0.0,9,0,9|0
"SUBCATEGORY_SALADS_SALAD-KITS-SINGLES@@TOLEDO, OH - MULO",232,232,38110070.87,0,2022-01-09,2026-06-14,0,0.0,8,0,8|0
"SUBCATEGORY_SALADS_SALAD-KITS-SINGLES@@TULSA, OK - MULO",232,232,19084940.32,0,2022-01-09,2026-06-14,0,0.0,7,0,7|0
"SUBCATEGORY_SALADS_SALAD-KITS@@BIRMINGHAM/MONTGOMERY, AL - MULO",232,232,159183553.27,0,2022-01-09,2026-06-14,0,0.0,9,0,9|0
"SUBCATEGORY_SALADS_SALAD-KITS@@BUFFALO/ROCHESTER, NY - MULO",232,232,109243567.86,0,2022-01-09,2026-06-14,0,0.0,9,0,9|0
"SUBCATEGORY_SALADS_SALAD-KITS@@CINCINNATI/DAYTON, OH - MULO",232,232,173802903.6,0,2022-01-09,2026-06-14,0,0.0,9,0,9|0
"SUBCATEGORY_SALADS_SALAD-KITS@@CLEVELAND, OH - MULO",232,232,82338921.57000001,0,2022-01-09,2026-06-14,0,0.0,9,0,9|0
"SUBCATEGORY_SALADS_SALAD-KITS@@DALLAS/FT. WORTH, TX - MULO",232,232,345223342.25,0,2022-01-09,2026-06-14,0,0.0,9,0,9|0
"SUBCATEGORY_SALADS_SALAD-KITS@@DENVER, CO - MULO",232,232,267929146.54,0,2022-01-09,2026-06-14,0,0.0,9,0,9|0
"SUBCATEGORY_SALADS_SALAD-KITS@@LAS VEGAS, NV - MULO",232,232,115993355.67,0,2022-01-09,2026-06-14,0,0.0,9,0,9|0
"SUBCATEGORY_SALADS_SALAD-KITS@@MINNEAPOLIS/ST. PAUL, MN - MULO",232,232,204569674.38,0,2022-01-09,2026-06-14,0,0.0,9,0,9|0
"SUBCATEGORY_SALADS_SALAD-KITS@@NEW YORK, NY - MULO",232,232,412645805.1,0,2022-01-09,2026-06-14,0,0.0,9,0,9|0
"SUBCATEGORY_SALADS_SALAD-KITS@@OMAHA, NE - MULO",232,232,67009486.16,0,2022-01-09,2026-06-14,0,0.0,9,0,9|0
"SUBCATEGORY_SALADS_SALAD-KITS@@PEORIA/SPRINGFIELD, IL - MULO",232,232,89887321.69,0,2022-01-09,2026-06-14,0,0.0,9,0,9|0
"SUBCATEGORY_SALADS_SALAD-KITS@@RICHMOND/NORFOLK, VA - MULO",232,232,165163145.4,0,2022-01-09,2026-06-14,0,0.0,9,0,9|0
"SUBCATEGORY_SALADS_SALAD-KITS@@ROANOKE, VA - MULO",232,232,106554780.61,0,2022-01-09,2026-06-14,0,0.0,9,0,9|0
"SUBCATEGORY_SALADS_SALAD-KITS@@SALT LAKE CITY, UT - MULO",232,232,119336885.07,0,2022-01-09,2026-06-14,0,0.0,9,0,9|0
"SUBCATEGORY_SALADS_SALAD-KITS@@SAN FRANCISCO/OAKLAND, CA - MULO",232,232,215894352.3,0,2022-01-09,2026-06-14,0,0.0,9,0,9|0
SUBCATEGORY_SALADS_SALAD-KITS@@SOUTH CAROLINA - MULO,232,232,241091258.71,0,2022-01-09,2026-06-14,0,0.0,9,0,9|0
"SUBCATEGORY_SALADS_SALAD-KITS@@TAMPA/ST. PETERSBURG, FL - MULO",232,232,220000373.14,0,2022-01-09,2026-06-14,0,0.0,9,0,9|0
"SUBCATEGORY_SALADS_SALAD-KITS@@TULSA, OK - MULO",232,232,53457625.75,0,2022-01-09,2026-06-14,0,0.0,8,0,8|0
SUBCATEGORY_SALADS_SALAD-KITS@@WEST TEXAS/NEW MEXICO - MULO,232,232,164952645.41,0,2022-01-09,2026-06-14,0,0.0,9,0,9|0
"SUBCATEGORY_SALADS_SALADS@@GREEN BAY, WI - MULO",232,232,44884156.76,0,2022-01-09,2026-06-14,0,0.0,8,0,8|0
"SUBCATEGORY_SALADS_SALADS@@INDIANAPOLIS, IN - MULO",232,232,130064666.08,0,2022-01-09,2026-06-14,0,0.0,9,0,9|0
"SUBCATEGORY_SALADS_SALADS@@LOUISVILLE, KY - MULO",232,232,68886306.71,0,2022-01-09,2026-06-14,0,0.0,9,0,9|0
"SUBCATEGORY_SALADS_SALADS@@MIAMI/FT. LAUDERDALE, FL - MULO",232,232,472287787.6,0,2022-01-09,2026-06-14,0,0.0,9,0,9|0
"SUBCATEGORY_SALADS_SALADS@@MINNEAPOLIS/ST. PAUL, MN - MULO",232,232,218358043.23,0,2022-01-09,2026-06-14,0,0.0,9,0,9|0
"SUBCATEGORY_SALADS_SALADS@@NASHVILLE, TN - MULO",232,232,137632635.7,0,2022-01-09,2026-06-14,0,0.0,9,0,9|0
"SUBCATEGORY_SALADS_SALADS@@NEW YORK, NY - MULO",232,232,1060116435.7,0,2022-01-09,2026-06-14,0,0.0,9,0,9|0
"SUBCATEGORY_SALADS_SALADS@@OKLAHOMA CITY, OK - MULO",232,232,50534853.28,0,2022-01-09,2026-06-14,0,0.0,8,0,8|0
"SUBCATEGORY_SALADS_SALADS@@OMAHA, NE - MULO",232,232,68998163.32,0,2022-01-09,2026-06-14,0,0.0,9,0,9|0
"SUBCATEGORY_SALADS_SALADS@@PHOENIX/TUCSON, AZ - MULO",232,232,276008438.54,0,2022-01-09,2026-06-14,0,0.0,9,0,9|0
"SUBCATEGORY_SALADS_SALADS@@PROVIDENCE, RI - MULO",232,232,68669791.39,0,2022-01-09,2026-06-14,0,0.0,9,0,9|0
"SUBCATEGORY_SALADS_SALADS@@RALEIGH/GREENSBORO, NC - MULO",232,232,276525233.05,0,2022-01-09,2026-06-14,0,0.0,9,0,9|0
"SUBCATEGORY_SALADS_SALADS@@SACRAMENTO, CA - MULO",232,232,151122497.1,0,2022-01-09,2026-06-14,0,0.0,9,0,9|0
"SUBCATEGORY_SALADS_SALADS@@SEATTLE/TACOMA, WA - MULO",232,232,226089307.96,0,2022-01-09,2026-06-14,0,0.0,9,0,9|0
"SUBCATEGORY_SALADS_SLAWS@@ATLANTA, GA - MULO",232,232,25260325.95,0,2022-01-09,2026-06-14,0,0.0,7,0,7|0
"SUBCATEGORY_SALADS_SLAWS@@BIRMINGHAM/MONTGOMERY, AL - MULO",232,232,21729835.95,0,2022-01-09,2026-06-14,0,0.0,7,0,7|0
"SUBCATEGORY_SALADS_SLAWS@@CLEVELAND, OH - MULO",232,232,7071884.18,0,2022-01-09,2026-06-14,0,0.0,5,0,5|0
"SUBCATEGORY_SALADS_SLAWS@@DENVER, CO - MULO",232,232,17048652.21,0,2022-01-09,2026-06-14,0,0.0,7,0,7|0
"SUBCATEGORY_SALADS_SLAWS@@DES MOINES, IA - MULO",232,232,3692366.33,0,2022-01-09,2026-06-14,0,0.0,3,0,3|0
"SUBCATEGORY_SALADS_SLAWS@@KANSAS CITY, KS - MULO",232,232,9371478.78,0,2022-01-09,2026-06-14,0,0.0,5,0,5|0
"SUBCATEGORY_SALADS_SLAWS@@MIAMI/FT. LAUDERDALE, FL - MULO",232,232,25314719.07,0,2022-01-09,2026-06-14,0,0.0,7,0,7|0
SUBCATEGORY_SALADS_SLAWS@@MISSISSIPPI - MULO,232,232,9954807.54,0,2022-01-09,2026-06-14,0,0.0,6,0,6|0
SUBCATEGORY_SALADS_SLAWS@@NEW ENGLAND - MULO,232,232,16653834.75,0,2022-01-09,2026-06-14,0,0.0,7,0,7|0
"SUBCATEGORY_SALADS_SLAWS@@NEW ORLEANS, LA/MOBILE, AL - MULO",232,232,11532013.11,0,2022-01-09,2026-06-14,0,0.0,6,0,6|0
"SUBCATEGORY_SALADS_SLAWS@@OKLAHOMA CITY, OK - MULO",232,232,3969659.75,0,2022-01-09,2026-06-14,0,0.0,4,0,4|0
"SUBCATEGORY_SALADS_SLAWS@@OMAHA, NE - MULO",232,232,5317659.38,0,2022-01-09,2026-06-14,0,0.0,4,0,4|0
"SUBCATEGORY_SALADS_SLAWS@@PHILADELPHIA, PA - MULO",232,232,16699667.12,0,2022-01-09,2026-06-14,0,0.0,7,0,7|0
"SUBCATEGORY_SALADS_SLAWS@@PORTLAND, OR - MULO",232,232,13039138.79,0,2022-01-09,2026-06-14,0,0.0,6,0,6|0
"SUBCATEGORY_SALADS_SLAWS@@ROANOKE, VA - MULO",232,232,10309924.69,0,2022-01-09,2026-06-14,0,0.0,6,0,6|0
"SUBCATEGORY_SALADS_SLAWS@@SALT LAKE CITY, UT - MULO",232,232,8048078.49,0,2022-01-09,2026-06-14,0,0.0,5,0,5|0
"SUBCATEGORY_SALADS_SLAWS@@SYRACUSE, NY - MULO",232,232,4383209.42,0,2022-01-09,2026-06-14,0,0.0,4,0,4|0
"SUBCATEGORY_SALADS_SLAWS@@TOLEDO, OH - MULO",232,232,7149990.67,0,2022-01-09,2026-06-14,0,0.0,5,0,5|0
"SUBCATEGORY_SHELF-STABLE-RICE-&-GRAINS_SS-RICE-&-GRAINS-DRY-PLAIN@@ATLANTA, GA - MULO",232,232,234280506.82,0,2022-01-09,2026-06-14,0,0.0,9,0,9|0
"SUBCATEGORY_SHELF-STABLE-RICE-&-GRAINS_SS-RICE-&-GRAINS-DRY-PLAIN@@BALTIMORE, MD/WASHINGTON D.C. - MULO",232,232,322264924.5,0,2022-01-09,2026-06-14,0,0.0,9,0,9|0
"SUBCATEGORY_SHELF-STABLE-RICE-&-GRAINS_SS-RICE-&-GRAINS-DRY-PLAIN@@BIRMINGHAM/MONTGOMERY, AL - MULO",232,232,120997953.24,0,2022-01-09,2026-06-14,0,0.0,9,0,9|0
"SUBCATEGORY_SHELF-STABLE-RICE-&-GRAINS_SS-RICE-&-GRAINS-DRY-PLAIN@@BOISE, ID - MULO",232,232,15332846.83,0,2022-01-09,2026-06-14,0,0.0,6,0,6|0
"SUBCATEGORY_SHELF-STABLE-RICE-&-GRAINS_SS-RICE-&-GRAINS-DRY-PLAIN@@BUFFALO/ROCHESTER, NY - MULO",232,232,86202436.95,0,2022-01-09,2026-06-14,0,0.0,9,0,9|0
"SUBCATEGORY_SHELF-STABLE-RICE-&-GRAINS_SS-RICE-&-GRAINS-DRY-PLAIN@@CINCINNATI/DAYTON, OH - MULO",232,232,82020751.19,0,2022-01-09,2026-06-14,0,0.0,9,0,9|0
"SUBCATEGORY_SHELF-STABLE-RICE-&-GRAINS_SS-RICE-&-GRAINS-DRY-PLAIN@@DALLAS/FT. WORTH, TX - MULO",232,232,280142777.15,0,2022-01-09,2026-06-14,0,0.0,9,0,9|0
"SUBCATEGORY_SHELF-STABLE-RICE-&-GRAINS_SS-RICE-&-GRAINS-DRY-PLAIN@@DES MOINES, IA - MULO",232,232,28982018.12,0,2022-01-09,2026-06-14,0,0.0,8,0,8|0
"SUBCATEGORY_SHELF-STABLE-RICE-&-GRAINS_SS-RICE-&-GRAINS-DRY-PLAIN@@DETROIT, MI - MULO",232,232,112540956.43,0,2022-01-09,2026-06-14,0,0.0,9,0,9|0
"SUBCATEGORY_SHELF-STABLE-RICE-&-GRAINS_SS-RICE-&-GRAINS-DRY-PLAIN@@GRAND RAPIDS, MI - MULO",232,232,51664890.14,0,2022-01-09,2026-06-14,0,0.0,8,0,8|0
"SUBCATEGORY_SHELF-STABLE-RICE-&-GRAINS_SS-RICE-&-GRAINS-DRY-PLAIN@@HOUSTON, TX - MULO",232,232,251291432.8,0,2022-01-09,2026-06-14,0,0.0,9,0,9|0
"SUBCATEGORY_SHELF-STABLE-RICE-&-GRAINS_SS-RICE-&-GRAINS-DRY-PLAIN@@INDIANAPOLIS, IN - MULO",232,232,81814341.76,0,2022-01-09,2026-06-14,0,0.0,9,0,9|0
"SUBCATEGORY_SHELF-STABLE-RICE-&-GRAINS_SS-RICE-&-GRAINS-DRY-PLAIN@@LITTLE ROCK, AR - MULO",232,232,20532727.05,0,2022-01-09,2026-06-14,0,0.0,7,0,7|0
"SUBCATEGORY_SHELF-STABLE-RICE-&-GRAINS_SS-RICE-&-GRAINS-DRY-PLAIN@@LOS ANGELES, CA - MULO",232,232,499161052.7,0,2022-01-09,2026-06-14,0,0.0,9,0,9|0
"SUBCATEGORY_SHELF-STABLE-RICE-&-GRAINS_SS-RICE-&-GRAINS-DRY-PLAIN@@MIAMI/FT. LAUDERDALE, FL - MULO",232,232,543587747.7,0,2022-01-09,2026-06-14,0,0.0,9,0,9|0
"SUBCATEGORY_SHELF-STABLE-RICE-&-GRAINS_SS-RICE-&-GRAINS-DRY-PLAIN@@PEORIA/SPRINGFIELD, IL - MULO",232,232,38621529.31,0,2022-01-09,2026-06-14,0,0.0,8,0,8|0
"SUBCATEGORY_SHELF-STABLE-RICE-&-GRAINS_SS-RICE-&-GRAINS-DRY-PLAIN@@PITTSBURGH, PA - MULO",232,232,62791860.97,0,2022-01-09,2026-06-14,0,0.0,9,0,9|0
"SUBCATEGORY_SHELF-STABLE-RICE-&-GRAINS_SS-RICE-&-GRAINS-DRY-PLAIN@@PROVIDENCE, RI - MULO",232,232,38914352.5,0,2022-01-09,2026-06-14,0,0.0,8,0,8|0
"SUBCATEGORY_SHELF-STABLE-RICE-&-GRAINS_SS-RICE-&-GRAINS-DRY-PLAIN@@SAN DIEGO, CA - MULO",232,232,93492286.36,0,2022-01-09,2026-06-14,0,0.0,9,0,9|0
"SUBCATEGORY_SHELF-STABLE-RICE-&-GRAINS_SS-RICE-&-GRAINS-DRY-PLAIN@@SEATTLE/TACOMA, WA - MULO",232,232,104405372.2,0,2022-01-09,2026-06-14,0,0.0,9,0,9|0
SUBCATEGORY_SHELF-STABLE-RICE-&-GRAINS_SS-RICE-&-GRAINS-DRY-PLAIN@@SOUTH CAROLINA - MULO,232,232,264729764.5,0,2022-01-09,2026-06-14,0,0.0,9,0,9|0
"SUBCATEGORY_SHELF-STABLE-RICE-&-GRAINS_SS-RICE-&-GRAINS-DRY-PLAIN@@ST. LOUIS, MO - MULO",232,232,61013474.61,0,2022-01-09,2026-06-14,0,0.0,9,0,9|0
"SUBCATEGORY_SHELF-STABLE-RICE-&-GRAINS_SS-RICE-&-GRAINS-DRY-PLAIN@@SYRACUSE, NY - MULO",232,232,37841819.15,0,2022-01-09,2026-06-14,0,0.0,8,0,8|0
"SUBCATEGORY_SHELF-STABLE-RICE-&-GRAINS_SS-RICE-&-GRAINS-MIXES-&-CONVENIENCE@@ATLANTA, GA - MULO",232,232,144936398.59,0,2022-01-09,2026-06-14,0,0.0,9,0,9|0
"SUBCATEGORY_SHELF-STABLE-RICE-&-GRAINS_SS-RICE-&-GRAINS-MIXES-&-CONVENIENCE@@BALTIMORE, MD/WASHINGTON D.C. - MULO",232,232,218694817.62,0,2022-01-09,2026-06-14,0,0.0,9,0,9|0
"SUBCATEGORY_SHELF-STABLE-RICE-&-GRAINS_SS-RICE-&-GRAINS-MIXES-&-CONVENIENCE@@BOISE, ID - MULO",232,232,14467866.8,0,2022-01-09,2026-06-14,0,0.0,6,0,6|0
"SUBCATEGORY_SHELF-STABLE-RICE-&-GRAINS_SS-RICE-&-GRAINS-MIXES-&-CONVENIENCE@@BOSTON, MA - MULO",232,232,174325150.26,0,2022-01-09,2026-06-14,0,0.0,9,0,9|0
"SUBCATEGORY_SHELF-STABLE-RICE-&-GRAINS_SS-RICE-&-GRAINS-MIXES-&-CONVENIENCE@@CINCINNATI/DAYTON, OH - MULO",232,232,77006106.12,0,2022-01-09,2026-06-14,0,0.0,9,0,9|0
"SUBCATEGORY_SHELF-STABLE-RICE-&-GRAINS_SS-RICE-&-GRAINS-MIXES-&-CONVENIENCE@@HARRISBURG/SCRANTON, PA - MULO",232,232,109963680.83,0,2022-01-09,2026-06-14,0,0.0,9,0,9|0
"SUBCATEGORY_SHELF-STABLE-RICE-&-GRAINS_SS-RICE-&-GRAINS-MIXES-&-CONVENIENCE@@INDIANAPOLIS, IN - MULO",232,232,57221174.3,0,2022-01-09,2026-06-14,0,0.0,9,0,9|0
"SUBCATEGORY_SHELF-STABLE-RICE-&-GRAINS_SS-RICE-&-GRAINS-MIXES-&-CONVENIENCE@@MILWAUKEE, WI - MULO",232,232,59447861.04,0,2022-01-09,2026-06-14,0,0.0,9,0,9|0
"SUBCATEGORY_SHELF-STABLE-RICE-&-GRAINS_SS-RICE-&-GRAINS-MIXES-&-CONVENIENCE@@MINNEAPOLIS/ST. PAUL, MN - MULO",232,232,74380934.83,0,2022-01-09,2026-06-14,0,0.0,9,0,9|0
"SUBCATEGORY_SHELF-STABLE-RICE-&-GRAINS_SS-RICE-&-GRAINS-MIXES-&-CONVENIENCE@@PROVIDENCE, RI - MULO",232,232,26130597.28,0,2022-01-09,2026-06-14,0,0.0,7,0,7|0
"SUBCATEGORY_SHELF-STABLE-RICE-&-GRAINS_SS-RICE-&-GRAINS-MIXES-&-CONVENIENCE@@SALT LAKE CITY, UT - MULO",232,232,38462525.68,0,2022-01-09,2026-06-14,0,0.0,8,0,8|0
"SUBCATEGORY_SHELF-STABLE-RICE-&-GRAINS_SS-RICE-&-GRAINS-MIXES-&-CONVENIENCE@@SAN DIEGO, CA - MULO",232,232,56464098.26,0,2022-01-09,2026-06-14,0,0.0,8,0,8|0
"SUBCATEGORY_SHELF-STABLE-RICE-&-GRAINS_SS-RICE-&-GRAINS-MIXES-&-CONVENIENCE@@SAN FRANCISCO/OAKLAND, CA - MULO",232,232,72056781.72,0,2022-01-09,2026-06-14,0,0.0,9,0,9|0
"SUBCATEGORY_SHELF-STABLE-RICE-&-GRAINS_SS-RICE-&-GRAINS-MIXES-&-CONVENIENCE@@TOLEDO, OH - MULO",232,232,42775836.31,0,2022-01-09,2026-06-14,0,0.0,8,0,8|0
"SUBCATEGORY_SPECIALTY-FRUIT_COCONUTS@@BOSTON, MA - MULO",232,232,1436924.44,0,2022-01-09,2026-06-14,0,0.0,2,0,2|0
"SUBCATEGORY_SPECIALTY-FRUIT_COCONUTS@@CHARLOTTE, NC - MULO",232,232,999739.86,0,2022-01-09,2026-06-14,0,0.0,1,0,1|0
"SUBCATEGORY_SPECIALTY-FRUIT_COCONUTS@@CLEVELAND, OH - MULO",230,230,589535.63,3,2022-01-23,2026-06-14,0,0.0130434782608695,1,0,1|0
"SUBCATEGORY_SPECIALTY-FRUIT_COCONUTS@@JACKSONVILLE, FL - MULO",232,232,469513.04,3,2022-01-09,2026-06-14,0,0.0129310344827586,1,0,1|0
"SUBCATEGORY_SPECIALTY-FRUIT_COCONUTS@@KANSAS CITY, KS - MULO",232,232,684666.43,0,2022-01-09,2026-06-14,0,0.0,1,0,1|0
"SUBCATEGORY_SPECIALTY-FRUIT_COCONUTS@@KNOXVILLE, TN - MULO",220,232,358176.61,0,2022-01-09,2026-06-14,12,0.0,0,0,0|0
"SUBCATEGORY_SPECIALTY-FRUIT_COCONUTS@@LOUISVILLE, KY - MULO",221,232,478763.35,0,2022-01-09,2026-06-14,11,0.0,1,0,1|0
"SUBCATEGORY_SPECIALTY-FRUIT_COCONUTS@@NEW ORLEANS, LA/MOBILE, AL - MULO",230,232,1439219.7,2,2022-01-09,2026-06-14,2,0.008695652173913,2,0,2|0
"SUBCATEGORY_SPECIALTY-FRUIT_COCONUTS@@OMAHA, NE - MULO",232,232,398318.5,0,2022-01-09,2026-06-14,0,0.0,0,0,0|0
"SUBCATEGORY_SPECIALTY-FRUIT_COCONUTS@@ORLANDO, FL - MULO",228,228,1162252.17,4,2022-02-06,2026-06-14,0,0.0175438596491228,1,0,1|0
"SUBCATEGORY_SPECIALTY-FRUIT_COCONUTS@@PHILADELPHIA, PA - MULO",232,232,1606143.5,0,2022-01-09,2026-06-14,0,0.0,2,0,2|0
"SUBCATEGORY_SPECIALTY-FRUIT_COCONUTS@@PROVIDENCE, RI - MULO",232,232,204990.47,0,2022-01-09,2026-06-14,0,0.0,0,0,0|0
"SUBCATEGORY_SPECIALTY-FRUIT_COCONUTS@@RICHMOND/NORFOLK, VA - MULO",232,232,1034168.33,0,2022-01-09,2026-06-14,0,0.0,1,0,1|0
"SUBCATEGORY_SPECIALTY-FRUIT_COCONUTS@@ROANOKE, VA - MULO",232,232,833728.34,0,2022-01-09,2026-06-14,0,0.0,1,0,1|0
"SUBCATEGORY_SPECIALTY-FRUIT_COCONUTS@@SPOKANE, WA - MULO",230,230,92403.39,0,2022-01-23,2026-06-14,0,0.0,0,0,0|0
"SUBCATEGORY_SPECIALTY-FRUIT_COCONUTS@@SYRACUSE, NY - MULO",232,232,359200.78,0,2022-01-09,2026-06-14,0,0.0,0,0,0|0
"SUBCATEGORY_SPECIALTY-FRUIT_COCONUTS@@TAMPA/ST. PETERSBURG, FL - MULO",225,228,926565.43,20,2022-02-06,2026-06-14,3,0.0888888888888888,1,1,1|1
SUBCATEGORY_SPECIALTY-FRUIT_COCONUTS@@WEST TEXAS/NEW MEXICO - MULO,232,232,1560937.58,0,2022-01-09,2026-06-14,0,0.0,2,0,2|0
"SUBCATEGORY_SPECIALTY-FRUIT_FIGS@@BALTIMORE, MD/WASHINGTON D.C. - MULO",232,232,3088592.51,0,2022-01-09,2026-06-14,0,0.0,3,0,3|0
"SUBCATEGORY_SPECIALTY-FRUIT_FIGS@@CHARLOTTE, NC - MULO",222,232,575235.32,17,2022-01-09,2026-06-14,10,0.0765765765765765,1,1,1|1
"SUBCATEGORY_SPECIALTY-FRUIT_FIGS@@CINCINNATI/DAYTON, OH - MULO",223,232,108052.99,0,2022-01-09,2026-06-14,9,0.0,0,0,0|0
"SUBCATEGORY_SPECIALTY-FRUIT_FIGS@@COLUMBUS, OH - MULO",222,232,50657.23,0,2022-01-09,2026-06-14,10,0.0,0,0,0|0
"SUBCATEGORY_SPECIALTY-FRUIT_FIGS@@DETROIT, MI - MULO",218,232,415166.99,0,2022-01-09,2026-06-14,14,0.0,0,0,0|0
"SUBCATEGORY_SPECIALTY-FRUIT_FIGS@@GREEN BAY, WI - MULO",225,232,35571.16,1,2022-01-09,2026-06-14,7,0.0044444444444444,0,0,0|0
"SUBCATEGORY_SPECIALTY-FRUIT_FIGS@@HARRISBURG/SCRANTON, PA - MULO",231,232,1112524.27,0,2022-01-09,2026-06-14,1,0.0,1,0,1|0
"SUBCATEGORY_SPECIALTY-FRUIT_FIGS@@LOS ANGELES, CA - MULO",232,232,5782988.44,0,2022-01-09,2026-06-14,0,0.0,4,0,4|0
SUBCATEGORY_SPECIALTY-FRUIT_FIGS@@MISSISSIPPI - MULO,231,232,27870.22,0,2022-01-09,2026-06-14,1,0.0,0,0,0|0
"SUBCATEGORY_SPECIALTY-FRUIT_FIGS@@PHILADELPHIA, PA - MULO",232,232,2340376.92,0,2022-01-09,2026-06-14,0,0.0,3,0,3|0
"SUBCATEGORY_SPECIALTY-FRUIT_FIGS@@PORTLAND, OR - MULO",210,232,450994.76,0,2022-01-09,2026-06-14,22,0.0,1,0,1|0
"SUBCATEGORY_SPECIALTY-FRUIT_FIGS@@PROVIDENCE, RI - MULO",224,232,350704.87,2,2022-01-09,2026-06-14,8,0.0089285714285714,0,0,0|0
"SUBCATEGORY_SPECIALTY-FRUIT_FIGS@@RICHMOND/NORFOLK, VA - MULO",232,232,467511.25,0,2022-01-09,2026-06-14,0,0.0,1,0,1|0
"SUBCATEGORY_SPECIALTY-FRUIT_FIGS@@ST. LOUIS, MO - MULO",231,231,206784.04,17,2022-01-16,2026-06-14,0,0.0735930735930736,0,1,0|1
"SUBCATEGORY_SPECIALTY-FRUIT_KIWI@@COLUMBUS, OH - MULO",232,232,12994715.18,0,2022-01-09,2026-06-14,0,0.0,6,0,6|0
"SUBCATEGORY_SPECIALTY-FRUIT_KIWI@@DENVER, CO - MULO",232,232,25911656.35,0,2022-01-09,2026-06-14,0,0.0,7,0,7|0
"SUBCATEGORY_SPECIALTY-FRUIT_KIWI@@HARRISBURG/SCRANTON, PA - MULO",232,232,19674265.28,0,2022-01-09,2026-06-14,0,0.0,7,0,7|0
"SUBCATEGORY_SPECIALTY-FRUIT_KIWI@@HOUSTON, TX - MULO",232,232,24945065.36,0,2022-01-09,2026-06-14,0,0.0,7,0,7|0
"SUBCATEGORY_SPECIALTY-FRUIT_KIWI@@JACKSONVILLE, FL - MULO",232,232,9959091.09,0,2022-01-09,2026-06-14,0,0.0,6,0,6|0
"SUBCATEGORY_SPECIALTY-FRUIT_KIWI@@KANSAS CITY, KS - MULO",232,232,8546261.49,0,2022-01-09,2026-06-14,0,0.0,5,0,5|0
"SUBCATEGORY_SPECIALTY-FRUIT_KIWI@@KNOXVILLE, TN - MULO",232,232,5167246.71,0,2022-01-09,2026-06-14,0,0.0,4,0,4|0
"SUBCATEGORY_SPECIALTY-FRUIT_KIWI@@LAS VEGAS, NV - MULO",232,232,12834716.57,0,2022-01-09,2026-06-14,0,0.0,6,0,6|0
"SUBCATEGORY_SPECIALTY-FRUIT_KIWI@@LOS ANGELES, CA - MULO",232,232,75335911.05,0,2022-01-09,2026-06-14,0,0.0,9,0,9|0
"SUBCATEGORY_SPECIALTY-FRUIT_KIWI@@MEMPHIS, TN - MULO",232,232,6214428.72,0,2022-01-09,2026-06-14,0,0.0,4,0,4|0
"SUBCATEGORY_SPECIALTY-FRUIT_KIWI@@NASHVILLE, TN - MULO",232,232,11880071.13,0,2022-01-09,2026-06-14,0,0.0,6,0,6|0
"SUBCATEGORY_SPECIALTY-FRUIT_KIWI@@OMAHA, NE - MULO",232,232,6220698.66,0,2022-01-09,2026-06-14,0,0.0,4,0,4|0
"SUBCATEGORY_SPECIALTY-FRUIT_KIWI@@PHOENIX/TUCSON, AZ - MULO",232,232,24284999.45,0,2022-01-09,2026-06-14,0,0.0,7,0,7|0
"SUBCATEGORY_SPECIALTY-FRUIT_KIWI@@RICHMOND/NORFOLK, VA - MULO",232,232,15547840.33,0,2022-01-09,2026-06-14,0,0.0,7,0,7|0
"SUBCATEGORY_SPECIALTY-FRUIT_KIWI@@SYRACUSE, NY - MULO",232,232,5423455.3,0,2022-01-09,2026-06-14,0,0.0,4,0,4|0
"SUBCATEGORY_SPECIALTY-FRUIT_KIWI@@TAMPA/ST. PETERSBURG, FL - MULO",232,232,21514573.98,0,2022-01-09,2026-06-14,0,0.0,7,0,7|0
"SUBCATEGORY_SPECIALTY-FRUIT_KIWI@@TULSA, OK - MULO",232,232,3995262.28,0,2022-01-09,2026-06-14,0,0.0,4,0,4|0
"SUBCATEGORY_SPECIALTY-FRUIT_MANGOES@@COLUMBUS, OH - MULO",232,232,4814844.74,0,2022-01-09,2026-06-14,0,0.0,4,0,4|0
"SUBCATEGORY_SPECIALTY-FRUIT_MANGOES@@DES MOINES, IA - MULO",220,232,1768735.7,0,2022-01-09,2026-06-14,12,0.0,2,0,2|0
"SUBCATEGORY_SPECIALTY-FRUIT_MANGOES@@GREEN BAY, WI - MULO",232,232,1365359.59,0,2022-01-09,2026-06-14,0,0.0,2,0,2|0
"SUBCATEGORY_SPECIALTY-FRUIT_MANGOES@@HARRISBURG/SCRANTON, PA - MULO",232,232,8643831.63,0,2022-01-09,2026-06-14,0,0.0,5,0,5|0
"SUBCATEGORY_SPECIALTY-FRUIT_MANGOES@@KANSAS CITY, KS - MULO",231,232,4577432.21,0,2022-01-09,2026-06-14,1,0.0,4,0,4|0
"SUBCATEGORY_SPECIALTY-FRUIT_MANGOES@@LOS ANGELES, CA - MULO",232,232,23834008.71,0,2022-01-09,2026-06-14,0,0.0,7,0,7|0
"SUBCATEGORY_SPECIALTY-FRUIT_MANGOES@@MEMPHIS, TN - MULO",232,232,2629545.55,0,2022-01-09,2026-06-14,0,0.0,3,0,3|0
SUBCATEGORY_SPECIALTY-FRUIT_MANGOES@@MISSISSIPPI - MULO,232,232,2619485.6,0,2022-01-09,2026-06-14,0,0.0,3,0,3|0
SUBCATEGORY_SPECIALTY-FRUIT_MANGOES@@NEW ENGLAND - MULO,232,232,6525099.28,0,2022-01-09,2026-06-14,0,0.0,5,0,5|0
"SUBCATEGORY_SPECIALTY-FRUIT_MANGOES@@NEW ORLEANS, LA/MOBILE, AL - MULO",232,232,4288014.95,0,2022-01-09,2026-06-14,0,0.0,4,0,4|0
"SUBCATEGORY_SPECIALTY-FRUIT_MANGOES@@OKLAHOMA CITY, OK - MULO",232,232,3565263.71,0,2022-01-09,2026-06-14,0,0.0,3,0,3|0
"SUBCATEGORY_SPECIALTY-FRUIT_MANGOES@@OMAHA, NE - MULO",232,232,3275017.49,0,2022-01-09,2026-06-14,0,0.0,3,0,3|0
"SUBCATEGORY_SPECIALTY-FRUIT_MANGOES@@RALEIGH/GREENSBORO, NC - MULO",232,232,10773050.35,0,2022-01-09,2026-06-14,0,0.0,6,0,6|0
"SUBCATEGORY_SPECIALTY-FRUIT_MANGOES@@RICHMOND/NORFOLK, VA - MULO",232,232,8139251.44,0,2022-01-09,2026-06-14,0,0.0,5,0,5|0
"SUBCATEGORY_SPECIALTY-FRUIT_MANGOES@@SALT LAKE CITY, UT - MULO",232,232,4098824.29,0,2022-01-09,2026-06-14,0,0.0,4,0,4|0
"SUBCATEGORY_SPECIALTY-FRUIT_MANGOES@@SAN DIEGO, CA - MULO",232,232,4088942.79,0,2022-01-09,2026-06-14,0,0.0,4,0,4|0
"SUBCATEGORY_SPECIALTY-FRUIT_MANGOES@@SAN FRANCISCO/OAKLAND, CA - MULO",232,232,3290172.16,0,2022-01-09,2026-06-14,0,0.0,3,0,3|0
"SUBCATEGORY_SPECIALTY-FRUIT_MANGOES@@ST. LOUIS, MO - MULO",232,232,5124510.13,0,2022-01-09,2026-06-14,0,0.0,4,0,4|0
"SUBCATEGORY_SPECIALTY-FRUIT_OTHER-SPECIALTY-FRUIT@@ATLANTA, GA - MULO",232,232,4686686.59,0,2022-01-09,2026-06-14,0,0.0,4,0,4|0
"SUBCATEGORY_SPECIALTY-FRUIT_OTHER-SPECIALTY-FRUIT@@BOISE, ID - MULO",232,232,991817.12,0,2022-01-09,2026-06-14,0,0.0,1,0,1|0
"SUBCATEGORY_SPECIALTY-FRUIT_OTHER-SPECIALTY-FRUIT@@CHICAGO, IL - MULO",232,232,11485332.92,0,2022-01-09,2026-06-14,0,0.0,6,0,6|0
"SUBCATEGORY_SPECIALTY-FRUIT_OTHER-SPECIALTY-FRUIT@@DALLAS/FT. WORTH, TX - MULO",232,232,9655404.68,0,2022-01-09,2026-06-14,0,0.0,5,0,5|0
"SUBCATEGORY_SPECIALTY-FRUIT_OTHER-SPECIALTY-FRUIT@@HARRISBURG/SCRANTON, PA - MULO",232,232,4544460.52,0,2022-01-09,2026-06-14,0,0.0,4,0,4|0
"SUBCATEGORY_SPECIALTY-FRUIT_OTHER-SPECIALTY-FRUIT@@HOUSTON, TX - MULO",232,232,6228493.66,0,2022-01-09,2026-06-14,0,0.0,4,0,4|0
"SUBCATEGORY_SPECIALTY-FRUIT_OTHER-SPECIALTY-FRUIT@@INDIANAPOLIS, IN - MULO",232,232,3116542.46,0,2022-01-09,2026-06-14,0,0.0,3,0,3|0
"SUBCATEGORY_SPECIALTY-FRUIT_OTHER-SPECIALTY-FRUIT@@JACKSONVILLE, FL - MULO",232,232,1731725.5,0,2022-01-09,2026-06-14,0,0.0,2,0,2|0
"SUBCATEGORY_SPECIALTY-FRUIT_OTHER-SPECIALTY-FRUIT@@KANSAS CITY, KS - MULO",232,232,1929611.3,0,2022-01-09,2026-06-14,0,0.0,2,0,2|0
"SUBCATEGORY_SPECIALTY-FRUIT_OTHER-SPECIALTY-FRUIT@@LAS VEGAS, NV - MULO",232,232,2522815.67,0,2022-01-09,2026-06-14,0,0.0,3,0,3|0
SUBCATEGORY_SPECIALTY-FRUIT_OTHER-SPECIALTY-FRUIT@@NEW ENGLAND - MULO,232,232,3441782.66,0,2022-01-09,2026-06-14,0,0.0,3,0,3|0
"SUBCATEGORY_SPECIALTY-FRUIT_OTHER-SPECIALTY-FRUIT@@NEW YORK, NY - MULO",232,232,15726072.18,0,2022-01-09,2026-06-14,0,0.0,7,0,7|0
"SUBCATEGORY_SPECIALTY-FRUIT_OTHER-SPECIALTY-FRUIT@@OMAHA, NE - MULO",232,232,1304056.25,0,2022-01-09,2026-06-14,0,0.0,2,0,2|0
"SUBCATEGORY_SPECIALTY-FRUIT_OTHER-SPECIALTY-FRUIT@@PEORIA/SPRINGFIELD, IL - MULO",232,232,1681280.71,0,2022-01-09,2026-06-14,0,0.0,2,0,2|0
"SUBCATEGORY_SPECIALTY-FRUIT_OTHER-SPECIALTY-FRUIT@@PITTSBURGH, PA - MULO",232,232,2126577.74,0,2022-01-09,2026-06-14,0,0.0,2,0,2|0
"SUBCATEGORY_SPECIALTY-FRUIT_OTHER-SPECIALTY-FRUIT@@RICHMOND/NORFOLK, VA - MULO",232,232,2957293.72,0,2022-01-09,2026-06-14,0,0.0,3,0,3|0
"SUBCATEGORY_SPECIALTY-FRUIT_OTHER-SPECIALTY-FRUIT@@SPOKANE, WA - MULO",232,232,500617.41,0,2022-01-09,2026-06-14,0,0.0,1,0,1|0
"SUBCATEGORY_SPECIALTY-FRUIT_OTHER-SPECIALTY-FRUIT@@ST. LOUIS, MO - MULO",232,232,2483242.65,0,2022-01-09,2026-06-14,0,0.0,3,0,3|0
SUBCATEGORY_SPECIALTY-FRUIT_OTHER-SPECIALTY-FRUIT@@WEST TEXAS/NEW MEXICO - MULO,232,232,3897845.3,0,2022-01-09,2026-06-14,0,0.0,3,0,3|0
"SUBCATEGORY_SPECIALTY-FRUIT_PAPAYAS@@BIRMINGHAM/MONTGOMERY, AL - MULO",183,232,214722.76,60,2022-01-09,2026-06-14,49,0.3278688524590163,0,2,0|2
"SUBCATEGORY_SPECIALTY-FRUIT_PAPAYAS@@DES MOINES, IA - MULO",232,232,384167.31,0,2022-01-09,2026-06-14,0,0.0,0,0,0|0
"SUBCATEGORY_SPECIALTY-FRUIT_PAPAYAS@@KANSAS CITY, KS - MULO",232,232,471005.28,0,2022-01-09,2026-06-14,0,0.0,1,0,1|0
SUBCATEGORY_SPECIALTY-FRUIT_PAPAYAS@@MISSISSIPPI - MULO,200,232,165761.22,0,2022-01-09,2026-06-14,32,0.0,0,0,0|0
"SUBCATEGORY_SPECIALTY-FRUIT_PAPAYAS@@RALEIGH/GREENSBORO, NC - MULO",231,232,2653258.63,12,2022-01-09,2026-06-14,1,0.0519480519480519,3,1,3|1
"SUBCATEGORY_SPECIALTY-FRUIT_PAPAYAS@@SALT LAKE CITY, UT - MULO",199,232,212835.84,0,2022-01-09,2026-06-14,33,0.0,0,0,0|0
"SUBCATEGORY_SPECIALTY-FRUIT_PAPAYAS@@SAN FRANCISCO/OAKLAND, CA - MULO",232,232,1300932.58,0,2022-01-09,2026-06-14,0,0.0,2,0,2|0
"SUBCATEGORY_SPECIALTY-FRUIT_PAPAYAS@@ST. LOUIS, MO - MULO",232,232,348219.28,0,2022-01-09,2026-06-14,0,0.0,0,0,0|0
"SUBCATEGORY_SPECIALTY-FRUIT_PINEAPPLE@@ATLANTA, GA - MULO",232,232,7714298.49,0,2022-01-09,2026-06-14,0,0.0,5,0,5|0
"SUBCATEGORY_SPECIALTY-FRUIT_PINEAPPLE@@BIRMINGHAM/MONTGOMERY, AL - MULO",232,232,5442003.4,0,2022-01-09,2026-06-14,0,0.0,4,0,4|0
"SUBCATEGORY_SPECIALTY-FRUIT_PINEAPPLE@@BOISE, ID - MULO",232,232,799073.58,0,2022-01-09,2026-06-14,0,0.0,1,0,1|0
"SUBCATEGORY_SPECIALTY-FRUIT_PINEAPPLE@@BUFFALO/ROCHESTER, NY - MULO",232,232,11824816.49,0,2022-01-09,2026-06-14,0,0.0,6,0,6|0
"SUBCATEGORY_SPECIALTY-FRUIT_PINEAPPLE@@CHARLOTTE, NC - MULO",232,232,5498645.52,0,2022-01-09,2026-06-14,0,0.0,4,0,4|0
"SUBCATEGORY_SPECIALTY-FRUIT_PINEAPPLE@@CINCINNATI/DAYTON, OH - MULO",232,232,6997578.92,0,2022-01-09,2026-06-14,0,0.0,5,0,5|0
"SUBCATEGORY_SPECIALTY-FRUIT_PINEAPPLE@@CLEVELAND, OH - MULO",232,232,7311283.95,0,2022-01-09,2026-06-14,0,0.0,5,0,5|0
"SUBCATEGORY_SPECIALTY-FRUIT_PINEAPPLE@@DALLAS/FT. WORTH, TX - MULO",232,232,14852888.12,0,2022-01-09,2026-06-14,0,0.0,6,0,6|0
"SUBCATEGORY_SPECIALTY-FRUIT_PINEAPPLE@@GREEN BAY, WI - MULO",232,232,2838871.96,0,2022-01-09,2026-06-14,0,0.0,3,0,3|0
"SUBCATEGORY_SPECIALTY-FRUIT_PINEAPPLE@@HARTFORD, CT/SPRINGFIELD, MA - MULO",232,232,8858336.19,0,2022-01-09,2026-06-14,0,0.0,5,0,5|0
"SUBCATEGORY_SPECIALTY-FRUIT_PINEAPPLE@@LOS ANGELES, CA - MULO",232,232,21410086.92,0,2022-01-09,2026-06-14,0,0.0,7,0,7|0
"SUBCATEGORY_SPECIALTY-FRUIT_PINEAPPLE@@MIAMI/FT. LAUDERDALE, FL - MULO",232,232,7620035.21,0,2022-01-09,2026-06-14,0,0.0,5,0,5|0
SUBCATEGORY_SPECIALTY-FRUIT_PINEAPPLE@@MISSISSIPPI - MULO,232,232,3310286.96,0,2022-01-09,2026-06-14,0,0.0,3,0,3|0
"SUBCATEGORY_SPECIALTY-FRUIT_PINEAPPLE@@NEW ORLEANS, LA/MOBILE, AL - MULO",232,232,3733086.79,0,2022-01-09,2026-06-14,0,0.0,3,0,3|0
"SUBCATEGORY_SPECIALTY-FRUIT_PINEAPPLE@@NEW YORK, NY - MULO",232,232,31007297.58,0,2022-01-09,2026-06-14,0,0.0,8,0,8|0
"SUBCATEGORY_SPECIALTY-FRUIT_PINEAPPLE@@OKLAHOMA CITY, OK - MULO",232,232,2135981.55,0,2022-01-09,2026-06-14,0,0.0,2,0,2|0
"SUBCATEGORY_SPECIALTY-FRUIT_PINEAPPLE@@ORLANDO, FL - MULO",232,232,5006186.87,0,2022-01-09,2026-06-14,0,0.0,4,0,4|0
"SUBCATEGORY_SPECIALTY-FRUIT_PINEAPPLE@@RALEIGH/GREENSBORO, NC - MULO",232,232,6950147.28,0,2022-01-09,2026-06-14,0,0.0,5,0,5|0
"SUBCATEGORY_SPECIALTY-FRUIT_PINEAPPLE@@SAN FRANCISCO/OAKLAND, CA - MULO",232,232,2968363.44,0,2022-01-09,2026-06-14,0,0.0,3,0,3|0
SUBCATEGORY_SPECIALTY-FRUIT_PINEAPPLE@@SOUTH CAROLINA - MULO,232,232,9274299.34,0,2022-01-09,2026-06-14,0,0.0,5,0,5|0
"SUBCATEGORY_SPECIALTY-FRUIT_PINEAPPLE@@TAMPA/ST. PETERSBURG, FL - MULO",232,232,4408457.55,0,2022-01-09,2026-06-14,0,0.0,4,0,4|0
"SUBCATEGORY_SPECIALTY-FRUIT_PINEAPPLE@@TULSA, OK - MULO",232,232,1706559.94,0,2022-01-09,2026-06-14,0,0.0,2,0,2|0
"SUBCATEGORY_SQUASH_OTHER-SQUASH@@BALTIMORE, MD/WASHINGTON D.C. - MULO",232,232,1563696.69,0,2022-01-09,2026-06-14,0,0.0,2,0,2|0
"SUBCATEGORY_SQUASH_OTHER-SQUASH@@BOISE, ID - MULO",211,232,14038.21,18,2022-01-09,2026-06-14,21,0.0853080568720379,0,1,0|1
"SUBCATEGORY_SQUASH_OTHER-SQUASH@@DALLAS/FT. WORTH, TX - MULO",190,232,282809.67,0,2022-01-09,2026-06-14,42,0.0,0,0,0|0
"SUBCATEGORY_SQUASH_OTHER-SQUASH@@INDIANAPOLIS, IN - MULO",190,232,17147.9,0,2022-01-09,2026-06-14,42,0.0,0,0,0|0
"SUBCATEGORY_SQUASH_OTHER-SQUASH@@KANSAS CITY, KS - MULO",226,232,34760.61,1,2022-01-09,2026-06-14,6,0.0044247787610619,0,0,0|0
"SUBCATEGORY_SQUASH_OTHER-SQUASH@@LOS ANGELES, CA - MULO",232,232,741124.28,0,2022-01-09,2026-06-14,0,0.0,1,0,1|0
SUBCATEGORY_SQUASH_OTHER-SQUASH@@MISSISSIPPI - MULO,188,232,44386.5,18,2022-01-09,2026-06-14,44,0.0957446808510638,0,1,0|1
"SUBCATEGORY_SQUASH_OTHER-SQUASH@@NASHVILLE, TN - MULO",202,232,26606.73,6,2022-01-09,2026-06-14,30,0.0297029702970297,0,0,0|0
"SUBCATEGORY_SQUASH_OTHER-SQUASH@@NEW YORK, NY - MULO",232,232,588421.43,0,2022-01-09,2026-06-14,0,0.0,1,0,1|0
"SUBCATEGORY_SQUASH_OTHER-SQUASH@@OKLAHOMA CITY, OK - MULO",220,232,32284.56,168,2022-01-09,2026-06-14,12,0.7636363636363637,0,2,0|2
"SUBCATEGORY_SQUASH_OTHER-SQUASH@@ROANOKE, VA - MULO",232,232,414967.11,0,2022-01-09,2026-06-14,0,0.0,0,0,0|0
"SUBCATEGORY_SQUASH_OTHER-SQUASH@@SAN DIEGO, CA - MULO",229,232,161587.19,0,2022-01-09,2026-06-14,3,0.0,0,0,0|0
"SUBCATEGORY_SQUASH_OTHER-SQUASH@@SAN FRANCISCO/OAKLAND, CA - MULO",232,232,216726.07,0,2022-01-09,2026-06-14,0,0.0,0,0,0|0
"SUBCATEGORY_SQUASH_OTHER-SQUASH@@TULSA, OK - MULO",227,232,41748.87,11,2022-01-09,2026-06-14,5,0.0484581497797356,0,0,0|0
"SUBCATEGORY_SQUASH_OTHER-SQUASH@@WICHITA, KS - MULO",156,196,12879.69,84,2022-09-18,2026-06-14,40,0.5384615384615384,0,2,0|2
"SUBCATEGORY_SQUASH_SUMMER-SQUASH@@ALBANY, NY - MULO",232,232,940666.42,0,2022-01-09,2026-06-14,0,0.0,1,0,1|0
"SUBCATEGORY_SQUASH_SUMMER-SQUASH@@ATLANTA, GA - MULO",232,232,16618198.71,0,2022-01-09,2026-06-14,0,0.0,7,0,7|0
"SUBCATEGORY_SQUASH_SUMMER-SQUASH@@BALTIMORE, MD/WASHINGTON D.C. - MULO",232,232,5168573.12,0,2022-01-09,2026-06-14,0,0.0,4,0,4|0
"SUBCATEGORY_SQUASH_SUMMER-SQUASH@@BOISE, ID - MULO",221,232,5468.9400000000005,108,2022-01-09,2026-06-14,11,0.4886877828054298,0,2,0|2
"SUBCATEGORY_SQUASH_SUMMER-SQUASH@@BOSTON, MA - MULO",232,232,4964538.6,0,2022-01-09,2026-06-14,0,0.0,4,0,4|0
"SUBCATEGORY_SQUASH_SUMMER-SQUASH@@CINCINNATI/DAYTON, OH - MULO",232,232,307478.13,0,2022-01-09,2026-06-14,0,0.0,0,0,0|0
"SUBCATEGORY_SQUASH_SUMMER-SQUASH@@DALLAS/FT. WORTH, TX - MULO",232,232,830505.8,0,2022-01-09,2026-06-14,0,0.0,1,0,1|0
"SUBCATEGORY_SQUASH_SUMMER-SQUASH@@INDIANAPOLIS, IN - MULO",232,232,310762.39,0,2022-01-09,2026-06-14,0,0.0,0,0,0|0
"SUBCATEGORY_SQUASH_SUMMER-SQUASH@@JACKSONVILLE, FL - MULO",232,232,11786221.76,0,2022-01-09,2026-06-14,0,0.0,6,0,6|0
"SUBCATEGORY_SQUASH_SUMMER-SQUASH@@KANSAS CITY, KS - MULO",232,232,163106.95,0,2022-01-09,2026-06-14,0,0.0,0,0,0|0
"SUBCATEGORY_SQUASH_SUMMER-SQUASH@@LOS ANGELES, CA - MULO",232,232,5443437.42,0,2022-01-09,2026-06-14,0,0.0,4,0,4|0
"SUBCATEGORY_SQUASH_SUMMER-SQUASH@@LOUISVILLE, KY - MULO",232,232,178930.79,0,2022-01-09,2026-06-14,0,0.0,0,0,0|0
"SUBCATEGORY_SQUASH_SUMMER-SQUASH@@MIAMI/FT. LAUDERDALE, FL - MULO",232,232,30052951.04,0,2022-01-09,2026-06-14,0,0.0,8,0,8|0
SUBCATEGORY_SQUASH_SUMMER-SQUASH@@NEW ENGLAND - MULO,232,232,2401075.82,0,2022-01-09,2026-06-14,0,0.0,3,0,3|0
"SUBCATEGORY_SQUASH_SUMMER-SQUASH@@PORTLAND, OR - MULO",232,232,137365.56,0,2022-01-09,2026-06-14,0,0.0,0,0,0|0
"SUBCATEGORY_SQUASH_SUMMER-SQUASH@@RALEIGH/GREENSBORO, NC - MULO",232,232,1695104.29,0,2022-01-09,2026-06-14,0,0.0,2,0,2|0
"SUBCATEGORY_SQUASH_SUMMER-SQUASH@@ROANOKE, VA - MULO",232,232,501916.29,0,2022-01-09,2026-06-14,0,0.0,1,0,1|0
"SUBCATEGORY_SQUASH_SUMMER-SQUASH@@SAN FRANCISCO/OAKLAND, CA - MULO",232,232,1124487.45,0,2022-01-09,2026-06-14,0,0.0,1,0,1|0
"SUBCATEGORY_SQUASH_SUMMER-SQUASH@@SYRACUSE, NY - MULO",232,232,397279.07,0,2022-01-09,2026-06-14,0,0.0,0,0,0|0
"SUBCATEGORY_SQUASH_SUMMER-SQUASH@@TULSA, OK - MULO",232,232,331116.14,2,2022-01-09,2026-06-14,0,0.0086206896551724,0,0,0|0
"SUBCATEGORY_SQUASH_SUMMER-SQUASH@@WICHITA, KS - MULO",232,232,82356.09,0,2022-01-09,2026-06-14,0,0.0,0,0,0|0
"SUBCATEGORY_SQUASH_WINTER-SQUASH@@ALBANY, NY - MULO",232,232,1139874.79,0,2022-01-09,2026-06-14,0,0.0,1,0,1|0
"SUBCATEGORY_SQUASH_WINTER-SQUASH@@BIRMINGHAM/MONTGOMERY, AL - MULO",232,232,292883.39,0,2022-01-09,2026-06-14,0,0.0,0,0,0|0
"SUBCATEGORY_SQUASH_WINTER-SQUASH@@CLEVELAND, OH - MULO",232,232,639448.66,0,2022-01-09,2026-06-14,0,0.0,1,0,1|0
"SUBCATEGORY_SQUASH_WINTER-SQUASH@@DES MOINES, IA - MULO",226,232,61652.42,0,2022-01-09,2026-06-14,6,0.0,0,0,0|0
"SUBCATEGORY_SQUASH_WINTER-SQUASH@@DETROIT, MI - MULO",232,232,565177.41,0,2022-01-09,2026-06-14,0,0.0,1,0,1|0
"SUBCATEGORY_SQUASH_WINTER-SQUASH@@JACKSONVILLE, FL - MULO",232,232,275478.27,0,2022-01-09,2026-06-14,0,0.0,0,0,0|0
"SUBCATEGORY_SQUASH_WINTER-SQUASH@@KANSAS CITY, KS - MULO",232,232,215939.14,0,2022-01-09,2026-06-14,0,0.0,0,0,0|0
"SUBCATEGORY_SQUASH_WINTER-SQUASH@@MEMPHIS, TN - MULO",232,232,190688.99,0,2022-01-09,2026-06-14,0,0.0,0,0,0|0
"SUBCATEGORY_SQUASH_WINTER-SQUASH@@MILWAUKEE, WI - MULO",232,232,176198.8,0,2022-01-09,2026-06-14,0,0.0,0,0,0|0
"SUBCATEGORY_SQUASH_WINTER-SQUASH@@NEW ORLEANS, LA/MOBILE, AL - MULO",224,232,207692.66,0,2022-01-09,2026-06-14,8,0.0,0,0,0|0
"SUBCATEGORY_SQUASH_WINTER-SQUASH@@NEW YORK, NY - MULO",232,232,14273188.15,0,2022-01-09,2026-06-14,0,0.0,6,0,6|0
"SUBCATEGORY_SQUASH_WINTER-SQUASH@@PEORIA/SPRINGFIELD, IL - MULO",232,232,193907.37,0,2022-01-09,2026-06-14,0,0.0,0,0,0|0
"SUBCATEGORY_SQUASH_WINTER-SQUASH@@PHILADELPHIA, PA - MULO",232,232,3475120.13,0,2022-01-09,2026-06-14,0,0.0,3,0,3|0
"SUBCATEGORY_SQUASH_WINTER-SQUASH@@PHOENIX/TUCSON, AZ - MULO",232,232,895077.53,0,2022-01-09,2026-06-14,0,0.0,1,0,1|0
"SUBCATEGORY_SQUASH_WINTER-SQUASH@@PORTLAND, OR - MULO",232,232,1476125.88,0,2022-01-09,2026-06-14,0,0.0,2,0,2|0
"SUBCATEGORY_SQUASH_WINTER-SQUASH@@ST. LOUIS, MO - MULO",232,232,934074.25,0,2022-01-09,2026-06-14,0,0.0,1,0,1|0
"SUBCATEGORY_SQUASH_WINTER-SQUASH@@SYRACUSE, NY - MULO",232,232,389221.64,0,2022-01-09,2026-06-14,0,0.0,0,0,0|0
SUBCATEGORY_SQUASH_WINTER-SQUASH@@WEST TEXAS/NEW MEXICO - MULO,232,232,334682.57,0,2022-01-09,2026-06-14,0,0.0,0,0,0|0
"SUBCATEGORY_STONE-FRUIT_APRICOTS@@BOSTON, MA - MULO",209,222,381840.84,122,2022-03-20,2026-06-14,13,0.583732057416268,0,2,0|2
"SUBCATEGORY_STONE-FRUIT_APRICOTS@@BUFFALO/ROCHESTER, NY - MULO",198,214,190006.45,102,2022-05-15,2026-06-14,16,0.5151515151515151,0,2,0|2
"SUBCATEGORY_STONE-FRUIT_APRICOTS@@COLUMBUS, OH - MULO",229,232,285858.78,25,2022-01-09,2026-06-14,3,0.1091703056768559,0,1,0|1
"SUBCATEGORY_STONE-FRUIT_APRICOTS@@HARTFORD, CT/SPRINGFIELD, MA - MULO",191,214,380324.4,60,2022-05-15,2026-06-14,23,0.3141361256544502,0,2,0|2
"SUBCATEGORY_STONE-FRUIT_APRICOTS@@KNOXVILLE, TN - MULO",205,215,90843.72,122,2022-05-08,2026-06-14,10,0.5951219512195122,0,2,0|2
"SUBCATEGORY_STONE-FRUIT_APRICOTS@@LOUISVILLE, KY - MULO",220,230,103029.87,131,2022-01-23,2026-06-14,10,0.5954545454545455,0,2,0|2
"SUBCATEGORY_STONE-FRUIT_APRICOTS@@MINNEAPOLIS/ST. PAUL, MN - MULO",204,214,662336.15,114,2022-05-15,2026-06-14,10,0.5588235294117647,1,2,1|2
SUBCATEGORY_STONE-FRUIT_APRICOTS@@MISSISSIPPI - MULO,210,222,213718.41,132,2022-03-20,2026-06-14,12,0.6285714285714286,0,2,0|2
"SUBCATEGORY_STONE-FRUIT_APRICOTS@@OKLAHOMA CITY, OK - MULO",219,230,287094.73,127,2022-01-23,2026-06-14,11,0.5799086757990868,0,2,0|2
"SUBCATEGORY_STONE-FRUIT_APRICOTS@@ORLANDO, FL - MULO",206,214,892257.8,105,2022-05-15,2026-06-14,8,0.5097087378640777,1,2,1|2
"SUBCATEGORY_STONE-FRUIT_APRICOTS@@PEORIA/SPRINGFIELD, IL - MULO",207,214,165309.52,113,2022-05-15,2026-06-14,7,0.5458937198067633,0,2,0|2
"SUBCATEGORY_STONE-FRUIT_APRICOTS@@PHILADELPHIA, PA - MULO",220,232,553577.02,2,2022-01-09,2026-06-14,12,0.009090909090909,1,0,1|0
"SUBCATEGORY_STONE-FRUIT_APRICOTS@@RICHMOND/NORFOLK, VA - MULO",206,220,326122.19,109,2022-04-03,2026-06-14,14,0.529126213592233,0,2,0|2
"SUBCATEGORY_STONE-FRUIT_APRICOTS@@ROANOKE, VA - MULO",221,228,210268.78,137,2022-02-06,2026-06-14,7,0.6199095022624435,0,2,0|2
"SUBCATEGORY_STONE-FRUIT_APRICOTS@@TOLEDO, OH - MULO",225,231,117282.62,139,2022-01-16,2026-06-14,6,0.6177777777777778,0,2,0|2
"SUBCATEGORY_STONE-FRUIT_APRICOTS@@TULSA, OK - MULO",209,214,142739.07,128,2022-05-15,2026-06-14,5,0.6124401913875598,0,2,0|2
SUBCATEGORY_STONE-FRUIT_APRICOTS@@WEST TEXAS/NEW MEXICO - MULO,215,230,957740.26,111,2022-01-23,2026-06-14,15,0.5162790697674419,1,2,1|2
"SUBCATEGORY_STONE-FRUIT_CHERRIES@@ALBANY, NY - MULO",232,232,3240883.85,0,2022-01-09,2026-06-14,0,0.0,3,0,3|0
"SUBCATEGORY_STONE-FRUIT_CHERRIES@@BOSTON, MA - MULO",232,232,10616313.6,0,2022-01-09,2026-06-14,0,0.0,6,0,6|0
"SUBCATEGORY_STONE-FRUIT_CHERRIES@@HARTFORD, CT/SPRINGFIELD, MA - MULO",232,232,9371883.29,0,2022-01-09,2026-06-14,0,0.0,5,0,5|0
"SUBCATEGORY_STONE-FRUIT_CHERRIES@@HOUSTON, TX - MULO",232,232,13760257.57,0,2022-01-09,2026-06-14,0,0.0,6,0,6|0
"SUBCATEGORY_STONE-FRUIT_CHERRIES@@LOS ANGELES, CA - MULO",232,232,41704935.49,0,2022-01-09,2026-06-14,0,0.0,8,0,8|0
"SUBCATEGORY_STONE-FRUIT_CHERRIES@@LOUISVILLE, KY - MULO",232,232,2968037.98,0,2022-01-09,2026-06-14,0,0.0,3,0,3|0
"SUBCATEGORY_STONE-FRUIT_CHERRIES@@MIAMI/FT. LAUDERDALE, FL - MULO",232,232,16220222.32,0,2022-01-09,2026-06-14,0,0.0,7,0,7|0
SUBCATEGORY_STONE-FRUIT_CHERRIES@@NEW ENGLAND - MULO,232,232,6880724.79,0,2022-01-09,2026-06-14,0,0.0,5,0,5|0
"SUBCATEGORY_STONE-FRUIT_CHERRIES@@NEW YORK, NY - MULO",232,232,34884969.97,0,2022-01-09,2026-06-14,0,0.0,8,0,8|0
"SUBCATEGORY_STONE-FRUIT_CHERRIES@@PEORIA/SPRINGFIELD, IL - MULO",232,232,3852147.61,0,2022-01-09,2026-06-14,0,0.0,3,0,3|0
"SUBCATEGORY_STONE-FRUIT_CHERRIES@@PORTLAND, OR - MULO",232,232,5408385.26,0,2022-01-09,2026-06-14,0,0.0,4,0,4|0
"SUBCATEGORY_STONE-FRUIT_CHERRIES@@SAN DIEGO, CA - MULO",232,232,6754105.9,0,2022-01-09,2026-06-14,0,0.0,5,0,5|0
"SUBCATEGORY_STONE-FRUIT_CHERRIES@@SPOKANE, WA - MULO",214,232,1960123.18,18,2022-01-09,2026-06-14,18,0.0841121495327102,2,1,2|1
"SUBCATEGORY_STONE-FRUIT_CHERRIES@@SYRACUSE, NY - MULO",232,232,2948773.52,0,2022-01-09,2026-06-14,0,0.0,3,0,3|0
"SUBCATEGORY_STONE-FRUIT_CHERRIES@@TAMPA/ST. PETERSBURG, FL - MULO",232,232,12196806.45,3,2022-01-09,2026-06-14,0,0.0129310344827586,6,0,6|0
SUBCATEGORY_STONE-FRUIT_CHERRIES@@WEST TEXAS/NEW MEXICO - MULO,232,232,25683557.88,0,2022-01-09,2026-06-14,0,0.0,7,0,7|0
"SUBCATEGORY_STONE-FRUIT_NECTARINES@@BOISE, ID - MULO",217,230,369858.26,47,2022-01-23,2026-06-14,13,0.216589861751152,0,2,0|2
"SUBCATEGORY_STONE-FRUIT_NECTARINES@@CINCINNATI/DAYTON, OH - MULO",221,232,2103234.82,7,2022-01-09,2026-06-14,11,0.0316742081447963,2,0,2|0
"SUBCATEGORY_STONE-FRUIT_NECTARINES@@INDIANAPOLIS, IN - MULO",225,232,2059437.38,7,2022-01-09,2026-06-14,7,0.0311111111111111,2,0,2|0
"SUBCATEGORY_STONE-FRUIT_NECTARINES@@OKLAHOMA CITY, OK - MULO",217,232,2188809.21,17,2022-01-09,2026-06-14,15,0.0783410138248847,2,1,2|1
"SUBCATEGORY_STONE-FRUIT_NECTARINES@@OMAHA, NE - MULO",222,231,1554397.83,23,2022-01-16,2026-06-14,9,0.1036036036036036,2,1,2|1
"SUBCATEGORY_STONE-FRUIT_NECTARINES@@PITTSBURGH, PA - MULO",220,232,3717920.48,4,2022-01-09,2026-06-14,12,0.0181818181818181,3,0,3|0
"SUBCATEGORY_STONE-FRUIT_NECTARINES@@PROVIDENCE, RI - MULO",225,232,739547.44,14,2022-01-09,2026-06-14,7,0.0622222222222222,1,1,1|1
"SUBCATEGORY_STONE-FRUIT_NECTARINES@@RALEIGH/GREENSBORO, NC - MULO",223,232,4412728.76,8,2022-01-09,2026-06-14,9,0.0358744394618834,4,0,4|0
"SUBCATEGORY_STONE-FRUIT_NECTARINES@@ROANOKE, VA - MULO",223,232,2033009.48,7,2022-01-09,2026-06-14,9,0.0313901345291479,2,0,2|0
"SUBCATEGORY_STONE-FRUIT_NECTARINES@@SACRAMENTO, CA - MULO",216,230,3041829.42,17,2022-01-23,2026-06-14,14,0.0787037037037037,3,1,3|1
"SUBCATEGORY_STONE-FRUIT_NECTARINES@@SAN DIEGO, CA - MULO",216,232,3049762.97,23,2022-01-09,2026-06-14,16,0.1064814814814814,3,1,3|1
"SUBCATEGORY_STONE-FRUIT_NECTARINES@@ST. LOUIS, MO - MULO",218,232,2625468.32,9,2022-01-09,2026-06-14,14,0.0412844036697247,3,0,3|0
"SUBCATEGORY_STONE-FRUIT_NECTARINES@@SYRACUSE, NY - MULO",220,232,1736567.1,13,2022-01-09,2026-06-14,12,0.059090909090909,2,1,2|1
"SUBCATEGORY_STONE-FRUIT_PEACHES@@BOSTON, MA - MULO",217,232,4272078.4,18,2022-01-09,2026-06-14,15,0.0829493087557603,4,1,4|1
"SUBCATEGORY_STONE-FRUIT_PEACHES@@CINCINNATI/DAYTON, OH - MULO",205,227,3046405.61,45,2022-02-13,2026-06-14,22,0.2195121951219512,3,2,3|2
"SUBCATEGORY_STONE-FRUIT_PEACHES@@DENVER, CO - MULO",206,222,6454864.23,73,2022-03-20,2026-06-14,16,0.3543689320388349,5,2,5|2
"SUBCATEGORY_STONE-FRUIT_PEACHES@@GREEN BAY, WI - MULO",213,228,1051562.48,70,2022-02-06,2026-06-14,15,0.3286384976525822,1,2,1|2
"SUBCATEGORY_STONE-FRUIT_PEACHES@@HARRISBURG/SCRANTON, PA - MULO",223,229,5649197.56,27,2022-01-30,2026-06-14,6,0.1210762331838565,4,1,4|1
"SUBCATEGORY_STONE-FRUIT_PEACHES@@INDIANAPOLIS, IN - MULO",212,229,3286969.75,42,2022-01-30,2026-06-14,17,0.1981132075471698,3,1,3|1
"SUBCATEGORY_STONE-FRUIT_PEACHES@@LAS VEGAS, NV - MULO",218,232,4268911.68,84,2022-01-09,2026-06-14,14,0.3853211009174312,4,2,4|2
"SUBCATEGORY_STONE-FRUIT_PEACHES@@MEMPHIS, TN - MULO",222,229,2987482.58,45,2022-01-30,2026-06-14,7,0.2027027027027027,3,2,3|2
"SUBCATEGORY_STONE-FRUIT_PEACHES@@MILWAUKEE, WI - MULO",209,228,3248451.34,48,2022-02-06,2026-06-14,19,0.2296650717703349,3,2,3|2
"SUBCATEGORY_STONE-FRUIT_PEACHES@@MINNEAPOLIS/ST. PAUL, MN - MULO",205,229,6747164.05,38,2022-01-30,2026-06-14,24,0.1853658536585365,5,1,5|1
"SUBCATEGORY_STONE-FRUIT_PEACHES@@NASHVILLE, TN - MULO",219,229,4048754.69,31,2022-01-30,2026-06-14,10,0.1415525114155251,4,1,4|1
"SUBCATEGORY_STONE-FRUIT_PEACHES@@PHOENIX/TUCSON, AZ - MULO",206,230,6862658.46,37,2022-01-23,2026-06-14,24,0.1796116504854369,5,1,5|1
"SUBCATEGORY_STONE-FRUIT_PEACHES@@PROVIDENCE, RI - MULO",212,229,900063.02,30,2022-01-30,2026-06-14,17,0.1415094339622641,1,1,1|1
"SUBCATEGORY_STONE-FRUIT_PEACHES@@RICHMOND/NORFOLK, VA - MULO",219,229,5217485.31,23,2022-01-30,2026-06-14,10,0.1050228310502283,4,1,4|1
"SUBCATEGORY_STONE-FRUIT_PEACHES@@SALT LAKE CITY, UT - MULO",217,232,3155303.33,73,2022-01-09,2026-06-14,15,0.336405529953917,3,2,3|2
"SUBCATEGORY_STONE-FRUIT_PEACHES@@SEATTLE/TACOMA, WA - MULO",223,232,1604127.42,92,2022-01-09,2026-06-14,9,0.4125560538116592,2,2,2|2
SUBCATEGORY_STONE-FRUIT_PEACHES@@SOUTH CAROLINA - MULO,216,229,10084368.09,28,2022-01-30,2026-06-14,13,0.1296296296296296,6,1,6|1
"SUBCATEGORY_STONE-FRUIT_PEACHES@@TULSA, OK - MULO",203,228,1919692.23,54,2022-02-06,2026-06-14,25,0.2660098522167488,2,2,2|2
"SUBCATEGORY_STONE-FRUIT_PEACHES@@WICHITA, KS - MULO",207,228,1764133.22,49,2022-02-06,2026-06-14,21,0.2367149758454106,2,2,2|2
"SUBCATEGORY_STONE-FRUIT_PLUMS@@ALBANY, NY - MULO",216,223,1458316.74,11,2022-03-13,2026-06-14,7,0.0509259259259259,2,1,2|1
"SUBCATEGORY_STONE-FRUIT_PLUMS@@ATLANTA, GA - MULO",231,232,10777354.41,5,2022-01-09,2026-06-14,1,0.0216450216450216,6,0,6|0
"SUBCATEGORY_STONE-FRUIT_PLUMS@@BALTIMORE, MD/WASHINGTON D.C. - MULO",228,232,15088102.89,3,2022-01-09,2026-06-14,4,0.0131578947368421,6,0,6|0
"SUBCATEGORY_STONE-FRUIT_PLUMS@@BOSTON, MA - MULO",217,223,3554943.75,10,2022-03-13,2026-06-14,6,0.0460829493087557,3,0,3|0
"SUBCATEGORY_STONE-FRUIT_PLUMS@@DENVER, CO - MULO",226,232,5707961.68,3,2022-01-09,2026-06-14,6,0.0132743362831858,4,0,4|0
"SUBCATEGORY_STONE-FRUIT_PLUMS@@GRAND RAPIDS, MI - MULO",223,227,1600748.66,2,2022-02-13,2026-06-14,4,0.0089686098654708,2,0,2|0
"SUBCATEGORY_STONE-FRUIT_PLUMS@@HARRISBURG/SCRANTON, PA - MULO",232,232,5295426.63,4,2022-01-09,2026-06-14,0,0.0172413793103448,4,0,4|0
"SUBCATEGORY_STONE-FRUIT_PLUMS@@HOUSTON, TX - MULO",230,232,9814644.23,4,2022-01-09,2026-06-14,2,0.017391304347826,6,0,6|0
"SUBCATEGORY_STONE-FRUIT_PLUMS@@JACKSONVILLE, FL - MULO",222,227,3536457.32,3,2022-02-13,2026-06-14,5,0.0135135135135135,3,0,3|0
"SUBCATEGORY_STONE-FRUIT_PLUMS@@KANSAS CITY, KS - MULO",231,231,3151559.86,7,2022-01-16,2026-06-14,0,0.0303030303030303,3,0,3|0
"SUBCATEGORY_STONE-FRUIT_PLUMS@@LOUISVILLE, KY - MULO",228,232,1718845.31,5,2022-01-09,2026-06-14,4,0.0219298245614035,2,0,2|0
"SUBCATEGORY_STONE-FRUIT_PLUMS@@OKLAHOMA CITY, OK - MULO",228,231,2877353.52,7,2022-01-16,2026-06-14,3,0.0307017543859649,3,0,3|0
"SUBCATEGORY_STONE-FRUIT_PLUMS@@OMAHA, NE - MULO",225,232,1981985.13,11,2022-01-09,2026-06-14,7,0.0488888888888888,2,0,2|0
"SUBCATEGORY_STONE-FRUIT_PLUMS@@PEORIA/SPRINGFIELD, IL - MULO",229,232,1972802.06,6,2022-01-09,2026-06-14,3,0.0262008733624454,2,0,2|0
"SUBCATEGORY_STONE-FRUIT_PLUMS@@RALEIGH/GREENSBORO, NC - MULO",232,232,6558769.85,6,2022-01-09,2026-06-14,0,0.0258620689655172,5,0,5|0
"SUBCATEGORY_STONE-FRUIT_PLUMS@@SACRAMENTO, CA - MULO",227,230,1972296.09,12,2022-01-23,2026-06-14,3,0.052863436123348,2,1,2|1
SUBCATEGORY_STONE-FRUIT_PLUMS@@SOUTH CAROLINA - MULO,232,232,12792550.39,0,2022-01-09,2026-06-14,0,0.0,6,0,6|0
"SUBCATEGORY_STONE-FRUIT_PLUMS@@SPOKANE, WA - MULO",212,227,246559.0,42,2022-02-13,2026-06-14,15,0.1981132075471698,0,1,0|1
"SUBCATEGORY_STONE-FRUIT_PLUMS@@WICHITA, KS - MULO",221,222,1507735.31,2,2022-03-20,2026-06-14,1,0.0090497737556561,2,0,2|0
"SUBCATEGORY_TOMATOES_COCKTAIL-TOMATOES@@ALBANY, NY - MULO",232,232,5033642.65,0,2022-01-09,2026-06-14,0,0.0,4,0,4|0
"SUBCATEGORY_TOMATOES_COCKTAIL-TOMATOES@@BOSTON, MA - MULO",232,232,22005203.11,0,2022-01-09,2026-06-14,0,0.0,7,0,7|0
"SUBCATEGORY_TOMATOES_COCKTAIL-TOMATOES@@CHARLOTTE, NC - MULO",232,232,10494340.9,0,2022-01-09,2026-06-14,0,0.0,6,0,6|0
"SUBCATEGORY_TOMATOES_COCKTAIL-TOMATOES@@DALLAS/FT. WORTH, TX - MULO",232,232,18323945.38,0,2022-01-09,2026-06-14,0,0.0,7,0,7|0
"SUBCATEGORY_TOMATOES_COCKTAIL-TOMATOES@@DETROIT, MI - MULO",232,232,18694253.88,0,2022-01-09,2026-06-14,0,0.0,7,0,7|0
"SUBCATEGORY_TOMATOES_COCKTAIL-TOMATOES@@JACKSONVILLE, FL - MULO",232,232,8942172.49,0,2022-01-09,2026-06-14,0,0.0,5,0,5|0
"SUBCATEGORY_TOMATOES_COCKTAIL-TOMATOES@@MEMPHIS, TN - MULO",232,232,2120681.35,0,2022-01-09,2026-06-14,0,0.0,2,0,2|0
"SUBCATEGORY_TOMATOES_COCKTAIL-TOMATOES@@NEW ORLEANS, LA/MOBILE, AL - MULO",232,232,5048020.03,0,2022-01-09,2026-06-14,0,0.0,4,0,4|0
"SUBCATEGORY_TOMATOES_COCKTAIL-TOMATOES@@NEW YORK, NY - MULO",232,232,68189041.41,0,2022-01-09,2026-06-14,0,0.0,9,0,9|0
"SUBCATEGORY_TOMATOES_COCKTAIL-TOMATOES@@PEORIA/SPRINGFIELD, IL - MULO",232,232,3520616.68,0,2022-01-09,2026-06-14,0,0.0,3,0,3|0
"SUBCATEGORY_TOMATOES_COCKTAIL-TOMATOES@@PHOENIX/TUCSON, AZ - MULO",232,232,13631564.5,0,2022-01-09,2026-06-14,0,0.0,6,0,6|0
"SUBCATEGORY_TOMATOES_COCKTAIL-TOMATOES@@PITTSBURGH, PA - MULO",232,232,10567104.22,0,2022-01-09,2026-06-14,0,0.0,6,0,6|0
"SUBCATEGORY_TOMATOES_COCKTAIL-TOMATOES@@RALEIGH/GREENSBORO, NC - MULO",232,232,12273251.91,0,2022-01-09,2026-06-14,0,0.0,6,0,6|0
"SUBCATEGORY_TOMATOES_COCKTAIL-TOMATOES@@ROANOKE, VA - MULO",232,232,7668934.03,0,2022-01-09,2026-06-14,0,0.0,5,0,5|0
"SUBCATEGORY_TOMATOES_COCKTAIL-TOMATOES@@SACRAMENTO, CA - MULO",232,232,7672614.15,0,2022-01-09,2026-06-14,0,0.0,5,0,5|0
"SUBCATEGORY_TOMATOES_COCKTAIL-TOMATOES@@SAN FRANCISCO/OAKLAND, CA - MULO",232,232,16921110.49,0,2022-01-09,2026-06-14,0,0.0,7,0,7|0
"SUBCATEGORY_TOMATOES_COCKTAIL-TOMATOES@@SYRACUSE, NY - MULO",232,232,3238319.37,0,2022-01-09,2026-06-14,0,0.0,3,0,3|0
"SUBCATEGORY_TOMATOES_COCKTAIL-TOMATOES@@WICHITA, KS - MULO",232,232,1635989.88,0,2022-01-09,2026-06-14,0,0.0,2,0,2|0
"SUBCATEGORY_TOMATOES_COCKTAIL-TOMATOES_CONVENTIONAL@@LITTLE ROCK, AR - MULO",180,180,1107480.74,0,2023-01-08,2026-06-14,0,0.0,1,0,1|0
"SUBCATEGORY_TOMATOES_COCKTAIL-TOMATOES_CONVENTIONAL@@LOS ANGELES, CA - MULO",180,180,25266448.93,0,2023-01-08,2026-06-14,0,0.0,7,0,7|0
"SUBCATEGORY_TOMATOES_COCKTAIL-TOMATOES_ORGANIC@@LOS ANGELES, CA - MULO",180,180,1021435.24,1,2023-01-08,2026-06-14,0,0.0055555555555555,1,0,1|0
"SUBCATEGORY_TOMATOES_ROMA-TOMATOES@@ALBANY, NY - MULO",232,232,395220.9,0,2022-01-09,2026-06-14,0,0.0,0,0,0|0
"SUBCATEGORY_TOMATOES_ROMA-TOMATOES@@BIRMINGHAM/MONTGOMERY, AL - MULO",232,232,3440680.86,0,2022-01-09,2026-06-14,0,0.0,3,0,3|0
"SUBCATEGORY_TOMATOES_ROMA-TOMATOES@@BOISE, ID - MULO",232,232,432935.81,0,2022-01-09,2026-06-14,0,0.0,0,0,0|0
"SUBCATEGORY_TOMATOES_ROMA-TOMATOES@@BOSTON, MA - MULO",232,232,8914840.39,0,2022-01-09,2026-06-14,0,0.0,5,0,5|0
"SUBCATEGORY_TOMATOES_ROMA-TOMATOES@@BUFFALO/ROCHESTER, NY - MULO",232,232,5541430.88,0,2022-01-09,2026-06-14,0,0.0,4,0,4|0
"SUBCATEGORY_TOMATOES_ROMA-TOMATOES@@CHICAGO, IL - MULO",232,232,3403466.6,0,2022-01-09,2026-06-14,0,0.0,3,0,3|0
"SUBCATEGORY_TOMATOES_ROMA-TOMATOES@@DES MOINES, IA - MULO",232,232,371024.39,0,2022-01-09,2026-06-14,0,0.0,0,0,0|0
"SUBCATEGORY_TOMATOES_ROMA-TOMATOES@@DETROIT, MI - MULO",232,232,1784312.23,0,2022-01-09,2026-06-14,0,0.0,2,0,2|0
"SUBCATEGORY_TOMATOES_ROMA-TOMATOES@@HARRISBURG/SCRANTON, PA - MULO",232,232,3029711.25,0,2022-01-09,2026-06-14,0,0.0,3,0,3|0
"SUBCATEGORY_TOMATOES_ROMA-TOMATOES@@KANSAS CITY, KS - MULO",232,232,952803.58,0,2022-01-09,2026-06-14,0,0.0,1,0,1|0
"SUBCATEGORY_TOMATOES_ROMA-TOMATOES@@KNOXVILLE, TN - MULO",232,232,1578747.35,0,2022-01-09,2026-06-14,0,0.0,2,0,2|0
"SUBCATEGORY_TOMATOES_ROMA-TOMATOES@@LOS ANGELES, CA - MULO",232,232,14168410.99,0,2022-01-09,2026-06-14,0,0.0,6,0,6|0
"SUBCATEGORY_TOMATOES_ROMA-TOMATOES@@LOUISVILLE, KY - MULO",232,232,960546.68,0,2022-01-09,2026-06-14,0,0.0,1,0,1|0
"SUBCATEGORY_TOMATOES_ROMA-TOMATOES@@MEMPHIS, TN - MULO",232,232,474386.11,0,2022-01-09,2026-06-14,0,0.0,1,0,1|0
"SUBCATEGORY_TOMATOES_ROMA-TOMATOES@@PEORIA/SPRINGFIELD, IL - MULO",232,232,693285.91,0,2022-01-09,2026-06-14,0,0.0,1,0,1|0
"SUBCATEGORY_TOMATOES_ROMA-TOMATOES@@PITTSBURGH, PA - MULO",232,232,1670522.18,0,2022-01-09,2026-06-14,0,0.0,2,0,2|0
"SUBCATEGORY_TOMATOES_ROMA-TOMATOES@@SACRAMENTO, CA - MULO",232,232,3855557.77,0,2022-01-09,2026-06-14,0,0.0,3,0,3|0
"SUBCATEGORY_TOMATOES_ROMA-TOMATOES@@SAN FRANCISCO/OAKLAND, CA - MULO",232,232,4939107.09,0,2022-01-09,2026-06-14,0,0.0,4,0,4|0
SUBCATEGORY_TOMATOES_ROMA-TOMATOES@@SOUTH CAROLINA - MULO,232,232,7247973.36,0,2022-01-09,2026-06-14,0,0.0,5,0,5|0
"SUBCATEGORY_TOMATOES_ROMA-TOMATOES@@SPOKANE, WA - MULO",232,232,227434.77,0,2022-01-09,2026-06-14,0,0.0,0,0,0|0
"SUBCATEGORY_TOMATOES_ROMA-TOMATOES@@ST. LOUIS, MO - MULO",232,232,597204.42,0,2022-01-09,2026-06-14,0,0.0,1,0,1|0
"SUBCATEGORY_TOMATOES_ROMA-TOMATOES@@TULSA, OK - MULO",232,232,449298.55,0,2022-01-09,2026-06-14,0,0.0,1,0,1|0
SUBCATEGORY_TOMATOES_ROMA-TOMATOES@@WEST TEXAS/NEW MEXICO - MULO,232,232,8436379.5,0,2022-01-09,2026-06-14,0,0.0,5,0,5|0
"SUBCATEGORY_TOMATOES_ROMA-TOMATOES_NATURAL@@LOS ANGELES, CA - MULO",180,180,6013253.0,0,2023-01-08,2026-06-14,0,0.0,4,0,4|0
"SUBCATEGORY_TOMATOES_ROMA-TOMATOES_ORGANIC@@LOS ANGELES, CA - MULO",180,180,6012916.54,0,2023-01-08,2026-06-14,0,0.0,4,0,4|0
"SUBCATEGORY_TOMATOES_SNACKING-TOMATOES@@GREEN BAY, WI - MULO",232,232,16705149.86,0,2022-01-09,2026-06-14,0,0.0,7,0,7|0
"SUBCATEGORY_TOMATOES_SNACKING-TOMATOES@@HARTFORD, CT/SPRINGFIELD, MA - MULO",232,232,113250972.52,0,2022-01-09,2026-06-14,0,0.0,9,0,9|0
"SUBCATEGORY_TOMATOES_SNACKING-TOMATOES@@INDIANAPOLIS, IN - MULO",232,232,52914502.25,0,2022-01-09,2026-06-14,0,0.0,8,0,8|0
"SUBCATEGORY_TOMATOES_SNACKING-TOMATOES@@JACKSONVILLE, FL - MULO",232,232,49911512.75,0,2022-01-09,2026-06-14,0,0.0,8,0,8|0
"SUBCATEGORY_TOMATOES_SNACKING-TOMATOES@@LOUISVILLE, KY - MULO",232,232,27898940.53,0,2022-01-09,2026-06-14,0,0.0,8,0,8|0
"SUBCATEGORY_TOMATOES_SNACKING-TOMATOES@@MEMPHIS, TN - MULO",232,232,19201632.79,0,2022-01-09,2026-06-14,0,0.0,7,0,7|0
"SUBCATEGORY_TOMATOES_SNACKING-TOMATOES@@MILWAUKEE, WI - MULO",232,232,59039354.34,0,2022-01-09,2026-06-14,0,0.0,9,0,9|0
"SUBCATEGORY_TOMATOES_SNACKING-TOMATOES@@NEW ORLEANS, LA/MOBILE, AL - MULO",232,232,58964356.24,0,2022-01-09,2026-06-14,0,0.0,9,0,9|0
"SUBCATEGORY_TOMATOES_SNACKING-TOMATOES@@NEW YORK, NY - MULO",232,232,441086741.9,0,2022-01-09,2026-06-14,0,0.0,9,0,9|0
"SUBCATEGORY_TOMATOES_SNACKING-TOMATOES@@OKLAHOMA CITY, OK - MULO",232,232,27811756.83,0,2022-01-09,2026-06-14,0,0.0,8,0,8|0
"SUBCATEGORY_TOMATOES_SNACKING-TOMATOES@@ORLANDO, FL - MULO",232,232,104584136.07,0,2022-01-09,2026-06-14,0,0.0,9,0,9|0
"SUBCATEGORY_TOMATOES_SNACKING-TOMATOES@@PEORIA/SPRINGFIELD, IL - MULO",232,232,40706682.78,0,2022-01-09,2026-06-14,0,0.0,8,0,8|0
"SUBCATEGORY_TOMATOES_SNACKING-TOMATOES@@PHILADELPHIA, PA - MULO",232,232,187908997.2,0,2022-01-09,2026-06-14,0,0.0,9,0,9|0
"SUBCATEGORY_TOMATOES_SNACKING-TOMATOES@@PROVIDENCE, RI - MULO",232,232,28797487.16,0,2022-01-09,2026-06-14,0,0.0,8,0,8|0
"SUBCATEGORY_TOMATOES_SNACKING-TOMATOES@@ROANOKE, VA - MULO",232,232,58766495.04,0,2022-01-09,2026-06-14,0,0.0,9,0,9|0
"SUBCATEGORY_TOMATOES_SNACKING-TOMATOES@@SACRAMENTO, CA - MULO",232,232,58180604.68,0,2022-01-09,2026-06-14,0,0.0,9,0,9|0
"SUBCATEGORY_TOMATOES_SNACKING-TOMATOES@@SALT LAKE CITY, UT - MULO",232,232,43242349.17,0,2022-01-09,2026-06-14,0,0.0,8,0,8|0
SUBCATEGORY_TOMATOES_SNACKING-TOMATOES@@SOUTH CAROLINA - MULO,232,232,133873882.19,0,2022-01-09,2026-06-14,0,0.0,9,0,9|0
"SUBCATEGORY_TOMATOES_SNACKING-TOMATOES@@ST. LOUIS, MO - MULO",232,232,71686747.45,0,2022-01-09,2026-06-14,0,0.0,9,0,9|0
"SUBCATEGORY_TOMATOES_SNACKING-TOMATOES@@SYRACUSE, NY - MULO",232,232,40372345.25,0,2022-01-09,2026-06-14,0,0.0,8,0,8|0
"SUBCATEGORY_TOMATOES_SNACKING-TOMATOES@@TAMPA/ST. PETERSBURG, FL - MULO",232,232,114670728.49,0,2022-01-09,2026-06-14,0,0.0,9,0,9|0
"SUBCATEGORY_TOMATOES_SNACKING-TOMATOES@@TULSA, OK - MULO",232,232,22033065.25,0,2022-01-09,2026-06-14,0,0.0,7,0,7|0
"SUBCATEGORY_TOMATOES_SNACKING-TOMATOES_CONVENTIONAL@@LOS ANGELES, CA - MULO",180,180,93732266.17,0,2023-01-08,2026-06-14,0,0.0,9,0,9|0
"SUBCATEGORY_TOMATOES_SNACKING-TOMATOES_ORGANIC@@LOS ANGELES, CA - MULO",180,180,28658457.54,0,2023-01-08,2026-06-14,0,0.0,8,0,8|0
"SUBCATEGORY_TOMATOES_TOMATOES@@ALBANY, NY - MULO",232,232,4928723.92,0,2022-01-09,2026-06-14,0,0.0,4,0,4|0
"SUBCATEGORY_TOMATOES_TOMATOES@@BOISE, ID - MULO",232,232,1306081.43,0,2022-01-09,2026-06-14,0,0.0,2,0,2|0
"SUBCATEGORY_TOMATOES_TOMATOES@@CLEVELAND, OH - MULO",232,232,8392840.42,0,2022-01-09,2026-06-14,0,0.0,5,0,5|0
"SUBCATEGORY_TOMATOES_TOMATOES@@COLUMBUS, OH - MULO",232,232,11381292.3,0,2022-01-09,2026-06-14,0,0.0,6,0,6|0
"SUBCATEGORY_TOMATOES_TOMATOES@@DENVER, CO - MULO",232,232,21939638.66,0,2022-01-09,2026-06-14,0,0.0,7,0,7|0
"SUBCATEGORY_TOMATOES_TOMATOES@@DETROIT, MI - MULO",232,232,15014223.1,0,2022-01-09,2026-06-14,0,0.0,6,0,6|0
"SUBCATEGORY_TOMATOES_TOMATOES@@HARRISBURG/SCRANTON, PA - MULO",232,232,14106109.73,0,2022-01-09,2026-06-14,0,0.0,6,0,6|0
"SUBCATEGORY_TOMATOES_TOMATOES@@MEMPHIS, TN - MULO",232,232,4526902.26,0,2022-01-09,2026-06-14,0,0.0,4,0,4|0
"SUBCATEGORY_TOMATOES_TOMATOES@@MILWAUKEE, WI - MULO",232,232,7912831.45,0,2022-01-09,2026-06-14,0,0.0,5,0,5|0
"SUBCATEGORY_TOMATOES_TOMATOES@@OKLAHOMA CITY, OK - MULO",232,232,1534505.22,0,2022-01-09,2026-06-14,0,0.0,2,0,2|0
"SUBCATEGORY_TOMATOES_TOMATOES@@PHILADELPHIA, PA - MULO",232,232,19376258.57,0,2022-01-09,2026-06-14,0,0.0,7,0,7|0
"SUBCATEGORY_TOMATOES_TOMATOES@@PHOENIX/TUCSON, AZ - MULO",232,232,13247107.26,0,2022-01-09,2026-06-14,0,0.0,6,0,6|0
"SUBCATEGORY_TOMATOES_TOMATOES@@SACRAMENTO, CA - MULO",232,232,4582908.75,0,2022-01-09,2026-06-14,0,0.0,4,0,4|0
"SUBCATEGORY_TOMATOES_TOMATOES@@SALT LAKE CITY, UT - MULO",232,232,5138474.18,0,2022-01-09,2026-06-14,0,0.0,4,0,4|0
SUBCATEGORY_TOMATOES_TOMATOES@@SOUTH CAROLINA - MULO,232,232,27162908.91,0,2022-01-09,2026-06-14,0,0.0,8,0,8|0
"SUBCATEGORY_TOMATOES_TOMATOES_CONVENTIONAL@@LOS ANGELES, CA - MULO",180,180,21288900.21,0,2023-01-08,2026-06-14,0,0.0,7,0,7|0
"SUBCATEGORY_TOMATOES_VINE-RIPE-TOMATOES@@ALBANY, NY - MULO",232,232,3392646.08,0,2022-01-09,2026-06-14,0,0.0,3,0,3|0
"SUBCATEGORY_TOMATOES_VINE-RIPE-TOMATOES@@BOISE, ID - MULO",224,232,353048.07,0,2022-01-09,2026-06-14,8,0.0,0,0,0|0
"SUBCATEGORY_TOMATOES_VINE-RIPE-TOMATOES@@BUFFALO/ROCHESTER, NY - MULO",232,232,12736121.71,0,2022-01-09,2026-06-14,0,0.0,6,0,6|0
"SUBCATEGORY_TOMATOES_VINE-RIPE-TOMATOES@@COLUMBUS, OH - MULO",232,232,6245128.6,0,2022-01-09,2026-06-14,0,0.0,4,0,4|0
"SUBCATEGORY_TOMATOES_VINE-RIPE-TOMATOES@@HARRISBURG/SCRANTON, PA - MULO",232,232,11534628.14,0,2022-01-09,2026-06-14,0,0.0,6,0,6|0
"SUBCATEGORY_TOMATOES_VINE-RIPE-TOMATOES@@KANSAS CITY, KS - MULO",232,232,6672762.8,0,2022-01-09,2026-06-14,0,0.0,5,0,5|0
"SUBCATEGORY_TOMATOES_VINE-RIPE-TOMATOES@@MEMPHIS, TN - MULO",232,232,3846223.17,0,2022-01-09,2026-06-14,0,0.0,3,0,3|0
"SUBCATEGORY_TOMATOES_VINE-RIPE-TOMATOES@@MIAMI/FT. LAUDERDALE, FL - MULO",232,232,20701443.54,0,2022-01-09,2026-06-14,0,0.0,7,0,7|0
"SUBCATEGORY_TOMATOES_VINE-RIPE-TOMATOES@@PHOENIX/TUCSON, AZ - MULO",232,232,9578088.41,0,2022-01-09,2026-06-14,0,0.0,5,0,5|0
"SUBCATEGORY_TOMATOES_VINE-RIPE-TOMATOES@@ROANOKE, VA - MULO",232,232,6619137.51,0,2022-01-09,2026-06-14,0,0.0,5,0,5|0
"SUBCATEGORY_TOMATOES_VINE-RIPE-TOMATOES@@SALT LAKE CITY, UT - MULO",232,232,3148988.41,0,2022-01-09,2026-06-14,0,0.0,3,0,3|0
"SUBCATEGORY_TOMATOES_VINE-RIPE-TOMATOES@@SAN FRANCISCO/OAKLAND, CA - MULO",232,232,3531667.55,0,2022-01-09,2026-06-14,0,0.0,3,0,3|0
"SUBCATEGORY_TOMATOES_VINE-RIPE-TOMATOES@@ST. LOUIS, MO - MULO",232,232,6528071.91,0,2022-01-09,2026-06-14,0,0.0,5,0,5|0
SUBCATEGORY_TOMATOES_VINE-RIPE-TOMATOES@@WEST TEXAS/NEW MEXICO - MULO,232,232,9150668.43,0,2022-01-09,2026-06-14,0,0.0,5,0,5|0
"SUBCATEGORY_TOMATOES_VINE-RIPE-TOMATOES_CONVENTIONAL@@LITTLE ROCK, AR - MULO",180,180,877845.78,0,2023-01-08,2026-06-14,0,0.0,1,0,1|0
"SUBCATEGORY_VALUE-ADDED-FRUIT_FRUIT-TRAYS@@CLEVELAND, OH - MULO",232,232,4405613.06,0,2022-01-09,2026-06-14,0,0.0,4,0,4|0
"SUBCATEGORY_VALUE-ADDED-FRUIT_FRUIT-TRAYS@@COLUMBUS, OH - MULO",232,232,2583178.91,0,2022-01-09,2026-06-14,0,0.0,3,0,3|0
"SUBCATEGORY_VALUE-ADDED-FRUIT_FRUIT-TRAYS@@DES MOINES, IA - MULO",232,232,457687.54,0,2022-01-09,2026-06-14,0,0.0,1,0,1|0
"SUBCATEGORY_VALUE-ADDED-FRUIT_FRUIT-TRAYS@@HARTFORD, CT/SPRINGFIELD, MA - MULO",232,232,2163723.49,0,2022-01-09,2026-06-14,0,0.0,2,0,2|0
"SUBCATEGORY_VALUE-ADDED-FRUIT_FRUIT-TRAYS@@HOUSTON, TX - MULO",232,232,4898678.3,0,2022-01-09,2026-06-14,0,0.0,4,0,4|0
"SUBCATEGORY_VALUE-ADDED-FRUIT_FRUIT-TRAYS@@LOS ANGELES, CA - MULO",232,232,8609399.66,0,2022-01-09,2026-06-14,0,0.0,5,0,5|0
"SUBCATEGORY_VALUE-ADDED-FRUIT_FRUIT-TRAYS@@MEMPHIS, TN - MULO",232,232,1904227.91,0,2022-01-09,2026-06-14,0,0.0,2,0,2|0
"SUBCATEGORY_VALUE-ADDED-FRUIT_FRUIT-TRAYS@@MILWAUKEE, WI - MULO",232,232,2485844.35,0,2022-01-09,2026-06-14,0,0.0,3,0,3|0
"SUBCATEGORY_VALUE-ADDED-FRUIT_FRUIT-TRAYS@@MINNEAPOLIS/ST. PAUL, MN - MULO",232,232,2614253.05,0,2022-01-09,2026-06-14,0,0.0,3,0,3|0
"SUBCATEGORY_VALUE-ADDED-FRUIT_FRUIT-TRAYS@@NEW YORK, NY - MULO",232,232,6320240.37,0,2022-01-09,2026-06-14,0,0.0,4,0,4|0
"SUBCATEGORY_VALUE-ADDED-FRUIT_FRUIT-TRAYS@@OMAHA, NE - MULO",232,232,1341251.29,0,2022-01-09,2026-06-14,0,0.0,2,0,2|0
"SUBCATEGORY_VALUE-ADDED-FRUIT_FRUIT-TRAYS@@ORLANDO, FL - MULO",232,232,7269601.47,0,2022-01-09,2026-06-14,0,0.0,5,0,5|0
"SUBCATEGORY_VALUE-ADDED-FRUIT_FRUIT-TRAYS@@PEORIA/SPRINGFIELD, IL - MULO",232,232,2629846.89,0,2022-01-09,2026-06-14,0,0.0,3,0,3|0
"SUBCATEGORY_VALUE-ADDED-FRUIT_FRUIT-TRAYS@@RALEIGH/GREENSBORO, NC - MULO",232,232,6007917.29,0,2022-01-09,2026-06-14,0,0.0,4,0,4|0
"SUBCATEGORY_VALUE-ADDED-FRUIT_FRUIT-TRAYS@@SACRAMENTO, CA - MULO",232,232,2014425.05,0,2022-01-09,2026-06-14,0,0.0,2,0,2|0
"SUBCATEGORY_VALUE-ADDED-FRUIT_FRUIT-TRAYS@@SPOKANE, WA - MULO",232,232,813342.21,0,2022-01-09,2026-06-14,0,0.0,1,0,1|0
"SUBCATEGORY_VALUE-ADDED-FRUIT_FRUIT-TRAYS@@TOLEDO, OH - MULO",232,232,2610752.48,0,2022-01-09,2026-06-14,0,0.0,3,0,3|0
"SUBCATEGORY_VALUE-ADDED-FRUIT_FRUIT-TRAYS@@TULSA, OK - MULO",232,232,1763031.21,0,2022-01-09,2026-06-14,0,0.0,2,0,2|0
SUBCATEGORY_VALUE-ADDED-FRUIT_FRUIT-TRAYS@@WEST TEXAS/NEW MEXICO - MULO,232,232,6440252.08,0,2022-01-09,2026-06-14,0,0.0,5,0,5|0
"SUBCATEGORY_VALUE-ADDED-FRUIT_PREPARED-FRUIT@@BALTIMORE, MD/WASHINGTON D.C. - MULO",232,232,147040935.74,0,2022-01-09,2026-06-14,0,0.0,9,0,9|0
"SUBCATEGORY_VALUE-ADDED-FRUIT_PREPARED-FRUIT@@BOSTON, MA - MULO",232,232,75169100.27,0,2022-01-09,2026-06-14,0,0.0,9,0,9|0
"SUBCATEGORY_VALUE-ADDED-FRUIT_PREPARED-FRUIT@@CLEVELAND, OH - MULO",232,232,55153963.94,0,2022-01-09,2026-06-14,0,0.0,8,0,8|0
"SUBCATEGORY_VALUE-ADDED-FRUIT_PREPARED-FRUIT@@COLUMBUS, OH - MULO",232,232,91555682.3,0,2022-01-09,2026-06-14,0,0.0,9,0,9|0
"SUBCATEGORY_VALUE-ADDED-FRUIT_PREPARED-FRUIT@@DENVER, CO - MULO",232,232,145770173.57,0,2022-01-09,2026-06-14,0,0.0,9,0,9|0
"SUBCATEGORY_VALUE-ADDED-FRUIT_PREPARED-FRUIT@@HARRISBURG/SCRANTON, PA - MULO",232,232,56635449.04,0,2022-01-09,2026-06-14,0,0.0,9,0,9|0
"SUBCATEGORY_VALUE-ADDED-FRUIT_PREPARED-FRUIT@@HOUSTON, TX - MULO",232,232,124905864.4,0,2022-01-09,2026-06-14,0,0.0,9,0,9|0
"SUBCATEGORY_VALUE-ADDED-FRUIT_PREPARED-FRUIT@@INDIANAPOLIS, IN - MULO",232,232,95934322.92,0,2022-01-09,2026-06-14,0,0.0,9,0,9|0
"SUBCATEGORY_VALUE-ADDED-FRUIT_PREPARED-FRUIT@@KANSAS CITY, KS - MULO",232,232,28448135.45,0,2022-01-09,2026-06-14,0,0.0,8,0,8|0
"SUBCATEGORY_VALUE-ADDED-FRUIT_PREPARED-FRUIT@@MINNEAPOLIS/ST. PAUL, MN - MULO",232,232,87496446.09,0,2022-01-09,2026-06-14,0,0.0,9,0,9|0
SUBCATEGORY_VALUE-ADDED-FRUIT_PREPARED-FRUIT@@NEW ENGLAND - MULO,232,232,61105304.0,0,2022-01-09,2026-06-14,0,0.0,9,0,9|0
"SUBCATEGORY_VALUE-ADDED-FRUIT_PREPARED-FRUIT@@NEW ORLEANS, LA/MOBILE, AL - MULO",232,232,48584610.5,0,2022-01-09,2026-06-14,0,0.0,8,0,8|0
"SUBCATEGORY_VALUE-ADDED-FRUIT_PREPARED-FRUIT@@NEW YORK, NY - MULO",232,232,177969803.14,0,2022-01-09,2026-06-14,0,0.0,9,0,9|0
"SUBCATEGORY_VALUE-ADDED-FRUIT_PREPARED-FRUIT@@PORTLAND, OR - MULO",232,232,68473299.7,0,2022-01-09,2026-06-14,0,0.0,9,0,9|0
"SUBCATEGORY_VALUE-ADDED-FRUIT_PREPARED-FRUIT@@RALEIGH/GREENSBORO, NC - MULO",232,232,68747797.95,0,2022-01-09,2026-06-14,0,0.0,9,0,9|0
"SUBCATEGORY_VALUE-ADDED-VEGETABLES_PREPARED-VEGETABLES@@BIRMINGHAM/MONTGOMERY, AL - MULO",232,232,59758032.63,0,2022-01-09,2026-06-14,0,0.0,9,0,9|0
"SUBCATEGORY_VALUE-ADDED-VEGETABLES_PREPARED-VEGETABLES@@BOSTON, MA - MULO",232,232,73441632.83,0,2022-01-09,2026-06-14,0,0.0,9,0,9|0
"SUBCATEGORY_VALUE-ADDED-VEGETABLES_PREPARED-VEGETABLES@@CHICAGO, IL - MULO",232,232,78005932.91,0,2022-01-09,2026-06-14,0,0.0,9,0,9|0
"SUBCATEGORY_VALUE-ADDED-VEGETABLES_PREPARED-VEGETABLES@@DALLAS/FT. WORTH, TX - MULO",232,232,86444560.13,0,2022-01-09,2026-06-14,0,0.0,9,0,9|0
"SUBCATEGORY_VALUE-ADDED-VEGETABLES_PREPARED-VEGETABLES@@GREEN BAY, WI - MULO",232,232,6806354.36,0,2022-01-09,2026-06-14,0,0.0,5,0,5|0
"SUBCATEGORY_VALUE-ADDED-VEGETABLES_PREPARED-VEGETABLES@@HARTFORD, CT/SPRINGFIELD, MA - MULO",232,232,43654164.04,0,2022-01-09,2026-06-14,0,0.0,8,0,8|0
"SUBCATEGORY_VALUE-ADDED-VEGETABLES_PREPARED-VEGETABLES@@KNOXVILLE, TN - MULO",232,232,17030301.45,0,2022-01-09,2026-06-14,0,0.0,7,0,7|0
"SUBCATEGORY_VALUE-ADDED-VEGETABLES_PREPARED-VEGETABLES@@LAS VEGAS, NV - MULO",232,232,28594106.41,0,2022-01-09,2026-06-14,0,0.0,8,0,8|0
"SUBCATEGORY_VALUE-ADDED-VEGETABLES_PREPARED-VEGETABLES@@LITTLE ROCK, AR - MULO",232,232,11116910.36,0,2022-01-09,2026-06-14,0,0.0,6,0,6|0
"SUBCATEGORY_VALUE-ADDED-VEGETABLES_PREPARED-VEGETABLES@@LOUISVILLE, KY - MULO",232,232,24927714.34,0,2022-01-09,2026-06-14,0,0.0,7,0,7|0
"SUBCATEGORY_VALUE-ADDED-VEGETABLES_PREPARED-VEGETABLES@@MEMPHIS, TN - MULO",232,232,17742738.08,0,2022-01-09,2026-06-14,0,0.0,7,0,7|0
"SUBCATEGORY_VALUE-ADDED-VEGETABLES_PREPARED-VEGETABLES@@MILWAUKEE, WI - MULO",232,232,30706422.28,0,2022-01-09,2026-06-14,0,0.0,8,0,8|0
"SUBCATEGORY_VALUE-ADDED-VEGETABLES_PREPARED-VEGETABLES@@MINNEAPOLIS/ST. PAUL, MN - MULO",232,232,49216411.52,0,2022-01-09,2026-06-14,0,0.0,8,0,8|0
"SUBCATEGORY_VALUE-ADDED-VEGETABLES_PREPARED-VEGETABLES@@OMAHA, NE - MULO",232,232,17069543.76,0,2022-01-09,2026-06-14,0,0.0,7,0,7|0
"SUBCATEGORY_VALUE-ADDED-VEGETABLES_PREPARED-VEGETABLES@@PHOENIX/TUCSON, AZ - MULO",232,232,76127167.53,0,2022-01-09,2026-06-14,0,0.0,9,0,9|0
"SUBCATEGORY_VALUE-ADDED-VEGETABLES_PREPARED-VEGETABLES@@PORTLAND, OR - MULO",232,232,40652443.33,0,2022-01-09,2026-06-14,0,0.0,8,0,8|0
"SUBCATEGORY_VALUE-ADDED-VEGETABLES_PREPARED-VEGETABLES@@RALEIGH/GREENSBORO, NC - MULO",232,232,47485693.92,0,2022-01-09,2026-06-14,0,0.0,8,0,8|0
"SUBCATEGORY_VALUE-ADDED-VEGETABLES_PREPARED-VEGETABLES@@SACRAMENTO, CA - MULO",232,232,36834910.72,0,2022-01-09,2026-06-14,0,0.0,8,0,8|0
"SUBCATEGORY_VALUE-ADDED-VEGETABLES_PREPARED-VEGETABLES@@SEATTLE/TACOMA, WA - MULO",232,232,45742534.13,0,2022-01-09,2026-06-14,0,0.0,8,0,8|0
SUBCATEGORY_VALUE-ADDED-VEGETABLES_PREPARED-VEGETABLES@@SOUTH CAROLINA - MULO,232,232,80175965.03,0,2022-01-09,2026-06-14,0,0.0,9,0,9|0
"SUBCATEGORY_VALUE-ADDED-VEGETABLES_PREPARED-VEGETABLES@@TULSA, OK - MULO",232,232,11358494.47,0,2022-01-09,2026-06-14,0,0.0,6,0,6|0
"SUBCATEGORY_VALUE-ADDED-VEGETABLES_VEGETABLE-TRAYS@@ALBANY, NY - MULO",232,232,2167226.96,0,2022-01-09,2026-06-14,0,0.0,2,0,2|0
"SUBCATEGORY_VALUE-ADDED-VEGETABLES_VEGETABLE-TRAYS@@BOISE, ID - MULO",232,232,4633915.99,0,2022-01-09,2026-06-14,0,0.0,4,0,4|0
"SUBCATEGORY_VALUE-ADDED-VEGETABLES_VEGETABLE-TRAYS@@BUFFALO/ROCHESTER, NY - MULO",232,232,2704969.76,0,2022-01-09,2026-06-14,0,0.0,3,0,3|0
"SUBCATEGORY_VALUE-ADDED-VEGETABLES_VEGETABLE-TRAYS@@CHICAGO, IL - MULO",232,232,22807566.25,0,2022-01-09,2026-06-14,0,0.0,7,0,7|0
"SUBCATEGORY_VALUE-ADDED-VEGETABLES_VEGETABLE-TRAYS@@CINCINNATI/DAYTON, OH - MULO",232,232,14954366.34,0,2022-01-09,2026-06-14,0,0.0,6,0,6|0
"SUBCATEGORY_VALUE-ADDED-VEGETABLES_VEGETABLE-TRAYS@@DETROIT, MI - MULO",232,232,18070071.52,0,2022-01-09,2026-06-14,0,0.0,7,0,7|0
"SUBCATEGORY_VALUE-ADDED-VEGETABLES_VEGETABLE-TRAYS@@GREEN BAY, WI - MULO",232,232,2775644.89,0,2022-01-09,2026-06-14,0,0.0,3,0,3|0
"SUBCATEGORY_VALUE-ADDED-VEGETABLES_VEGETABLE-TRAYS@@HARRISBURG/SCRANTON, PA - MULO",232,232,7744707.02,0,2022-01-09,2026-06-14,0,0.0,5,0,5|0
"SUBCATEGORY_VALUE-ADDED-VEGETABLES_VEGETABLE-TRAYS@@HARTFORD, CT/SPRINGFIELD, MA - MULO",232,232,6367601.82,0,2022-01-09,2026-06-14,0,0.0,5,0,5|0
"SUBCATEGORY_VALUE-ADDED-VEGETABLES_VEGETABLE-TRAYS@@HOUSTON, TX - MULO",232,232,8355384.56,0,2022-01-09,2026-06-14,0,0.0,5,0,5|0
"SUBCATEGORY_VALUE-ADDED-VEGETABLES_VEGETABLE-TRAYS@@KANSAS CITY, KS - MULO",232,232,7004365.11,0,2022-01-09,2026-06-14,0,0.0,5,0,5|0
"SUBCATEGORY_VALUE-ADDED-VEGETABLES_VEGETABLE-TRAYS@@LAS VEGAS, NV - MULO",232,232,9788835.0,0,2022-01-09,2026-06-14,0,0.0,6,0,6|0
"SUBCATEGORY_VALUE-ADDED-VEGETABLES_VEGETABLE-TRAYS@@MINNEAPOLIS/ST. PAUL, MN - MULO",232,232,16457210.01,0,2022-01-09,2026-06-14,0,0.0,7,0,7|0
"SUBCATEGORY_VALUE-ADDED-VEGETABLES_VEGETABLE-TRAYS@@OMAHA, NE - MULO",232,232,4666800.34,0,2022-01-09,2026-06-14,0,0.0,4,0,4|0
"SUBCATEGORY_VALUE-ADDED-VEGETABLES_VEGETABLE-TRAYS@@PHOENIX/TUCSON, AZ - MULO",232,232,30098239.51,0,2022-01-09,2026-06-14,0,0.0,8,0,8|0
"SUBCATEGORY_VALUE-ADDED-VEGETABLES_VEGETABLE-TRAYS@@PITTSBURGH, PA - MULO",232,232,6479304.49,0,2022-01-09,2026-06-14,0,0.0,5,0,5|0
"SUBCATEGORY_VALUE-ADDED-VEGETABLES_VEGETABLE-TRAYS@@PORTLAND, OR - MULO",232,232,19921675.76,0,2022-01-09,2026-06-14,0,0.0,7,0,7|0
"SUBCATEGORY_VALUE-ADDED-VEGETABLES_VEGETABLE-TRAYS@@RALEIGH/GREENSBORO, NC - MULO",232,232,9254401.78,0,2022-01-09,2026-06-14,0,0.0,5,0,5|0
"SUBCATEGORY_VALUE-ADDED-VEGETABLES_VEGETABLE-TRAYS@@RICHMOND/NORFOLK, VA - MULO",232,232,9466120.45,0,2022-01-09,2026-06-14,0,0.0,5,0,5|0
"SUBCATEGORY_VALUE-ADDED-VEGETABLES_VEGETABLE-TRAYS@@SALT LAKE CITY, UT - MULO",232,232,9921346.65,0,2022-01-09,2026-06-14,0,0.0,6,0,6|0
"SUBCATEGORY_VALUE-ADDED-VEGETABLES_VEGETABLE-TRAYS@@SEATTLE/TACOMA, WA - MULO",232,232,17257112.12,0,2022-01-09,2026-06-14,0,0.0,7,0,7|0
"SUBCATEGORY_VALUE-ADDED-VEGETABLES_VEGETABLE-TRAYS@@SPOKANE, WA - MULO",232,232,5165671.09,0,2022-01-09,2026-06-14,0,0.0,4,0,4|0
"SUBCATEGORY_VALUE-ADDED-VEGETABLES_VEGETABLE-TRAYS@@TULSA, OK - MULO",232,232,5686401.8,0,2022-01-09,2026-06-14,0,0.0,4,0,4|0
