#tsbench {"sample_key": "cfa6aca1c7a6df8f", "seed": 42, "panel_series": 7473, "eligible": 7139, "strata": 25, "min_stratum": 1, "min_observed_weeks": 156, "min_train_weeks": 104}
unique_id,n_obs,n_grid,total_volume,n_zero,first_ds,last_ds,n_missing,zero_share,volume_decile,zero_bin,stratum
"SUBCATEGORY_APPLES_FUJI-APPLES@@ALBANY, NY - MULO",232,232,2707541.22,0,2022-01-09,2026-06-14,0,0.0,3,0,3|0
"SUBCATEGORY_APPLES_FUJI-APPLES@@ATLANTA, GA - MULO",232,232,18389630.76,0,2022-01-09,2026-06-14,0,0.0,7,0,7|0
"SUBCATEGORY_APPLES_FUJI-APPLES@@BALTIMORE, MD/WASHINGTON D.C. - MULO",232,232,33630014.49,0,2022-01-09,2026-06-14,0,0.0,8,0,8|0
"SUBCATEGORY_APPLES_FUJI-APPLES@@BIRMINGHAM/MONTGOMERY, AL - MULO",232,232,12112764.54,0,2022-01-09,2026-06-14,0,0.0,6,0,6|0
"SUBCATEGORY_APPLES_FUJI-APPLES@@BOISE, ID - MULO",232,232,2183703.22,0,2022-01-09,2026-06-14,0,0.0,2,0,2|0
"SUBCATEGORY_APPLES_FUJI-APPLES@@BOSTON, MA - MULO",232,232,10924678.4,0,2022-01-09,2026-06-14,0,0.0,6,0,6|0
"SUBCATEGORY_APPLES_FUJI-APPLES@@BUFFALO/ROCHESTER, NY - MULO",232,232,6565672.2,0,2022-01-09,2026-06-14,0,0.0,5,0,5|0
"SUBCATEGORY_APPLES_FUJI-APPLES@@CHARLOTTE, NC - MULO",232,232,10954792.24,0,2022-01-09,2026-06-14,0,0.0,6,0,6|0
"SUBCATEGORY_APPLES_FUJI-APPLES@@CHICAGO, IL - MULO",232,232,20868414.25,0,2022-01-09,2026-06-14,0,0.0,7,0,7|0
"SUBCATEGORY_APPLES_FUJI-APPLES@@CINCINNATI/DAYTON, OH - MULO",232,232,10809228.56,0,2022-01-09,2026-06-14,0,0.0,6,0,6|0
"SUBCATEGORY_APPLES_FUJI-APPLES@@CLEVELAND, OH - MULO",232,232,5389958.05,0,2022-01-09,2026-06-14,0,0.0,4,0,4|0
"SUBCATEGORY_APPLES_FUJI-APPLES@@COLUMBUS, OH - MULO",232,232,8791460.53,0,2022-01-09,2026-06-14,0,0.0,5,0,5|0
"SUBCATEGORY_APPLES_FUJI-APPLES@@DALLAS/FT. WORTH, TX - MULO",232,232,22965439.13,0,2022-01-09,2026-06-14,0,0.0,7,0,7|0
"SUBCATEGORY_APPLES_FUJI-APPLES@@DENVER, CO - MULO",232,232,14972036.05,0,2022-01-09,2026-06-14,0,0.0,6,0,6|0
"SUBCATEGORY_APPLES_FUJI-APPLES@@DES MOINES, IA - MULO",232,232,2413569.73,0,2022-01-09,2026-06-14,0,0.0,3,0,3|0
"SUBCATEGORY_APPLES_FUJI-APPLES@@DETROIT, MI - MULO",232,232,18096540.98,0,2022-01-09,2026-06-14,0,0.0,7,0,7|0
"SUBCATEGORY_APPLES_FUJI-APPLES@@GRAND RAPIDS, MI - MULO",232,232,8681831.74,0,2022-01-09,2026-06-14,0,0.0,5,0,5|0
"SUBCATEGORY_APPLES_FUJI-APPLES@@GREEN BAY, WI - MULO",232,232,2343010.64,0,2022-01-09,2026-06-14,0,0.0,3,0,3|0
"SUBCATEGORY_APPLES_FUJI-APPLES@@HARRISBURG/SCRANTON, PA - MULO",232,232,12884834.66,0,2022-01-09,2026-06-14,0,0.0,6,0,6|0
"SUBCATEGORY_APPLES_FUJI-APPLES@@HARTFORD, CT/SPRINGFIELD, MA - MULO",232,232,6900511.2,0,2022-01-09,2026-06-14,0,0.0,5,0,5|0
"SUBCATEGORY_APPLES_FUJI-APPLES@@HOUSTON, TX - MULO",232,232,12709712.44,0,2022-01-09,2026-06-14,0,0.0,6,0,6|0
"SUBCATEGORY_APPLES_FUJI-APPLES@@INDIANAPOLIS, IN - MULO",232,232,10265652.1,0,2022-01-09,2026-06-14,0,0.0,6,0,6|0
"SUBCATEGORY_APPLES_FUJI-APPLES@@JACKSONVILLE, FL - MULO",232,232,5962208.51,0,2022-01-09,2026-06-14,0,0.0,4,0,4|0
"SUBCATEGORY_APPLES_FUJI-APPLES@@KANSAS CITY, KS - MULO",232,232,7297152.21,0,2022-01-09,2026-06-14,0,0.0,5,0,5|0
"SUBCATEGORY_APPLES_FUJI-APPLES@@KNOXVILLE, TN - MULO",232,232,3425590.34,0,2022-01-09,2026-06-14,0,0.0,3,0,3|0
"SUBCATEGORY_APPLES_FUJI-APPLES@@LAS VEGAS, NV - MULO",232,232,7535141.07,0,2022-01-09,2026-06-14,0,0.0,5,0,5|0
"SUBCATEGORY_APPLES_FUJI-APPLES@@LITTLE ROCK, AR - MULO",232,232,3087144.4,0,2022-01-09,2026-06-14,0,0.0,3,0,3|0
"SUBCATEGORY_APPLES_FUJI-APPLES@@LOS ANGELES, CA - MULO",232,232,36890416.89,0,2022-01-09,2026-06-14,0,0.0,8,0,8|0
"SUBCATEGORY_APPLES_FUJI-APPLES@@LOUISVILLE, KY - MULO",232,232,5123649.26,0,2022-01-09,2026-06-14,0,0.0,4,0,4|0
"SUBCATEGORY_APPLES_FUJI-APPLES@@MEMPHIS, TN - MULO",232,232,4047459.98,0,2022-01-09,2026-06-14,0,0.0,4,0,4|0
"SUBCATEGORY_APPLES_FUJI-APPLES@@MIAMI/FT. LAUDERDALE, FL - MULO",232,232,14576190.47,0,2022-01-09,2026-06-14,0,0.0,6,0,6|0
"SUBCATEGORY_APPLES_FUJI-APPLES@@MILWAUKEE, WI - MULO",232,232,7273318.43,0,2022-01-09,2026-06-14,0,0.0,5,0,5|0
"SUBCATEGORY_APPLES_FUJI-APPLES@@MINNEAPOLIS/ST. PAUL, MN - MULO",232,232,11289931.2,0,2022-01-09,2026-06-14,0,0.0,6,0,6|0
SUBCATEGORY_APPLES_FUJI-APPLES@@MISSISSIPPI - MULO,232,232,6015162.49,0,2022-01-09,2026-06-14,0,0.0,4,0,4|0
"SUBCATEGORY_APPLES_FUJI-APPLES@@NASHVILLE, TN - MULO",232,232,8523481.22,0,2022-01-09,2026-06-14,0,0.0,5,0,5|0
SUBCATEGORY_APPLES_FUJI-APPLES@@NEW ENGLAND - MULO,232,232,9676267.01,0,2022-01-09,2026-06-14,0,0.0,5,0,5|0
"SUBCATEGORY_APPLES_FUJI-APPLES@@NEW ORLEANS, LA/MOBILE, AL - MULO",232,232,8267342.93,0,2022-01-09,2026-06-14,0,0.0,5,0,5|0
"SUBCATEGORY_APPLES_FUJI-APPLES@@NEW YORK, NY - MULO",232,232,33020343.23,0,2022-01-09,2026-06-14,0,0.0,8,0,8|0
"SUBCATEGORY_APPLES_FUJI-APPLES@@OKLAHOMA CITY, OK - MULO",232,232,4939218.08,0,2022-01-09,2026-06-14,0,0.0,4,0,4|0
"SUBCATEGORY_APPLES_FUJI-APPLES@@OMAHA, NE - MULO",232,232,3891971.7,0,2022-01-09,2026-06-14,0,0.0,3,0,3|0
"SUBCATEGORY_APPLES_FUJI-APPLES@@ORLANDO, FL - MULO",232,232,12740407.09,0,2022-01-09,2026-06-14,0,0.0,6,0,6|0
"SUBCATEGORY_APPLES_FUJI-APPLES@@PEORIA/SPRINGFIELD, IL - MULO",232,232,7064965.63,0,2022-01-09,2026-06-14,0,0.0,5,0,5|0
"SUBCATEGORY_APPLES_FUJI-APPLES@@PHILADELPHIA, PA - MULO",232,232,17057262.34,0,2022-01-09,2026-06-14,0,0.0,7,0,7|0
"SUBCATEGORY_APPLES_FUJI-APPLES@@PHOENIX/TUCSON, AZ - MULO",232,232,12460599.96,0,2022-01-09,2026-06-14,0,0.0,6,0,6|0
"SUBCATEGORY_APPLES_FUJI-APPLES@@PITTSBURGH, PA - MULO",232,232,7913781.03,0,2022-01-09,2026-06-14,0,0.0,5,0,5|0
"SUBCATEGORY_APPLES_FUJI-APPLES@@PORTLAND, OR - MULO",232,232,8594123.0,0,2022-01-09,2026-06-14,0,0.0,5,0,5|0
"SUBCATEGORY_APPLES_FUJI-APPLES@@PROVIDENCE, RI - MULO",232,232,2030821.23,0,2022-01-09,2026-06-14,0,0.0,2,0,2|0
"SUBCATEGORY_APPLES_FUJI-APPLES@@RALEIGH/GREENSBORO, NC - MULO",232,232,14537516.07,0,2022-01-09,2026-06-14,0,0.0,6,0,6|0
"SUBCATEGORY_APPLES_FUJI-APPLES@@RICHMOND/NORFOLK, VA - MULO",232,232,11794397.71,0,2022-01-09,2026-06-14,0,0.0,6,0,6|0
"SUBCATEGORY_APPLES_FUJI-APPLES@@ROANOKE, VA - MULO",232,232,8001305.16,0,2022-01-09,2026-06-14,0,0.0,5,0,5|0
"SUBCATEGORY_APPLES_FUJI-APPLES@@SACRAMENTO, CA - MULO",232,232,10460867.73,0,2022-01-09,2026-06-14,0,0.0,6,0,6|0
"SUBCATEGORY_APPLES_FUJI-APPLES@@SALT LAKE CITY, UT - MULO",232,232,6283851.95,0,2022-01-09,2026-06-14,0,0.0,4,0,4|0
"SUBCATEGORY_APPLES_FUJI-APPLES@@SAN DIEGO, CA - MULO",232,232,7556591.67,0,2022-01-09,2026-06-14,0,0.0,5,0,5|0
"SUBCATEGORY_APPLES_FUJI-APPLES@@SAN FRANCISCO/OAKLAND, CA - MULO",232,232,15871595.32,0,2022-01-09,2026-06-14,0,0.0,7,0,7|0
"SUBCATEGORY_APPLES_FUJI-APPLES@@SEATTLE/TACOMA, WA - MULO",232,232,10077688.64,0,2022-01-09,2026-06-14,0,0.0,6,0,6|0
SUBCATEGORY_APPLES_FUJI-APPLES@@SOUTH CAROLINA - MULO,232,232,16683530.290000001,0,2022-01-09,2026-06-14,0,0.0,7,0,7|0
"SUBCATEGORY_APPLES_FUJI-APPLES@@SPOKANE, WA - MULO",232,232,1559138.53,0,2022-01-09,2026-06-14,0,0.0,2,0,2|0
"SUBCATEGORY_APPLES_FUJI-APPLES@@ST. LOUIS, MO - MULO",232,232,11711388.24,0,2022-01-09,2026-06-14,0,0.0,6,0,6|0
"SUBCATEGORY_APPLES_FUJI-APPLES@@SYRACUSE, NY - MULO",232,232,2620358.38,0,2022-01-09,2026-06-14,0,0.0,3,0,3|0
"SUBCATEGORY_APPLES_FUJI-APPLES@@TAMPA/ST. PETERSBURG, FL - MULO",232,232,11953463.85,0,2022-01-09,2026-06-14,0,0.0,6,0,6|0
"SUBCATEGORY_APPLES_FUJI-APPLES@@TOLEDO, OH - MULO",232,232,6900061.47,0,2022-01-09,2026-06-14,0,0.0,5,0,5|0
"SUBCATEGORY_APPLES_FUJI-APPLES@@TULSA, OK - MULO",232,232,4139340.6,0,2022-01-09,2026-06-14,0,0.0,4,0,4|0
SUBCATEGORY_APPLES_FUJI-APPLES@@WEST TEXAS/NEW MEXICO - MULO,232,232,10971221.13,0,2022-01-09,2026-06-14,0,0.0,6,0,6|0
"SUBCATEGORY_APPLES_FUJI-APPLES@@WICHITA, KS - MULO",232,232,3607899.31,0,2022-01-09,2026-06-14,0,0.0,3,0,3|0
"SUBCATEGORY_APPLES_GALA-APPLES@@ALBANY, NY - MULO",232,232,9372064.46,0,2022-01-09,2026-06-14,0,0.0,5,0,5|0
"SUBCATEGORY_APPLES_GALA-APPLES@@ATLANTA, GA - MULO",232,232,49886716.339999996,0,2022-01-09,2026-06-14,0,0.0,8,0,8|0
"SUBCATEGORY_APPLES_GALA-APPLES@@BALTIMORE, MD/WASHINGTON D.C. - MULO",232,232,81369291.75,0,2022-01-09,2026-06-14,0,0.0,9,0,9|0
"SUBCATEGORY_APPLES_GALA-APPLES@@BIRMINGHAM/MONTGOMERY, AL - MULO",232,232,32836686.08,0,2022-01-09,2026-06-14,0,0.0,8,0,8|0
"SUBCATEGORY_APPLES_GALA-APPLES@@BOISE, ID - MULO",232,232,3207953.44,0,2022-01-09,2026-06-14,0,0.0,3,0,3|0
"SUBCATEGORY_APPLES_GALA-APPLES@@BOSTON, MA - MULO",232,232,27265164.23,0,2022-01-09,2026-06-14,0,0.0,8,0,8|0
"SUBCATEGORY_APPLES_GALA-APPLES@@BUFFALO/ROCHESTER, NY - MULO",232,232,21299992.08,0,2022-01-09,2026-06-14,0,0.0,7,0,7|0
"SUBCATEGORY_APPLES_GALA-APPLES@@CHARLOTTE, NC - MULO",232,232,31471820.03,0,2022-01-09,2026-06-14,0,0.0,8,0,8|0
"SUBCATEGORY_APPLES_GALA-APPLES@@CHICAGO, IL - MULO",232,232,65146268.28,0,2022-01-09,2026-06-14,0,0.0,9,0,9|0
"SUBCATEGORY_APPLES_GALA-APPLES@@CINCINNATI/DAYTON, OH - MULO",232,232,29090558.73,0,2022-01-09,2026-06-14,0,0.0,8,0,8|0
"SUBCATEGORY_APPLES_GALA-APPLES@@CLEVELAND, OH - MULO",232,232,15178522.69,0,2022-01-09,2026-06-14,0,0.0,6,0,6|0
"SUBCATEGORY_APPLES_GALA-APPLES@@COLUMBUS, OH - MULO",232,232,19962664.93,0,2022-01-09,2026-06-14,0,0.0,7,0,7|0
"SUBCATEGORY_APPLES_GALA-APPLES@@DALLAS/FT. WORTH, TX - MULO",232,232,66174637.53,0,2022-01-09,2026-06-14,0,0.0,9,0,9|0
"SUBCATEGORY_APPLES_GALA-APPLES@@DENVER, CO - MULO",232,232,27418386.34,0,2022-01-09,2026-06-14,0,0.0,8,0,8|0
"SUBCATEGORY_APPLES_GALA-APPLES@@DES MOINES, IA - MULO",232,232,5166366.44,0,2022-01-09,2026-06-14,0,0.0,4,0,4|0
"SUBCATEGORY_APPLES_GALA-APPLES@@DETROIT, MI - MULO",232,232,37411619.39,0,2022-01-09,2026-06-14,0,0.0,8,0,8|0
"SUBCATEGORY_APPLES_GALA-APPLES@@GRAND RAPIDS, MI - MULO",232,232,17266868.03,0,2022-01-09,2026-06-14,0,0.0,7,0,7|0
"SUBCATEGORY_APPLES_GALA-APPLES@@GREEN BAY, WI - MULO",232,232,5731076.93,0,2022-01-09,2026-06-14,0,0.0,4,0,4|0
"SUBCATEGORY_APPLES_GALA-APPLES@@HARRISBURG/SCRANTON, PA - MULO",232,232,39766672.1,0,2022-01-09,2026-06-14,0,0.0,8,0,8|0
"SUBCATEGORY_APPLES_GALA-APPLES@@HARTFORD, CT/SPRINGFIELD, MA - MULO",232,232,22320474.1,0,2022-01-09,2026-06-14,0,0.0,7,0,7|0
"SUBCATEGORY_APPLES_GALA-APPLES@@HOUSTON, TX - MULO",232,232,35545029.33,0,2022-01-09,2026-06-14,0,0.0,8,0,8|0
"SUBCATEGORY_APPLES_GALA-APPLES@@INDIANAPOLIS, IN - MULO",232,232,22551303.81,0,2022-01-09,2026-06-14,0,0.0,7,0,7|0
"SUBCATEGORY_APPLES_GALA-APPLES@@JACKSONVILLE, FL - MULO",232,232,19432926.13,0,2022-01-09,2026-06-14,0,0.0,7,0,7|0
"SUBCATEGORY_APPLES_GALA-APPLES@@KANSAS CITY, KS - MULO",232,232,14976632.75,0,2022-01-09,2026-06-14,0,0.0,6,0,6|0
"SUBCATEGORY_APPLES_GALA-APPLES@@KNOXVILLE, TN - MULO",232,232,9966524.84,0,2022-01-09,2026-06-14,0,0.0,6,0,6|0
"SUBCATEGORY_APPLES_GALA-APPLES@@LAS VEGAS, NV - MULO",232,232,12977598.290000001,0,2022-01-09,2026-06-14,0,0.0,6,0,6|0
"SUBCATEGORY_APPLES_GALA-APPLES@@LITTLE ROCK, AR - MULO",232,232,6183383.17,0,2022-01-09,2026-06-14,0,0.0,4,0,4|0
"SUBCATEGORY_APPLES_GALA-APPLES@@LOS ANGELES, CA - MULO",232,232,75958427.58,0,2022-01-09,2026-06-14,0,0.0,9,0,9|0
"SUBCATEGORY_APPLES_GALA-APPLES@@LOUISVILLE, KY - MULO",232,232,12995693.0,0,2022-01-09,2026-06-14,0,0.0,6,0,6|0
"SUBCATEGORY_APPLES_GALA-APPLES@@MEMPHIS, TN - MULO",232,232,10019013.99,0,2022-01-09,2026-06-14,0,0.0,6,0,6|0
"SUBCATEGORY_APPLES_GALA-APPLES@@MIAMI/FT. LAUDERDALE, FL - MULO",232,232,62201685.92,0,2022-01-09,2026-06-14,0,0.0,9,0,9|0
"SUBCATEGORY_APPLES_GALA-APPLES@@MILWAUKEE, WI - MULO",232,232,18336115.38,0,2022-01-09,2026-06-14,0,0.0,7,0,7|0
"SUBCATEGORY_APPLES_GALA-APPLES@@MINNEAPOLIS/ST. PAUL, MN - MULO",232,232,22405101.33,0,2022-01-09,2026-06-14,0,0.0,7,0,7|0
SUBCATEGORY_APPLES_GALA-APPLES@@MISSISSIPPI - MULO,232,232,15628406.89,0,2022-01-09,2026-06-14,0,0.0,7,0,7|0
"SUBCATEGORY_APPLES_GALA-APPLES@@NASHVILLE, TN - MULO",232,232,20439066.95,0,2022-01-09,2026-06-14,0,0.0,7,0,7|0
SUBCATEGORY_APPLES_GALA-APPLES@@NEW ENGLAND - MULO,232,232,20975872.36,0,2022-01-09,2026-06-14,0,0.0,7,0,7|0
"SUBCATEGORY_APPLES_GALA-APPLES@@NEW ORLEANS, LA/MOBILE, AL - MULO",232,232,21656542.24,0,2022-01-09,2026-06-14,0,0.0,7,0,7|0
"SUBCATEGORY_APPLES_GALA-APPLES@@NEW YORK, NY - MULO",232,232,112072974.34,0,2022-01-09,2026-06-14,0,0.0,9,0,9|0
"SUBCATEGORY_APPLES_GALA-APPLES@@OKLAHOMA CITY, OK - MULO",232,232,11250718.17,0,2022-01-09,2026-06-14,0,0.0,6,0,6|0
"SUBCATEGORY_APPLES_GALA-APPLES@@OMAHA, NE - MULO",232,232,8811036.4,0,2022-01-09,2026-06-14,0,0.0,5,0,5|0
"SUBCATEGORY_APPLES_GALA-APPLES@@ORLANDO, FL - MULO",232,232,44184698.47,0,2022-01-09,2026-06-14,0,0.0,8,0,8|0
"SUBCATEGORY_APPLES_GALA-APPLES@@PEORIA/SPRINGFIELD, IL - MULO",232,232,14240930.19,0,2022-01-09,2026-06-14,0,0.0,6,0,6|0
"SUBCATEGORY_APPLES_GALA-APPLES@@PHILADELPHIA, PA - MULO",232,232,52982541.22,0,2022-01-09,2026-06-14,0,0.0,8,0,8|0
"SUBCATEGORY_APPLES_GALA-APPLES@@PHOENIX/TUCSON, AZ - MULO",232,232,35128143.21,0,2022-01-09,2026-06-14,0,0.0,8,0,8|0
"SUBCATEGORY_APPLES_GALA-APPLES@@PITTSBURGH, PA - MULO",232,232,23356498.2,0,2022-01-09,2026-06-14,0,0.0,7,0,7|0
"SUBCATEGORY_APPLES_GALA-APPLES@@PORTLAND, OR - MULO",232,232,11818513.23,0,2022-01-09,2026-06-14,0,0.0,6,0,6|0
"SUBCATEGORY_APPLES_GALA-APPLES@@PROVIDENCE, RI - MULO",232,232,5559060.09,0,2022-01-09,2026-06-14,0,0.0,4,0,4|0
"SUBCATEGORY_APPLES_GALA-APPLES@@RALEIGH/GREENSBORO, NC - MULO",232,232,39565739.78,0,2022-01-09,2026-06-14,0,0.0,8,0,8|0
"SUBCATEGORY_APPLES_GALA-APPLES@@RICHMOND/NORFOLK, VA - MULO",232,232,28028573.21,0,2022-01-09,2026-06-14,0,0.0,8,0,8|0
"SUBCATEGORY_APPLES_GALA-APPLES@@ROANOKE, VA - MULO",232,232,22304450.61,0,2022-01-09,2026-06-14,0,0.0,7,0,7|0
"SUBCATEGORY_APPLES_GALA-APPLES@@SACRAMENTO, CA - MULO",232,232,11454046.21,0,2022-01-09,2026-06-14,0,0.0,6,0,6|0
"SUBCATEGORY_APPLES_GALA-APPLES@@SALT LAKE CITY, UT - MULO",232,232,12483919.39,0,2022-01-09,2026-06-14,0,0.0,6,0,6|0
"SUBCATEGORY_APPLES_GALA-APPLES@@SAN DIEGO, CA - MULO",232,232,15189190.47,0,2022-01-09,2026-06-14,0,0.0,6,0,6|0
"SUBCATEGORY_APPLES_GALA-APPLES@@SAN FRANCISCO/OAKLAND, CA - MULO",232,232,13958630.95,0,2022-01-09,2026-06-14,0,0.0,6,0,6|0
"SUBCATEGORY_APPLES_GALA-APPLES@@SEATTLE/TACOMA, WA - MULO",232,232,13819307.15,0,2022-01-09,2026-06-14,0,0.0,6,0,6|0
SUBCATEGORY_APPLES_GALA-APPLES@@SOUTH CAROLINA - MULO,232,232,45169038.83,0,2022-01-09,2026-06-14,0,0.0,8,0,8|0
"SUBCATEGORY_APPLES_GALA-APPLES@@SPOKANE, WA - MULO",232,232,2641173.41,0,2022-01-09,2026-06-14,0,0.0,3,0,3|0
"SUBCATEGORY_APPLES_GALA-APPLES@@ST. LOUIS, MO - MULO",232,232,19529373.07,0,2022-01-09,2026-06-14,0,0.0,7,0,7|0
"SUBCATEGORY_APPLES_GALA-APPLES@@SYRACUSE, NY - MULO",232,232,9005269.14,0,2022-01-09,2026-06-14,0,0.0,5,0,5|0
"SUBCATEGORY_APPLES_GALA-APPLES@@TAMPA/ST. PETERSBURG, FL - MULO",232,232,40633333.08,0,2022-01-09,2026-06-14,0,0.0,8,0,8|0
"SUBCATEGORY_APPLES_GALA-APPLES@@TOLEDO, OH - MULO",232,232,15211760.31,0,2022-01-09,2026-06-14,0,0.0,6,0,6|0
"SUBCATEGORY_APPLES_GALA-APPLES@@TULSA, OK - MULO",232,232,8484895.85,0,2022-01-09,2026-06-14,0,0.0,5,0,5|0
SUBCATEGORY_APPLES_GALA-APPLES@@WEST TEXAS/NEW MEXICO - MULO,232,232,36618604.88,0,2022-01-09,2026-06-14,0,0.0,8,0,8|0
"SUBCATEGORY_APPLES_GALA-APPLES@@WICHITA, KS - MULO",232,232,7488518.53,0,2022-01-09,2026-06-14,0,0.0,5,0,5|0
"SUBCATEGORY_APPLES_GOLDEN-DELICIOUS-APPLES@@ALBANY, NY - MULO",218,232,74770.92,4,2022-01-09,2026-06-14,14,0.01834862385321101,0,0,0|0
"SUBCATEGORY_APPLES_GOLDEN-DELICIOUS-APPLES@@ATLANTA, GA - MULO",232,232,1175739.0,0,2022-01-09,2026-06-14,0,0.0,1,0,1|0
"SUBCATEGORY_APPLES_GOLDEN-DELICIOUS-APPLES@@BALTIMORE, MD/WASHINGTON D.C. - MULO",232,232,3182222.53,0,2022-01-09,2026-06-14,0,0.0,3,0,3|0
"SUBCATEGORY_APPLES_GOLDEN-DELICIOUS-APPLES@@BIRMINGHAM/MONTGOMERY, AL - MULO",232,232,1492401.32,0,2022-01-09,2026-06-14,0,0.0,2,0,2|0
"SUBCATEGORY_APPLES_GOLDEN-DELICIOUS-APPLES@@BOSTON, MA - MULO",232,232,400677.64,0,2022-01-09,2026-06-14,0,0.0,0,0,0|0
"SUBCATEGORY_APPLES_GOLDEN-DELICIOUS-APPLES@@BUFFALO/ROCHESTER, NY - MULO",226,232,469061.26,0,2022-01-09,2026-06-14,6,0.0,1,0,1|0
"SUBCATEGORY_APPLES_GOLDEN-DELICIOUS-APPLES@@CHARLOTTE, NC - MULO",232,232,1987380.19,0,2022-01-09,2026-06-14,0,0.0,2,0,2|0
"SUBCATEGORY_APPLES_GOLDEN-DELICIOUS-APPLES@@CHICAGO, IL - MULO",232,232,1828109.54,0,2022-01-09,2026-06-14,0,0.0,2,0,2|0
"SUBCATEGORY_APPLES_GOLDEN-DELICIOUS-APPLES@@CINCINNATI/DAYTON, OH - MULO",232,232,700228.58,0,2022-01-09,2026-06-14,0,0.0,1,0,1|0
"SUBCATEGORY_APPLES_GOLDEN-DELICIOUS-APPLES@@CLEVELAND, OH - MULO",232,232,1013494.63,0,2022-01-09,2026-06-14,0,0.0,1,0,1|0
"SUBCATEGORY_APPLES_GOLDEN-DELICIOUS-APPLES@@COLUMBUS, OH - MULO",232,232,498904.52,0,2022-01-09,2026-06-14,0,0.0,1,0,1|0
"SUBCATEGORY_APPLES_GOLDEN-DELICIOUS-APPLES@@DALLAS/FT. WORTH, TX - MULO",231,232,316562.42,0,2022-01-09,2026-06-14,1,0.0,0,0,0|0
"SUBCATEGORY_APPLES_GOLDEN-DELICIOUS-APPLES@@DENVER, CO - MULO",232,232,31386.15,0,2022-01-09,2026-06-14,0,0.0,0,0,0|0
"SUBCATEGORY_APPLES_GOLDEN-DELICIOUS-APPLES@@DETROIT, MI - MULO",232,232,1554661.4,0,2022-01-09,2026-06-14,0,0.0,2,0,2|0
"SUBCATEGORY_APPLES_GOLDEN-DELICIOUS-APPLES@@GRAND RAPIDS, MI - MULO",232,232,1189564.27,0,2022-01-09,2026-06-14,0,0.0,1,0,1|0
"SUBCATEGORY_APPLES_GOLDEN-DELICIOUS-APPLES@@GREEN BAY, WI - MULO",232,232,61319.52,0,2022-01-09,2026-06-14,0,0.0,0,0,0|0
"SUBCATEGORY_APPLES_GOLDEN-DELICIOUS-APPLES@@HARRISBURG/SCRANTON, PA - MULO",232,232,2394686.94,0,2022-01-09,2026-06-14,0,0.0,3,0,3|0
"SUBCATEGORY_APPLES_GOLDEN-DELICIOUS-APPLES@@HARTFORD, CT/SPRINGFIELD, MA - MULO",232,232,940416.9,0,2022-01-09,2026-06-14,0,0.0,1,0,1|0
"SUBCATEGORY_APPLES_GOLDEN-DELICIOUS-APPLES@@HOUSTON, TX - MULO",232,232,313369.76,0,2022-01-09,2026-06-14,0,0.0,0,0,0|0
"SUBCATEGORY_APPLES_GOLDEN-DELICIOUS-APPLES@@INDIANAPOLIS, IN - MULO",232,232,678708.37,0,2022-01-09,2026-06-14,0,0.0,1,0,1|0
"SUBCATEGORY_APPLES_GOLDEN-DELICIOUS-APPLES@@JACKSONVILLE, FL - MULO",232,232,352651.43,0,2022-01-09,2026-06-14,0,0.0,0,0,0|0
"SUBCATEGORY_APPLES_GOLDEN-DELICIOUS-APPLES@@KANSAS CITY, KS - MULO",229,232,116886.57,0,2022-01-09,2026-06-14,3,0.0,0,0,0|0
"SUBCATEGORY_APPLES_GOLDEN-DELICIOUS-APPLES@@KNOXVILLE, TN - MULO",232,232,536174.58,0,2022-01-09,2026-06-14,0,0.0,1,0,1|0
"SUBCATEGORY_APPLES_GOLDEN-DELICIOUS-APPLES@@LITTLE ROCK, AR - MULO",232,232,104220.81,0,2022-01-09,2026-06-14,0,0.0,0,0,0|0
"SUBCATEGORY_APPLES_GOLDEN-DELICIOUS-APPLES@@LOUISVILLE, KY - MULO",232,232,345164.85,0,2022-01-09,2026-06-14,0,0.0,0,0,0|0
"SUBCATEGORY_APPLES_GOLDEN-DELICIOUS-APPLES@@MEMPHIS, TN - MULO",232,232,498914.12,0,2022-01-09,2026-06-14,0,0.0,1,0,1|0
"SUBCATEGORY_APPLES_GOLDEN-DELICIOUS-APPLES@@MIAMI/FT. LAUDERDALE, FL - MULO",232,232,1159995.11,0,2022-01-09,2026-06-14,0,0.0,1,0,1|0
"SUBCATEGORY_APPLES_GOLDEN-DELICIOUS-APPLES@@MILWAUKEE, WI - MULO",232,232,275504.63,0,2022-01-09,2026-06-14,0,0.0,0,0,0|0
SUBCATEGORY_APPLES_GOLDEN-DELICIOUS-APPLES@@MISSISSIPPI - MULO,232,232,1355263.84,0,2022-01-09,2026-06-14,0,0.0,2,0,2|0
"SUBCATEGORY_APPLES_GOLDEN-DELICIOUS-APPLES@@NASHVILLE, TN - MULO",232,232,252749.33,0,2022-01-09,2026-06-14,0,0.0,0,0,0|0
SUBCATEGORY_APPLES_GOLDEN-DELICIOUS-APPLES@@NEW ENGLAND - MULO,224,232,208032.04,2,2022-01-09,2026-06-14,8,0.008928571428571428,0,0,0|0
"SUBCATEGORY_APPLES_GOLDEN-DELICIOUS-APPLES@@NEW ORLEANS, LA/MOBILE, AL - MULO",232,232,510205.51,0,2022-01-09,2026-06-14,0,0.0,1,0,1|0
"SUBCATEGORY_APPLES_GOLDEN-DELICIOUS-APPLES@@NEW YORK, NY - MULO",232,232,7869879.29,0,2022-01-09,2026-06-14,0,0.0,5,0,5|0
"SUBCATEGORY_APPLES_GOLDEN-DELICIOUS-APPLES@@OKLAHOMA CITY, OK - MULO",227,232,51433.590000000004,0,2022-01-09,2026-06-14,5,0.0,0,0,0|0
"SUBCATEGORY_APPLES_GOLDEN-DELICIOUS-APPLES@@OMAHA, NE - MULO",232,232,106694.19,0,2022-01-09,2026-06-14,0,0.0,0,0,0|0
"SUBCATEGORY_APPLES_GOLDEN-DELICIOUS-APPLES@@ORLANDO, FL - MULO",232,232,283253.5,0,2022-01-09,2026-06-14,0,0.0,0,0,0|0
"SUBCATEGORY_APPLES_GOLDEN-DELICIOUS-APPLES@@PEORIA/SPRINGFIELD, IL - MULO",232,232,627458.14,0,2022-01-09,2026-06-14,0,0.0,1,0,1|0
"SUBCATEGORY_APPLES_GOLDEN-DELICIOUS-APPLES@@PHILADELPHIA, PA - MULO",232,232,2181943.15,0,2022-01-09,2026-06-14,0,0.0,2,0,2|0
"SUBCATEGORY_APPLES_GOLDEN-DELICIOUS-APPLES@@PITTSBURGH, PA - MULO",232,232,1454553.83,0,2022-01-09,2026-06-14,0,0.0,2,0,2|0
"SUBCATEGORY_APPLES_GOLDEN-DELICIOUS-APPLES@@PROVIDENCE, RI - MULO",230,232,128452.6,0,2022-01-09,2026-06-14,2,0.0,0,0,0|0
"SUBCATEGORY_APPLES_GOLDEN-DELICIOUS-APPLES@@RALEIGH/GREENSBORO, NC - MULO",232,232,2480288.7,0,2022-01-09,2026-06-14,0,0.0,3,0,3|0
"SUBCATEGORY_APPLES_GOLDEN-DELICIOUS-APPLES@@RICHMOND/NORFOLK, VA - MULO",232,232,1366516.75,0,2022-01-09,2026-06-14,0,0.0,2,0,2|0
"SUBCATEGORY_APPLES_GOLDEN-DELICIOUS-APPLES@@ROANOKE, VA - MULO",232,232,2743777.24,0,2022-01-09,2026-06-14,0,0.0,3,0,3|0
SUBCATEGORY_APPLES_GOLDEN-DELICIOUS-APPLES@@SOUTH CAROLINA - MULO,232,232,2309191.72,0,2022-01-09,2026-06-14,0,0.0,2,0,2|0
"SUBCATEGORY_APPLES_GOLDEN-DELICIOUS-APPLES@@ST. LOUIS, MO - MULO",232,232,975805.07,0,2022-01-09,2026-06-14,0,0.0,1,0,1|0
"SUBCATEGORY_APPLES_GOLDEN-DELICIOUS-APPLES@@SYRACUSE, NY - MULO",211,232,97262.94,8,2022-01-09,2026-06-14,21,0.037914691943127965,0,0,0|0
"SUBCATEGORY_APPLES_GOLDEN-DELICIOUS-APPLES@@TAMPA/ST. PETERSBURG, FL - MULO",232,232,393506.2,0,2022-01-09,2026-06-14,0,0.0,0,0,0|0
"SUBCATEGORY_APPLES_GOLDEN-DELICIOUS-APPLES@@TOLEDO, OH - MULO",232,232,822080.03,0,2022-01-09,2026-06-14,0,0.0,1,0,1|0
"SUBCATEGORY_APPLES_GOLDEN-DELICIOUS-APPLES@@TULSA, OK - MULO",230,232,94680.83,0,2022-01-09,2026-06-14,2,0.0,0,0,0|0
SUBCATEGORY_APPLES_GOLDEN-DELICIOUS-APPLES@@WEST TEXAS/NEW MEXICO - MULO,232,232,181506.45,0,2022-01-09,2026-06-14,0,0.0,0,0,0|0
"SUBCATEGORY_APPLES_GRANNY-SMITH-APPLES@@ALBANY, NY - MULO",232,232,3869898.71,0,2022-01-09,2026-06-14,0,0.0,3,0,3|0
"SUBCATEGORY_APPLES_GRANNY-SMITH-APPLES@@ATLANTA, GA - MULO",232,232,22786692.52,0,2022-01-09,2026-06-14,0,0.0,7,0,7|0
"SUBCATEGORY_APPLES_GRANNY-SMITH-APPLES@@BALTIMORE, MD/WASHINGTON D.C. - MULO",232,232,37052088.11,0,2022-01-09,2026-06-14,0,0.0,8,0,8|0
"SUBCATEGORY_APPLES_GRANNY-SMITH-APPLES@@BIRMINGHAM/MONTGOMERY, AL - MULO",232,232,17235137.36,0,2022-01-09,2026-06-14,0,0.0,7,0,7|0
"SUBCATEGORY_APPLES_GRANNY-SMITH-APPLES@@BOISE, ID - MULO",232,232,1731743.52,0,2022-01-09,2026-06-14,0,0.0,2,0,2|0
"SUBCATEGORY_APPLES_GRANNY-SMITH-APPLES@@BOSTON, MA - MULO",232,232,13251765.24,0,2022-01-09,2026-06-14,0,0.0,6,0,6|0
"SUBCATEGORY_APPLES_GRANNY-SMITH-APPLES@@BUFFALO/ROCHESTER, NY - MULO",232,232,8554612.37,0,2022-01-09,2026-06-14,0,0.0,5,0,5|0
"SUBCATEGORY_APPLES_GRANNY-SMITH-APPLES@@CHARLOTTE, NC - MULO",232,232,16141312.31,0,2022-01-09,2026-06-14,0,0.0,7,0,7|0
"SUBCATEGORY_APPLES_GRANNY-SMITH-APPLES@@CHICAGO, IL - MULO",232,232,29245175.06,0,2022-01-09,2026-06-14,0,0.0,8,0,8|0
"SUBCATEGORY_APPLES_GRANNY-SMITH-APPLES@@CINCINNATI/DAYTON, OH - MULO",232,232,10809970.74,0,2022-01-09,2026-06-14,0,0.0,6,0,6|0
"SUBCATEGORY_APPLES_GRANNY-SMITH-APPLES@@CLEVELAND, OH - MULO",232,232,6164335.77,0,2022-01-09,2026-06-14,0,0.0,4,0,4|0
"SUBCATEGORY_APPLES_GRANNY-SMITH-APPLES@@COLUMBUS, OH - MULO",232,232,7973636.85,0,2022-01-09,2026-06-14,0,0.0,5,0,5|0
"SUBCATEGORY_APPLES_GRANNY-SMITH-APPLES@@DALLAS/FT. WORTH, TX - MULO",232,232,30505680.68,0,2022-01-09,2026-06-14,0,0.0,8,0,8|0
"SUBCATEGORY_APPLES_GRANNY-SMITH-APPLES@@DENVER, CO - MULO",232,232,12870574.33,0,2022-01-09,2026-06-14,0,0.0,6,0,6|0
"SUBCATEGORY_APPLES_GRANNY-SMITH-APPLES@@DES MOINES, IA - MULO",232,232,1549130.26,0,2022-01-09,2026-06-14,0,0.0,2,0,2|0
"SUBCATEGORY_APPLES_GRANNY-SMITH-APPLES@@DETROIT, MI - MULO",232,232,16337370.38,0,2022-01-09,2026-06-14,0,0.0,7,0,7|0
"SUBCATEGORY_APPLES_GRANNY-SMITH-APPLES@@GRAND RAPIDS, MI - MULO",232,232,5887029.27,0,2022-01-09,2026-06-14,0,0.0,4,0,4|0
"SUBCATEGORY_APPLES_GRANNY-SMITH-APPLES@@GREEN BAY, WI - MULO",232,232,2436871.55,0,2022-01-09,2026-06-14,0,0.0,3,0,3|0
"SUBCATEGORY_APPLES_GRANNY-SMITH-APPLES@@HARRISBURG/SCRANTON, PA - MULO",232,232,14130954.91,0,2022-01-09,2026-06-14,0,0.0,6,0,6|0
"SUBCATEGORY_APPLES_GRANNY-SMITH-APPLES@@HARTFORD, CT/SPRINGFIELD, MA - MULO",232,232,10877099.26,0,2022-01-09,2026-06-14,0,0.0,6,0,6|0
"SUBCATEGORY_APPLES_GRANNY-SMITH-APPLES@@HOUSTON, TX - MULO",232,232,15820920.5,0,2022-01-09,2026-06-14,0,0.0,7,0,7|0
"SUBCATEGORY_APPLES_GRANNY-SMITH-APPLES@@INDIANAPOLIS, IN - MULO",232,232,10548784.49,0,2022-01-09,2026-06-14,0,0.0,6,0,6|0
"SUBCATEGORY_APPLES_GRANNY-SMITH-APPLES@@JACKSONVILLE, FL - MULO",232,232,7722173.49,0,2022-01-09,2026-06-14,0,0.0,5,0,5|0
"SUBCATEGORY_APPLES_GRANNY-SMITH-APPLES@@KANSAS CITY, KS - MULO",232,232,5881321.03,0,2022-01-09,2026-06-14,0,0.0,4,0,4|0
"SUBCATEGORY_APPLES_GRANNY-SMITH-APPLES@@KNOXVILLE, TN - MULO",232,232,4244483.99,0,2022-01-09,2026-06-14,0,0.0,4,0,4|0
"SUBCATEGORY_APPLES_GRANNY-SMITH-APPLES@@LAS VEGAS, NV - MULO",232,232,6451692.3,0,2022-01-09,2026-06-14,0,0.0,5,0,5|0
"SUBCATEGORY_APPLES_GRANNY-SMITH-APPLES@@LITTLE ROCK, AR - MULO",232,232,3289753.58,0,2022-01-09,2026-06-14,0,0.0,3,0,3|0
"SUBCATEGORY_APPLES_GRANNY-SMITH-APPLES@@LOS ANGELES, CA - MULO",232,232,43782854.91,0,2022-01-09,2026-06-14,0,0.0,8,0,8|0
"SUBCATEGORY_APPLES_GRANNY-SMITH-APPLES@@LOUISVILLE, KY - MULO",232,232,5789906.25,0,2022-01-09,2026-06-14,0,0.0,4,0,4|0
"SUBCATEGORY_APPLES_GRANNY-SMITH-APPLES@@MEMPHIS, TN - MULO",232,232,5576017.37,0,2022-01-09,2026-06-14,0,0.0,4,0,4|0
"SUBCATEGORY_APPLES_GRANNY-SMITH-APPLES@@MIAMI/FT. LAUDERDALE, FL - MULO",232,232,36750711.74,0,2022-01-09,2026-06-14,0,0.0,8,0,8|0
"SUBCATEGORY_APPLES_GRANNY-SMITH-APPLES@@MILWAUKEE, WI - MULO",232,232,7956495.35,0,2022-01-09,2026-06-14,0,0.0,5,0,5|0
"SUBCATEGORY_APPLES_GRANNY-SMITH-APPLES@@MINNEAPOLIS/ST. PAUL, MN - MULO",232,232,7373892.64,0,2022-01-09,2026-06-14,0,0.0,5,0,5|0
SUBCATEGORY_APPLES_GRANNY-SMITH-APPLES@@MISSISSIPPI - MULO,232,232,9107962.77,0,2022-01-09,2026-06-14,0,0.0,5,0,5|0
"SUBCATEGORY_APPLES_GRANNY-SMITH-APPLES@@NASHVILLE, TN - MULO",232,232,9943098.76,0,2022-01-09,2026-06-14,0,0.0,6,0,6|0
SUBCATEGORY_APPLES_GRANNY-SMITH-APPLES@@NEW ENGLAND - MULO,232,232,11307006.22,0,2022-01-09,2026-06-14,0,0.0,6,0,6|0
"SUBCATEGORY_APPLES_GRANNY-SMITH-APPLES@@NEW ORLEANS, LA/MOBILE, AL - MULO",232,232,12087969.81,0,2022-01-09,2026-06-14,0,0.0,6,0,6|0
"SUBCATEGORY_APPLES_GRANNY-SMITH-APPLES@@NEW YORK, NY - MULO",232,232,66341781.54,0,2022-01-09,2026-06-14,0,0.0,9,0,9|0
"SUBCATEGORY_APPLES_GRANNY-SMITH-APPLES@@OKLAHOMA CITY, OK - MULO",232,232,4145435.5,0,2022-01-09,2026-06-14,0,0.0,4,0,4|0
"SUBCATEGORY_APPLES_GRANNY-SMITH-APPLES@@OMAHA, NE - MULO",232,232,3672721.72,0,2022-01-09,2026-06-14,0,0.0,3,0,3|0
"SUBCATEGORY_APPLES_GRANNY-SMITH-APPLES@@ORLANDO, FL - MULO",232,232,19801121.42,0,2022-01-09,2026-06-14,0,0.0,7,0,7|0
"SUBCATEGORY_APPLES_GRANNY-SMITH-APPLES@@PEORIA/SPRINGFIELD, IL - MULO",232,232,5251855.32,0,2022-01-09,2026-06-14,0,0.0,4,0,4|0
"SUBCATEGORY_APPLES_GRANNY-SMITH-APPLES@@PHILADELPHIA, PA - MULO",232,232,22911553.95,0,2022-01-09,2026-06-14,0,0.0,7,0,7|0
"SUBCATEGORY_APPLES_GRANNY-SMITH-APPLES@@PHOENIX/TUCSON, AZ - MULO",232,232,16928146.84,0,2022-01-09,2026-06-14,0,0.0,7,0,7|0
"SUBCATEGORY_APPLES_GRANNY-SMITH-APPLES@@PITTSBURGH, PA - MULO",232,232,9611387.01,0,2022-01-09,2026-06-14,0,0.0,5,0,5|0
"SUBCATEGORY_APPLES_GRANNY-SMITH-APPLES@@PORTLAND, OR - MULO",232,232,5248112.13,0,2022-01-09,2026-06-14,0,0.0,4,0,4|0
"SUBCATEGORY_APPLES_GRANNY-SMITH-APPLES@@PROVIDENCE, RI - MULO",232,232,3201196.61,0,2022-01-09,2026-06-14,0,0.0,3,0,3|0
"SUBCATEGORY_APPLES_GRANNY-SMITH-APPLES@@RALEIGH/GREENSBORO, NC - MULO",232,232,19445301.91,0,2022-01-09,2026-06-14,0,0.0,7,0,7|0
"SUBCATEGORY_APPLES_GRANNY-SMITH-APPLES@@RICHMOND/NORFOLK, VA - MULO",232,232,14438870.25,0,2022-01-09,2026-06-14,0,0.0,6,0,6|0
"SUBCATEGORY_APPLES_GRANNY-SMITH-APPLES@@ROANOKE, VA - MULO",232,232,8591259.23,0,2022-01-09,2026-06-14,0,0.0,5,0,5|0
"SUBCATEGORY_APPLES_GRANNY-SMITH-APPLES@@SACRAMENTO, CA - MULO",232,232,5454310.91,0,2022-01-09,2026-06-14,0,0.0,4,0,4|0
"SUBCATEGORY_APPLES_GRANNY-SMITH-APPLES@@SALT LAKE CITY, UT - MULO",232,232,5792830.65,0,2022-01-09,2026-06-14,0,0.0,4,0,4|0
"SUBCATEGORY_APPLES_GRANNY-SMITH-APPLES@@SAN DIEGO, CA - MULO",232,232,8718977.56,0,2022-01-09,2026-06-14,0,0.0,5,0,5|0
"SUBCATEGORY_APPLES_GRANNY-SMITH-APPLES@@SAN FRANCISCO/OAKLAND, CA - MULO",232,232,7444349.82,0,2022-01-09,2026-06-14,0,0.0,5,0,5|0
"SUBCATEGORY_APPLES_GRANNY-SMITH-APPLES@@SEATTLE/TACOMA, WA - MULO",232,232,7418134.33,0,2022-01-09,2026-06-14,0,0.0,5,0,5|0
SUBCATEGORY_APPLES_GRANNY-SMITH-APPLES@@SOUTH CAROLINA - MULO,232,232,21276259.78,0,2022-01-09,2026-06-14,0,0.0,7,0,7|0
"SUBCATEGORY_APPLES_GRANNY-SMITH-APPLES@@SPOKANE, WA - MULO",232,232,1160373.52,0,2022-01-09,2026-06-14,0,0.0,1,0,1|0
"SUBCATEGORY_APPLES_GRANNY-SMITH-APPLES@@ST. LOUIS, MO - MULO",232,232,7254523.25,0,2022-01-09,2026-06-14,0,0.0,5,0,5|0
"SUBCATEGORY_APPLES_GRANNY-SMITH-APPLES@@SYRACUSE, NY - MULO",232,232,4166415.84,0,2022-01-09,2026-06-14,0,0.0,4,0,4|0
"SUBCATEGORY_APPLES_GRANNY-SMITH-APPLES@@TAMPA/ST. PETERSBURG, FL - MULO",232,232,16243954.58,0,2022-01-09,2026-06-14,0,0.0,7,0,7|0
"SUBCATEGORY_APPLES_GRANNY-SMITH-APPLES@@TOLEDO, OH - MULO",232,232,5593236.83,0,2022-01-09,2026-06-14,0,0.0,4,0,4|0
"SUBCATEGORY_APPLES_GRANNY-SMITH-APPLES@@TULSA, OK - MULO",232,232,3335532.66,0,2022-01-09,2026-06-14,0,0.0,3,0,3|0
SUBCATEGORY_APPLES_GRANNY-SMITH-APPLES@@WEST TEXAS/NEW MEXICO - MULO,232,232,13298706.89,0,2022-01-09,2026-06-14,0,0.0,6,0,6|0
"SUBCATEGORY_APPLES_GRANNY-SMITH-APPLES@@WICHITA, KS - MULO",232,232,2598878.96,0,2022-01-09,2026-06-14,0,0.0,3,0,3|0
"SUBCATEGORY_APPLES_HONEYCRISP-APPLES@@ALBANY, NY - MULO",232,232,7724494.05,0,2022-01-09,2026-06-14,0,0.0,5,0,5|0
"SUBCATEGORY_APPLES_HONEYCRISP-APPLES@@ATLANTA, GA - MULO",232,232,43451816.87,0,2022-01-09,2026-06-14,0,0.0,8,0,8|0
"SUBCATEGORY_APPLES_HONEYCRISP-APPLES@@BALTIMORE, MD/WASHINGTON D.C. - MULO",232,232,74396999.89,0,2022-01-09,2026-06-14,0,0.0,9,0,9|0
"SUBCATEGORY_APPLES_HONEYCRISP-APPLES@@BIRMINGHAM/MONTGOMERY, AL - MULO",232,232,33601861.42,0,2022-01-09,2026-06-14,0,0.0,8,0,8|0
"SUBCATEGORY_APPLES_HONEYCRISP-APPLES@@BOISE, ID - MULO",232,232,5348704.5,0,2022-01-09,2026-06-14,0,0.0,4,0,4|0
"SUBCATEGORY_APPLES_HONEYCRISP-APPLES@@BOSTON, MA - MULO",232,232,20067571.49,0,2022-01-09,2026-06-14,0,0.0,7,0,7|0
"SUBCATEGORY_APPLES_HONEYCRISP-APPLES@@BUFFALO/ROCHESTER, NY - MULO",232,232,28712035.5,0,2022-01-09,2026-06-14,0,0.0,8,0,8|0
"SUBCATEGORY_APPLES_HONEYCRISP-APPLES@@CHARLOTTE, NC - MULO",232,232,30045365.65,0,2022-01-09,2026-06-14,0,0.0,8,0,8|0
"SUBCATEGORY_APPLES_HONEYCRISP-APPLES@@CHICAGO, IL - MULO",232,232,72292882.55,0,2022-01-09,2026-06-14,0,0.0,9,0,9|0
"SUBCATEGORY_APPLES_HONEYCRISP-APPLES@@CINCINNATI/DAYTON, OH - MULO",232,232,32242002.75,0,2022-01-09,2026-06-14,0,0.0,8,0,8|0
"SUBCATEGORY_APPLES_HONEYCRISP-APPLES@@CLEVELAND, OH - MULO",232,232,16128524.97,0,2022-01-09,2026-06-14,0,0.0,7,0,7|0
"SUBCATEGORY_APPLES_HONEYCRISP-APPLES@@COLUMBUS, OH - MULO",232,232,24523212.5,0,2022-01-09,2026-06-14,0,0.0,7,0,7|0
"SUBCATEGORY_APPLES_HONEYCRISP-APPLES@@DALLAS/FT. WORTH, TX - MULO",232,232,50558729.67,0,2022-01-09,2026-06-14,0,0.0,8,0,8|0
"SUBCATEGORY_APPLES_HONEYCRISP-APPLES@@DENVER, CO - MULO",232,232,41353376.21,0,2022-01-09,2026-06-14,0,0.0,8,0,8|0
"SUBCATEGORY_APPLES_HONEYCRISP-APPLES@@DES MOINES, IA - MULO",232,232,7039702.04,0,2022-01-09,2026-06-14,0,0.0,5,0,5|0
"SUBCATEGORY_APPLES_HONEYCRISP-APPLES@@DETROIT, MI - MULO",232,232,50296695.58,0,2022-01-09,2026-06-14,0,0.0,8,0,8|0
"SUBCATEGORY_APPLES_HONEYCRISP-APPLES@@GRAND RAPIDS, MI - MULO",232,232,22615846.62,0,2022-01-09,2026-06-14,0,0.0,7,0,7|0
"SUBCATEGORY_APPLES_HONEYCRISP-APPLES@@GREEN BAY, WI - MULO",232,232,8293198.68,0,2022-01-09,2026-06-14,0,0.0,5,0,5|0
"SUBCATEGORY_APPLES_HONEYCRISP-APPLES@@HARRISBURG/SCRANTON, PA - MULO",232,232,36795462.3,0,2022-01-09,2026-06-14,0,0.0,8,0,8|0
"SUBCATEGORY_APPLES_HONEYCRISP-APPLES@@HARTFORD, CT/SPRINGFIELD, MA - MULO",232,232,14692464.99,0,2022-01-09,2026-06-14,0,0.0,6,0,6|0
"SUBCATEGORY_APPLES_HONEYCRISP-APPLES@@HOUSTON, TX - MULO",232,232,20144263.59,0,2022-01-09,2026-06-14,0,0.0,7,0,7|0
"SUBCATEGORY_APPLES_HONEYCRISP-APPLES@@INDIANAPOLIS, IN - MULO",232,232,28336789.0,0,2022-01-09,2026-06-14,0,0.0,8,0,8|0
"SUBCATEGORY_APPLES_HONEYCRISP-APPLES@@JACKSONVILLE, FL - MULO",232,232,15908892.31,0,2022-01-09,2026-06-14,0,0.0,7,0,7|0
"SUBCATEGORY_APPLES_HONEYCRISP-APPLES@@KANSAS CITY, KS - MULO",232,232,16020378.94,0,2022-01-09,2026-06-14,0,0.0,7,0,7|0
"SUBCATEGORY_APPLES_HONEYCRISP-APPLES@@KNOXVILLE, TN - MULO",232,232,11055356.54,0,2022-01-09,2026-06-14,0,0.0,6,0,6|0
"SUBCATEGORY_APPLES_HONEYCRISP-APPLES@@LAS VEGAS, NV - MULO",232,232,12295106.21,0,2022-01-09,2026-06-14,0,0.0,6,0,6|0
"SUBCATEGORY_APPLES_HONEYCRISP-APPLES@@LITTLE ROCK, AR - MULO",232,232,6656066.78,0,2022-01-09,2026-06-14,0,0.0,5,0,5|0
"SUBCATEGORY_APPLES_HONEYCRISP-APPLES@@LOS ANGELES, CA - MULO",232,232,55366014.08,0,2022-01-09,2026-06-14,0,0.0,8,0,8|0
"SUBCATEGORY_APPLES_HONEYCRISP-APPLES@@LOUISVILLE, KY - MULO",232,232,14199754.17,0,2022-01-09,2026-06-14,0,0.0,6,0,6|0
"SUBCATEGORY_APPLES_HONEYCRISP-APPLES@@MEMPHIS, TN - MULO",232,232,8362539.5200000005,0,2022-01-09,2026-06-14,0,0.0,5,0,5|0
"SUBCATEGORY_APPLES_HONEYCRISP-APPLES@@MIAMI/FT. LAUDERDALE, FL - MULO",232,232,33480639.98,0,2022-01-09,2026-06-14,0,0.0,8,0,8|0
"SUBCATEGORY_APPLES_HONEYCRISP-APPLES@@MILWAUKEE, WI - MULO",232,232,25255301.41,0,2022-01-09,2026-06-14,0,0.0,7,0,7|0
"SUBCATEGORY_APPLES_HONEYCRISP-APPLES@@MINNEAPOLIS/ST. PAUL, MN - MULO",232,232,45683732.98,0,2022-01-09,2026-06-14,0,0.0,8,0,8|0
SUBCATEGORY_APPLES_HONEYCRISP-APPLES@@MISSISSIPPI - MULO,232,232,13556429.33,0,2022-01-09,2026-06-14,0,0.0,6,0,6|0
"SUBCATEGORY_APPLES_HONEYCRISP-APPLES@@NASHVILLE, TN - MULO",232,232,22211674.25,0,2022-01-09,2026-06-14,0,0.0,7,0,7|0
SUBCATEGORY_APPLES_HONEYCRISP-APPLES@@NEW ENGLAND - MULO,232,232,18712388.14,0,2022-01-09,2026-06-14,0,0.0,7,0,7|0
"SUBCATEGORY_APPLES_HONEYCRISP-APPLES@@NEW ORLEANS, LA/MOBILE, AL - MULO",232,232,19638480.59,0,2022-01-09,2026-06-14,0,0.0,7,0,7|0
"SUBCATEGORY_APPLES_HONEYCRISP-APPLES@@NEW YORK, NY - MULO",232,232,73497896.91,0,2022-01-09,2026-06-14,0,0.0,9,0,9|0
"SUBCATEGORY_APPLES_HONEYCRISP-APPLES@@OKLAHOMA CITY, OK - MULO",232,232,10490433.01,0,2022-01-09,2026-06-14,0,0.0,6,0,6|0
"SUBCATEGORY_APPLES_HONEYCRISP-APPLES@@OMAHA, NE - MULO",232,232,9781327.38,0,2022-01-09,2026-06-14,0,0.0,5,0,5|0
"SUBCATEGORY_APPLES_HONEYCRISP-APPLES@@ORLANDO, FL - MULO",232,232,33247693.44,0,2022-01-09,2026-06-14,0,0.0,8,0,8|0
"SUBCATEGORY_APPLES_HONEYCRISP-APPLES@@PEORIA/SPRINGFIELD, IL - MULO",232,232,19598850.12,0,2022-01-09,2026-06-14,0,0.0,7,0,7|0
"SUBCATEGORY_APPLES_HONEYCRISP-APPLES@@PHILADELPHIA, PA - MULO",232,232,56624996.27,0,2022-01-09,2026-06-14,0,0.0,8,0,8|0
"SUBCATEGORY_APPLES_HONEYCRISP-APPLES@@PHOENIX/TUCSON, AZ - MULO",232,232,31433809.74,0,2022-01-09,2026-06-14,0,0.0,8,0,8|0
"SUBCATEGORY_APPLES_HONEYCRISP-APPLES@@PITTSBURGH, PA - MULO",232,232,23413241.94,0,2022-01-09,2026-06-14,0,0.0,7,0,7|0
"SUBCATEGORY_APPLES_HONEYCRISP-APPLES@@PORTLAND, OR - MULO",232,232,19053865.88,0,2022-01-09,2026-06-14,0,0.0,7,0,7|0
"SUBCATEGORY_APPLES_HONEYCRISP-APPLES@@PROVIDENCE, RI - MULO",232,232,3714883.27,0,2022-01-09,2026-06-14,0,0.0,3,0,3|0
"SUBCATEGORY_APPLES_HONEYCRISP-APPLES@@RALEIGH/GREENSBORO, NC - MULO",232,232,36636730.88,0,2022-01-09,2026-06-14,0,0.0,8,0,8|0
"SUBCATEGORY_APPLES_HONEYCRISP-APPLES@@RICHMOND/NORFOLK, VA - MULO",232,232,26819026.01,0,2022-01-09,2026-06-14,0,0.0,8,0,8|0
"SUBCATEGORY_APPLES_HONEYCRISP-APPLES@@ROANOKE, VA - MULO",232,232,20758997.69,0,2022-01-09,2026-06-14,0,0.0,7,0,7|0
"SUBCATEGORY_APPLES_HONEYCRISP-APPLES@@SACRAMENTO, CA - MULO",232,232,11686027.66,0,2022-01-09,2026-06-14,0,0.0,6,0,6|0
"SUBCATEGORY_APPLES_HONEYCRISP-APPLES@@SALT LAKE CITY, UT - MULO",232,232,16245985.3,0,2022-01-09,2026-06-14,0,0.0,7,0,7|0
"SUBCATEGORY_APPLES_HONEYCRISP-APPLES@@SAN DIEGO, CA - MULO",232,232,12697717.12,0,2022-01-09,2026-06-14,0,0.0,6,0,6|0
"SUBCATEGORY_APPLES_HONEYCRISP-APPLES@@SAN FRANCISCO/OAKLAND, CA - MULO",232,232,15598809.48,0,2022-01-09,2026-06-14,0,0.0,7,0,7|0
"SUBCATEGORY_APPLES_HONEYCRISP-APPLES@@SEATTLE/TACOMA, WA - MULO",232,232,21857935.06,0,2022-01-09,2026-06-14,0,0.0,7,0,7|0
SUBCATEGORY_APPLES_HONEYCRISP-APPLES@@SOUTH CAROLINA - MULO,232,232,46151825.56,0,2022-01-09,2026-06-14,0,0.0,8,0,8|0
"SUBCATEGORY_APPLES_HONEYCRISP-APPLES@@SPOKANE, WA - MULO",232,232,3853586.62,0,2022-01-09,2026-06-14,0,0.0,3,0,3|0
"SUBCATEGORY_APPLES_HONEYCRISP-APPLES@@ST. LOUIS, MO - MULO",232,232,23866243.99,0,2022-01-09,2026-06-14,0,0.0,7,0,7|0
"SUBCATEGORY_APPLES_HONEYCRISP-APPLES@@SYRACUSE, NY - MULO",232,232,11703491.63,0,2022-01-09,2026-06-14,0,0.0,6,0,6|0
"SUBCATEGORY_APPLES_HONEYCRISP-APPLES@@TAMPA/ST. PETERSBURG, FL - MULO",232,232,32330427.22,0,2022-01-09,2026-06-14,0,0.0,8,0,8|0
"SUBCATEGORY_APPLES_HONEYCRISP-APPLES@@TOLEDO, OH - MULO",232,232,19096700.26,0,2022-01-09,2026-06-14,0,0.0,7,0,7|0
"SUBCATEGORY_APPLES_HONEYCRISP-APPLES@@TULSA, OK - MULO",232,232,7765300.8,0,2022-01-09,2026-06-14,0,0.0,5,0,5|0
SUBCATEGORY_APPLES_HONEYCRISP-APPLES@@WEST TEXAS/NEW MEXICO - MULO,232,232,26401254.68,0,2022-01-09,2026-06-14,0,0.0,7,0,7|0
"SUBCATEGORY_APPLES_HONEYCRISP-APPLES@@WICHITA, KS - MULO",232,232,7534531.28,0,2022-01-09,2026-06-14,0,0.0,5,0,5|0
"SUBCATEGORY_APPLES_MCINTOSH-APPLES@@ALBANY, NY - MULO",232,232,3438727.3,0,2022-01-09,2026-06-14,0,0.0,3,0,3|0
"SUBCATEGORY_APPLES_MCINTOSH-APPLES@@ATLANTA, GA - MULO",232,232,2552836.68,0,2022-01-09,2026-06-14,0,0.0,3,0,3|0
"SUBCATEGORY_APPLES_MCINTOSH-APPLES@@BALTIMORE, MD/WASHINGTON D.C. - MULO",232,232,2864850.3,0,2022-01-09,2026-06-14,0,0.0,3,0,3|0
"SUBCATEGORY_APPLES_MCINTOSH-APPLES@@BIRMINGHAM/MONTGOMERY, AL - MULO",232,232,1560325.94,0,2022-01-09,2026-06-14,0,0.0,2,0,2|0
"SUBCATEGORY_APPLES_MCINTOSH-APPLES@@BOSTON, MA - MULO",232,232,6084328.89,0,2022-01-09,2026-06-14,0,0.0,4,0,4|0
"SUBCATEGORY_APPLES_MCINTOSH-APPLES@@BUFFALO/ROCHESTER, NY - MULO",232,232,6505594.82,0,2022-01-09,2026-06-14,0,0.0,5,0,5|0
"SUBCATEGORY_APPLES_MCINTOSH-APPLES@@CHARLOTTE, NC - MULO",232,232,1009823.23,1,2022-01-09,2026-06-14,0,0.004310344827586207,1,0,1|0
"SUBCATEGORY_APPLES_MCINTOSH-APPLES@@CHICAGO, IL - MULO",232,232,1516970.06,0,2022-01-09,2026-06-14,0,0.0,2,0,2|0
"SUBCATEGORY_APPLES_MCINTOSH-APPLES@@CINCINNATI/DAYTON, OH - MULO",232,232,903190.18,4,2022-01-09,2026-06-14,0,0.017241379310344827,1,0,1|0
"SUBCATEGORY_APPLES_MCINTOSH-APPLES@@CLEVELAND, OH - MULO",232,232,1604764.28,0,2022-01-09,2026-06-14,0,0.0,2,0,2|0
"SUBCATEGORY_APPLES_MCINTOSH-APPLES@@COLUMBUS, OH - MULO",232,232,564887.35,0,2022-01-09,2026-06-14,0,0.0,1,0,1|0
"SUBCATEGORY_APPLES_MCINTOSH-APPLES@@DES MOINES, IA - MULO",229,232,118019.33,36,2022-01-09,2026-06-14,3,0.1572052401746725,0,1,0|1
"SUBCATEGORY_APPLES_MCINTOSH-APPLES@@DETROIT, MI - MULO",232,232,5430372.56,7,2022-01-09,2026-06-14,0,0.03017241379310345,4,0,4|0
"SUBCATEGORY_APPLES_MCINTOSH-APPLES@@GRAND RAPIDS, MI - MULO",231,232,2397368.15,4,2022-01-09,2026-06-14,1,0.017316017316017316,3,0,3|0
"SUBCATEGORY_APPLES_MCINTOSH-APPLES@@GREEN BAY, WI - MULO",232,232,997623.86,0,2022-01-09,2026-06-14,0,0.0,1,0,1|0
"SUBCATEGORY_APPLES_MCINTOSH-APPLES@@HARRISBURG/SCRANTON, PA - MULO",232,232,6512646.92,0,2022-01-09,2026-06-14,0,0.0,5,0,5|0
"SUBCATEGORY_APPLES_MCINTOSH-APPLES@@HARTFORD, CT/SPRINGFIELD, MA - MULO",232,232,6597529.15,0,2022-01-09,2026-06-14,0,0.0,5,0,5|0
"SUBCATEGORY_APPLES_MCINTOSH-APPLES@@INDIANAPOLIS, IN - MULO",231,232,704164.23,3,2022-01-09,2026-06-14,1,0.012987012987012988,1,0,1|0
"SUBCATEGORY_APPLES_MCINTOSH-APPLES@@JACKSONVILLE, FL - MULO",232,232,2578390.06,1,2022-01-09,2026-06-14,0,0.004310344827586207,3,0,3|0
"SUBCATEGORY_APPLES_MCINTOSH-APPLES@@KANSAS CITY, KS - MULO",231,232,90961.34,58,2022-01-09,2026-06-14,1,0.2510822510822511,0,2,0|2
"SUBCATEGORY_APPLES_MCINTOSH-APPLES@@KNOXVILLE, TN - MULO",232,232,409257.4,1,2022-01-09,2026-06-14,0,0.004310344827586207,0,0,0|0
"SUBCATEGORY_APPLES_MCINTOSH-APPLES@@LOUISVILLE, KY - MULO",232,232,215785.25,6,2022-01-09,2026-06-14,0,0.02586206896551724,0,0,0|0
"SUBCATEGORY_APPLES_MCINTOSH-APPLES@@MEMPHIS, TN - MULO",226,232,53045.17,12,2022-01-09,2026-06-14,6,0.05309734513274336,0,1,0|1
"SUBCATEGORY_APPLES_MCINTOSH-APPLES@@MIAMI/FT. LAUDERDALE, FL - MULO",232,232,7500575.65,0,2022-01-09,2026-06-14,0,0.0,5,0,5|0
"SUBCATEGORY_APPLES_MCINTOSH-APPLES@@MILWAUKEE, WI - MULO",231,232,1586861.05,3,2022-01-09,2026-06-14,1,0.012987012987012988,2,0,2|0
SUBCATEGORY_APPLES_MCINTOSH-APPLES@@MISSISSIPPI - MULO,232,232,279642.43,4,2022-01-09,2026-06-14,0,0.017241379310344827,0,0,0|0
"SUBCATEGORY_APPLES_MCINTOSH-APPLES@@NASHVILLE, TN - MULO",232,232,819594.16,2,2022-01-09,2026-06-14,0,0.008620689655172414,1,0,1|0
SUBCATEGORY_APPLES_MCINTOSH-APPLES@@NEW ENGLAND - MULO,232,232,9108704.77,0,2022-01-09,2026-06-14,0,0.0,5,0,5|0
"SUBCATEGORY_APPLES_MCINTOSH-APPLES@@NEW ORLEANS, LA/MOBILE, AL - MULO",232,232,456732.94,0,2022-01-09,2026-06-14,0,0.0,1,0,1|0
"SUBCATEGORY_APPLES_MCINTOSH-APPLES@@NEW YORK, NY - MULO",232,232,15572545.06,0,2022-01-09,2026-06-14,0,0.0,7,0,7|0
"SUBCATEGORY_APPLES_MCINTOSH-APPLES@@OKLAHOMA CITY, OK - MULO",215,232,62970.86,93,2022-01-09,2026-06-14,17,0.4325581395348837,0,2,0|2
"SUBCATEGORY_APPLES_MCINTOSH-APPLES@@OMAHA, NE - MULO",227,232,56295.01,33,2022-01-09,2026-06-14,5,0.14537444933920704,0,1,0|1
"SUBCATEGORY_APPLES_MCINTOSH-APPLES@@ORLANDO, FL - MULO",232,232,5972944.0200000005,1,2022-01-09,2026-06-14,0,0.004310344827586207,4,0,4|0
"SUBCATEGORY_APPLES_MCINTOSH-APPLES@@PEORIA/SPRINGFIELD, IL - MULO",232,232,417953.19,1,2022-01-09,2026-06-14,0,0.004310344827586207,0,0,0|0
"SUBCATEGORY_APPLES_MCINTOSH-APPLES@@PHILADELPHIA, PA - MULO",232,232,4184758.55,0,2022-01-09,2026-06-14,0,0.0,4,0,4|0
"SUBCATEGORY_APPLES_MCINTOSH-APPLES@@PITTSBURGH, PA - MULO",232,232,3875928.5,0,2022-01-09,2026-06-14,0,0.0,3,0,3|0
"SUBCATEGORY_APPLES_MCINTOSH-APPLES@@PROVIDENCE, RI - MULO",232,232,1339364.99,3,2022-01-09,2026-06-14,0,0.01293103448275862,2,0,2|0
"SUBCATEGORY_APPLES_MCINTOSH-APPLES@@RALEIGH/GREENSBORO, NC - MULO",232,232,1285508.65,0,2022-01-09,2026-06-14,0,0.0,2,0,2|0
"SUBCATEGORY_APPLES_MCINTOSH-APPLES@@RICHMOND/NORFOLK, VA - MULO",232,232,1000681.71,0,2022-01-09,2026-06-14,0,0.0,1,0,1|0
"SUBCATEGORY_APPLES_MCINTOSH-APPLES@@ROANOKE, VA - MULO",232,232,1063646.81,0,2022-01-09,2026-06-14,0,0.0,1,0,1|0
SUBCATEGORY_APPLES_MCINTOSH-APPLES@@SOUTH CAROLINA - MULO,232,232,2640352.79,0,2022-01-09,2026-06-14,0,0.0,3,0,3|0
"SUBCATEGORY_APPLES_MCINTOSH-APPLES@@SYRACUSE, NY - MULO",232,232,3759293.04,0,2022-01-09,2026-06-14,0,0.0,3,0,3|0
"SUBCATEGORY_APPLES_MCINTOSH-APPLES@@TAMPA/ST. PETERSBURG, FL - MULO",232,232,6751304.97,1,2022-01-09,2026-06-14,0,0.004310344827586207,5,0,5|0
"SUBCATEGORY_APPLES_MCINTOSH-APPLES@@TOLEDO, OH - MULO",232,232,950594.31,0,2022-01-09,2026-06-14,0,0.0,1,0,1|0
"SUBCATEGORY_APPLES_OTHER-APPLES@@ALBANY, NY - MULO",232,232,6754367.78,0,2022-01-09,2026-06-14,0,0.0,5,0,5|0
"SUBCATEGORY_APPLES_OTHER-APPLES@@ATLANTA, GA - MULO",232,232,44732821.43,0,2022-01-09,2026-06-14,0,0.0,8,0,8|0
"SUBCATEGORY_APPLES_OTHER-APPLES@@BALTIMORE, MD/WASHINGTON D.C. - MULO",232,232,49834258.08,0,2022-01-09,2026-06-14,0,0.0,8,0,8|0
"SUBCATEGORY_APPLES_OTHER-APPLES@@BIRMINGHAM/MONTGOMERY, AL - MULO",232,232,35419305.37,0,2022-01-09,2026-06-14,0,0.0,8,0,8|0
"SUBCATEGORY_APPLES_OTHER-APPLES@@BOISE, ID - MULO",232,232,2869280.32,0,2022-01-09,2026-06-14,0,0.0,3,0,3|0
"SUBCATEGORY_APPLES_OTHER-APPLES@@BOSTON, MA - MULO",232,232,18522893.38,0,2022-01-09,2026-06-14,0,0.0,7,0,7|0
"SUBCATEGORY_APPLES_OTHER-APPLES@@BUFFALO/ROCHESTER, NY - MULO",232,232,29724066.44,0,2022-01-09,2026-06-14,0,0.0,8,0,8|0
"SUBCATEGORY_APPLES_OTHER-APPLES@@CHARLOTTE, NC - MULO",232,232,21176159.67,0,2022-01-09,2026-06-14,0,0.0,7,0,7|0
"SUBCATEGORY_APPLES_OTHER-APPLES@@CHICAGO, IL - MULO",232,232,41355376.43,0,2022-01-09,2026-06-14,0,0.0,8,0,8|0
"SUBCATEGORY_APPLES_OTHER-APPLES@@CINCINNATI/DAYTON, OH - MULO",232,232,18359499.5,0,2022-01-09,2026-06-14,0,0.0,7,0,7|0
"SUBCATEGORY_APPLES_OTHER-APPLES@@CLEVELAND, OH - MULO",232,232,11844261.27,0,2022-01-09,2026-06-14,0,0.0,6,0,6|0
"SUBCATEGORY_APPLES_OTHER-APPLES@@COLUMBUS, OH - MULO",232,232,13484654.53,0,2022-01-09,2026-06-14,0,0.0,6,0,6|0
"SUBCATEGORY_APPLES_OTHER-APPLES@@DALLAS/FT. WORTH, TX - MULO",232,232,60024887.49,0,2022-01-09,2026-06-14,0,0.0,9,0,9|0
"SUBCATEGORY_APPLES_OTHER-APPLES@@DENVER, CO - MULO",232,232,28630619.93,0,2022-01-09,2026-06-14,0,0.0,8,0,8|0
"SUBCATEGORY_APPLES_OTHER-APPLES@@DES MOINES, IA - MULO",232,232,5390374.09,0,2022-01-09,2026-06-14,0,0.0,4,0,4|0
"SUBCATEGORY_APPLES_OTHER-APPLES@@DETROIT, MI - MULO",232,232,20303758.69,0,2022-01-09,2026-06-14,0,0.0,7,0,7|0
"SUBCATEGORY_APPLES_OTHER-APPLES@@GRAND RAPIDS, MI - MULO",232,232,9197897.05,0,2022-01-09,2026-06-14,0,0.0,5,0,5|0
"SUBCATEGORY_APPLES_OTHER-APPLES@@GREEN BAY, WI - MULO",232,232,4360174.53,0,2022-01-09,2026-06-14,0,0.0,4,0,4|0
"SUBCATEGORY_APPLES_OTHER-APPLES@@HARRISBURG/SCRANTON, PA - MULO",232,232,19858712.36,0,2022-01-09,2026-06-14,0,0.0,7,0,7|0
"SUBCATEGORY_APPLES_OTHER-APPLES@@HARTFORD, CT/SPRINGFIELD, MA - MULO",232,232,15634626.83,0,2022-01-09,2026-06-14,0,0.0,7,0,7|0
"SUBCATEGORY_APPLES_OTHER-APPLES@@HOUSTON, TX - MULO",232,232,28661211.89,0,2022-01-09,2026-06-14,0,0.0,8,0,8|0
"SUBCATEGORY_APPLES_OTHER-APPLES@@INDIANAPOLIS, IN - MULO",232,232,15179758.37,0,2022-01-09,2026-06-14,0,0.0,6,0,6|0
"SUBCATEGORY_APPLES_OTHER-APPLES@@JACKSONVILLE, FL - MULO",232,232,19690254.5,0,2022-01-09,2026-06-14,0,0.0,7,0,7|0
"SUBCATEGORY_APPLES_OTHER-APPLES@@KANSAS CITY, KS - MULO",232,232,13717099.81,0,2022-01-09,2026-06-14,0,0.0,6,0,6|0
"SUBCATEGORY_APPLES_OTHER-APPLES@@KNOXVILLE, TN - MULO",232,232,9490972.18,0,2022-01-09,2026-06-14,0,0.0,5,0,5|0
"SUBCATEGORY_APPLES_OTHER-APPLES@@LAS VEGAS, NV - MULO",232,232,10914443.6,0,2022-01-09,2026-06-14,0,0.0,6,0,6|0
"SUBCATEGORY_APPLES_OTHER-APPLES@@LITTLE ROCK, AR - MULO",232,232,6356748.56,0,2022-01-09,2026-06-14,0,0.0,5,0,5|0
"SUBCATEGORY_APPLES_OTHER-APPLES@@LOS ANGELES, CA - MULO",232,232,80658059.46,0,2022-01-09,2026-06-14,0,0.0,9,0,9|0
"SUBCATEGORY_APPLES_OTHER-APPLES@@LOUISVILLE, KY - MULO",232,232,10134380.09,0,2022-01-09,2026-06-14,0,0.0,6,0,6|0
"SUBCATEGORY_APPLES_OTHER-APPLES@@MEMPHIS, TN - MULO",232,232,8478409.15,0,2022-01-09,2026-06-14,0,0.0,5,0,5|0
"SUBCATEGORY_APPLES_OTHER-APPLES@@MIAMI/FT. LAUDERDALE, FL - MULO",232,232,50637850.82,0,2022-01-09,2026-06-14,0,0.0,8,0,8|0
"SUBCATEGORY_APPLES_OTHER-APPLES@@MILWAUKEE, WI - MULO",232,232,12534881.74,0,2022-01-09,2026-06-14,0,0.0,6,0,6|0
"SUBCATEGORY_APPLES_OTHER-APPLES@@MINNEAPOLIS/ST. PAUL, MN - MULO",232,232,22425938.52,0,2022-01-09,2026-06-14,0,0.0,7,0,7|0
SUBCATEGORY_APPLES_OTHER-APPLES@@MISSISSIPPI - MULO,232,232,13904031.73,0,2022-01-09,2026-06-14,0,0.0,6,0,6|0
"SUBCATEGORY_APPLES_OTHER-APPLES@@NASHVILLE, TN - MULO",232,232,18642715.13,0,2022-01-09,2026-06-14,0,0.0,7,0,7|0
SUBCATEGORY_APPLES_OTHER-APPLES@@NEW ENGLAND - MULO,232,232,16216223.72,0,2022-01-09,2026-06-14,0,0.0,7,0,7|0
"SUBCATEGORY_APPLES_OTHER-APPLES@@NEW ORLEANS, LA/MOBILE, AL - MULO",232,232,23056830.03,0,2022-01-09,2026-06-14,0,0.0,7,0,7|0
"SUBCATEGORY_APPLES_OTHER-APPLES@@NEW YORK, NY - MULO",232,232,49655850.77,0,2022-01-09,2026-06-14,0,0.0,8,0,8|0
"SUBCATEGORY_APPLES_OTHER-APPLES@@OKLAHOMA CITY, OK - MULO",232,232,12447927.54,0,2022-01-09,2026-06-14,0,0.0,6,0,6|0
"SUBCATEGORY_APPLES_OTHER-APPLES@@OMAHA, NE - MULO",232,232,8276297.6,0,2022-01-09,2026-06-14,0,0.0,5,0,5|0
"SUBCATEGORY_APPLES_OTHER-APPLES@@ORLANDO, FL - MULO",232,232,43282354.36,0,2022-01-09,2026-06-14,0,0.0,8,0,8|0
"SUBCATEGORY_APPLES_OTHER-APPLES@@PEORIA/SPRINGFIELD, IL - MULO",232,232,11031946.2,0,2022-01-09,2026-06-14,0,0.0,6,0,6|0
"SUBCATEGORY_APPLES_OTHER-APPLES@@PHILADELPHIA, PA - MULO",232,232,27213672.83,0,2022-01-09,2026-06-14,0,0.0,8,0,8|0
"SUBCATEGORY_APPLES_OTHER-APPLES@@PHOENIX/TUCSON, AZ - MULO",232,232,25620132.49,0,2022-01-09,2026-06-14,0,0.0,7,0,7|0
"SUBCATEGORY_APPLES_OTHER-APPLES@@PITTSBURGH, PA - MULO",232,232,18096481.08,0,2022-01-09,2026-06-14,0,0.0,7,0,7|0
"SUBCATEGORY_APPLES_OTHER-APPLES@@PORTLAND, OR - MULO",232,232,13917123.22,0,2022-01-09,2026-06-14,0,0.0,6,0,6|0
"SUBCATEGORY_APPLES_OTHER-APPLES@@PROVIDENCE, RI - MULO",232,232,3916393.44,0,2022-01-09,2026-06-14,0,0.0,3,0,3|0
"SUBCATEGORY_APPLES_OTHER-APPLES@@RALEIGH/GREENSBORO, NC - MULO",232,232,25771825.0,0,2022-01-09,2026-06-14,0,0.0,7,0,7|0
"SUBCATEGORY_APPLES_OTHER-APPLES@@RICHMOND/NORFOLK, VA - MULO",232,232,19380491.62,0,2022-01-09,2026-06-14,0,0.0,7,0,7|0
"SUBCATEGORY_APPLES_OTHER-APPLES@@ROANOKE, VA - MULO",232,232,16310581.06,0,2022-01-09,2026-06-14,0,0.0,7,0,7|0
"SUBCATEGORY_APPLES_OTHER-APPLES@@SACRAMENTO, CA - MULO",232,232,14203103.58,0,2022-01-09,2026-06-14,0,0.0,6,0,6|0
"SUBCATEGORY_APPLES_OTHER-APPLES@@SALT LAKE CITY, UT - MULO",232,232,12446887.12,0,2022-01-09,2026-06-14,0,0.0,6,0,6|0
"SUBCATEGORY_APPLES_OTHER-APPLES@@SAN DIEGO, CA - MULO",232,232,15421707.99,0,2022-01-09,2026-06-14,0,0.0,6,0,6|0
"SUBCATEGORY_APPLES_OTHER-APPLES@@SAN FRANCISCO/OAKLAND, CA - MULO",232,232,18901097.62,0,2022-01-09,2026-06-14,0,0.0,7,0,7|0
"SUBCATEGORY_APPLES_OTHER-APPLES@@SEATTLE/TACOMA, WA - MULO",232,232,21017228.17,0,2022-01-09,2026-06-14,0,0.0,7,0,7|0
SUBCATEGORY_APPLES_OTHER-APPLES@@SOUTH CAROLINA - MULO,232,232,42589433.39,0,2022-01-09,2026-06-14,0,0.0,8,0,8|0
"SUBCATEGORY_APPLES_OTHER-APPLES@@SPOKANE, WA - MULO",232,232,3531562.4899999998,0,2022-01-09,2026-06-14,0,0.0,3,0,3|0
"SUBCATEGORY_APPLES_OTHER-APPLES@@ST. LOUIS, MO - MULO",232,232,17444594.81,0,2022-01-09,2026-06-14,0,0.0,7,0,7|0
"SUBCATEGORY_APPLES_OTHER-APPLES@@SYRACUSE, NY - MULO",232,232,11502502.99,0,2022-01-09,2026-06-14,0,0.0,6,0,6|0
"SUBCATEGORY_APPLES_OTHER-APPLES@@TAMPA/ST. PETERSBURG, FL - MULO",232,232,41891032.66,0,2022-01-09,2026-06-14,0,0.0,8,0,8|0
"SUBCATEGORY_APPLES_OTHER-APPLES@@TOLEDO, OH - MULO",232,232,10434489.32,0,2022-01-09,2026-06-14,0,0.0,6,0,6|0
"SUBCATEGORY_APPLES_OTHER-APPLES@@TULSA, OK - MULO",232,232,8780676.35,0,2022-01-09,2026-06-14,0,0.0,5,0,5|0
SUBCATEGORY_APPLES_OTHER-APPLES@@WEST TEXAS/NEW MEXICO - MULO,232,232,29139528.38,0,2022-01-09,2026-06-14,0,0.0,8,0,8|0
"SUBCATEGORY_APPLES_OTHER-APPLES@@WICHITA, KS - MULO",232,232,6190962.29,0,2022-01-09,2026-06-14,0,0.0,4,0,4|0
"SUBCATEGORY_APPLES_PINK-LADY-APPLES@@ALBANY, NY - MULO",232,232,3799792.2399999998,0,2022-01-09,2026-06-14,0,0.0,3,0,3|0
"SUBCATEGORY_APPLES_PINK-LADY-APPLES@@ATLANTA, GA - MULO",232,232,19132990.07,0,2022-01-09,2026-06-14,0,0.0,7,0,7|0
"SUBCATEGORY_APPLES_PINK-LADY-APPLES@@BALTIMORE, MD/WASHINGTON D.C. - MULO",232,232,22187462.54,0,2022-01-09,2026-06-14,0,0.0,7,0,7|0
"SUBCATEGORY_APPLES_PINK-LADY-APPLES@@BIRMINGHAM/MONTGOMERY, AL - MULO",232,232,12291776.91,0,2022-01-09,2026-06-14,0,0.0,6,0,6|0
"SUBCATEGORY_APPLES_PINK-LADY-APPLES@@BOISE, ID - MULO",232,232,1363530.56,0,2022-01-09,2026-06-14,0,0.0,2,0,2|0
"SUBCATEGORY_APPLES_PINK-LADY-APPLES@@BOSTON, MA - MULO",232,232,7470708.8,0,2022-01-09,2026-06-14,0,0.0,5,0,5|0
"SUBCATEGORY_APPLES_PINK-LADY-APPLES@@BUFFALO/ROCHESTER, NY - MULO",232,232,6440905.67,0,2022-01-09,2026-06-14,0,0.0,5,0,5|0
"SUBCATEGORY_APPLES_PINK-LADY-APPLES@@CHARLOTTE, NC - MULO",232,232,15032021.6,0,2022-01-09,2026-06-14,0,0.0,6,0,6|0
"SUBCATEGORY_APPLES_PINK-LADY-APPLES@@CHICAGO, IL - MULO",232,232,24737925.01,0,2022-01-09,2026-06-14,0,0.0,7,0,7|0
"SUBCATEGORY_APPLES_PINK-LADY-APPLES@@CINCINNATI/DAYTON, OH - MULO",232,232,11301844.92,0,2022-01-09,2026-06-14,0,0.0,6,0,6|0
"SUBCATEGORY_APPLES_PINK-LADY-APPLES@@CLEVELAND, OH - MULO",232,232,5562957.42,0,2022-01-09,2026-06-14,0,0.0,4,0,4|0
"SUBCATEGORY_APPLES_PINK-LADY-APPLES@@COLUMBUS, OH - MULO",232,232,7923709.46,0,2022-01-09,2026-06-14,0,0.0,5,0,5|0
"SUBCATEGORY_APPLES_PINK-LADY-APPLES@@DALLAS/FT. WORTH, TX - MULO",232,232,17592113.63,0,2022-01-09,2026-06-14,0,0.0,7,0,7|0
"SUBCATEGORY_APPLES_PINK-LADY-APPLES@@DENVER, CO - MULO",232,232,11133303.96,0,2022-01-09,2026-06-14,0,0.0,6,0,6|0
"SUBCATEGORY_APPLES_PINK-LADY-APPLES@@DES MOINES, IA - MULO",232,232,2573197.34,0,2022-01-09,2026-06-14,0,0.0,3,0,3|0
"SUBCATEGORY_APPLES_PINK-LADY-APPLES@@DETROIT, MI - MULO",232,232,15048770.98,0,2022-01-09,2026-06-14,0,0.0,6,0,6|0
"SUBCATEGORY_APPLES_PINK-LADY-APPLES@@GRAND RAPIDS, MI - MULO",232,232,7354426.87,0,2022-01-09,2026-06-14,0,0.0,5,0,5|0
"SUBCATEGORY_APPLES_PINK-LADY-APPLES@@GREEN BAY, WI - MULO",232,232,3177476.95,0,2022-01-09,2026-06-14,0,0.0,3,0,3|0
"SUBCATEGORY_APPLES_PINK-LADY-APPLES@@HARRISBURG/SCRANTON, PA - MULO",232,232,10704143.26,0,2022-01-09,2026-06-14,0,0.0,6,0,6|0
"SUBCATEGORY_APPLES_PINK-LADY-APPLES@@HARTFORD, CT/SPRINGFIELD, MA - MULO",232,232,6234498.93,0,2022-01-09,2026-06-14,0,0.0,4,0,4|0
"SUBCATEGORY_APPLES_PINK-LADY-APPLES@@HOUSTON, TX - MULO",232,232,9543640.92,0,2022-01-09,2026-06-14,0,0.0,5,0,5|0
"SUBCATEGORY_APPLES_PINK-LADY-APPLES@@INDIANAPOLIS, IN - MULO",232,232,8859663.59,0,2022-01-09,2026-06-14,0,0.0,5,0,5|0
"SUBCATEGORY_APPLES_PINK-LADY-APPLES@@JACKSONVILLE, FL - MULO",232,232,7158095.95,0,2022-01-09,2026-06-14,0,0.0,5,0,5|0
"SUBCATEGORY_APPLES_PINK-LADY-APPLES@@KANSAS CITY, KS - MULO",232,232,6807634.21,0,2022-01-09,2026-06-14,0,0.0,5,0,5|0
"SUBCATEGORY_APPLES_PINK-LADY-APPLES@@KNOXVILLE, TN - MULO",232,232,3452003.48,0,2022-01-09,2026-06-14,0,0.0,3,0,3|0
"SUBCATEGORY_APPLES_PINK-LADY-APPLES@@LAS VEGAS, NV - MULO",232,232,2637254.48,1,2022-01-09,2026-06-14,0,0.004310344827586207,3,0,3|0
"SUBCATEGORY_APPLES_PINK-LADY-APPLES@@LITTLE ROCK, AR - MULO",232,232,2070550.77,0,2022-01-09,2026-06-14,0,0.0,2,0,2|0
"SUBCATEGORY_APPLES_PINK-LADY-APPLES@@LOS ANGELES, CA - MULO",232,232,14641242.61,0,2022-01-09,2026-06-14,0,0.0,6,0,6|0
"SUBCATEGORY_APPLES_PINK-LADY-APPLES@@LOUISVILLE, KY - MULO",232,232,4277137.77,0,2022-01-09,2026-06-14,0,0.0,4,0,4|0
"SUBCATEGORY_APPLES_PINK-LADY-APPLES@@MEMPHIS, TN - MULO",232,232,3052481.18,0,2022-01-09,2026-06-14,0,0.0,3,0,3|0
"SUBCATEGORY_APPLES_PINK-LADY-APPLES@@MIAMI/FT. LAUDERDALE, FL - MULO",232,232,18990257.26,0,2022-01-09,2026-06-14,0,0.0,7,0,7|0
"SUBCATEGORY_APPLES_PINK-LADY-APPLES@@MILWAUKEE, WI - MULO",232,232,9223219.92,0,2022-01-09,2026-06-14,0,0.0,5,0,5|0
"SUBCATEGORY_APPLES_PINK-LADY-APPLES@@MINNEAPOLIS/ST. PAUL, MN - MULO",232,232,14759632.44,0,2022-01-09,2026-06-14,0,0.0,6,0,6|0
SUBCATEGORY_APPLES_PINK-LADY-APPLES@@MISSISSIPPI - MULO,232,232,5115606.08,0,2022-01-09,2026-06-14,0,0.0,4,0,4|0
"SUBCATEGORY_APPLES_PINK-LADY-APPLES@@NASHVILLE, TN - MULO",232,232,7680769.63,0,2022-01-09,2026-06-14,0,0.0,5,0,5|0
SUBCATEGORY_APPLES_PINK-LADY-APPLES@@NEW ENGLAND - MULO,232,232,11388995.95,0,2022-01-09,2026-06-14,0,0.0,6,0,6|0
"SUBCATEGORY_APPLES_PINK-LADY-APPLES@@NEW ORLEANS, LA/MOBILE, AL - MULO",232,232,7178740.92,0,2022-01-09,2026-06-14,0,0.0,5,0,5|0
"SUBCATEGORY_APPLES_PINK-LADY-APPLES@@NEW YORK, NY - MULO",232,232,24622416.77,0,2022-01-09,2026-06-14,0,0.0,7,0,7|0
"SUBCATEGORY_APPLES_PINK-LADY-APPLES@@OKLAHOMA CITY, OK - MULO",232,232,3255736.44,0,2022-01-09,2026-06-14,0,0.0,3,0,3|0
"SUBCATEGORY_APPLES_PINK-LADY-APPLES@@OMAHA, NE - MULO",232,232,4099579.99,0,2022-01-09,2026-06-14,0,0.0,4,0,4|0
"SUBCATEGORY_APPLES_PINK-LADY-APPLES@@ORLANDO, FL - MULO",232,232,14595264.42,0,2022-01-09,2026-06-14,0,0.0,6,0,6|0
"SUBCATEGORY_APPLES_PINK-LADY-APPLES@@PEORIA/SPRINGFIELD, IL - MULO",232,232,5702488.87,0,2022-01-09,2026-06-14,0,0.0,4,0,4|0
"SUBCATEGORY_APPLES_PINK-LADY-APPLES@@PHILADELPHIA, PA - MULO",232,232,15607675.28,0,2022-01-09,2026-06-14,0,0.0,7,0,7|0
"SUBCATEGORY_APPLES_PINK-LADY-APPLES@@PHOENIX/TUCSON, AZ - MULO",232,232,9331334.79,0,2022-01-09,2026-06-14,0,0.0,5,0,5|0
"SUBCATEGORY_APPLES_PINK-LADY-APPLES@@PITTSBURGH, PA - MULO",232,232,6567330.1,0,2022-01-09,2026-06-14,0,0.0,5,0,5|0
"SUBCATEGORY_APPLES_PINK-LADY-APPLES@@PORTLAND, OR - MULO",232,232,6490643.93,0,2022-01-09,2026-06-14,0,0.0,5,0,5|0
"SUBCATEGORY_APPLES_PINK-LADY-APPLES@@PROVIDENCE, RI - MULO",232,232,1460298.12,0,2022-01-09,2026-06-14,0,0.0,2,0,2|0
"SUBCATEGORY_APPLES_PINK-LADY-APPLES@@RALEIGH/GREENSBORO, NC - MULO",232,232,17729080.28,0,2022-01-09,2026-06-14,0,0.0,7,0,7|0
"SUBCATEGORY_APPLES_PINK-LADY-APPLES@@RICHMOND/NORFOLK, VA - MULO",232,232,12919695.36,0,2022-01-09,2026-06-14,0,0.0,6,0,6|0
"SUBCATEGORY_APPLES_PINK-LADY-APPLES@@ROANOKE, VA - MULO",232,232,8454825.81,0,2022-01-09,2026-06-14,0,0.0,5,0,5|0
"SUBCATEGORY_APPLES_PINK-LADY-APPLES@@SACRAMENTO, CA - MULO",232,232,3550387.12,0,2022-01-09,2026-06-14,0,0.0,3,0,3|0
"SUBCATEGORY_APPLES_PINK-LADY-APPLES@@SALT LAKE CITY, UT - MULO",232,232,5139022.27,0,2022-01-09,2026-06-14,0,0.0,4,0,4|0
"SUBCATEGORY_APPLES_PINK-LADY-APPLES@@SAN DIEGO, CA - MULO",232,232,3184719.58,0,2022-01-09,2026-06-14,0,0.0,3,0,3|0
"SUBCATEGORY_APPLES_PINK-LADY-APPLES@@SAN FRANCISCO/OAKLAND, CA - MULO",232,232,2327292.66,0,2022-01-09,2026-06-14,0,0.0,3,0,3|0
"SUBCATEGORY_APPLES_PINK-LADY-APPLES@@SEATTLE/TACOMA, WA - MULO",232,232,5192874.5,0,2022-01-09,2026-06-14,0,0.0,4,0,4|0
SUBCATEGORY_APPLES_PINK-LADY-APPLES@@SOUTH CAROLINA - MULO,232,232,19783761.98,0,2022-01-09,2026-06-14,0,0.0,7,0,7|0
"SUBCATEGORY_APPLES_PINK-LADY-APPLES@@SPOKANE, WA - MULO",232,232,1307400.38,0,2022-01-09,2026-06-14,0,0.0,2,0,2|0
"SUBCATEGORY_APPLES_PINK-LADY-APPLES@@ST. LOUIS, MO - MULO",232,232,7981822.98,0,2022-01-09,2026-06-14,0,0.0,5,0,5|0
"SUBCATEGORY_APPLES_PINK-LADY-APPLES@@SYRACUSE, NY - MULO",232,232,3349153.98,0,2022-01-09,2026-06-14,0,0.0,3,0,3|0
"SUBCATEGORY_APPLES_PINK-LADY-APPLES@@TAMPA/ST. PETERSBURG, FL - MULO",232,232,14217970.59,0,2022-01-09,2026-06-14,0,0.0,6,0,6|0
"SUBCATEGORY_APPLES_PINK-LADY-APPLES@@TOLEDO, OH - MULO",232,232,5956513.71,0,2022-01-09,2026-06-14,0,0.0,4,0,4|0
"SUBCATEGORY_APPLES_PINK-LADY-APPLES@@TULSA, OK - MULO",232,232,2604177.43,0,2022-01-09,2026-06-14,0,0.0,3,0,3|0
SUBCATEGORY_APPLES_PINK-LADY-APPLES@@WEST TEXAS/NEW MEXICO - MULO,232,232,6781064.62,0,2022-01-09,2026-06-14,0,0.0,5,0,5|0
"SUBCATEGORY_APPLES_PINK-LADY-APPLES@@WICHITA, KS - MULO",232,232,2584279.04,0,2022-01-09,2026-06-14,0,0.0,3,0,3|0
"SUBCATEGORY_APPLES_RED-DELICIOUS-APPLES@@ALBANY, NY - MULO",232,232,2217134.16,0,2022-01-09,2026-06-14,0,0.0,2,0,2|0
"SUBCATEGORY_APPLES_RED-DELICIOUS-APPLES@@ATLANTA, GA - MULO",232,232,7829705.2299999995,0,2022-01-09,2026-06-14,0,0.0,5,0,5|0
"SUBCATEGORY_APPLES_RED-DELICIOUS-APPLES@@BALTIMORE, MD/WASHINGTON D.C. - MULO",232,232,21957828.21,0,2022-01-09,2026-06-14,0,0.0,7,0,7|0
"SUBCATEGORY_APPLES_RED-DELICIOUS-APPLES@@BIRMINGHAM/MONTGOMERY, AL - MULO",232,232,10475916.51,0,2022-01-09,2026-06-14,0,0.0,6,0,6|0
"SUBCATEGORY_APPLES_RED-DELICIOUS-APPLES@@BOISE, ID - MULO",232,232,488845.2,0,2022-01-09,2026-06-14,0,0.0,1,0,1|0
"SUBCATEGORY_APPLES_RED-DELICIOUS-APPLES@@BOSTON, MA - MULO",232,232,6788256.95,0,2022-01-09,2026-06-14,0,0.0,5,0,5|0
"SUBCATEGORY_APPLES_RED-DELICIOUS-APPLES@@BUFFALO/ROCHESTER, NY - MULO",232,232,7045498.5,0,2022-01-09,2026-06-14,0,0.0,5,0,5|0
"SUBCATEGORY_APPLES_RED-DELICIOUS-APPLES@@CHARLOTTE, NC - MULO",232,232,8305945.44,0,2022-01-09,2026-06-14,0,0.0,5,0,5|0
"SUBCATEGORY_APPLES_RED-DELICIOUS-APPLES@@CHICAGO, IL - MULO",232,232,10055590.77,0,2022-01-09,2026-06-14,0,0.0,6,0,6|0
"SUBCATEGORY_APPLES_RED-DELICIOUS-APPLES@@CINCINNATI/DAYTON, OH - MULO",232,232,3522588.97,0,2022-01-09,2026-06-14,0,0.0,3,0,3|0
"SUBCATEGORY_APPLES_RED-DELICIOUS-APPLES@@CLEVELAND, OH - MULO",232,232,3747556.12,0,2022-01-09,2026-06-14,0,0.0,3,0,3|0
"SUBCATEGORY_APPLES_RED-DELICIOUS-APPLES@@COLUMBUS, OH - MULO",232,232,2949412.56,0,2022-01-09,2026-06-14,0,0.0,3,0,3|0
"SUBCATEGORY_APPLES_RED-DELICIOUS-APPLES@@DALLAS/FT. WORTH, TX - MULO",232,232,10264357.54,0,2022-01-09,2026-06-14,0,0.0,6,0,6|0
"SUBCATEGORY_APPLES_RED-DELICIOUS-APPLES@@DENVER, CO - MULO",232,232,2550996.7399999998,0,2022-01-09,2026-06-14,0,0.0,3,0,3|0
"SUBCATEGORY_APPLES_RED-DELICIOUS-APPLES@@DES MOINES, IA - MULO",232,232,1141144.02,0,2022-01-09,2026-06-14,0,0.0,1,0,1|0
"SUBCATEGORY_APPLES_RED-DELICIOUS-APPLES@@DETROIT, MI - MULO",232,232,6426932.85,0,2022-01-09,2026-06-14,0,0.0,5,0,5|0
"SUBCATEGORY_APPLES_RED-DELICIOUS-APPLES@@GRAND RAPIDS, MI - MULO",232,232,3384041.01,0,2022-01-09,2026-06-14,0,0.0,3,0,3|0
"SUBCATEGORY_APPLES_RED-DELICIOUS-APPLES@@GREEN BAY, WI - MULO",232,232,1397984.77,0,2022-01-09,2026-06-14,0,0.0,2,0,2|0
"SUBCATEGORY_APPLES_RED-DELICIOUS-APPLES@@HARRISBURG/SCRANTON, PA - MULO",232,232,13579038.3,0,2022-01-09,2026-06-14,0,0.0,6,0,6|0
"SUBCATEGORY_APPLES_RED-DELICIOUS-APPLES@@HARTFORD, CT/SPRINGFIELD, MA - MULO",232,232,5503797.81,0,2022-01-09,2026-06-14,0,0.0,4,0,4|0
"SUBCATEGORY_APPLES_RED-DELICIOUS-APPLES@@HOUSTON, TX - MULO",232,232,5559383.49,0,2022-01-09,2026-06-14,0,0.0,4,0,4|0
"SUBCATEGORY_APPLES_RED-DELICIOUS-APPLES@@INDIANAPOLIS, IN - MULO",232,232,4764847.88,0,2022-01-09,2026-06-14,0,0.0,4,0,4|0
"SUBCATEGORY_APPLES_RED-DELICIOUS-APPLES@@JACKSONVILLE, FL - MULO",232,232,4381396.32,0,2022-01-09,2026-06-14,0,0.0,4,0,4|0
"SUBCATEGORY_APPLES_RED-DELICIOUS-APPLES@@KANSAS CITY, KS - MULO",232,232,3144861.85,0,2022-01-09,2026-06-14,0,0.0,3,0,3|0
"SUBCATEGORY_APPLES_RED-DELICIOUS-APPLES@@KNOXVILLE, TN - MULO",232,232,3406263.3,0,2022-01-09,2026-06-14,0,0.0,3,0,3|0
"SUBCATEGORY_APPLES_RED-DELICIOUS-APPLES@@LAS VEGAS, NV - MULO",232,232,1122083.59,0,2022-01-09,2026-06-14,0,0.0,1,0,1|0
"SUBCATEGORY_APPLES_RED-DELICIOUS-APPLES@@LITTLE ROCK, AR - MULO",232,232,1401655.01,0,2022-01-09,2026-06-14,0,0.0,2,0,2|0
"SUBCATEGORY_APPLES_RED-DELICIOUS-APPLES@@LOS ANGELES, CA - MULO",232,232,7337306.68,0,2022-01-09,2026-06-14,0,0.0,5,0,5|0
"SUBCATEGORY_APPLES_RED-DELICIOUS-APPLES@@LOUISVILLE, KY - MULO",232,232,2243220.84,0,2022-01-09,2026-06-14,0,0.0,2,0,2|0
"SUBCATEGORY_APPLES_RED-DELICIOUS-APPLES@@MEMPHIS, TN - MULO",232,232,2412714.89,0,2022-01-09,2026-06-14,0,0.0,3,0,3|0
"SUBCATEGORY_APPLES_RED-DELICIOUS-APPLES@@MIAMI/FT. LAUDERDALE, FL - MULO",232,232,14435372.45,0,2022-01-09,2026-06-14,0,0.0,6,0,6|0
"SUBCATEGORY_APPLES_RED-DELICIOUS-APPLES@@MILWAUKEE, WI - MULO",232,232,3071456.68,0,2022-01-09,2026-06-14,0,0.0,3,0,3|0
"SUBCATEGORY_APPLES_RED-DELICIOUS-APPLES@@MINNEAPOLIS/ST. PAUL, MN - MULO",232,232,2853996.36,0,2022-01-09,2026-06-14,0,0.0,3,0,3|0
SUBCATEGORY_APPLES_RED-DELICIOUS-APPLES@@MISSISSIPPI - MULO,232,232,6237649.49,0,2022-01-09,2026-06-14,0,0.0,4,0,4|0
"SUBCATEGORY_APPLES_RED-DELICIOUS-APPLES@@NASHVILLE, TN - MULO",232,232,4057257.85,0,2022-01-09,2026-06-14,0,0.0,4,0,4|0
SUBCATEGORY_APPLES_RED-DELICIOUS-APPLES@@NEW ENGLAND - MULO,232,232,2663013.22,0,2022-01-09,2026-06-14,0,0.0,3,0,3|0
"SUBCATEGORY_APPLES_RED-DELICIOUS-APPLES@@NEW ORLEANS, LA/MOBILE, AL - MULO",232,232,6521726.48,0,2022-01-09,2026-06-14,0,0.0,5,0,5|0
"SUBCATEGORY_APPLES_RED-DELICIOUS-APPLES@@NEW YORK, NY - MULO",232,232,34964964.6,0,2022-01-09,2026-06-14,0,0.0,8,0,8|0
"SUBCATEGORY_APPLES_RED-DELICIOUS-APPLES@@OKLAHOMA CITY, OK - MULO",232,232,2325668.97,0,2022-01-09,2026-06-14,0,0.0,3,0,3|0
"SUBCATEGORY_APPLES_RED-DELICIOUS-APPLES@@OMAHA, NE - MULO",232,232,1720028.06,0,2022-01-09,2026-06-14,0,0.0,2,0,2|0
"SUBCATEGORY_APPLES_RED-DELICIOUS-APPLES@@ORLANDO, FL - MULO",232,232,8962921.2,0,2022-01-09,2026-06-14,0,0.0,5,0,5|0
"SUBCATEGORY_APPLES_RED-DELICIOUS-APPLES@@PEORIA/SPRINGFIELD, IL - MULO",232,232,3692206.36,0,2022-01-09,2026-06-14,0,0.0,3,0,3|0
"SUBCATEGORY_APPLES_RED-DELICIOUS-APPLES@@PHILADELPHIA, PA - MULO",232,232,16456034.62,0,2022-01-09,2026-06-14,0,0.0,7,0,7|0
"SUBCATEGORY_APPLES_RED-DELICIOUS-APPLES@@PHOENIX/TUCSON, AZ - MULO",232,232,3130320.0100000002,0,2022-01-09,2026-06-14,0,0.0,3,0,3|0
"SUBCATEGORY_APPLES_RED-DELICIOUS-APPLES@@PITTSBURGH, PA - MULO",232,232,6698765.48,0,2022-01-09,2026-06-14,0,0.0,5,0,5|0
"SUBCATEGORY_APPLES_RED-DELICIOUS-APPLES@@PORTLAND, OR - MULO",232,232,697115.43,0,2022-01-09,2026-06-14,0,0.0,1,0,1|0
"SUBCATEGORY_APPLES_RED-DELICIOUS-APPLES@@PROVIDENCE, RI - MULO",232,232,1519041.98,0,2022-01-09,2026-06-14,0,0.0,2,0,2|0
"SUBCATEGORY_APPLES_RED-DELICIOUS-APPLES@@RALEIGH/GREENSBORO, NC - MULO",232,232,11091355.9,0,2022-01-09,2026-06-14,0,0.0,6,0,6|0
"SUBCATEGORY_APPLES_RED-DELICIOUS-APPLES@@RICHMOND/NORFOLK, VA - MULO",232,232,7750212.24,0,2022-01-09,2026-06-14,0,0.0,5,0,5|0
"SUBCATEGORY_APPLES_RED-DELICIOUS-APPLES@@ROANOKE, VA - MULO",232,232,6641942.7299999995,0,2022-01-09,2026-06-14,0,0.0,5,0,5|0
"SUBCATEGORY_APPLES_RED-DELICIOUS-APPLES@@SACRAMENTO, CA - MULO",232,232,1367355.67,0,2022-01-09,2026-06-14,0,0.0,2,0,2|0
"SUBCATEGORY_APPLES_RED-DELICIOUS-APPLES@@SALT LAKE CITY, UT - MULO",232,232,1597302.99,0,2022-01-09,2026-06-14,0,0.0,2,0,2|0
"SUBCATEGORY_APPLES_RED-DELICIOUS-APPLES@@SAN DIEGO, CA - MULO",232,232,1280778.78,0,2022-01-09,2026-06-14,0,0.0,2,0,2|0
"SUBCATEGORY_APPLES_RED-DELICIOUS-APPLES@@SAN FRANCISCO/OAKLAND, CA - MULO",232,232,970600.83,0,2022-01-09,2026-06-14,0,0.0,1,0,1|0
"SUBCATEGORY_APPLES_RED-DELICIOUS-APPLES@@SEATTLE/TACOMA, WA - MULO",232,232,1127697.42,0,2022-01-09,2026-06-14,0,0.0,1,0,1|0
SUBCATEGORY_APPLES_RED-DELICIOUS-APPLES@@SOUTH CAROLINA - MULO,232,232,13952763.24,0,2022-01-09,2026-06-14,0,0.0,6,0,6|0
"SUBCATEGORY_APPLES_RED-DELICIOUS-APPLES@@SPOKANE, WA - MULO",232,232,283265.25,0,2022-01-09,2026-06-14,0,0.0,0,0,0|0
"SUBCATEGORY_APPLES_RED-DELICIOUS-APPLES@@ST. LOUIS, MO - MULO",232,232,5283235.24,0,2022-01-09,2026-06-14,0,0.0,4,0,4|0
"SUBCATEGORY_APPLES_RED-DELICIOUS-APPLES@@SYRACUSE, NY - MULO",232,232,2597752.44,0,2022-01-09,2026-06-14,0,0.0,3,0,3|0
"SUBCATEGORY_APPLES_RED-DELICIOUS-APPLES@@TAMPA/ST. PETERSBURG, FL - MULO",232,232,7930166.69,0,2022-01-09,2026-06-14,0,0.0,5,0,5|0
"SUBCATEGORY_APPLES_RED-DELICIOUS-APPLES@@TOLEDO, OH - MULO",232,232,3661835.7,0,2022-01-09,2026-06-14,0,0.0,3,0,3|0
"SUBCATEGORY_APPLES_RED-DELICIOUS-APPLES@@TULSA, OK - MULO",232,232,2125383.48,0,2022-01-09,2026-06-14,0,0.0,2,0,2|0
SUBCATEGORY_APPLES_RED-DELICIOUS-APPLES@@WEST TEXAS/NEW MEXICO - MULO,232,232,9481251.87,0,2022-01-09,2026-06-14,0,0.0,5,0,5|0
"SUBCATEGORY_APPLES_RED-DELICIOUS-APPLES@@WICHITA, KS - MULO",232,232,1216093.76,0,2022-01-09,2026-06-14,0,0.0,2,0,2|0
"SUBCATEGORY_AVOCADOS_AVOCADOS@@ALBANY, NY - MULO",232,232,501713.48,0,2022-01-09,2026-06-14,0,0.0,1,0,1|0
"SUBCATEGORY_AVOCADOS_AVOCADOS@@ATLANTA, GA - MULO",232,232,2785198.68,0,2022-01-09,2026-06-14,0,0.0,3,0,3|0
"SUBCATEGORY_AVOCADOS_AVOCADOS@@BALTIMORE, MD/WASHINGTON D.C. - MULO",232,232,16501197.27,0,2022-01-09,2026-06-14,0,0.0,7,0,7|0
"SUBCATEGORY_AVOCADOS_AVOCADOS@@BIRMINGHAM/MONTGOMERY, AL - MULO",232,232,1055676.81,0,2022-01-09,2026-06-14,0,0.0,1,0,1|0
"SUBCATEGORY_AVOCADOS_AVOCADOS@@BOISE, ID - MULO",231,232,796209.16,0,2022-01-09,2026-06-14,1,0.0,1,0,1|0
"SUBCATEGORY_AVOCADOS_AVOCADOS@@BOSTON, MA - MULO",232,232,7884495.64,0,2022-01-09,2026-06-14,0,0.0,5,0,5|0
"SUBCATEGORY_AVOCADOS_AVOCADOS@@BUFFALO/ROCHESTER, NY - MULO",232,232,1106452.9,0,2022-01-09,2026-06-14,0,0.0,1,0,1|0
"SUBCATEGORY_AVOCADOS_AVOCADOS@@CHARLOTTE, NC - MULO",232,232,9929812.51,0,2022-01-09,2026-06-14,0,0.0,6,0,6|0
"SUBCATEGORY_AVOCADOS_AVOCADOS@@CHICAGO, IL - MULO",232,232,10307574.57,0,2022-01-09,2026-06-14,0,0.0,6,0,6|0
"SUBCATEGORY_AVOCADOS_AVOCADOS@@CINCINNATI/DAYTON, OH - MULO",232,232,1408176.82,0,2022-01-09,2026-06-14,0,0.0,2,0,2|0
"SUBCATEGORY_AVOCADOS_AVOCADOS@@CLEVELAND, OH - MULO",232,232,3582827.36,0,2022-01-09,2026-06-14,0,0.0,3,0,3|0
"SUBCATEGORY_AVOCADOS_AVOCADOS@@COLUMBUS, OH - MULO",232,232,3009547.75,0,2022-01-09,2026-06-14,0,0.0,3,0,3|0
"SUBCATEGORY_AVOCADOS_AVOCADOS@@DALLAS/FT. WORTH, TX - MULO",232,232,8219565.18,0,2022-01-09,2026-06-14,0,0.0,5,0,5|0
"SUBCATEGORY_AVOCADOS_AVOCADOS@@DENVER, CO - MULO",232,232,6198321.56,0,2022-01-09,2026-06-14,0,0.0,4,0,4|0
"SUBCATEGORY_AVOCADOS_AVOCADOS@@DES MOINES, IA - MULO",232,232,761293.84,0,2022-01-09,2026-06-14,0,0.0,1,0,1|0
"SUBCATEGORY_AVOCADOS_AVOCADOS@@DETROIT, MI - MULO",232,232,1724209.52,0,2022-01-09,2026-06-14,0,0.0,2,0,2|0
"SUBCATEGORY_AVOCADOS_AVOCADOS@@GRAND RAPIDS, MI - MULO",232,232,490801.0,0,2022-01-09,2026-06-14,0,0.0,1,0,1|0
"SUBCATEGORY_AVOCADOS_AVOCADOS@@GREEN BAY, WI - MULO",232,232,493670.05,0,2022-01-09,2026-06-14,0,0.0,1,0,1|0
"SUBCATEGORY_AVOCADOS_AVOCADOS@@HARRISBURG/SCRANTON, PA - MULO",232,232,1648859.4,0,2022-01-09,2026-06-14,0,0.0,2,0,2|0
"SUBCATEGORY_AVOCADOS_AVOCADOS@@HARTFORD, CT/SPRINGFIELD, MA - MULO",232,232,2385831.32,0,2022-01-09,2026-06-14,0,0.0,3,0,3|0
"SUBCATEGORY_AVOCADOS_AVOCADOS@@HOUSTON, TX - MULO",232,232,4634196.1,0,2022-01-09,2026-06-14,0,0.0,4,0,4|0
"SUBCATEGORY_AVOCADOS_AVOCADOS@@INDIANAPOLIS, IN - MULO",232,232,1685217.78,0,2022-01-09,2026-06-14,0,0.0,2,0,2|0
"SUBCATEGORY_AVOCADOS_AVOCADOS@@JACKSONVILLE, FL - MULO",232,232,800663.72,0,2022-01-09,2026-06-14,0,0.0,1,0,1|0
"SUBCATEGORY_AVOCADOS_AVOCADOS@@KANSAS CITY, KS - MULO",232,232,3123357.55,0,2022-01-09,2026-06-14,0,0.0,3,0,3|0
"SUBCATEGORY_AVOCADOS_AVOCADOS@@KNOXVILLE, TN - MULO",232,232,708273.05,0,2022-01-09,2026-06-14,0,0.0,1,0,1|0
"SUBCATEGORY_AVOCADOS_AVOCADOS@@LAS VEGAS, NV - MULO",232,232,6538976.83,0,2022-01-09,2026-06-14,0,0.0,5,0,5|0
"SUBCATEGORY_AVOCADOS_AVOCADOS@@LITTLE ROCK, AR - MULO",232,232,406780.9,0,2022-01-09,2026-06-14,0,0.0,0,0,0|0
"SUBCATEGORY_AVOCADOS_AVOCADOS@@LOS ANGELES, CA - MULO",232,232,39613271.86,0,2022-01-09,2026-06-14,0,0.0,8,0,8|0
"SUBCATEGORY_AVOCADOS_AVOCADOS@@LOUISVILLE, KY - MULO",232,232,1175479.63,0,2022-01-09,2026-06-14,0,0.0,1,0,1|0
"SUBCATEGORY_AVOCADOS_AVOCADOS@@MEMPHIS, TN - MULO",232,232,717961.21,0,2022-01-09,2026-06-14,0,0.0,1,0,1|0
"SUBCATEGORY_AVOCADOS_AVOCADOS@@MIAMI/FT. LAUDERDALE, FL - MULO",232,232,5161419.34,0,2022-01-09,2026-06-14,0,0.0,4,0,4|0
"SUBCATEGORY_AVOCADOS_AVOCADOS@@MILWAUKEE, WI - MULO",232,232,2695332.63,0,2022-01-09,2026-06-14,0,0.0,3,0,3|0
"SUBCATEGORY_AVOCADOS_AVOCADOS@@MINNEAPOLIS/ST. PAUL, MN - MULO",232,232,7024093.45,0,2022-01-09,2026-06-14,0,0.0,5,0,5|0
SUBCATEGORY_AVOCADOS_AVOCADOS@@MISSISSIPPI - MULO,232,232,950798.75,0,2022-01-09,2026-06-14,0,0.0,1,0,1|0
"SUBCATEGORY_AVOCADOS_AVOCADOS@@NASHVILLE, TN - MULO",232,232,2072432.93,0,2022-01-09,2026-06-14,0,0.0,2,0,2|0
SUBCATEGORY_AVOCADOS_AVOCADOS@@NEW ENGLAND - MULO,232,232,2375585.98,0,2022-01-09,2026-06-14,0,0.0,3,0,3|0
"SUBCATEGORY_AVOCADOS_AVOCADOS@@NEW ORLEANS, LA/MOBILE, AL - MULO",232,232,1702374.29,0,2022-01-09,2026-06-14,0,0.0,2,0,2|0
"SUBCATEGORY_AVOCADOS_AVOCADOS@@NEW YORK, NY - MULO",232,232,26030231.14,0,2022-01-09,2026-06-14,0,0.0,7,0,7|0
"SUBCATEGORY_AVOCADOS_AVOCADOS@@OKLAHOMA CITY, OK - MULO",232,232,952560.41,0,2022-01-09,2026-06-14,0,0.0,1,0,1|0
"SUBCATEGORY_AVOCADOS_AVOCADOS@@OMAHA, NE - MULO",232,232,1199479.83,0,2022-01-09,2026-06-14,0,0.0,1,0,1|0
"SUBCATEGORY_AVOCADOS_AVOCADOS@@ORLANDO, FL - MULO",232,232,2357082.02,0,2022-01-09,2026-06-14,0,0.0,3,0,3|0
"SUBCATEGORY_AVOCADOS_AVOCADOS@@PEORIA/SPRINGFIELD, IL - MULO",232,232,659789.78,0,2022-01-09,2026-06-14,0,0.0,1,0,1|0
"SUBCATEGORY_AVOCADOS_AVOCADOS@@PHILADELPHIA, PA - MULO",232,232,5238631.91,0,2022-01-09,2026-06-14,0,0.0,4,0,4|0
"SUBCATEGORY_AVOCADOS_AVOCADOS@@PHOENIX/TUCSON, AZ - MULO",232,232,13190976.26,0,2022-01-09,2026-06-14,0,0.0,6,0,6|0
"SUBCATEGORY_AVOCADOS_AVOCADOS@@PITTSBURGH, PA - MULO",232,232,3675989.35,0,2022-01-09,2026-06-14,0,0.0,3,0,3|0
"SUBCATEGORY_AVOCADOS_AVOCADOS@@PORTLAND, OR - MULO",232,232,4086904.82,0,2022-01-09,2026-06-14,0,0.0,4,0,4|0
"SUBCATEGORY_AVOCADOS_AVOCADOS@@PROVIDENCE, RI - MULO",232,232,1130527.37,0,2022-01-09,2026-06-14,0,0.0,1,0,1|0
"SUBCATEGORY_AVOCADOS_AVOCADOS@@RALEIGH/GREENSBORO, NC - MULO",232,232,12087848.6,0,2022-01-09,2026-06-14,0,0.0,6,0,6|0
"SUBCATEGORY_AVOCADOS_AVOCADOS@@RICHMOND/NORFOLK, VA - MULO",232,232,7140944.7,0,2022-01-09,2026-06-14,0,0.0,5,0,5|0
"SUBCATEGORY_AVOCADOS_AVOCADOS@@ROANOKE, VA - MULO",232,232,3207268.43,0,2022-01-09,2026-06-14,0,0.0,3,0,3|0
"SUBCATEGORY_AVOCADOS_AVOCADOS@@SACRAMENTO, CA - MULO",232,232,2928788.28,0,2022-01-09,2026-06-14,0,0.0,3,0,3|0
"SUBCATEGORY_AVOCADOS_AVOCADOS@@SALT LAKE CITY, UT - MULO",232,232,2226768.62,0,2022-01-09,2026-06-14,0,0.0,2,0,2|0
"SUBCATEGORY_AVOCADOS_AVOCADOS@@SAN DIEGO, CA - MULO",232,232,7260260.05,0,2022-01-09,2026-06-14,0,0.0,5,0,5|0
"SUBCATEGORY_AVOCADOS_AVOCADOS@@SAN FRANCISCO/OAKLAND, CA - MULO",232,232,9032710.11,0,2022-01-09,2026-06-14,0,0.0,5,0,5|0
"SUBCATEGORY_AVOCADOS_AVOCADOS@@SEATTLE/TACOMA, WA - MULO",232,232,9078983.94,0,2022-01-09,2026-06-14,0,0.0,5,0,5|0
SUBCATEGORY_AVOCADOS_AVOCADOS@@SOUTH CAROLINA - MULO,232,232,9867493.45,0,2022-01-09,2026-06-14,0,0.0,6,0,6|0
"SUBCATEGORY_AVOCADOS_AVOCADOS@@SPOKANE, WA - MULO",232,232,555328.53,0,2022-01-09,2026-06-14,0,0.0,1,0,1|0
"SUBCATEGORY_AVOCADOS_AVOCADOS@@ST. LOUIS, MO - MULO",232,232,2488591.57,0,2022-01-09,2026-06-14,0,0.0,3,0,3|0
"SUBCATEGORY_AVOCADOS_AVOCADOS@@SYRACUSE, NY - MULO",232,232,451357.35,0,2022-01-09,2026-06-14,0,0.0,1,0,1|0
"SUBCATEGORY_AVOCADOS_AVOCADOS@@TAMPA/ST. PETERSBURG, FL - MULO",232,232,2227306.79,0,2022-01-09,2026-06-14,0,0.0,2,0,2|0
"SUBCATEGORY_AVOCADOS_AVOCADOS@@TOLEDO, OH - MULO",232,232,1130011.33,0,2022-01-09,2026-06-14,0,0.0,1,0,1|0
"SUBCATEGORY_AVOCADOS_AVOCADOS@@TULSA, OK - MULO",232,232,514646.56,0,2022-01-09,2026-06-14,0,0.0,1,0,1|0
SUBCATEGORY_AVOCADOS_AVOCADOS@@WEST TEXAS/NEW MEXICO - MULO,232,232,4423220.58,0,2022-01-09,2026-06-14,0,0.0,4,0,4|0
"SUBCATEGORY_AVOCADOS_AVOCADOS@@WICHITA, KS - MULO",232,232,342521.55,0,2022-01-09,2026-06-14,0,0.0,0,0,0|0
"SUBCATEGORY_BANANAS_BANANAS@@ALBANY, NY - MULO",232,232,5906379.07,0,2022-01-09,2026-06-14,0,0.0,4,0,4|0
"SUBCATEGORY_BANANAS_BANANAS@@ATLANTA, GA - MULO",232,232,19755861.14,0,2022-01-09,2026-06-14,0,0.0,7,0,7|0
"SUBCATEGORY_BANANAS_BANANAS@@BALTIMORE, MD/WASHINGTON D.C. - MULO",232,232,29172285.87,0,2022-01-09,2026-06-14,0,0.0,8,0,8|0
"SUBCATEGORY_BANANAS_BANANAS@@BIRMINGHAM/MONTGOMERY, AL - MULO",232,232,12236103.6,0,2022-01-09,2026-06-14,0,0.0,6,0,6|0
"SUBCATEGORY_BANANAS_BANANAS@@BOISE, ID - MULO",232,232,685377.58,0,2022-01-09,2026-06-14,0,0.0,1,0,1|0
"SUBCATEGORY_BANANAS_BANANAS@@BOSTON, MA - MULO",232,232,19098844.51,0,2022-01-09,2026-06-14,0,0.0,7,0,7|0
"SUBCATEGORY_BANANAS_BANANAS@@BUFFALO/ROCHESTER, NY - MULO",232,232,8201580.3,0,2022-01-09,2026-06-14,0,0.0,5,0,5|0
"SUBCATEGORY_BANANAS_BANANAS@@CHARLOTTE, NC - MULO",232,232,9525728.75,0,2022-01-09,2026-06-14,0,0.0,5,0,5|0
"SUBCATEGORY_BANANAS_BANANAS@@CHICAGO, IL - MULO",232,232,28315840.07,0,2022-01-09,2026-06-14,0,0.0,8,0,8|0
"SUBCATEGORY_BANANAS_BANANAS@@CINCINNATI/DAYTON, OH - MULO",232,232,6591911.02,0,2022-01-09,2026-06-14,0,0.0,5,0,5|0
"SUBCATEGORY_BANANAS_BANANAS@@CLEVELAND, OH - MULO",232,232,7695558.62,0,2022-01-09,2026-06-14,0,0.0,5,0,5|0
"SUBCATEGORY_BANANAS_BANANAS@@COLUMBUS, OH - MULO",232,232,7236590.13,0,2022-01-09,2026-06-14,0,0.0,5,0,5|0
"SUBCATEGORY_BANANAS_BANANAS@@DALLAS/FT. WORTH, TX - MULO",232,232,44424340.89,0,2022-01-09,2026-06-14,0,0.0,8,0,8|0
"SUBCATEGORY_BANANAS_BANANAS@@DENVER, CO - MULO",232,232,27465490.26,0,2022-01-09,2026-06-14,0,0.0,8,0,8|0
"SUBCATEGORY_BANANAS_BANANAS@@DES MOINES, IA - MULO",232,232,3303841.61,0,2022-01-09,2026-06-14,0,0.0,3,0,3|0
"SUBCATEGORY_BANANAS_BANANAS@@DETROIT, MI - MULO",232,232,11475235.81,0,2022-01-09,2026-06-14,0,0.0,6,0,6|0
"SUBCATEGORY_BANANAS_BANANAS@@GRAND RAPIDS, MI - MULO",232,232,4736295.49,0,2022-01-09,2026-06-14,0,0.0,4,0,4|0
"SUBCATEGORY_BANANAS_BANANAS@@GREEN BAY, WI - MULO",232,232,3748119.13,0,2022-01-09,2026-06-14,0,0.0,3,0,3|0
"SUBCATEGORY_BANANAS_BANANAS@@HARRISBURG/SCRANTON, PA - MULO",232,232,12548431.13,0,2022-01-09,2026-06-14,0,0.0,6,0,6|0
"SUBCATEGORY_BANANAS_BANANAS@@HARTFORD, CT/SPRINGFIELD, MA - MULO",232,232,11906929.97,0,2022-01-09,2026-06-14,0,0.0,6,0,6|0
"SUBCATEGORY_BANANAS_BANANAS@@HOUSTON, TX - MULO",232,232,20254048.85,0,2022-01-09,2026-06-14,0,0.0,7,0,7|0
"SUBCATEGORY_BANANAS_BANANAS@@INDIANAPOLIS, IN - MULO",232,232,6757570.05,0,2022-01-09,2026-06-14,0,0.0,5,0,5|0
"SUBCATEGORY_BANANAS_BANANAS@@JACKSONVILLE, FL - MULO",232,232,6733676.43,0,2022-01-09,2026-06-14,0,0.0,5,0,5|0
"SUBCATEGORY_BANANAS_BANANAS@@KANSAS CITY, KS - MULO",232,232,13867387.68,0,2022-01-09,2026-06-14,0,0.0,6,0,6|0
"SUBCATEGORY_BANANAS_BANANAS@@KNOXVILLE, TN - MULO",232,232,3538723.98,0,2022-01-09,2026-06-14,0,0.0,3,0,3|0
"SUBCATEGORY_BANANAS_BANANAS@@LAS VEGAS, NV - MULO",232,232,10852779.78,0,2022-01-09,2026-06-14,0,0.0,6,0,6|0
"SUBCATEGORY_BANANAS_BANANAS@@LITTLE ROCK, AR - MULO",232,232,3947658.85,0,2022-01-09,2026-06-14,0,0.0,4,0,4|0
"SUBCATEGORY_BANANAS_BANANAS@@LOS ANGELES, CA - MULO",232,232,46797266.64,0,2022-01-09,2026-06-14,0,0.0,8,0,8|0
"SUBCATEGORY_BANANAS_BANANAS@@LOUISVILLE, KY - MULO",232,232,4487370.77,0,2022-01-09,2026-06-14,0,0.0,4,0,4|0
"SUBCATEGORY_BANANAS_BANANAS@@MEMPHIS, TN - MULO",232,232,4928155.32,0,2022-01-09,2026-06-14,0,0.0,4,0,4|0
"SUBCATEGORY_BANANAS_BANANAS@@MIAMI/FT. LAUDERDALE, FL - MULO",232,232,31251933.35,0,2022-01-09,2026-06-14,0,0.0,8,0,8|0
"SUBCATEGORY_BANANAS_BANANAS@@MILWAUKEE, WI - MULO",232,232,9124436.49,0,2022-01-09,2026-06-14,0,0.0,5,0,5|0
"SUBCATEGORY_BANANAS_BANANAS@@MINNEAPOLIS/ST. PAUL, MN - MULO",232,232,17133549.24,0,2022-01-09,2026-06-14,0,0.0,7,0,7|0
SUBCATEGORY_BANANAS_BANANAS@@MISSISSIPPI - MULO,232,232,5961267.32,0,2022-01-09,2026-06-14,0,0.0,4,0,4|0
"SUBCATEGORY_BANANAS_BANANAS@@NASHVILLE, TN - MULO",232,232,7735301.06,0,2022-01-09,2026-06-14,0,0.0,5,0,5|0
SUBCATEGORY_BANANAS_BANANAS@@NEW ENGLAND - MULO,232,232,8330808.82,0,2022-01-09,2026-06-14,0,0.0,5,0,5|0
"SUBCATEGORY_BANANAS_BANANAS@@NEW ORLEANS, LA/MOBILE, AL - MULO",232,232,14239661.69,0,2022-01-09,2026-06-14,0,0.0,6,0,6|0
"SUBCATEGORY_BANANAS_BANANAS@@NEW YORK, NY - MULO",232,232,69638551.26,0,2022-01-09,2026-06-14,0,0.0,9,0,9|0
"SUBCATEGORY_BANANAS_BANANAS@@OKLAHOMA CITY, OK - MULO",232,232,8559860.68,0,2022-01-09,2026-06-14,0,0.0,5,0,5|0
"SUBCATEGORY_BANANAS_BANANAS@@OMAHA, NE - MULO",232,232,12105215.9,0,2022-01-09,2026-06-14,0,0.0,6,0,6|0
"SUBCATEGORY_BANANAS_BANANAS@@ORLANDO, FL - MULO",232,232,19955592.83,0,2022-01-09,2026-06-14,0,0.0,7,0,7|0
"SUBCATEGORY_BANANAS_BANANAS@@PEORIA/SPRINGFIELD, IL - MULO",232,232,4831354.52,0,2022-01-09,2026-06-14,0,0.0,4,0,4|0
"SUBCATEGORY_BANANAS_BANANAS@@PHILADELPHIA, PA - MULO",232,232,19648984.87,0,2022-01-09,2026-06-14,0,0.0,7,0,7|0
"SUBCATEGORY_BANANAS_BANANAS@@PHOENIX/TUCSON, AZ - MULO",232,232,12784315.69,0,2022-01-09,2026-06-14,0,0.0,6,0,6|0
"SUBCATEGORY_BANANAS_BANANAS@@PITTSBURGH, PA - MULO",232,232,12624205.06,0,2022-01-09,2026-06-14,0,0.0,6,0,6|0
"SUBCATEGORY_BANANAS_BANANAS@@PORTLAND, OR - MULO",232,232,1500380.16,3,2022-01-09,2026-06-14,0,0.01293103448275862,2,0,2|0
"SUBCATEGORY_BANANAS_BANANAS@@PROVIDENCE, RI - MULO",232,232,2136978.5,0,2022-01-09,2026-06-14,0,0.0,2,0,2|0
"SUBCATEGORY_BANANAS_BANANAS@@RALEIGH/GREENSBORO, NC - MULO",232,232,11959083.54,0,2022-01-09,2026-06-14,0,0.0,6,0,6|0
"SUBCATEGORY_BANANAS_BANANAS@@RICHMOND/NORFOLK, VA - MULO",232,232,12575903.43,0,2022-01-09,2026-06-14,0,0.0,6,0,6|0
"SUBCATEGORY_BANANAS_BANANAS@@ROANOKE, VA - MULO",232,232,8070243.26,0,2022-01-09,2026-06-14,0,0.0,5,0,5|0
"SUBCATEGORY_BANANAS_BANANAS@@SACRAMENTO, CA - MULO",232,232,9681450.16,0,2022-01-09,2026-06-14,0,0.0,5,0,5|0
"SUBCATEGORY_BANANAS_BANANAS@@SALT LAKE CITY, UT - MULO",232,232,8064854.42,0,2022-01-09,2026-06-14,0,0.0,5,0,5|0
"SUBCATEGORY_BANANAS_BANANAS@@SAN DIEGO, CA - MULO",232,232,5404742.35,0,2022-01-09,2026-06-14,0,0.0,4,0,4|0
"SUBCATEGORY_BANANAS_BANANAS@@SAN FRANCISCO/OAKLAND, CA - MULO",232,232,11563129.23,0,2022-01-09,2026-06-14,0,0.0,6,0,6|0
"SUBCATEGORY_BANANAS_BANANAS@@SEATTLE/TACOMA, WA - MULO",232,232,2871682.74,0,2022-01-09,2026-06-14,0,0.0,3,0,3|0
SUBCATEGORY_BANANAS_BANANAS@@SOUTH CAROLINA - MULO,232,232,18915424.84,0,2022-01-09,2026-06-14,0,0.0,7,0,7|0
"SUBCATEGORY_BANANAS_BANANAS@@SPOKANE, WA - MULO",232,232,417535.48,3,2022-01-09,2026-06-14,0,0.01293103448275862,0,0,0|0
"SUBCATEGORY_BANANAS_BANANAS@@ST. LOUIS, MO - MULO",232,232,9980086.74,0,2022-01-09,2026-06-14,0,0.0,6,0,6|0
"SUBCATEGORY_BANANAS_BANANAS@@SYRACUSE, NY - MULO",232,232,6084198.88,0,2022-01-09,2026-06-14,0,0.0,4,0,4|0
"SUBCATEGORY_BANANAS_BANANAS@@TAMPA/ST. PETERSBURG, FL - MULO",232,232,18978207.79,0,2022-01-09,2026-06-14,0,0.0,7,0,7|0
"SUBCATEGORY_BANANAS_BANANAS@@TOLEDO, OH - MULO",232,232,4056602.55,0,2022-01-09,2026-06-14,0,0.0,4,0,4|0
"SUBCATEGORY_BANANAS_BANANAS@@TULSA, OK - MULO",232,232,5764638.11,0,2022-01-09,2026-06-14,0,0.0,4,0,4|0
SUBCATEGORY_BANANAS_BANANAS@@WEST TEXAS/NEW MEXICO - MULO,232,232,17509943.57,0,2022-01-09,2026-06-14,0,0.0,7,0,7|0
"SUBCATEGORY_BANANAS_BANANAS@@WICHITA, KS - MULO",232,232,4320482.15,0,2022-01-09,2026-06-14,0,0.0,4,0,4|0
"SUBCATEGORY_BANANAS_PLANTAINS-&-OTHER-BANANAS@@ALBANY, NY - MULO",230,232,142028.36000000002,17,2022-01-09,2026-06-14,2,0.07391304347826087,0,1,0|1
"SUBCATEGORY_BANANAS_PLANTAINS-&-OTHER-BANANAS@@BALTIMORE, MD/WASHINGTON D.C. - MULO",232,232,4587344.31,0,2022-01-09,2026-06-14,0,0.0,4,0,4|0
"SUBCATEGORY_BANANAS_PLANTAINS-&-OTHER-BANANAS@@CHARLOTTE, NC - MULO",204,204,306540.93,8,2022-07-24,2026-06-14,0,0.0392156862745098,0,0,0|0
"SUBCATEGORY_BANANAS_PLANTAINS-&-OTHER-BANANAS@@DALLAS/FT. WORTH, TX - MULO",173,232,9500.54,33,2022-01-09,2026-06-14,59,0.1907514450867052,0,1,0|1
"SUBCATEGORY_BANANAS_PLANTAINS-&-OTHER-BANANAS@@HARRISBURG/SCRANTON, PA - MULO",232,232,1581478.56,0,2022-01-09,2026-06-14,0,0.0,2,0,2|0
"SUBCATEGORY_BANANAS_PLANTAINS-&-OTHER-BANANAS@@HARTFORD, CT/SPRINGFIELD, MA - MULO",224,224,271002.39,0,2022-03-06,2026-06-14,0,0.0,0,0,0|0
"SUBCATEGORY_BANANAS_PLANTAINS-&-OTHER-BANANAS@@HOUSTON, TX - MULO",195,232,1191728.97,1,2022-01-09,2026-06-14,37,0.005128205128205128,1,0,1|0
"SUBCATEGORY_BANANAS_PLANTAINS-&-OTHER-BANANAS@@JACKSONVILLE, FL - MULO",167,168,38142.88,131,2023-04-02,2026-06-14,1,0.7844311377245509,0,2,0|2
"SUBCATEGORY_BANANAS_PLANTAINS-&-OTHER-BANANAS@@MIAMI/FT. LAUDERDALE, FL - MULO",232,232,1578281.57,0,2022-01-09,2026-06-14,0,0.0,2,0,2|0
SUBCATEGORY_BANANAS_PLANTAINS-&-OTHER-BANANAS@@NEW ENGLAND - MULO,232,232,583294.22,0,2022-01-09,2026-06-14,0,0.0,1,0,1|0
"SUBCATEGORY_BANANAS_PLANTAINS-&-OTHER-BANANAS@@NEW YORK, NY - MULO",232,232,3200660.93,0,2022-01-09,2026-06-14,0,0.0,3,0,3|0
"SUBCATEGORY_BANANAS_PLANTAINS-&-OTHER-BANANAS@@ORLANDO, FL - MULO",232,232,1972412.57,0,2022-01-09,2026-06-14,0,0.0,2,0,2|0
"SUBCATEGORY_BANANAS_PLANTAINS-&-OTHER-BANANAS@@PHILADELPHIA, PA - MULO",232,232,787521.6,0,2022-01-09,2026-06-14,0,0.0,1,0,1|0
"SUBCATEGORY_BANANAS_PLANTAINS-&-OTHER-BANANAS@@RALEIGH/GREENSBORO, NC - MULO",228,228,1448722.6199999999,24,2022-02-06,2026-06-14,0,0.10526315789473684,2,1,2|1
"SUBCATEGORY_BANANAS_PLANTAINS-&-OTHER-BANANAS@@RICHMOND/NORFOLK, VA - MULO",215,215,722696.49,19,2022-05-08,2026-06-14,0,0.08837209302325581,1,1,1|1
"SUBCATEGORY_BANANAS_PLANTAINS-&-OTHER-BANANAS@@ROANOKE, VA - MULO",171,171,196391.05,1,2023-03-12,2026-06-14,0,0.005847953216374269,0,0,0|0
SUBCATEGORY_BANANAS_PLANTAINS-&-OTHER-BANANAS@@SOUTH CAROLINA - MULO,223,224,165784.37,10,2022-03-06,2026-06-14,1,0.04484304932735426,0,0,0|0
"SUBCATEGORY_BANANAS_PLANTAINS-&-OTHER-BANANAS@@TAMPA/ST. PETERSBURG, FL - MULO",232,232,2649308.78,0,2022-01-09,2026-06-14,0,0.0,3,0,3|0
"SUBCATEGORY_BERRIES_BLACKBERRIES@@ALBANY, NY - MULO",232,232,15591848.59,0,2022-01-09,2026-06-14,0,0.0,7,0,7|0
"SUBCATEGORY_BERRIES_BLACKBERRIES@@ATLANTA, GA - MULO",232,232,93114571.32,0,2022-01-09,2026-06-14,0,0.0,9,0,9|0
"SUBCATEGORY_BERRIES_BLACKBERRIES@@BALTIMORE, MD/WASHINGTON D.C. - MULO",232,232,154490036.99,0,2022-01-09,2026-06-14,0,0.0,9,0,9|0
"SUBCATEGORY_BERRIES_BLACKBERRIES@@BIRMINGHAM/MONTGOMERY, AL - MULO",232,232,49506525.64,0,2022-01-09,2026-06-14,0,0.0,8,0,8|0
"SUBCATEGORY_BERRIES_BLACKBERRIES@@BOISE, ID - MULO",232,232,9345306.94,0,2022-01-09,2026-06-14,0,0.0,5,0,5|0
"SUBCATEGORY_BERRIES_BLACKBERRIES@@BOSTON, MA - MULO",232,232,76583316.53,0,2022-01-09,2026-06-14,0,0.0,9,0,9|0
"SUBCATEGORY_BERRIES_BLACKBERRIES@@BUFFALO/ROCHESTER, NY - MULO",232,232,47537129.83,0,2022-01-09,2026-06-14,0,0.0,8,0,8|0
"SUBCATEGORY_BERRIES_BLACKBERRIES@@CHARLOTTE, NC - MULO",232,232,46685712.1,0,2022-01-09,2026-06-14,0,0.0,8,0,8|0
"SUBCATEGORY_BERRIES_BLACKBERRIES@@CHICAGO, IL - MULO",232,232,116296776.31,0,2022-01-09,2026-06-14,0,0.0,9,0,9|0
"SUBCATEGORY_BERRIES_BLACKBERRIES@@CINCINNATI/DAYTON, OH - MULO",232,232,50555259.24,0,2022-01-09,2026-06-14,0,0.0,8,0,8|0
"SUBCATEGORY_BERRIES_BLACKBERRIES@@CLEVELAND, OH - MULO",232,232,29797184.33,0,2022-01-09,2026-06-14,0,0.0,8,0,8|0
"SUBCATEGORY_BERRIES_BLACKBERRIES@@COLUMBUS, OH - MULO",232,232,36682944.48,0,2022-01-09,2026-06-14,0,0.0,8,0,8|0
"SUBCATEGORY_BERRIES_BLACKBERRIES@@DALLAS/FT. WORTH, TX - MULO",232,232,110287787.63,0,2022-01-09,2026-06-14,0,0.0,9,0,9|0
"SUBCATEGORY_BERRIES_BLACKBERRIES@@DENVER, CO - MULO",232,232,88553347.33,0,2022-01-09,2026-06-14,0,0.0,9,0,9|0
"SUBCATEGORY_BERRIES_BLACKBERRIES@@DES MOINES, IA - MULO",232,232,12282015.04,0,2022-01-09,2026-06-14,0,0.0,6,0,6|0
"SUBCATEGORY_BERRIES_BLACKBERRIES@@DETROIT, MI - MULO",232,232,66719543.44,0,2022-01-09,2026-06-14,0,0.0,9,0,9|0
"SUBCATEGORY_BERRIES_BLACKBERRIES@@GRAND RAPIDS, MI - MULO",232,232,22474635.51,0,2022-01-09,2026-06-14,0,0.0,7,0,7|0
"SUBCATEGORY_BERRIES_BLACKBERRIES@@GREEN BAY, WI - MULO",232,232,12068038.77,0,2022-01-09,2026-06-14,0,0.0,6,0,6|0
"SUBCATEGORY_BERRIES_BLACKBERRIES@@HARRISBURG/SCRANTON, PA - MULO",232,232,55926522.97,0,2022-01-09,2026-06-14,0,0.0,8,0,8|0
"SUBCATEGORY_BERRIES_BLACKBERRIES@@HARTFORD, CT/SPRINGFIELD, MA - MULO",232,232,55472804.09,0,2022-01-09,2026-06-14,0,0.0,8,0,8|0
"SUBCATEGORY_BERRIES_BLACKBERRIES@@HOUSTON, TX - MULO",232,232,54624565.08,0,2022-01-09,2026-06-14,0,0.0,8,0,8|0
"SUBCATEGORY_BERRIES_BLACKBERRIES@@INDIANAPOLIS, IN - MULO",232,232,28821746.02,0,2022-01-09,2026-06-14,0,0.0,8,0,8|0
"SUBCATEGORY_BERRIES_BLACKBERRIES@@JACKSONVILLE, FL - MULO",232,232,39005781.12,0,2022-01-09,2026-06-14,0,0.0,8,0,8|0
"SUBCATEGORY_BERRIES_BLACKBERRIES@@KANSAS CITY, KS - MULO",232,232,25756945.6,0,2022-01-09,2026-06-14,0,0.0,7,0,7|0
"SUBCATEGORY_BERRIES_BLACKBERRIES@@KNOXVILLE, TN - MULO",232,232,14982009.35,0,2022-01-09,2026-06-14,0,0.0,6,0,6|0
"SUBCATEGORY_BERRIES_BLACKBERRIES@@LAS VEGAS, NV - MULO",232,232,30924878.04,0,2022-01-09,2026-06-14,0,0.0,8,0,8|0
"SUBCATEGORY_BERRIES_BLACKBERRIES@@LITTLE ROCK, AR - MULO",232,232,8318358.04,0,2022-01-09,2026-06-14,0,0.0,5,0,5|0
"SUBCATEGORY_BERRIES_BLACKBERRIES@@LOS ANGELES, CA - MULO",232,232,222719492.49,0,2022-01-09,2026-06-14,0,0.0,9,0,9|0
"SUBCATEGORY_BERRIES_BLACKBERRIES@@LOUISVILLE, KY - MULO",232,232,17324219.84,0,2022-01-09,2026-06-14,0,0.0,7,0,7|0
"SUBCATEGORY_BERRIES_BLACKBERRIES@@MEMPHIS, TN - MULO",232,232,11069031.75,0,2022-01-09,2026-06-14,0,0.0,6,0,6|0
"SUBCATEGORY_BERRIES_BLACKBERRIES@@MIAMI/FT. LAUDERDALE, FL - MULO",232,232,125076772.71,0,2022-01-09,2026-06-14,0,0.0,9,0,9|0
"SUBCATEGORY_BERRIES_BLACKBERRIES@@MILWAUKEE, WI - MULO",232,232,36027910.7,0,2022-01-09,2026-06-14,0,0.0,8,0,8|0
"SUBCATEGORY_BERRIES_BLACKBERRIES@@MINNEAPOLIS/ST. PAUL, MN - MULO",232,232,57762117.82,0,2022-01-09,2026-06-14,0,0.0,9,0,9|0
SUBCATEGORY_BERRIES_BLACKBERRIES@@MISSISSIPPI - MULO,232,232,14938915.14,0,2022-01-09,2026-06-14,0,0.0,6,0,6|0
"SUBCATEGORY_BERRIES_BLACKBERRIES@@NASHVILLE, TN - MULO",232,232,36302936.83,0,2022-01-09,2026-06-14,0,0.0,8,0,8|0
SUBCATEGORY_BERRIES_BLACKBERRIES@@NEW ENGLAND - MULO,232,232,57772323.86,0,2022-01-09,2026-06-14,0,0.0,9,0,9|0
"SUBCATEGORY_BERRIES_BLACKBERRIES@@NEW ORLEANS, LA/MOBILE, AL - MULO",232,232,35234316.24,0,2022-01-09,2026-06-14,0,0.0,8,0,8|0
"SUBCATEGORY_BERRIES_BLACKBERRIES@@NEW YORK, NY - MULO",232,232,214390111.74,0,2022-01-09,2026-06-14,0,0.0,9,0,9|0
"SUBCATEGORY_BERRIES_BLACKBERRIES@@OKLAHOMA CITY, OK - MULO",232,232,15379364.75,0,2022-01-09,2026-06-14,0,0.0,6,0,6|0
"SUBCATEGORY_BERRIES_BLACKBERRIES@@OMAHA, NE - MULO",232,232,15494333.49,0,2022-01-09,2026-06-14,0,0.0,7,0,7|0
"SUBCATEGORY_BERRIES_BLACKBERRIES@@ORLANDO, FL - MULO",232,232,79664667.06,0,2022-01-09,2026-06-14,0,0.0,9,0,9|0
"SUBCATEGORY_BERRIES_BLACKBERRIES@@PEORIA/SPRINGFIELD, IL - MULO",232,232,19610868.55,0,2022-01-09,2026-06-14,0,0.0,7,0,7|0
"SUBCATEGORY_BERRIES_BLACKBERRIES@@PHILADELPHIA, PA - MULO",232,232,90262763.73,0,2022-01-09,2026-06-14,0,0.0,9,0,9|0
"SUBCATEGORY_BERRIES_BLACKBERRIES@@PHOENIX/TUCSON, AZ - MULO",232,232,69103843.71,0,2022-01-09,2026-06-14,0,0.0,9,0,9|0
"SUBCATEGORY_BERRIES_BLACKBERRIES@@PITTSBURGH, PA - MULO",232,232,37446926.26,0,2022-01-09,2026-06-14,0,0.0,8,0,8|0
"SUBCATEGORY_BERRIES_BLACKBERRIES@@PORTLAND, OR - MULO",232,232,35287408.55,0,2022-01-09,2026-06-14,0,0.0,8,0,8|0
"SUBCATEGORY_BERRIES_BLACKBERRIES@@PROVIDENCE, RI - MULO",232,232,13553292.66,0,2022-01-09,2026-06-14,0,0.0,6,0,6|0
"SUBCATEGORY_BERRIES_BLACKBERRIES@@RALEIGH/GREENSBORO, NC - MULO",232,232,52670153.69,0,2022-01-09,2026-06-14,0,0.0,8,0,8|0
"SUBCATEGORY_BERRIES_BLACKBERRIES@@RICHMOND/NORFOLK, VA - MULO",232,232,49927471.13,0,2022-01-09,2026-06-14,0,0.0,8,0,8|0
"SUBCATEGORY_BERRIES_BLACKBERRIES@@ROANOKE, VA - MULO",232,232,34990174.23,0,2022-01-09,2026-06-14,0,0.0,8,0,8|0
"SUBCATEGORY_BERRIES_BLACKBERRIES@@SACRAMENTO, CA - MULO",232,232,35880137.49,0,2022-01-09,2026-06-14,0,0.0,8,0,8|0
"SUBCATEGORY_BERRIES_BLACKBERRIES@@SALT LAKE CITY, UT - MULO",232,232,25014135.7,0,2022-01-09,2026-06-14,0,0.0,7,0,7|0
"SUBCATEGORY_BERRIES_BLACKBERRIES@@SAN DIEGO, CA - MULO",232,232,44070931.09,0,2022-01-09,2026-06-14,0,0.0,8,0,8|0
"SUBCATEGORY_BERRIES_BLACKBERRIES@@SAN FRANCISCO/OAKLAND, CA - MULO",232,232,92774644.64,0,2022-01-09,2026-06-14,0,0.0,9,0,9|0
"SUBCATEGORY_BERRIES_BLACKBERRIES@@SEATTLE/TACOMA, WA - MULO",232,232,46109748.47,0,2022-01-09,2026-06-14,0,0.0,8,0,8|0
SUBCATEGORY_BERRIES_BLACKBERRIES@@SOUTH CAROLINA - MULO,232,232,79025664.37,0,2022-01-09,2026-06-14,0,0.0,9,0,9|0
"SUBCATEGORY_BERRIES_BLACKBERRIES@@SPOKANE, WA - MULO",232,232,7156999.7,0,2022-01-09,2026-06-14,0,0.0,5,0,5|0
"SUBCATEGORY_BERRIES_BLACKBERRIES@@ST. LOUIS, MO - MULO",232,232,41141813.91,0,2022-01-09,2026-06-14,0,0.0,8,0,8|0
"SUBCATEGORY_BERRIES_BLACKBERRIES@@SYRACUSE, NY - MULO",232,232,18623770.31,0,2022-01-09,2026-06-14,0,0.0,7,0,7|0
"SUBCATEGORY_BERRIES_BLACKBERRIES@@TAMPA/ST. PETERSBURG, FL - MULO",232,232,86082395.72,0,2022-01-09,2026-06-14,0,0.0,9,0,9|0
"SUBCATEGORY_BERRIES_BLACKBERRIES@@TOLEDO, OH - MULO",232,232,22009943.22,0,2022-01-09,2026-06-14,0,0.0,7,0,7|0
"SUBCATEGORY_BERRIES_BLACKBERRIES@@TULSA, OK - MULO",232,232,11685416.68,0,2022-01-09,2026-06-14,0,0.0,6,0,6|0
SUBCATEGORY_BERRIES_BLACKBERRIES@@WEST TEXAS/NEW MEXICO - MULO,232,232,39879061.87,0,2022-01-09,2026-06-14,0,0.0,8,0,8|0
"SUBCATEGORY_BERRIES_BLACKBERRIES@@WICHITA, KS - MULO",232,232,10021321.29,0,2022-01-09,2026-06-14,0,0.0,6,0,6|0
"SUBCATEGORY_BERRIES_BLACKBERRIES_CONVENTIONAL@@LITTLE ROCK, AR - MULO",180,180,5554781.11,0,2023-01-08,2026-06-14,0,0.0,4,0,4|0
"SUBCATEGORY_BERRIES_BLACKBERRIES_CONVENTIONAL@@LOS ANGELES, CA - MULO",180,180,135378050.93,0,2023-01-08,2026-06-14,0,0.0,9,0,9|0
"SUBCATEGORY_BERRIES_BLACKBERRIES_NATURAL@@LITTLE ROCK, AR - MULO",180,180,1097970.28,0,2023-01-08,2026-06-14,0,0.0,1,0,1|0
"SUBCATEGORY_BERRIES_BLACKBERRIES_NATURAL@@LOS ANGELES, CA - MULO",180,180,37515104.53,0,2023-01-08,2026-06-14,0,0.0,8,0,8|0
"SUBCATEGORY_BERRIES_BLACKBERRIES_ORGANIC@@LITTLE ROCK, AR - MULO",180,180,1097970.28,0,2023-01-08,2026-06-14,0,0.0,1,0,1|0
"SUBCATEGORY_BERRIES_BLACKBERRIES_ORGANIC@@LOS ANGELES, CA - MULO",180,180,37515104.53,0,2023-01-08,2026-06-14,0,0.0,8,0,8|0
"SUBCATEGORY_BERRIES_BLACKBERRIES_SPECIALTY-AND-WELLNESS@@LITTLE ROCK, AR - MULO",180,180,45380.85,14,2023-01-08,2026-06-14,0,0.07777777777777778,0,1,0|1
"SUBCATEGORY_BERRIES_BLACKBERRIES_SPECIALTY-AND-WELLNESS@@LOS ANGELES, CA - MULO",180,180,2763048.92,0,2023-01-08,2026-06-14,0,0.0,3,0,3|0
"SUBCATEGORY_BERRIES_BLUEBERRIES@@ALBANY, NY - MULO",232,232,65341137.39,0,2022-01-09,2026-06-14,0,0.0,9,0,9|0
"SUBCATEGORY_BERRIES_BLUEBERRIES@@ATLANTA, GA - MULO",232,232,261121272.15,0,2022-01-09,2026-06-14,0,0.0,9,0,9|0
"SUBCATEGORY_BERRIES_BLUEBERRIES@@BALTIMORE, MD/WASHINGTON D.C. - MULO",232,232,504293681.4,0,2022-01-09,2026-06-14,0,0.0,9,0,9|0
"SUBCATEGORY_BERRIES_BLUEBERRIES@@BIRMINGHAM/MONTGOMERY, AL - MULO",232,232,143917519.3,0,2022-01-09,2026-06-14,0,0.0,9,0,9|0
"SUBCATEGORY_BERRIES_BLUEBERRIES@@BOISE, ID - MULO",232,232,28700083.81,0,2022-01-09,2026-06-14,0,0.0,8,0,8|0
"SUBCATEGORY_BERRIES_BLUEBERRIES@@BOSTON, MA - MULO",232,232,298573246.16,0,2022-01-09,2026-06-14,0,0.0,9,0,9|0
"SUBCATEGORY_BERRIES_BLUEBERRIES@@BUFFALO/ROCHESTER, NY - MULO",232,232,163562453.07,0,2022-01-09,2026-06-14,0,0.0,9,0,9|0
"SUBCATEGORY_BERRIES_BLUEBERRIES@@CHARLOTTE, NC - MULO",232,232,142032217.01,0,2022-01-09,2026-06-14,0,0.0,9,0,9|0
"SUBCATEGORY_BERRIES_BLUEBERRIES@@CHICAGO, IL - MULO",232,232,376167216.3,0,2022-01-09,2026-06-14,0,0.0,9,0,9|0
"SUBCATEGORY_BERRIES_BLUEBERRIES@@CINCINNATI/DAYTON, OH - MULO",232,232,145380810.7,0,2022-01-09,2026-06-14,0,0.0,9,0,9|0
"SUBCATEGORY_BERRIES_BLUEBERRIES@@CLEVELAND, OH - MULO",232,232,95982476.62,0,2022-01-09,2026-06-14,0,0.0,9,0,9|0
"SUBCATEGORY_BERRIES_BLUEBERRIES@@COLUMBUS, OH - MULO",232,232,101993129.76,0,2022-01-09,2026-06-14,0,0.0,9,0,9|0
"SUBCATEGORY_BERRIES_BLUEBERRIES@@DALLAS/FT. WORTH, TX - MULO",232,232,283460706.24,0,2022-01-09,2026-06-14,0,0.0,9,0,9|0
"SUBCATEGORY_BERRIES_BLUEBERRIES@@DENVER, CO - MULO",232,232,253948805.16,0,2022-01-09,2026-06-14,0,0.0,9,0,9|0
"SUBCATEGORY_BERRIES_BLUEBERRIES@@DES MOINES, IA - MULO",232,232,36913083.69,0,2022-01-09,2026-06-14,0,0.0,8,0,8|0
"SUBCATEGORY_BERRIES_BLUEBERRIES@@DETROIT, MI - MULO",232,232,227404758.92,0,2022-01-09,2026-06-14,0,0.0,9,0,9|0
"SUBCATEGORY_BERRIES_BLUEBERRIES@@GRAND RAPIDS, MI - MULO",232,232,80805220.67,0,2022-01-09,2026-06-14,0,0.0,9,0,9|0
"SUBCATEGORY_BERRIES_BLUEBERRIES@@GREEN BAY, WI - MULO",232,232,38085503.05,0,2022-01-09,2026-06-14,0,0.0,8,0,8|0
"SUBCATEGORY_BERRIES_BLUEBERRIES@@HARRISBURG/SCRANTON, PA - MULO",232,232,219831189.22,0,2022-01-09,2026-06-14,0,0.0,9,0,9|0
"SUBCATEGORY_BERRIES_BLUEBERRIES@@HARTFORD, CT/SPRINGFIELD, MA - MULO",232,232,205722569.34,0,2022-01-09,2026-06-14,0,0.0,9,0,9|0
"SUBCATEGORY_BERRIES_BLUEBERRIES@@HOUSTON, TX - MULO",232,232,127382276.22,0,2022-01-09,2026-06-14,0,0.0,9,0,9|0
"SUBCATEGORY_BERRIES_BLUEBERRIES@@INDIANAPOLIS, IN - MULO",232,232,103782098.16,0,2022-01-09,2026-06-14,0,0.0,9,0,9|0
"SUBCATEGORY_BERRIES_BLUEBERRIES@@JACKSONVILLE, FL - MULO",232,232,106615700.96,0,2022-01-09,2026-06-14,0,0.0,9,0,9|0
"SUBCATEGORY_BERRIES_BLUEBERRIES@@KANSAS CITY, KS - MULO",232,232,81775391.17,0,2022-01-09,2026-06-14,0,0.0,9,0,9|0
"SUBCATEGORY_BERRIES_BLUEBERRIES@@KNOXVILLE, TN - MULO",232,232,51414483.01,0,2022-01-09,2026-06-14,0,0.0,8,0,8|0
"SUBCATEGORY_BERRIES_BLUEBERRIES@@LAS VEGAS, NV - MULO",232,232,82831201.79,0,2022-01-09,2026-06-14,0,0.0,9,0,9|0
"SUBCATEGORY_BERRIES_BLUEBERRIES@@LITTLE ROCK, AR - MULO",232,232,25126598.47,0,2022-01-09,2026-06-14,0,0.0,7,0,7|0
"SUBCATEGORY_BERRIES_BLUEBERRIES@@LOS ANGELES, CA - MULO",232,232,661199807.0,0,2022-01-09,2026-06-14,0,0.0,9,0,9|0
"SUBCATEGORY_BERRIES_BLUEBERRIES@@LOUISVILLE, KY - MULO",232,232,54354656.49,0,2022-01-09,2026-06-14,0,0.0,8,0,8|0
"SUBCATEGORY_BERRIES_BLUEBERRIES@@MEMPHIS, TN - MULO",232,232,32811528.0,0,2022-01-09,2026-06-14,0,0.0,8,0,8|0
"SUBCATEGORY_BERRIES_BLUEBERRIES@@MIAMI/FT. LAUDERDALE, FL - MULO",232,232,353450316.62,0,2022-01-09,2026-06-14,0,0.0,9,0,9|0
"SUBCATEGORY_BERRIES_BLUEBERRIES@@MILWAUKEE, WI - MULO",232,232,124520628.14,0,2022-01-09,2026-06-14,0,0.0,9,0,9|0
"SUBCATEGORY_BERRIES_BLUEBERRIES@@MINNEAPOLIS/ST. PAUL, MN - MULO",232,232,155938168.15,0,2022-01-09,2026-06-14,0,0.0,9,0,9|0
SUBCATEGORY_BERRIES_BLUEBERRIES@@MISSISSIPPI - MULO,232,232,44108611.64,0,2022-01-09,2026-06-14,0,0.0,8,0,8|0
"SUBCATEGORY_BERRIES_BLUEBERRIES@@NASHVILLE, TN - MULO",232,232,104786614.48,0,2022-01-09,2026-06-14,0,0.0,9,0,9|0
SUBCATEGORY_BERRIES_BLUEBERRIES@@NEW ENGLAND - MULO,232,232,206148314.31,0,2022-01-09,2026-06-14,0,0.0,9,0,9|0
"SUBCATEGORY_BERRIES_BLUEBERRIES@@NEW ORLEANS, LA/MOBILE, AL - MULO",232,232,96477679.14,0,2022-01-09,2026-06-14,0,0.0,9,0,9|0
"SUBCATEGORY_BERRIES_BLUEBERRIES@@NEW YORK, NY - MULO",232,232,704910036.8,0,2022-01-09,2026-06-14,0,0.0,9,0,9|0
"SUBCATEGORY_BERRIES_BLUEBERRIES@@OKLAHOMA CITY, OK - MULO",232,232,41962723.44,0,2022-01-09,2026-06-14,0,0.0,8,0,8|0
"SUBCATEGORY_BERRIES_BLUEBERRIES@@OMAHA, NE - MULO",232,232,48147836.19,0,2022-01-09,2026-06-14,0,0.0,8,0,8|0
"SUBCATEGORY_BERRIES_BLUEBERRIES@@ORLANDO, FL - MULO",232,232,220688494.37,0,2022-01-09,2026-06-14,0,0.0,9,0,9|0
"SUBCATEGORY_BERRIES_BLUEBERRIES@@PEORIA/SPRINGFIELD, IL - MULO",232,232,74220870.51,0,2022-01-09,2026-06-14,0,0.0,9,0,9|0
"SUBCATEGORY_BERRIES_BLUEBERRIES@@PHILADELPHIA, PA - MULO",232,232,320206312.31,0,2022-01-09,2026-06-14,0,0.0,9,0,9|0
"SUBCATEGORY_BERRIES_BLUEBERRIES@@PHOENIX/TUCSON, AZ - MULO",232,232,237123925.67,0,2022-01-09,2026-06-14,0,0.0,9,0,9|0
"SUBCATEGORY_BERRIES_BLUEBERRIES@@PITTSBURGH, PA - MULO",232,232,107912242.53,0,2022-01-09,2026-06-14,0,0.0,9,0,9|0
"SUBCATEGORY_BERRIES_BLUEBERRIES@@PORTLAND, OR - MULO",232,232,161418792.15,0,2022-01-09,2026-06-14,0,0.0,9,0,9|0
"SUBCATEGORY_BERRIES_BLUEBERRIES@@PROVIDENCE, RI - MULO",232,232,55944457.85,0,2022-01-09,2026-06-14,0,0.0,8,0,8|0
"SUBCATEGORY_BERRIES_BLUEBERRIES@@RALEIGH/GREENSBORO, NC - MULO",232,232,177598204.1,0,2022-01-09,2026-06-14,0,0.0,9,0,9|0
"SUBCATEGORY_BERRIES_BLUEBERRIES@@RICHMOND/NORFOLK, VA - MULO",232,232,152444454.12,0,2022-01-09,2026-06-14,0,0.0,9,0,9|0
"SUBCATEGORY_BERRIES_BLUEBERRIES@@ROANOKE, VA - MULO",232,232,98874550.86,0,2022-01-09,2026-06-14,0,0.0,9,0,9|0
"SUBCATEGORY_BERRIES_BLUEBERRIES@@SACRAMENTO, CA - MULO",232,232,93344808.7,0,2022-01-09,2026-06-14,0,0.0,9,0,9|0
"SUBCATEGORY_BERRIES_BLUEBERRIES@@SALT LAKE CITY, UT - MULO",232,232,70771731.08,0,2022-01-09,2026-06-14,0,0.0,9,0,9|0
"SUBCATEGORY_BERRIES_BLUEBERRIES@@SAN DIEGO, CA - MULO",232,232,136691830.31,0,2022-01-09,2026-06-14,0,0.0,9,0,9|0
"SUBCATEGORY_BERRIES_BLUEBERRIES@@SAN FRANCISCO/OAKLAND, CA - MULO",232,232,223836909.67,0,2022-01-09,2026-06-14,0,0.0,9,0,9|0
"SUBCATEGORY_BERRIES_BLUEBERRIES@@SEATTLE/TACOMA, WA - MULO",232,232,212856042.97,0,2022-01-09,2026-06-14,0,0.0,9,0,9|0
SUBCATEGORY_BERRIES_BLUEBERRIES@@SOUTH CAROLINA - MULO,232,232,242872276.72,0,2022-01-09,2026-06-14,0,0.0,9,0,9|0
"SUBCATEGORY_BERRIES_BLUEBERRIES@@SPOKANE, WA - MULO",232,232,25584366.54,0,2022-01-09,2026-06-14,0,0.0,7,0,7|0
"SUBCATEGORY_BERRIES_BLUEBERRIES@@ST. LOUIS, MO - MULO",232,232,123241047.65,0,2022-01-09,2026-06-14,0,0.0,9,0,9|0
"SUBCATEGORY_BERRIES_BLUEBERRIES@@SYRACUSE, NY - MULO",232,232,66028230.01,0,2022-01-09,2026-06-14,0,0.0,9,0,9|0
"SUBCATEGORY_BERRIES_BLUEBERRIES@@TAMPA/ST. PETERSBURG, FL - MULO",232,232,259637288.22,0,2022-01-09,2026-06-14,0,0.0,9,0,9|0
"SUBCATEGORY_BERRIES_BLUEBERRIES@@TOLEDO, OH - MULO",232,232,74831898.72,0,2022-01-09,2026-06-14,0,0.0,9,0,9|0
"SUBCATEGORY_BERRIES_BLUEBERRIES@@TULSA, OK - MULO",232,232,33344577.94,0,2022-01-09,2026-06-14,0,0.0,8,0,8|0
SUBCATEGORY_BERRIES_BLUEBERRIES@@WEST TEXAS/NEW MEXICO - MULO,232,232,116902042.09,0,2022-01-09,2026-06-14,0,0.0,9,0,9|0
"SUBCATEGORY_BERRIES_BLUEBERRIES@@WICHITA, KS - MULO",232,232,30805472.85,0,2022-01-09,2026-06-14,0,0.0,8,0,8|0
"SUBCATEGORY_BERRIES_BLUEBERRIES_CONVENTIONAL@@LITTLE ROCK, AR - MULO",180,180,17304735.8,0,2023-01-08,2026-06-14,0,0.0,7,0,7|0
"SUBCATEGORY_BERRIES_BLUEBERRIES_CONVENTIONAL@@LOS ANGELES, CA - MULO",180,180,425611243.3,0,2023-01-08,2026-06-14,0,0.0,9,0,9|0
"SUBCATEGORY_BERRIES_BLUEBERRIES_NATURAL@@LITTLE ROCK, AR - MULO",180,180,2313994.24,0,2023-01-08,2026-06-14,0,0.0,3,0,3|0
"SUBCATEGORY_BERRIES_BLUEBERRIES_NATURAL@@LOS ANGELES, CA - MULO",180,180,57556175.15,0,2023-01-08,2026-06-14,0,0.0,9,0,9|0
"SUBCATEGORY_BERRIES_BLUEBERRIES_ORGANIC@@LITTLE ROCK, AR - MULO",180,180,2313689.22,0,2023-01-08,2026-06-14,0,0.0,2,0,2|0
"SUBCATEGORY_BERRIES_BLUEBERRIES_ORGANIC@@LOS ANGELES, CA - MULO",180,180,57232882.67,0,2023-01-08,2026-06-14,0,0.0,9,0,9|0
"SUBCATEGORY_BERRIES_BLUEBERRIES_SPECIALTY-AND-WELLNESS@@LOS ANGELES, CA - MULO",180,180,10974134.46,8,2023-01-08,2026-06-14,0,0.044444444444444446,6,0,6|0
"SUBCATEGORY_BERRIES_CRANBERRIES@@ATLANTA, GA - MULO",231,232,3391937.17,0,2022-01-09,2026-06-14,1,0.0,3,0,3|0
"SUBCATEGORY_BERRIES_CRANBERRIES@@BALTIMORE, MD/WASHINGTON D.C. - MULO",213,232,6847133.54,14,2022-01-09,2026-06-14,19,0.06572769953051644,5,1,5|1
"SUBCATEGORY_BERRIES_CRANBERRIES@@BIRMINGHAM/MONTGOMERY, AL - MULO",231,232,2103919.32,0,2022-01-09,2026-06-14,1,0.0,2,0,2|0
"SUBCATEGORY_BERRIES_CRANBERRIES@@BOSTON, MA - MULO",218,232,3884243.04,5,2022-01-09,2026-06-14,14,0.022935779816513763,3,0,3|0
"SUBCATEGORY_BERRIES_CRANBERRIES@@CHICAGO, IL - MULO",224,232,5574069.99,0,2022-01-09,2026-06-14,8,0.0,4,0,4|0
"SUBCATEGORY_BERRIES_CRANBERRIES@@DENVER, CO - MULO",229,232,4597926.31,0,2022-01-09,2026-06-14,3,0.0,4,0,4|0
"SUBCATEGORY_BERRIES_CRANBERRIES@@DES MOINES, IA - MULO",221,232,897945.69,12,2022-01-09,2026-06-14,11,0.05429864253393665,1,1,1|1
"SUBCATEGORY_BERRIES_CRANBERRIES@@DETROIT, MI - MULO",231,232,3346192.16,0,2022-01-09,2026-06-14,1,0.0,3,0,3|0
"SUBCATEGORY_BERRIES_CRANBERRIES@@GRAND RAPIDS, MI - MULO",227,232,1208697.56,98,2022-01-09,2026-06-14,5,0.43171806167400884,2,2,2|2
"SUBCATEGORY_BERRIES_CRANBERRIES@@HARTFORD, CT/SPRINGFIELD, MA - MULO",222,232,3436921.92,22,2022-01-09,2026-06-14,10,0.0990990990990991,3,1,3|1
"SUBCATEGORY_BERRIES_CRANBERRIES@@JACKSONVILLE, FL - MULO",212,232,1388222.58,43,2022-01-09,2026-06-14,20,0.2028301886792453,2,2,2|2
"SUBCATEGORY_BERRIES_CRANBERRIES@@KANSAS CITY, KS - MULO",232,232,1908913.87,0,2022-01-09,2026-06-14,0,0.0,2,0,2|0
"SUBCATEGORY_BERRIES_CRANBERRIES@@LOS ANGELES, CA - MULO",230,232,8319228.41,0,2022-01-09,2026-06-14,2,0.0,5,0,5|0
"SUBCATEGORY_BERRIES_CRANBERRIES@@MEMPHIS, TN - MULO",232,232,482739.97,0,2022-01-09,2026-06-14,0,0.0,1,0,1|0
"SUBCATEGORY_BERRIES_CRANBERRIES@@MIAMI/FT. LAUDERDALE, FL - MULO",227,232,2715205.7600000002,18,2022-01-09,2026-06-14,5,0.07929515418502203,3,1,3|1
"SUBCATEGORY_BERRIES_CRANBERRIES@@MINNEAPOLIS/ST. PAUL, MN - MULO",212,232,2960547.4899999998,5,2022-01-09,2026-06-14,20,0.02358490566037736,3,0,3|0
SUBCATEGORY_BERRIES_CRANBERRIES@@MISSISSIPPI - MULO,232,232,742910.1,0,2022-01-09,2026-06-14,0,0.0,1,0,1|0
SUBCATEGORY_BERRIES_CRANBERRIES@@NEW ENGLAND - MULO,215,232,3849148.31,8,2022-01-09,2026-06-14,17,0.037209302325581395,3,0,3|0
"SUBCATEGORY_BERRIES_CRANBERRIES@@NEW YORK, NY - MULO",232,232,9841063.34,0,2022-01-09,2026-06-14,0,0.0,6,0,6|0
"SUBCATEGORY_BERRIES_CRANBERRIES@@OMAHA, NE - MULO",232,232,1103408.33,0,2022-01-09,2026-06-14,0,0.0,1,0,1|0
"SUBCATEGORY_BERRIES_CRANBERRIES@@ORLANDO, FL - MULO",218,232,2704186.9099999997,13,2022-01-09,2026-06-14,14,0.05963302752293578,3,1,3|1
"SUBCATEGORY_BERRIES_CRANBERRIES@@PEORIA/SPRINGFIELD, IL - MULO",232,232,1348166.5,0,2022-01-09,2026-06-14,0,0.0,2,0,2|0
"SUBCATEGORY_BERRIES_CRANBERRIES@@PITTSBURGH, PA - MULO",230,232,2331621.86,47,2022-01-09,2026-06-14,2,0.20434782608695654,3,2,3|2
"SUBCATEGORY_BERRIES_CRANBERRIES@@SALT LAKE CITY, UT - MULO",230,232,2305722.62,0,2022-01-09,2026-06-14,2,0.0,2,0,2|0
"SUBCATEGORY_BERRIES_CRANBERRIES_CONVENTIONAL@@LITTLE ROCK, AR - MULO",180,180,276067.88,88,2023-01-08,2026-06-14,0,0.4888888888888889,0,2,0|2
"SUBCATEGORY_BERRIES_CRANBERRIES_CONVENTIONAL@@LOS ANGELES, CA - MULO",180,180,5751581.18,16,2023-01-08,2026-06-14,0,0.08888888888888889,4,1,4|1
"SUBCATEGORY_BERRIES_CRANBERRIES_NATURAL@@LITTLE ROCK, AR - MULO",180,180,12621.26,31,2023-01-08,2026-06-14,0,0.17222222222222222,0,1,0|1
"SUBCATEGORY_BERRIES_CRANBERRIES_NATURAL@@LOS ANGELES, CA - MULO",180,180,560017.3,18,2023-01-08,2026-06-14,0,0.1,1,1,1|1
"SUBCATEGORY_BERRIES_OTHER-BERRIES@@ALBANY, NY - MULO",232,232,283838.25,0,2022-01-09,2026-06-14,0,0.0,0,0,0|0
"SUBCATEGORY_BERRIES_OTHER-BERRIES@@ATLANTA, GA - MULO",232,232,6344658.0200000005,0,2022-01-09,2026-06-14,0,0.0,5,0,5|0
"SUBCATEGORY_BERRIES_OTHER-BERRIES@@BALTIMORE, MD/WASHINGTON D.C. - MULO",232,232,2176167.85,0,2022-01-09,2026-06-14,0,0.0,2,0,2|0
"SUBCATEGORY_BERRIES_OTHER-BERRIES@@BIRMINGHAM/MONTGOMERY, AL - MULO",232,232,2220149.59,0,2022-01-09,2026-06-14,0,0.0,2,0,2|0
"SUBCATEGORY_BERRIES_OTHER-BERRIES@@BOISE, ID - MULO",179,208,66022.08,50,2022-06-26,2026-06-14,29,0.27932960893854747,0,2,0|2
"SUBCATEGORY_BERRIES_OTHER-BERRIES@@BOSTON, MA - MULO",232,232,260627.38,0,2022-01-09,2026-06-14,0,0.0,0,0,0|0
"SUBCATEGORY_BERRIES_OTHER-BERRIES@@BUFFALO/ROCHESTER, NY - MULO",210,232,973270.6,2,2022-01-09,2026-06-14,22,0.009523809523809525,1,0,1|0
"SUBCATEGORY_BERRIES_OTHER-BERRIES@@CHARLOTTE, NC - MULO",232,232,1673593.12,0,2022-01-09,2026-06-14,0,0.0,2,0,2|0
"SUBCATEGORY_BERRIES_OTHER-BERRIES@@CHICAGO, IL - MULO",232,232,2120116.36,0,2022-01-09,2026-06-14,0,0.0,2,0,2|0
"SUBCATEGORY_BERRIES_OTHER-BERRIES@@CINCINNATI/DAYTON, OH - MULO",232,232,915264.95,0,2022-01-09,2026-06-14,0,0.0,1,0,1|0
"SUBCATEGORY_BERRIES_OTHER-BERRIES@@CLEVELAND, OH - MULO",232,232,485466.56,0,2022-01-09,2026-06-14,0,0.0,1,0,1|0
"SUBCATEGORY_BERRIES_OTHER-BERRIES@@COLUMBUS, OH - MULO",232,232,1198621.48,0,2022-01-09,2026-06-14,0,0.0,1,0,1|0
"SUBCATEGORY_BERRIES_OTHER-BERRIES@@DALLAS/FT. WORTH, TX - MULO",232,232,3339955.94,0,2022-01-09,2026-06-14,0,0.0,3,0,3|0
"SUBCATEGORY_BERRIES_OTHER-BERRIES@@DENVER, CO - MULO",232,232,2950784.36,0,2022-01-09,2026-06-14,0,0.0,3,0,3|0
"SUBCATEGORY_BERRIES_OTHER-BERRIES@@DETROIT, MI - MULO",232,232,3260052.14,0,2022-01-09,2026-06-14,0,0.0,3,0,3|0
"SUBCATEGORY_BERRIES_OTHER-BERRIES@@GRAND RAPIDS, MI - MULO",232,232,287363.05,0,2022-01-09,2026-06-14,0,0.0,0,0,0|0
"SUBCATEGORY_BERRIES_OTHER-BERRIES@@GREEN BAY, WI - MULO",189,232,103419.66,13,2022-01-09,2026-06-14,43,0.06878306878306878,0,1,0|1
"SUBCATEGORY_BERRIES_OTHER-BERRIES@@HARRISBURG/SCRANTON, PA - MULO",232,232,744534.72,0,2022-01-09,2026-06-14,0,0.0,1,0,1|0
"SUBCATEGORY_BERRIES_OTHER-BERRIES@@HARTFORD, CT/SPRINGFIELD, MA - MULO",232,232,272173.22,0,2022-01-09,2026-06-14,0,0.0,0,0,0|0
"SUBCATEGORY_BERRIES_OTHER-BERRIES@@HOUSTON, TX - MULO",232,232,1923926.59,0,2022-01-09,2026-06-14,0,0.0,2,0,2|0
"SUBCATEGORY_BERRIES_OTHER-BERRIES@@INDIANAPOLIS, IN - MULO",232,232,3961633.03,0,2022-01-09,2026-06-14,0,0.0,4,0,4|0
"SUBCATEGORY_BERRIES_OTHER-BERRIES@@JACKSONVILLE, FL - MULO",232,232,1486304.06,0,2022-01-09,2026-06-14,0,0.0,2,0,2|0
"SUBCATEGORY_BERRIES_OTHER-BERRIES@@KANSAS CITY, KS - MULO",194,232,72694.14,11,2022-01-09,2026-06-14,38,0.05670103092783505,0,1,0|1
"SUBCATEGORY_BERRIES_OTHER-BERRIES@@KNOXVILLE, TN - MULO",232,232,520855.42,0,2022-01-09,2026-06-14,0,0.0,1,0,1|0
"SUBCATEGORY_BERRIES_OTHER-BERRIES@@LAS VEGAS, NV - MULO",232,232,1238123.25,0,2022-01-09,2026-06-14,0,0.0,2,0,2|0
"SUBCATEGORY_BERRIES_OTHER-BERRIES@@LITTLE ROCK, AR - MULO",232,232,1834839.18,0,2022-01-09,2026-06-14,0,0.0,2,0,2|0
"SUBCATEGORY_BERRIES_OTHER-BERRIES@@LOS ANGELES, CA - MULO",232,232,1888918.95,0,2022-01-09,2026-06-14,0,0.0,2,0,2|0
"SUBCATEGORY_BERRIES_OTHER-BERRIES@@LOUISVILLE, KY - MULO",224,232,706976.21,0,2022-01-09,2026-06-14,8,0.0,1,0,1|0
"SUBCATEGORY_BERRIES_OTHER-BERRIES@@MEMPHIS, TN - MULO",232,232,4232582.96,0,2022-01-09,2026-06-14,0,0.0,4,0,4|0
"SUBCATEGORY_BERRIES_OTHER-BERRIES@@MIAMI/FT. LAUDERDALE, FL - MULO",232,232,3873912.34,0,2022-01-09,2026-06-14,0,0.0,3,0,3|0
"SUBCATEGORY_BERRIES_OTHER-BERRIES@@MILWAUKEE, WI - MULO",218,232,498311.13,5,2022-01-09,2026-06-14,14,0.022935779816513763,1,0,1|0
SUBCATEGORY_BERRIES_OTHER-BERRIES@@MISSISSIPPI - MULO,232,232,2929029.48,0,2022-01-09,2026-06-14,0,0.0,3,0,3|0
"SUBCATEGORY_BERRIES_OTHER-BERRIES@@NASHVILLE, TN - MULO",232,232,1597261.64,0,2022-01-09,2026-06-14,0,0.0,2,0,2|0
SUBCATEGORY_BERRIES_OTHER-BERRIES@@NEW ENGLAND - MULO,232,232,524461.74,0,2022-01-09,2026-06-14,0,0.0,1,0,1|0
"SUBCATEGORY_BERRIES_OTHER-BERRIES@@NEW ORLEANS, LA/MOBILE, AL - MULO",232,232,894341.18,0,2022-01-09,2026-06-14,0,0.0,1,0,1|0
"SUBCATEGORY_BERRIES_OTHER-BERRIES@@NEW YORK, NY - MULO",232,232,3198815.41,0,2022-01-09,2026-06-14,0,0.0,3,0,3|0
"SUBCATEGORY_BERRIES_OTHER-BERRIES@@OKLAHOMA CITY, OK - MULO",232,232,624932.63,0,2022-01-09,2026-06-14,0,0.0,1,0,1|0
"SUBCATEGORY_BERRIES_OTHER-BERRIES@@OMAHA, NE - MULO",213,232,117670.65,0,2022-01-09,2026-06-14,19,0.0,0,0,0|0
"SUBCATEGORY_BERRIES_OTHER-BERRIES@@ORLANDO, FL - MULO",232,232,4564868.57,0,2022-01-09,2026-06-14,0,0.0,4,0,4|0
"SUBCATEGORY_BERRIES_OTHER-BERRIES@@PEORIA/SPRINGFIELD, IL - MULO",232,232,1028285.8,0,2022-01-09,2026-06-14,0,0.0,1,0,1|0
"SUBCATEGORY_BERRIES_OTHER-BERRIES@@PHILADELPHIA, PA - MULO",232,232,1188056.3,0,2022-01-09,2026-06-14,0,0.0,1,0,1|0
"SUBCATEGORY_BERRIES_OTHER-BERRIES@@PHOENIX/TUCSON, AZ - MULO",232,232,2094331.33,0,2022-01-09,2026-06-14,0,0.0,2,0,2|0
"SUBCATEGORY_BERRIES_OTHER-BERRIES@@PITTSBURGH, PA - MULO",232,232,494317.99,0,2022-01-09,2026-06-14,0,0.0,1,0,1|0
"SUBCATEGORY_BERRIES_OTHER-BERRIES@@PORTLAND, OR - MULO",232,232,6140498.48,0,2022-01-09,2026-06-14,0,0.0,4,0,4|0
"SUBCATEGORY_BERRIES_OTHER-BERRIES@@PROVIDENCE, RI - MULO",227,232,82817.19,0,2022-01-09,2026-06-14,5,0.0,0,0,0|0
"SUBCATEGORY_BERRIES_OTHER-BERRIES@@RALEIGH/GREENSBORO, NC - MULO",232,232,1872671.56,0,2022-01-09,2026-06-14,0,0.0,2,0,2|0
"SUBCATEGORY_BERRIES_OTHER-BERRIES@@RICHMOND/NORFOLK, VA - MULO",232,232,2317606.58,0,2022-01-09,2026-06-14,0,0.0,3,0,3|0
"SUBCATEGORY_BERRIES_OTHER-BERRIES@@ROANOKE, VA - MULO",232,232,1428396.26,0,2022-01-09,2026-06-14,0,0.0,2,0,2|0
"SUBCATEGORY_BERRIES_OTHER-BERRIES@@SACRAMENTO, CA - MULO",232,232,582692.13,0,2022-01-09,2026-06-14,0,0.0,1,0,1|0
"SUBCATEGORY_BERRIES_OTHER-BERRIES@@SALT LAKE CITY, UT - MULO",232,232,296185.29,0,2022-01-09,2026-06-14,0,0.0,0,0,0|0
"SUBCATEGORY_BERRIES_OTHER-BERRIES@@SAN DIEGO, CA - MULO",229,229,394194.48,0,2022-01-30,2026-06-14,0,0.0,0,0,0|0
"SUBCATEGORY_BERRIES_OTHER-BERRIES@@SAN FRANCISCO/OAKLAND, CA - MULO",232,232,508055.1,0,2022-01-09,2026-06-14,0,0.0,1,0,1|0
"SUBCATEGORY_BERRIES_OTHER-BERRIES@@SEATTLE/TACOMA, WA - MULO",232,232,1308405.64,0,2022-01-09,2026-06-14,0,0.0,2,0,2|0
SUBCATEGORY_BERRIES_OTHER-BERRIES@@SOUTH CAROLINA - MULO,232,232,4034403.27,0,2022-01-09,2026-06-14,0,0.0,4,0,4|0
"SUBCATEGORY_BERRIES_OTHER-BERRIES@@SPOKANE, WA - MULO",232,232,148237.09,4,2022-01-09,2026-06-14,0,0.017241379310344827,0,0,0|0
"SUBCATEGORY_BERRIES_OTHER-BERRIES@@SYRACUSE, NY - MULO",232,232,463380.34,0,2022-01-09,2026-06-14,0,0.0,1,0,1|0
"SUBCATEGORY_BERRIES_OTHER-BERRIES@@TAMPA/ST. PETERSBURG, FL - MULO",232,232,5552552.09,0,2022-01-09,2026-06-14,0,0.0,4,0,4|0
"SUBCATEGORY_BERRIES_OTHER-BERRIES@@TOLEDO, OH - MULO",232,232,599170.55,0,2022-01-09,2026-06-14,0,0.0,1,0,1|0
"SUBCATEGORY_BERRIES_OTHER-BERRIES@@TULSA, OK - MULO",232,232,75734.44,0,2022-01-09,2026-06-14,0,0.0,0,0,0|0
SUBCATEGORY_BERRIES_OTHER-BERRIES@@WEST TEXAS/NEW MEXICO - MULO,232,232,609029.7,0,2022-01-09,2026-06-14,0,0.0,1,0,1|0
"SUBCATEGORY_BERRIES_OTHER-BERRIES@@WICHITA, KS - MULO",190,232,77492.78,28,2022-01-09,2026-06-14,42,0.14736842105263157,0,1,0|1
"SUBCATEGORY_BERRIES_OTHER-BERRIES_CONVENTIONAL@@LITTLE ROCK, AR - MULO",180,180,1770104.42,0,2023-01-08,2026-06-14,0,0.0,2,0,2|0
"SUBCATEGORY_BERRIES_OTHER-BERRIES_CONVENTIONAL@@LOS ANGELES, CA - MULO",180,180,1684053.56,0,2023-01-08,2026-06-14,0,0.0,2,0,2|0
"SUBCATEGORY_BERRIES_RASPBERRIES@@ALBANY, NY - MULO",232,232,39576594.76,0,2022-01-09,2026-06-14,0,0.0,8,0,8|0
"SUBCATEGORY_BERRIES_RASPBERRIES@@ATLANTA, GA - MULO",232,232,90013044.94,0,2022-01-09,2026-06-14,0,0.0,9,0,9|0
"SUBCATEGORY_BERRIES_RASPBERRIES@@BALTIMORE, MD/WASHINGTON D.C. - MULO",232,232,192941544.45,0,2022-01-09,2026-06-14,0,0.0,9,0,9|0
"SUBCATEGORY_BERRIES_RASPBERRIES@@BIRMINGHAM/MONTGOMERY, AL - MULO",232,232,44435926.57,0,2022-01-09,2026-06-14,0,0.0,8,0,8|0
"SUBCATEGORY_BERRIES_RASPBERRIES@@BOISE, ID - MULO",232,232,18467189.36,0,2022-01-09,2026-06-14,0,0.0,7,0,7|0
"SUBCATEGORY_BERRIES_RASPBERRIES@@BOSTON, MA - MULO",232,232,127643806.33,0,2022-01-09,2026-06-14,0,0.0,9,0,9|0
"SUBCATEGORY_BERRIES_RASPBERRIES@@BUFFALO/ROCHESTER, NY - MULO",232,232,82104962.7,0,2022-01-09,2026-06-14,0,0.0,9,0,9|0
"SUBCATEGORY_BERRIES_RASPBERRIES@@CHARLOTTE, NC - MULO",232,232,51295425.29,0,2022-01-09,2026-06-14,0,0.0,8,0,8|0
"SUBCATEGORY_BERRIES_RASPBERRIES@@CHICAGO, IL - MULO",232,232,197422776.61,0,2022-01-09,2026-06-14,0,0.0,9,0,9|0
"SUBCATEGORY_BERRIES_RASPBERRIES@@CINCINNATI/DAYTON, OH - MULO",232,232,69573999.41,0,2022-01-09,2026-06-14,0,0.0,9,0,9|0
"SUBCATEGORY_BERRIES_RASPBERRIES@@CLEVELAND, OH - MULO",232,232,46902320.61,0,2022-01-09,2026-06-14,0,0.0,8,0,8|0
"SUBCATEGORY_BERRIES_RASPBERRIES@@COLUMBUS, OH - MULO",232,232,51838922.37,0,2022-01-09,2026-06-14,0,0.0,8,0,8|0
"SUBCATEGORY_BERRIES_RASPBERRIES@@DALLAS/FT. WORTH, TX - MULO",232,232,116716983.49,0,2022-01-09,2026-06-14,0,0.0,9,0,9|0
"SUBCATEGORY_BERRIES_RASPBERRIES@@DENVER, CO - MULO",232,232,130994441.18,0,2022-01-09,2026-06-14,0,0.0,9,0,9|0
"SUBCATEGORY_BERRIES_RASPBERRIES@@DES MOINES, IA - MULO",232,232,24645750.59,0,2022-01-09,2026-06-14,0,0.0,7,0,7|0
"SUBCATEGORY_BERRIES_RASPBERRIES@@DETROIT, MI - MULO",232,232,118968345.87,0,2022-01-09,2026-06-14,0,0.0,9,0,9|0
"SUBCATEGORY_BERRIES_RASPBERRIES@@GRAND RAPIDS, MI - MULO",232,232,45276390.59,0,2022-01-09,2026-06-14,0,0.0,8,0,8|0
"SUBCATEGORY_BERRIES_RASPBERRIES@@GREEN BAY, WI - MULO",232,232,29367895.7,0,2022-01-09,2026-06-14,0,0.0,8,0,8|0
"SUBCATEGORY_BERRIES_RASPBERRIES@@HARRISBURG/SCRANTON, PA - MULO",232,232,82176126.4,0,2022-01-09,2026-06-14,0,0.0,9,0,9|0
"SUBCATEGORY_BERRIES_RASPBERRIES@@HARTFORD, CT/SPRINGFIELD, MA - MULO",232,232,91146504.85,0,2022-01-09,2026-06-14,0,0.0,9,0,9|0
"SUBCATEGORY_BERRIES_RASPBERRIES@@HOUSTON, TX - MULO",232,232,53080692.39,0,2022-01-09,2026-06-14,0,0.0,8,0,8|0
"SUBCATEGORY_BERRIES_RASPBERRIES@@INDIANAPOLIS, IN - MULO",232,232,45331728.98,0,2022-01-09,2026-06-14,0,0.0,8,0,8|0
"SUBCATEGORY_BERRIES_RASPBERRIES@@JACKSONVILLE, FL - MULO",232,232,41020944.22,0,2022-01-09,2026-06-14,0,0.0,8,0,8|0
"SUBCATEGORY_BERRIES_RASPBERRIES@@KANSAS CITY, KS - MULO",232,232,30668197.39,0,2022-01-09,2026-06-14,0,0.0,8,0,8|0
"SUBCATEGORY_BERRIES_RASPBERRIES@@KNOXVILLE, TN - MULO",232,232,16899857.01,0,2022-01-09,2026-06-14,0,0.0,7,0,7|0
"SUBCATEGORY_BERRIES_RASPBERRIES@@LAS VEGAS, NV - MULO",232,232,37230554.78,0,2022-01-09,2026-06-14,0,0.0,8,0,8|0
"SUBCATEGORY_BERRIES_RASPBERRIES@@LITTLE ROCK, AR - MULO",232,232,7407987.49,0,2022-01-09,2026-06-14,0,0.0,5,0,5|0
"SUBCATEGORY_BERRIES_RASPBERRIES@@LOS ANGELES, CA - MULO",232,232,285315305.66,0,2022-01-09,2026-06-14,0,0.0,9,0,9|0
"SUBCATEGORY_BERRIES_RASPBERRIES@@LOUISVILLE, KY - MULO",232,232,20697059.03,0,2022-01-09,2026-06-14,0,0.0,7,0,7|0
"SUBCATEGORY_BERRIES_RASPBERRIES@@MEMPHIS, TN - MULO",232,232,8436009.46,0,2022-01-09,2026-06-14,0,0.0,5,0,5|0
"SUBCATEGORY_BERRIES_RASPBERRIES@@MIAMI/FT. LAUDERDALE, FL - MULO",232,232,151152728.78,0,2022-01-09,2026-06-14,0,0.0,9,0,9|0
"SUBCATEGORY_BERRIES_RASPBERRIES@@MILWAUKEE, WI - MULO",232,232,80370701.53,0,2022-01-09,2026-06-14,0,0.0,9,0,9|0
"SUBCATEGORY_BERRIES_RASPBERRIES@@MINNEAPOLIS/ST. PAUL, MN - MULO",232,232,128354422.07000001,0,2022-01-09,2026-06-14,0,0.0,9,0,9|0
SUBCATEGORY_BERRIES_RASPBERRIES@@MISSISSIPPI - MULO,232,232,10111396.84,0,2022-01-09,2026-06-14,0,0.0,6,0,6|0
"SUBCATEGORY_BERRIES_RASPBERRIES@@NASHVILLE, TN - MULO",232,232,41054928.31,0,2022-01-09,2026-06-14,0,0.0,8,0,8|0
SUBCATEGORY_BERRIES_RASPBERRIES@@NEW ENGLAND - MULO,232,232,129743188.74,0,2022-01-09,2026-06-14,0,0.0,9,0,9|0
"SUBCATEGORY_BERRIES_RASPBERRIES@@NEW ORLEANS, LA/MOBILE, AL - MULO",232,232,28836566.79,0,2022-01-09,2026-06-14,0,0.0,8,0,8|0
"SUBCATEGORY_BERRIES_RASPBERRIES@@NEW YORK, NY - MULO",232,232,293266640.65,0,2022-01-09,2026-06-14,0,0.0,9,0,9|0
"SUBCATEGORY_BERRIES_RASPBERRIES@@OKLAHOMA CITY, OK - MULO",232,232,15494700.45,0,2022-01-09,2026-06-14,0,0.0,7,0,7|0
"SUBCATEGORY_BERRIES_RASPBERRIES@@OMAHA, NE - MULO",232,232,25037134.94,0,2022-01-09,2026-06-14,0,0.0,7,0,7|0
"SUBCATEGORY_BERRIES_RASPBERRIES@@ORLANDO, FL - MULO",232,232,90423282.32,0,2022-01-09,2026-06-14,0,0.0,9,0,9|0
"SUBCATEGORY_BERRIES_RASPBERRIES@@PEORIA/SPRINGFIELD, IL - MULO",232,232,38864806.3,0,2022-01-09,2026-06-14,0,0.0,8,0,8|0
"SUBCATEGORY_BERRIES_RASPBERRIES@@PHILADELPHIA, PA - MULO",232,232,127244248.12,0,2022-01-09,2026-06-14,0,0.0,9,0,9|0
"SUBCATEGORY_BERRIES_RASPBERRIES@@PHOENIX/TUCSON, AZ - MULO",232,232,100256735.27,0,2022-01-09,2026-06-14,0,0.0,9,0,9|0
"SUBCATEGORY_BERRIES_RASPBERRIES@@PITTSBURGH, PA - MULO",232,232,47801578.1,0,2022-01-09,2026-06-14,0,0.0,8,0,8|0
"SUBCATEGORY_BERRIES_RASPBERRIES@@PORTLAND, OR - MULO",232,232,83979848.25,0,2022-01-09,2026-06-14,0,0.0,9,0,9|0
"SUBCATEGORY_BERRIES_RASPBERRIES@@PROVIDENCE, RI - MULO",232,232,21575857.23,0,2022-01-09,2026-06-14,0,0.0,7,0,7|0
"SUBCATEGORY_BERRIES_RASPBERRIES@@RALEIGH/GREENSBORO, NC - MULO",232,232,58672223.67,0,2022-01-09,2026-06-14,0,0.0,9,0,9|0
"SUBCATEGORY_BERRIES_RASPBERRIES@@RICHMOND/NORFOLK, VA - MULO",232,232,53329574.94,0,2022-01-09,2026-06-14,0,0.0,8,0,8|0
"SUBCATEGORY_BERRIES_RASPBERRIES@@ROANOKE, VA - MULO",232,232,38299933.61,0,2022-01-09,2026-06-14,0,0.0,8,0,8|0
"SUBCATEGORY_BERRIES_RASPBERRIES@@SACRAMENTO, CA - MULO",232,232,44023611.79,0,2022-01-09,2026-06-14,0,0.0,8,0,8|0
"SUBCATEGORY_BERRIES_RASPBERRIES@@SALT LAKE CITY, UT - MULO",232,232,53458905.46,0,2022-01-09,2026-06-14,0,0.0,8,0,8|0
"SUBCATEGORY_BERRIES_RASPBERRIES@@SAN DIEGO, CA - MULO",232,232,63173747.26,0,2022-01-09,2026-06-14,0,0.0,9,0,9|0
"SUBCATEGORY_BERRIES_RASPBERRIES@@SAN FRANCISCO/OAKLAND, CA - MULO",232,232,116864365.54,0,2022-01-09,2026-06-14,0,0.0,9,0,9|0
"SUBCATEGORY_BERRIES_RASPBERRIES@@SEATTLE/TACOMA, WA - MULO",232,232,108090471.67,0,2022-01-09,2026-06-14,0,0.0,9,0,9|0
SUBCATEGORY_BERRIES_RASPBERRIES@@SOUTH CAROLINA - MULO,232,232,81853471.65,0,2022-01-09,2026-06-14,0,0.0,9,0,9|0
"SUBCATEGORY_BERRIES_RASPBERRIES@@SPOKANE, WA - MULO",232,232,16337315.95,0,2022-01-09,2026-06-14,0,0.0,7,0,7|0
"SUBCATEGORY_BERRIES_RASPBERRIES@@ST. LOUIS, MO - MULO",232,232,45826485.06,0,2022-01-09,2026-06-14,0,0.0,8,0,8|0
"SUBCATEGORY_BERRIES_RASPBERRIES@@SYRACUSE, NY - MULO",232,232,36531210.85,0,2022-01-09,2026-06-14,0,0.0,8,0,8|0
"SUBCATEGORY_BERRIES_RASPBERRIES@@TAMPA/ST. PETERSBURG, FL - MULO",232,232,103470729.76,0,2022-01-09,2026-06-14,0,0.0,9,0,9|0
"SUBCATEGORY_BERRIES_RASPBERRIES@@TOLEDO, OH - MULO",232,232,39991452.95,0,2022-01-09,2026-06-14,0,0.0,8,0,8|0
"SUBCATEGORY_BERRIES_RASPBERRIES@@TULSA, OK - MULO",232,232,12028158.53,0,2022-01-09,2026-06-14,0,0.0,6,0,6|0
SUBCATEGORY_BERRIES_RASPBERRIES@@WEST TEXAS/NEW MEXICO - MULO,232,232,43852418.71,0,2022-01-09,2026-06-14,0,0.0,8,0,8|0
"SUBCATEGORY_BERRIES_RASPBERRIES@@WICHITA, KS - MULO",232,232,12608406.92,0,2022-01-09,2026-06-14,0,0.0,6,0,6|0
"SUBCATEGORY_BERRIES_RASPBERRIES_CONVENTIONAL@@LITTLE ROCK, AR - MULO",180,180,4606072.19,0,2023-01-08,2026-06-14,0,0.0,4,0,4|0
"SUBCATEGORY_BERRIES_RASPBERRIES_CONVENTIONAL@@LOS ANGELES, CA - MULO",180,180,171117653.5,0,2023-01-08,2026-06-14,0,0.0,9,0,9|0
"SUBCATEGORY_BERRIES_RASPBERRIES_NATURAL@@LITTLE ROCK, AR - MULO",180,180,1231357.92,0,2023-01-08,2026-06-14,0,0.0,2,0,2|0
"SUBCATEGORY_BERRIES_RASPBERRIES_NATURAL@@LOS ANGELES, CA - MULO",180,180,49145960.91,0,2023-01-08,2026-06-14,0,0.0,8,0,8|0
"SUBCATEGORY_BERRIES_RASPBERRIES_ORGANIC@@LITTLE ROCK, AR - MULO",180,180,1231357.92,0,2023-01-08,2026-06-14,0,0.0,2,0,2|0
"SUBCATEGORY_BERRIES_RASPBERRIES_ORGANIC@@LOS ANGELES, CA - MULO",180,180,49167431.03,0,2023-01-08,2026-06-14,0,0.0,8,0,8|0
"SUBCATEGORY_BERRIES_RASPBERRIES_SPECIALTY-AND-WELLNESS@@LOS ANGELES, CA - MULO",180,180,1108308.74,66,2023-01-08,2026-06-14,0,0.36666666666666664,1,2,1|2
"SUBCATEGORY_BERRIES_STRAWBERRIES@@ALBANY, NY - MULO",232,232,84452970.76,0,2022-01-09,2026-06-14,0,0.0,9,0,9|0
"SUBCATEGORY_BERRIES_STRAWBERRIES@@ATLANTA, GA - MULO",232,232,364078665.21999997,0,2022-01-09,2026-06-14,0,0.0,9,0,9|0
"SUBCATEGORY_BERRIES_STRAWBERRIES@@BALTIMORE, MD/WASHINGTON D.C. - MULO",232,232,609707662.7,0,2022-01-09,2026-06-14,0,0.0,9,0,9|0
"SUBCATEGORY_BERRIES_STRAWBERRIES@@BIRMINGHAM/MONTGOMERY, AL - MULO",232,232,224320660.48,0,2022-01-09,2026-06-14,0,0.0,9,0,9|0
"SUBCATEGORY_BERRIES_STRAWBERRIES@@BOISE, ID - MULO",232,232,37586084.62,0,2022-01-09,2026-06-14,0,0.0,8,0,8|0
"SUBCATEGORY_BERRIES_STRAWBERRIES@@BOSTON, MA - MULO",232,232,333234652.2,0,2022-01-09,2026-06-14,0,0.0,9,0,9|0
"SUBCATEGORY_BERRIES_STRAWBERRIES@@BUFFALO/ROCHESTER, NY - MULO",232,232,197069443.4,0,2022-01-09,2026-06-14,0,0.0,9,0,9|0
"SUBCATEGORY_BERRIES_STRAWBERRIES@@CHARLOTTE, NC - MULO",232,232,206340063.04,0,2022-01-09,2026-06-14,0,0.0,9,0,9|0
"SUBCATEGORY_BERRIES_STRAWBERRIES@@CHICAGO, IL - MULO",232,232,472199272.2,0,2022-01-09,2026-06-14,0,0.0,9,0,9|0
"SUBCATEGORY_BERRIES_STRAWBERRIES@@CINCINNATI/DAYTON, OH - MULO",232,232,226430501.75,0,2022-01-09,2026-06-14,0,0.0,9,0,9|0
"SUBCATEGORY_BERRIES_STRAWBERRIES@@CLEVELAND, OH - MULO",232,232,129781533.14,0,2022-01-09,2026-06-14,0,0.0,9,0,9|0
"SUBCATEGORY_BERRIES_STRAWBERRIES@@COLUMBUS, OH - MULO",232,232,157692701.71,0,2022-01-09,2026-06-14,0,0.0,9,0,9|0
"SUBCATEGORY_BERRIES_STRAWBERRIES@@DALLAS/FT. WORTH, TX - MULO",232,232,487683946.6,0,2022-01-09,2026-06-14,0,0.0,9,0,9|0
"SUBCATEGORY_BERRIES_STRAWBERRIES@@DENVER, CO - MULO",232,232,308305377.76,0,2022-01-09,2026-06-14,0,0.0,9,0,9|0
"SUBCATEGORY_BERRIES_STRAWBERRIES@@DES MOINES, IA - MULO",232,232,57174434.97,0,2022-01-09,2026-06-14,0,0.0,9,0,9|0
"SUBCATEGORY_BERRIES_STRAWBERRIES@@DETROIT, MI - MULO",232,232,301688397.85,0,2022-01-09,2026-06-14,0,0.0,9,0,9|0
"SUBCATEGORY_BERRIES_STRAWBERRIES@@GRAND RAPIDS, MI - MULO",232,232,107543038.64,0,2022-01-09,2026-06-14,0,0.0,9,0,9|0
"SUBCATEGORY_BERRIES_STRAWBERRIES@@GREEN BAY, WI - MULO",232,232,51708867.28,0,2022-01-09,2026-06-14,0,0.0,8,0,8|0
"SUBCATEGORY_BERRIES_STRAWBERRIES@@HARRISBURG/SCRANTON, PA - MULO",232,232,293095280.34,0,2022-01-09,2026-06-14,0,0.0,9,0,9|0
"SUBCATEGORY_BERRIES_STRAWBERRIES@@HARTFORD, CT/SPRINGFIELD, MA - MULO",232,232,234239174.69,0,2022-01-09,2026-06-14,0,0.0,9,0,9|0
"SUBCATEGORY_BERRIES_STRAWBERRIES@@HOUSTON, TX - MULO",232,232,261593516.8,0,2022-01-09,2026-06-14,0,0.0,9,0,9|0
"SUBCATEGORY_BERRIES_STRAWBERRIES@@INDIANAPOLIS, IN - MULO",232,232,151894370.86,0,2022-01-09,2026-06-14,0,0.0,9,0,9|0
"SUBCATEGORY_BERRIES_STRAWBERRIES@@JACKSONVILLE, FL - MULO",232,232,140355439.0,0,2022-01-09,2026-06-14,0,0.0,9,0,9|0
"SUBCATEGORY_BERRIES_STRAWBERRIES@@KANSAS CITY, KS - MULO",232,232,133330639.29,0,2022-01-09,2026-06-14,0,0.0,9,0,9|0
"SUBCATEGORY_BERRIES_STRAWBERRIES@@KNOXVILLE, TN - MULO",232,232,67509303.44,0,2022-01-09,2026-06-14,0,0.0,9,0,9|0
"SUBCATEGORY_BERRIES_STRAWBERRIES@@LAS VEGAS, NV - MULO",232,232,123881187.09,0,2022-01-09,2026-06-14,0,0.0,9,0,9|0
"SUBCATEGORY_BERRIES_STRAWBERRIES@@LITTLE ROCK, AR - MULO",232,232,41353073.59,0,2022-01-09,2026-06-14,0,0.0,8,0,8|0
"SUBCATEGORY_BERRIES_STRAWBERRIES@@LOS ANGELES, CA - MULO",232,232,958727396.3,0,2022-01-09,2026-06-14,0,0.0,9,0,9|0
"SUBCATEGORY_BERRIES_STRAWBERRIES@@LOUISVILLE, KY - MULO",232,232,79675391.8,0,2022-01-09,2026-06-14,0,0.0,9,0,9|0
"SUBCATEGORY_BERRIES_STRAWBERRIES@@MEMPHIS, TN - MULO",232,232,63397971.74,0,2022-01-09,2026-06-14,0,0.0,9,0,9|0
"SUBCATEGORY_BERRIES_STRAWBERRIES@@MIAMI/FT. LAUDERDALE, FL - MULO",232,232,484347139.4,0,2022-01-09,2026-06-14,0,0.0,9,0,9|0
"SUBCATEGORY_BERRIES_STRAWBERRIES@@MILWAUKEE, WI - MULO",232,232,162079563.14,0,2022-01-09,2026-06-14,0,0.0,9,0,9|0
"SUBCATEGORY_BERRIES_STRAWBERRIES@@MINNEAPOLIS/ST. PAUL, MN - MULO",232,232,214642693.6,0,2022-01-09,2026-06-14,0,0.0,9,0,9|0
SUBCATEGORY_BERRIES_STRAWBERRIES@@MISSISSIPPI - MULO,232,232,90912760.57000001,0,2022-01-09,2026-06-14,0,0.0,9,0,9|0
"SUBCATEGORY_BERRIES_STRAWBERRIES@@NASHVILLE, TN - MULO",232,232,147817285.08,0,2022-01-09,2026-06-14,0,0.0,9,0,9|0
SUBCATEGORY_BERRIES_STRAWBERRIES@@NEW ENGLAND - MULO,232,232,238251148.5,0,2022-01-09,2026-06-14,0,0.0,9,0,9|0
"SUBCATEGORY_BERRIES_STRAWBERRIES@@NEW ORLEANS, LA/MOBILE, AL - MULO",232,232,160259852.77,0,2022-01-09,2026-06-14,0,0.0,9,0,9|0
"SUBCATEGORY_BERRIES_STRAWBERRIES@@NEW YORK, NY - MULO",232,232,869838401.6,0,2022-01-09,2026-06-14,0,0.0,9,0,9|0
"SUBCATEGORY_BERRIES_STRAWBERRIES@@OKLAHOMA CITY, OK - MULO",232,232,74215423.76,0,2022-01-09,2026-06-14,0,0.0,9,0,9|0
"SUBCATEGORY_BERRIES_STRAWBERRIES@@OMAHA, NE - MULO",232,232,81936618.65,0,2022-01-09,2026-06-14,0,0.0,9,0,9|0
"SUBCATEGORY_BERRIES_STRAWBERRIES@@ORLANDO, FL - MULO",232,232,322368017.22,0,2022-01-09,2026-06-14,0,0.0,9,0,9|0
"SUBCATEGORY_BERRIES_STRAWBERRIES@@PEORIA/SPRINGFIELD, IL - MULO",232,232,104481100.9,0,2022-01-09,2026-06-14,0,0.0,9,0,9|0
"SUBCATEGORY_BERRIES_STRAWBERRIES@@PHILADELPHIA, PA - MULO",232,232,417279148.1,0,2022-01-09,2026-06-14,0,0.0,9,0,9|0
"SUBCATEGORY_BERRIES_STRAWBERRIES@@PHOENIX/TUCSON, AZ - MULO",232,232,327172888.53,0,2022-01-09,2026-06-14,0,0.0,9,0,9|0
"SUBCATEGORY_BERRIES_STRAWBERRIES@@PITTSBURGH, PA - MULO",232,232,153810292.44,0,2022-01-09,2026-06-14,0,0.0,9,0,9|0
"SUBCATEGORY_BERRIES_STRAWBERRIES@@PORTLAND, OR - MULO",232,232,175712727.13,0,2022-01-09,2026-06-14,0,0.0,9,0,9|0
"SUBCATEGORY_BERRIES_STRAWBERRIES@@PROVIDENCE, RI - MULO",232,232,62805428.0,0,2022-01-09,2026-06-14,0,0.0,9,0,9|0
"SUBCATEGORY_BERRIES_STRAWBERRIES@@RALEIGH/GREENSBORO, NC - MULO",232,232,240346738.57,0,2022-01-09,2026-06-14,0,0.0,9,0,9|0
"SUBCATEGORY_BERRIES_STRAWBERRIES@@RICHMOND/NORFOLK, VA - MULO",232,232,202866013.43,0,2022-01-09,2026-06-14,0,0.0,9,0,9|0
"SUBCATEGORY_BERRIES_STRAWBERRIES@@ROANOKE, VA - MULO",232,232,142071853.73,0,2022-01-09,2026-06-14,0,0.0,9,0,9|0
"SUBCATEGORY_BERRIES_STRAWBERRIES@@SACRAMENTO, CA - MULO",232,232,134371055.07,0,2022-01-09,2026-06-14,0,0.0,9,0,9|0
"SUBCATEGORY_BERRIES_STRAWBERRIES@@SALT LAKE CITY, UT - MULO",232,232,125233868.36,0,2022-01-09,2026-06-14,0,0.0,9,0,9|0
"SUBCATEGORY_BERRIES_STRAWBERRIES@@SAN DIEGO, CA - MULO",232,232,185887743.91,0,2022-01-09,2026-06-14,0,0.0,9,0,9|0
"SUBCATEGORY_BERRIES_STRAWBERRIES@@SAN FRANCISCO/OAKLAND, CA - MULO",232,232,270387552.36,0,2022-01-09,2026-06-14,0,0.0,9,0,9|0
"SUBCATEGORY_BERRIES_STRAWBERRIES@@SEATTLE/TACOMA, WA - MULO",232,232,232698334.22,0,2022-01-09,2026-06-14,0,0.0,9,0,9|0
SUBCATEGORY_BERRIES_STRAWBERRIES@@SOUTH CAROLINA - MULO,232,232,338927942.63,0,2022-01-09,2026-06-14,0,0.0,9,0,9|0
"SUBCATEGORY_BERRIES_STRAWBERRIES@@SPOKANE, WA - MULO",232,232,34426109.64,0,2022-01-09,2026-06-14,0,0.0,8,0,8|0
"SUBCATEGORY_BERRIES_STRAWBERRIES@@ST. LOUIS, MO - MULO",232,232,174219879.59,0,2022-01-09,2026-06-14,0,0.0,9,0,9|0
"SUBCATEGORY_BERRIES_STRAWBERRIES@@SYRACUSE, NY - MULO",232,232,83215936.25,0,2022-01-09,2026-06-14,0,0.0,9,0,9|0
"SUBCATEGORY_BERRIES_STRAWBERRIES@@TAMPA/ST. PETERSBURG, FL - MULO",232,232,330229206.35,0,2022-01-09,2026-06-14,0,0.0,9,0,9|0
"SUBCATEGORY_BERRIES_STRAWBERRIES@@TOLEDO, OH - MULO",232,232,112723550.39,0,2022-01-09,2026-06-14,0,0.0,9,0,9|0
"SUBCATEGORY_BERRIES_STRAWBERRIES@@TULSA, OK - MULO",232,232,58516705.7,0,2022-01-09,2026-06-14,0,0.0,9,0,9|0
SUBCATEGORY_BERRIES_STRAWBERRIES@@WEST TEXAS/NEW MEXICO - MULO,232,232,202757332.83,0,2022-01-09,2026-06-14,0,0.0,9,0,9|0
"SUBCATEGORY_BERRIES_STRAWBERRIES@@WICHITA, KS - MULO",232,232,51926544.72,0,2022-01-09,2026-06-14,0,0.0,8,0,8|0
"SUBCATEGORY_BERRIES_STRAWBERRIES_CONVENTIONAL@@LITTLE ROCK, AR - MULO",180,180,30860834.41,0,2023-01-08,2026-06-14,0,0.0,8,0,8|0
"SUBCATEGORY_BERRIES_STRAWBERRIES_CONVENTIONAL@@LOS ANGELES, CA - MULO",180,180,643984161.1,0,2023-01-08,2026-06-14,0,0.0,9,0,9|0
"SUBCATEGORY_BERRIES_STRAWBERRIES_NATURAL@@LITTLE ROCK, AR - MULO",180,180,1920529.77,0,2023-01-08,2026-06-14,0,0.0,2,0,2|0
"SUBCATEGORY_BERRIES_STRAWBERRIES_NATURAL@@LOS ANGELES, CA - MULO",180,180,117965329.29,0,2023-01-08,2026-06-14,0,0.0,9,0,9|0
"SUBCATEGORY_BERRIES_STRAWBERRIES_ORGANIC@@LITTLE ROCK, AR - MULO",180,180,1920529.77,0,2023-01-08,2026-06-14,0,0.0,2,0,2|0
"SUBCATEGORY_BERRIES_STRAWBERRIES_ORGANIC@@LOS ANGELES, CA - MULO",180,180,117965329.29,0,2023-01-08,2026-06-14,0,0.0,9,0,9|0
"SUBCATEGORY_CARROTS_BABY-CARROTS@@ALBANY, NY - MULO",232,232,16303435.67,0,2022-01-09,2026-06-14,0,0.0,7,0,7|0
"SUBCATEGORY_CARROTS_BABY-CARROTS@@ATLANTA, GA - MULO",232,232,48229392.78,0,2022-01-09,2026-06-14,0,0.0,8,0,8|0
"SUBCATEGORY_CARROTS_BABY-CARROTS@@BALTIMORE, MD/WASHINGTON D.C. - MULO",232,232,89904652.36,0,2022-01-09,2026-06-14,0,0.0,9,0,9|0
"SUBCATEGORY_CARROTS_BABY-CARROTS@@BIRMINGHAM/MONTGOMERY, AL - MULO",232,232,36394086.71,0,2022-01-09,2026-06-14,0,0.0,8,0,8|0
"SUBCATEGORY_CARROTS_BABY-CARROTS@@BOISE, ID - MULO",232,232,7400277.86,0,2022-01-09,2026-06-14,0,0.0,5,0,5|0
"SUBCATEGORY_CARROTS_BABY-CARROTS@@BOSTON, MA - MULO",232,232,50484148.4,0,2022-01-09,2026-06-14,0,0.0,8,0,8|0
"SUBCATEGORY_CARROTS_BABY-CARROTS@@BUFFALO/ROCHESTER, NY - MULO",232,232,30880919.38,0,2022-01-09,2026-06-14,0,0.0,8,0,8|0
"SUBCATEGORY_CARROTS_BABY-CARROTS@@CHARLOTTE, NC - MULO",232,232,30790532.01,0,2022-01-09,2026-06-14,0,0.0,8,0,8|0
"SUBCATEGORY_CARROTS_BABY-CARROTS@@CHICAGO, IL - MULO",232,232,78504569.93,0,2022-01-09,2026-06-14,0,0.0,9,0,9|0
"SUBCATEGORY_CARROTS_BABY-CARROTS@@CINCINNATI/DAYTON, OH - MULO",232,232,36199736.45,0,2022-01-09,2026-06-14,0,0.0,8,0,8|0
"SUBCATEGORY_CARROTS_BABY-CARROTS@@CLEVELAND, OH - MULO",232,232,21042452.49,0,2022-01-09,2026-06-14,0,0.0,7,0,7|0
"SUBCATEGORY_CARROTS_BABY-CARROTS@@COLUMBUS, OH - MULO",232,232,26034666.59,0,2022-01-09,2026-06-14,0,0.0,7,0,7|0
"SUBCATEGORY_CARROTS_BABY-CARROTS@@DALLAS/FT. WORTH, TX - MULO",232,232,63826527.94,0,2022-01-09,2026-06-14,0,0.0,9,0,9|0
"SUBCATEGORY_CARROTS_BABY-CARROTS@@DENVER, CO - MULO",232,232,52458922.19,0,2022-01-09,2026-06-14,0,0.0,8,0,8|0
"SUBCATEGORY_CARROTS_BABY-CARROTS@@DES MOINES, IA - MULO",232,232,12722882.9,0,2022-01-09,2026-06-14,0,0.0,6,0,6|0
"SUBCATEGORY_CARROTS_BABY-CARROTS@@DETROIT, MI - MULO",232,232,47493905.53,0,2022-01-09,2026-06-14,0,0.0,8,0,8|0
"SUBCATEGORY_CARROTS_BABY-CARROTS@@GRAND RAPIDS, MI - MULO",232,232,18647597.41,0,2022-01-09,2026-06-14,0,0.0,7,0,7|0
"SUBCATEGORY_CARROTS_BABY-CARROTS@@GREEN BAY, WI - MULO",232,232,9615180.96,0,2022-01-09,2026-06-14,0,0.0,5,0,5|0
"SUBCATEGORY_CARROTS_BABY-CARROTS@@HARRISBURG/SCRANTON, PA - MULO",232,232,53069524.37,0,2022-01-09,2026-06-14,0,0.0,8,0,8|0
"SUBCATEGORY_CARROTS_BABY-CARROTS@@HARTFORD, CT/SPRINGFIELD, MA - MULO",232,232,40824109.03,0,2022-01-09,2026-06-14,0,0.0,8,0,8|0
"SUBCATEGORY_CARROTS_BABY-CARROTS@@HOUSTON, TX - MULO",232,232,28863801.5,0,2022-01-09,2026-06-14,0,0.0,8,0,8|0
"SUBCATEGORY_CARROTS_BABY-CARROTS@@INDIANAPOLIS, IN - MULO",232,232,26398196.39,0,2022-01-09,2026-06-14,0,0.0,7,0,7|0
"SUBCATEGORY_CARROTS_BABY-CARROTS@@JACKSONVILLE, FL - MULO",232,232,21060667.27,0,2022-01-09,2026-06-14,0,0.0,7,0,7|0
"SUBCATEGORY_CARROTS_BABY-CARROTS@@KANSAS CITY, KS - MULO",232,232,26416243.66,0,2022-01-09,2026-06-14,0,0.0,7,0,7|0
"SUBCATEGORY_CARROTS_BABY-CARROTS@@KNOXVILLE, TN - MULO",232,232,13296702.8,0,2022-01-09,2026-06-14,0,0.0,6,0,6|0
"SUBCATEGORY_CARROTS_BABY-CARROTS@@LAS VEGAS, NV - MULO",232,232,18136202.19,0,2022-01-09,2026-06-14,0,0.0,7,0,7|0
"SUBCATEGORY_CARROTS_BABY-CARROTS@@LITTLE ROCK, AR - MULO",232,232,6983029.21,0,2022-01-09,2026-06-14,0,0.0,5,0,5|0
"SUBCATEGORY_CARROTS_BABY-CARROTS@@LOS ANGELES, CA - MULO",232,232,115323866.91,0,2022-01-09,2026-06-14,0,0.0,9,0,9|0
"SUBCATEGORY_CARROTS_BABY-CARROTS@@LOUISVILLE, KY - MULO",232,232,15079809.44,0,2022-01-09,2026-06-14,0,0.0,6,0,6|0
"SUBCATEGORY_CARROTS_BABY-CARROTS@@MEMPHIS, TN - MULO",232,232,9009393.95,0,2022-01-09,2026-06-14,0,0.0,5,0,5|0
"SUBCATEGORY_CARROTS_BABY-CARROTS@@MIAMI/FT. LAUDERDALE, FL - MULO",232,232,49898867.17,0,2022-01-09,2026-06-14,0,0.0,8,0,8|0
"SUBCATEGORY_CARROTS_BABY-CARROTS@@MILWAUKEE, WI - MULO",232,232,28831246.44,0,2022-01-09,2026-06-14,0,0.0,8,0,8|0
"SUBCATEGORY_CARROTS_BABY-CARROTS@@MINNEAPOLIS/ST. PAUL, MN - MULO",232,232,43419188.79,0,2022-01-09,2026-06-14,0,0.0,8,0,8|0
SUBCATEGORY_CARROTS_BABY-CARROTS@@MISSISSIPPI - MULO,232,232,15780480.06,0,2022-01-09,2026-06-14,0,0.0,7,0,7|0
"SUBCATEGORY_CARROTS_BABY-CARROTS@@NASHVILLE, TN - MULO",232,232,23245145.26,0,2022-01-09,2026-06-14,0,0.0,7,0,7|0
SUBCATEGORY_CARROTS_BABY-CARROTS@@NEW ENGLAND - MULO,232,232,44236877.86,0,2022-01-09,2026-06-14,0,0.0,8,0,8|0
"SUBCATEGORY_CARROTS_BABY-CARROTS@@NEW ORLEANS, LA/MOBILE, AL - MULO",232,232,23511546.65,0,2022-01-09,2026-06-14,0,0.0,7,0,7|0
"SUBCATEGORY_CARROTS_BABY-CARROTS@@NEW YORK, NY - MULO",232,232,148288521.75,0,2022-01-09,2026-06-14,0,0.0,9,0,9|0
"SUBCATEGORY_CARROTS_BABY-CARROTS@@OKLAHOMA CITY, OK - MULO",232,232,12910714.28,0,2022-01-09,2026-06-14,0,0.0,6,0,6|0
"SUBCATEGORY_CARROTS_BABY-CARROTS@@OMAHA, NE - MULO",232,232,16771372.9,0,2022-01-09,2026-06-14,0,0.0,7,0,7|0
"SUBCATEGORY_CARROTS_BABY-CARROTS@@ORLANDO, FL - MULO",232,232,44188298.87,0,2022-01-09,2026-06-14,0,0.0,8,0,8|0
"SUBCATEGORY_CARROTS_BABY-CARROTS@@PEORIA/SPRINGFIELD, IL - MULO",232,232,20834344.55,0,2022-01-09,2026-06-14,0,0.0,7,0,7|0
"SUBCATEGORY_CARROTS_BABY-CARROTS@@PHILADELPHIA, PA - MULO",232,232,68285830.26,0,2022-01-09,2026-06-14,0,0.0,9,0,9|0
"SUBCATEGORY_CARROTS_BABY-CARROTS@@PHOENIX/TUCSON, AZ - MULO",232,232,56530275.95,0,2022-01-09,2026-06-14,0,0.0,8,0,8|0
"SUBCATEGORY_CARROTS_BABY-CARROTS@@PITTSBURGH, PA - MULO",232,232,30011912.79,0,2022-01-09,2026-06-14,0,0.0,8,0,8|0
"SUBCATEGORY_CARROTS_BABY-CARROTS@@PORTLAND, OR - MULO",232,232,35753320.44,0,2022-01-09,2026-06-14,0,0.0,8,0,8|0
"SUBCATEGORY_CARROTS_BABY-CARROTS@@PROVIDENCE, RI - MULO",232,232,10698048.44,0,2022-01-09,2026-06-14,0,0.0,6,0,6|0
"SUBCATEGORY_CARROTS_BABY-CARROTS@@RALEIGH/GREENSBORO, NC - MULO",232,232,39393205.11,0,2022-01-09,2026-06-14,0,0.0,8,0,8|0
"SUBCATEGORY_CARROTS_BABY-CARROTS@@RICHMOND/NORFOLK, VA - MULO",232,232,30248937.82,0,2022-01-09,2026-06-14,0,0.0,8,0,8|0
"SUBCATEGORY_CARROTS_BABY-CARROTS@@ROANOKE, VA - MULO",232,232,26874044.24,0,2022-01-09,2026-06-14,0,0.0,8,0,8|0
"SUBCATEGORY_CARROTS_BABY-CARROTS@@SACRAMENTO, CA - MULO",232,232,28408407.77,0,2022-01-09,2026-06-14,0,0.0,8,0,8|0
"SUBCATEGORY_CARROTS_BABY-CARROTS@@SALT LAKE CITY, UT - MULO",232,232,27834024.4,0,2022-01-09,2026-06-14,0,0.0,8,0,8|0
"SUBCATEGORY_CARROTS_BABY-CARROTS@@SAN DIEGO, CA - MULO",232,232,28820441.74,0,2022-01-09,2026-06-14,0,0.0,8,0,8|0
"SUBCATEGORY_CARROTS_BABY-CARROTS@@SAN FRANCISCO/OAKLAND, CA - MULO",232,232,52640253.38,0,2022-01-09,2026-06-14,0,0.0,8,0,8|0
"SUBCATEGORY_CARROTS_BABY-CARROTS@@SEATTLE/TACOMA, WA - MULO",232,232,41093769.1,0,2022-01-09,2026-06-14,0,0.0,8,0,8|0
SUBCATEGORY_CARROTS_BABY-CARROTS@@SOUTH CAROLINA - MULO,232,232,53033080.62,0,2022-01-09,2026-06-14,0,0.0,8,0,8|0
"SUBCATEGORY_CARROTS_BABY-CARROTS@@SPOKANE, WA - MULO",232,232,8084775.09,0,2022-01-09,2026-06-14,0,0.0,5,0,5|0
"SUBCATEGORY_CARROTS_BABY-CARROTS@@ST. LOUIS, MO - MULO",232,232,29639610.6,0,2022-01-09,2026-06-14,0,0.0,8,0,8|0
"SUBCATEGORY_CARROTS_BABY-CARROTS@@SYRACUSE, NY - MULO",232,232,14545718.81,0,2022-01-09,2026-06-14,0,0.0,6,0,6|0
"SUBCATEGORY_CARROTS_BABY-CARROTS@@TAMPA/ST. PETERSBURG, FL - MULO",232,232,48067528.16,0,2022-01-09,2026-06-14,0,0.0,8,0,8|0
"SUBCATEGORY_CARROTS_BABY-CARROTS@@TOLEDO, OH - MULO",232,232,21683539.84,0,2022-01-09,2026-06-14,0,0.0,7,0,7|0
"SUBCATEGORY_CARROTS_BABY-CARROTS@@TULSA, OK - MULO",232,232,10098225.8,0,2022-01-09,2026-06-14,0,0.0,6,0,6|0
SUBCATEGORY_CARROTS_BABY-CARROTS@@WEST TEXAS/NEW MEXICO - MULO,232,232,35127856.28,0,2022-01-09,2026-06-14,0,0.0,8,0,8|0
"SUBCATEGORY_CARROTS_BABY-CARROTS@@WICHITA, KS - MULO",232,232,10190959.43,0,2022-01-09,2026-06-14,0,0.0,6,0,6|0
"SUBCATEGORY_CARROTS_CARROTS@@ALBANY, NY - MULO",232,232,14124337.58,0,2022-01-09,2026-06-14,0,0.0,6,0,6|0
"SUBCATEGORY_CARROTS_CARROTS@@ATLANTA, GA - MULO",232,232,36774395.8,0,2022-01-09,2026-06-14,0,0.0,8,0,8|0
"SUBCATEGORY_CARROTS_CARROTS@@BALTIMORE, MD/WASHINGTON D.C. - MULO",232,232,71881439.82,0,2022-01-09,2026-06-14,0,0.0,9,0,9|0
"SUBCATEGORY_CARROTS_CARROTS@@BIRMINGHAM/MONTGOMERY, AL - MULO",232,232,22506266.48,0,2022-01-09,2026-06-14,0,0.0,7,0,7|0
"SUBCATEGORY_CARROTS_CARROTS@@BOISE, ID - MULO",232,232,4591105.17,0,2022-01-09,2026-06-14,0,0.0,4,0,4|0
"SUBCATEGORY_CARROTS_CARROTS@@BOSTON, MA - MULO",232,232,44062873.58,0,2022-01-09,2026-06-14,0,0.0,8,0,8|0
"SUBCATEGORY_CARROTS_CARROTS@@BUFFALO/ROCHESTER, NY - MULO",232,232,27840310.71,0,2022-01-09,2026-06-14,0,0.0,8,0,8|0
"SUBCATEGORY_CARROTS_CARROTS@@CHARLOTTE, NC - MULO",232,232,23568322.59,0,2022-01-09,2026-06-14,0,0.0,7,0,7|0
"SUBCATEGORY_CARROTS_CARROTS@@CHICAGO, IL - MULO",232,232,65550263.92,0,2022-01-09,2026-06-14,0,0.0,9,0,9|0
"SUBCATEGORY_CARROTS_CARROTS@@CINCINNATI/DAYTON, OH - MULO",232,232,23087128.23,0,2022-01-09,2026-06-14,0,0.0,7,0,7|0
"SUBCATEGORY_CARROTS_CARROTS@@CLEVELAND, OH - MULO",232,232,17818340.53,0,2022-01-09,2026-06-14,0,0.0,7,0,7|0
"SUBCATEGORY_CARROTS_CARROTS@@COLUMBUS, OH - MULO",232,232,17597471.57,0,2022-01-09,2026-06-14,0,0.0,7,0,7|0
"SUBCATEGORY_CARROTS_CARROTS@@DALLAS/FT. WORTH, TX - MULO",232,232,44724011.45,0,2022-01-09,2026-06-14,0,0.0,8,0,8|0
"SUBCATEGORY_CARROTS_CARROTS@@DENVER, CO - MULO",232,232,31587441.78,0,2022-01-09,2026-06-14,0,0.0,8,0,8|0
"SUBCATEGORY_CARROTS_CARROTS@@DES MOINES, IA - MULO",232,232,7403473.89,0,2022-01-09,2026-06-14,0,0.0,5,0,5|0
"SUBCATEGORY_CARROTS_CARROTS@@DETROIT, MI - MULO",232,232,41138513.75,0,2022-01-09,2026-06-14,0,0.0,8,0,8|0
"SUBCATEGORY_CARROTS_CARROTS@@GRAND RAPIDS, MI - MULO",232,232,20925858.54,0,2022-01-09,2026-06-14,0,0.0,7,0,7|0
"SUBCATEGORY_CARROTS_CARROTS@@GREEN BAY, WI - MULO",232,232,8763836.71,0,2022-01-09,2026-06-14,0,0.0,5,0,5|0
"SUBCATEGORY_CARROTS_CARROTS@@HARRISBURG/SCRANTON, PA - MULO",232,232,36617581.81,0,2022-01-09,2026-06-14,0,0.0,8,0,8|0
"SUBCATEGORY_CARROTS_CARROTS@@HARTFORD, CT/SPRINGFIELD, MA - MULO",232,232,38101680.79,0,2022-01-09,2026-06-14,0,0.0,8,0,8|0
"SUBCATEGORY_CARROTS_CARROTS@@HOUSTON, TX - MULO",232,232,22207838.58,0,2022-01-09,2026-06-14,0,0.0,7,0,7|0
"SUBCATEGORY_CARROTS_CARROTS@@INDIANAPOLIS, IN - MULO",232,232,19378484.16,0,2022-01-09,2026-06-14,0,0.0,7,0,7|0
"SUBCATEGORY_CARROTS_CARROTS@@JACKSONVILLE, FL - MULO",232,232,17317308.02,0,2022-01-09,2026-06-14,0,0.0,7,0,7|0
"SUBCATEGORY_CARROTS_CARROTS@@KANSAS CITY, KS - MULO",232,232,15418862.07,0,2022-01-09,2026-06-14,0,0.0,6,0,6|0
"SUBCATEGORY_CARROTS_CARROTS@@KNOXVILLE, TN - MULO",232,232,9761340.37,0,2022-01-09,2026-06-14,0,0.0,5,0,5|0
"SUBCATEGORY_CARROTS_CARROTS@@LAS VEGAS, NV - MULO",232,232,11327377.26,0,2022-01-09,2026-06-14,0,0.0,6,0,6|0
"SUBCATEGORY_CARROTS_CARROTS@@LITTLE ROCK, AR - MULO",232,232,3650345.07,0,2022-01-09,2026-06-14,0,0.0,3,0,3|0
"SUBCATEGORY_CARROTS_CARROTS@@LOS ANGELES, CA - MULO",232,232,85354302.91,0,2022-01-09,2026-06-14,0,0.0,9,0,9|0
"SUBCATEGORY_CARROTS_CARROTS@@LOUISVILLE, KY - MULO",232,232,9219951.51,0,2022-01-09,2026-06-14,0,0.0,5,0,5|0
"SUBCATEGORY_CARROTS_CARROTS@@MEMPHIS, TN - MULO",232,232,5385122.73,0,2022-01-09,2026-06-14,0,0.0,4,0,4|0
"SUBCATEGORY_CARROTS_CARROTS@@MIAMI/FT. LAUDERDALE, FL - MULO",232,232,65347729.1,0,2022-01-09,2026-06-14,0,0.0,9,0,9|0
"SUBCATEGORY_CARROTS_CARROTS@@MILWAUKEE, WI - MULO",232,232,23628690.8,0,2022-01-09,2026-06-14,0,0.0,7,0,7|0
"SUBCATEGORY_CARROTS_CARROTS@@MINNEAPOLIS/ST. PAUL, MN - MULO",232,232,38452794.49,0,2022-01-09,2026-06-14,0,0.0,8,0,8|0
SUBCATEGORY_CARROTS_CARROTS@@MISSISSIPPI - MULO,232,232,8278478.32,0,2022-01-09,2026-06-14,0,0.0,5,0,5|0
"SUBCATEGORY_CARROTS_CARROTS@@NASHVILLE, TN - MULO",232,232,16924349.98,0,2022-01-09,2026-06-14,0,0.0,7,0,7|0
SUBCATEGORY_CARROTS_CARROTS@@NEW ENGLAND - MULO,232,232,42724471.89,0,2022-01-09,2026-06-14,0,0.0,8,0,8|0
"SUBCATEGORY_CARROTS_CARROTS@@NEW ORLEANS, LA/MOBILE, AL - MULO",232,232,15127785.52,0,2022-01-09,2026-06-14,0,0.0,6,0,6|0
"SUBCATEGORY_CARROTS_CARROTS@@NEW YORK, NY - MULO",232,232,133556273.44,0,2022-01-09,2026-06-14,0,0.0,9,0,9|0
"SUBCATEGORY_CARROTS_CARROTS@@OKLAHOMA CITY, OK - MULO",232,232,7758508.2,0,2022-01-09,2026-06-14,0,0.0,5,0,5|0
"SUBCATEGORY_CARROTS_CARROTS@@OMAHA, NE - MULO",232,232,9528611.93,0,2022-01-09,2026-06-14,0,0.0,5,0,5|0
"SUBCATEGORY_CARROTS_CARROTS@@ORLANDO, FL - MULO",232,232,39101902.83,0,2022-01-09,2026-06-14,0,0.0,8,0,8|0
"SUBCATEGORY_CARROTS_CARROTS@@PEORIA/SPRINGFIELD, IL - MULO",232,232,14144462.97,0,2022-01-09,2026-06-14,0,0.0,6,0,6|0
"SUBCATEGORY_CARROTS_CARROTS@@PHILADELPHIA, PA - MULO",232,232,45683104.57,0,2022-01-09,2026-06-14,0,0.0,8,0,8|0
"SUBCATEGORY_CARROTS_CARROTS@@PHOENIX/TUCSON, AZ - MULO",232,232,33947638.38,0,2022-01-09,2026-06-14,0,0.0,8,0,8|0
"SUBCATEGORY_CARROTS_CARROTS@@PITTSBURGH, PA - MULO",232,232,23275258.73,0,2022-01-09,2026-06-14,0,0.0,7,0,7|0
"SUBCATEGORY_CARROTS_CARROTS@@PORTLAND, OR - MULO",232,232,21649190.419999998,0,2022-01-09,2026-06-14,0,0.0,7,0,7|0
"SUBCATEGORY_CARROTS_CARROTS@@PROVIDENCE, RI - MULO",232,232,9424968.42,0,2022-01-09,2026-06-14,0,0.0,5,0,5|0
"SUBCATEGORY_CARROTS_CARROTS@@RALEIGH/GREENSBORO, NC - MULO",232,232,29079939.29,0,2022-01-09,2026-06-14,0,0.0,8,0,8|0
"SUBCATEGORY_CARROTS_CARROTS@@RICHMOND/NORFOLK, VA - MULO",232,232,22468969.09,0,2022-01-09,2026-06-14,0,0.0,7,0,7|0
"SUBCATEGORY_CARROTS_CARROTS@@ROANOKE, VA - MULO",232,232,16996869.48,0,2022-01-09,2026-06-14,0,0.0,7,0,7|0
"SUBCATEGORY_CARROTS_CARROTS@@SACRAMENTO, CA - MULO",232,232,17209587.01,0,2022-01-09,2026-06-14,0,0.0,7,0,7|0
"SUBCATEGORY_CARROTS_CARROTS@@SALT LAKE CITY, UT - MULO",232,232,15185456.98,0,2022-01-09,2026-06-14,0,0.0,6,0,6|0
"SUBCATEGORY_CARROTS_CARROTS@@SAN DIEGO, CA - MULO",232,232,17822026.06,0,2022-01-09,2026-06-14,0,0.0,7,0,7|0
"SUBCATEGORY_CARROTS_CARROTS@@SAN FRANCISCO/OAKLAND, CA - MULO",232,232,29997567.99,0,2022-01-09,2026-06-14,0,0.0,8,0,8|0
"SUBCATEGORY_CARROTS_CARROTS@@SEATTLE/TACOMA, WA - MULO",232,232,24306125.49,0,2022-01-09,2026-06-14,0,0.0,7,0,7|0
SUBCATEGORY_CARROTS_CARROTS@@SOUTH CAROLINA - MULO,232,232,39486154.43,0,2022-01-09,2026-06-14,0,0.0,8,0,8|0
"SUBCATEGORY_CARROTS_CARROTS@@SPOKANE, WA - MULO",232,232,5029027.52,0,2022-01-09,2026-06-14,0,0.0,4,0,4|0
"SUBCATEGORY_CARROTS_CARROTS@@ST. LOUIS, MO - MULO",232,232,18589450.23,0,2022-01-09,2026-06-14,0,0.0,7,0,7|0
"SUBCATEGORY_CARROTS_CARROTS@@SYRACUSE, NY - MULO",232,232,12555568.23,0,2022-01-09,2026-06-14,0,0.0,6,0,6|0
"SUBCATEGORY_CARROTS_CARROTS@@TAMPA/ST. PETERSBURG, FL - MULO",232,232,36939234.33,0,2022-01-09,2026-06-14,0,0.0,8,0,8|0
"SUBCATEGORY_CARROTS_CARROTS@@TOLEDO, OH - MULO",232,232,14634127.37,0,2022-01-09,2026-06-14,0,0.0,6,0,6|0
"SUBCATEGORY_CARROTS_CARROTS@@TULSA, OK - MULO",232,232,6612147.2,0,2022-01-09,2026-06-14,0,0.0,5,0,5|0
SUBCATEGORY_CARROTS_CARROTS@@WEST TEXAS/NEW MEXICO - MULO,232,232,25184334.64,0,2022-01-09,2026-06-14,0,0.0,7,0,7|0
"SUBCATEGORY_CARROTS_CARROTS@@WICHITA, KS - MULO",232,232,5086338.66,0,2022-01-09,2026-06-14,0,0.0,4,0,4|0
"SUBCATEGORY_CARROTS_CUT-CARROTS@@ALBANY, NY - MULO",232,232,3922531.7600000002,0,2022-01-09,2026-06-14,0,0.0,3,0,3|0
"SUBCATEGORY_CARROTS_CUT-CARROTS@@ATLANTA, GA - MULO",232,232,19711401.5,0,2022-01-09,2026-06-14,0,0.0,7,0,7|0
"SUBCATEGORY_CARROTS_CUT-CARROTS@@BALTIMORE, MD/WASHINGTON D.C. - MULO",232,232,29035809.56,0,2022-01-09,2026-06-14,0,0.0,8,0,8|0
"SUBCATEGORY_CARROTS_CUT-CARROTS@@BIRMINGHAM/MONTGOMERY, AL - MULO",232,232,11489939.34,0,2022-01-09,2026-06-14,0,0.0,6,0,6|0
"SUBCATEGORY_CARROTS_CUT-CARROTS@@BOISE, ID - MULO",232,232,1639064.47,0,2022-01-09,2026-06-14,0,0.0,2,0,2|0
"SUBCATEGORY_CARROTS_CUT-CARROTS@@BOSTON, MA - MULO",232,232,11389112.95,0,2022-01-09,2026-06-14,0,0.0,6,0,6|0
"SUBCATEGORY_CARROTS_CUT-CARROTS@@BUFFALO/ROCHESTER, NY - MULO",232,232,7730099.8,0,2022-01-09,2026-06-14,0,0.0,5,0,5|0
"SUBCATEGORY_CARROTS_CUT-CARROTS@@CHARLOTTE, NC - MULO",232,232,12509807.68,0,2022-01-09,2026-06-14,0,0.0,6,0,6|0
"SUBCATEGORY_CARROTS_CUT-CARROTS@@CHICAGO, IL - MULO",232,232,20119343.96,0,2022-01-09,2026-06-14,0,0.0,7,0,7|0
"SUBCATEGORY_CARROTS_CUT-CARROTS@@CINCINNATI/DAYTON, OH - MULO",232,232,8993657.11,0,2022-01-09,2026-06-14,0,0.0,5,0,5|0
"SUBCATEGORY_CARROTS_CUT-CARROTS@@CLEVELAND, OH - MULO",232,232,6148670.82,0,2022-01-09,2026-06-14,0,0.0,4,0,4|0
"SUBCATEGORY_CARROTS_CUT-CARROTS@@COLUMBUS, OH - MULO",232,232,7041084.3,0,2022-01-09,2026-06-14,0,0.0,5,0,5|0
"SUBCATEGORY_CARROTS_CUT-CARROTS@@DALLAS/FT. WORTH, TX - MULO",232,232,17641817.06,0,2022-01-09,2026-06-14,0,0.0,7,0,7|0
"SUBCATEGORY_CARROTS_CUT-CARROTS@@DENVER, CO - MULO",232,232,13637024.52,0,2022-01-09,2026-06-14,0,0.0,6,0,6|0
"SUBCATEGORY_CARROTS_CUT-CARROTS@@DES MOINES, IA - MULO",232,232,3196075.88,0,2022-01-09,2026-06-14,0,0.0,3,0,3|0
"SUBCATEGORY_CARROTS_CUT-CARROTS@@DETROIT, MI - MULO",232,232,11709304.49,0,2022-01-09,2026-06-14,0,0.0,6,0,6|0
"SUBCATEGORY_CARROTS_CUT-CARROTS@@GRAND RAPIDS, MI - MULO",232,232,3878346.41,0,2022-01-09,2026-06-14,0,0.0,3,0,3|0
"SUBCATEGORY_CARROTS_CUT-CARROTS@@GREEN BAY, WI - MULO",232,232,2016683.04,0,2022-01-09,2026-06-14,0,0.0,2,0,2|0
"SUBCATEGORY_CARROTS_CUT-CARROTS@@HARRISBURG/SCRANTON, PA - MULO",232,232,13341673.209999999,0,2022-01-09,2026-06-14,0,0.0,6,0,6|0
"SUBCATEGORY_CARROTS_CUT-CARROTS@@HARTFORD, CT/SPRINGFIELD, MA - MULO",232,232,8982898.1,0,2022-01-09,2026-06-14,0,0.0,5,0,5|0
"SUBCATEGORY_CARROTS_CUT-CARROTS@@HOUSTON, TX - MULO",232,232,7658177.28,0,2022-01-09,2026-06-14,0,0.0,5,0,5|0
"SUBCATEGORY_CARROTS_CUT-CARROTS@@INDIANAPOLIS, IN - MULO",232,232,6210812.3,0,2022-01-09,2026-06-14,0,0.0,4,0,4|0
"SUBCATEGORY_CARROTS_CUT-CARROTS@@JACKSONVILLE, FL - MULO",232,232,9014945.83,0,2022-01-09,2026-06-14,0,0.0,5,0,5|0
"SUBCATEGORY_CARROTS_CUT-CARROTS@@KANSAS CITY, KS - MULO",232,232,6159943.5,0,2022-01-09,2026-06-14,0,0.0,4,0,4|0
"SUBCATEGORY_CARROTS_CUT-CARROTS@@KNOXVILLE, TN - MULO",232,232,3617697.05,0,2022-01-09,2026-06-14,0,0.0,3,0,3|0
"SUBCATEGORY_CARROTS_CUT-CARROTS@@LAS VEGAS, NV - MULO",232,232,4738142.35,0,2022-01-09,2026-06-14,0,0.0,4,0,4|0
"SUBCATEGORY_CARROTS_CUT-CARROTS@@LITTLE ROCK, AR - MULO",232,232,1552713.51,0,2022-01-09,2026-06-14,0,0.0,2,0,2|0
"SUBCATEGORY_CARROTS_CUT-CARROTS@@LOS ANGELES, CA - MULO",232,232,35027364.23,0,2022-01-09,2026-06-14,0,0.0,8,0,8|0
"SUBCATEGORY_CARROTS_CUT-CARROTS@@LOUISVILLE, KY - MULO",232,232,3647339.17,0,2022-01-09,2026-06-14,0,0.0,3,0,3|0
"SUBCATEGORY_CARROTS_CUT-CARROTS@@MEMPHIS, TN - MULO",232,232,2294769.77,0,2022-01-09,2026-06-14,0,0.0,2,0,2|0
"SUBCATEGORY_CARROTS_CUT-CARROTS@@MIAMI/FT. LAUDERDALE, FL - MULO",232,232,25143744.06,0,2022-01-09,2026-06-14,0,0.0,7,0,7|0
"SUBCATEGORY_CARROTS_CUT-CARROTS@@MILWAUKEE, WI - MULO",232,232,7082904.51,0,2022-01-09,2026-06-14,0,0.0,5,0,5|0
"SUBCATEGORY_CARROTS_CUT-CARROTS@@MINNEAPOLIS/ST. PAUL, MN - MULO",232,232,12559185.9,0,2022-01-09,2026-06-14,0,0.0,6,0,6|0
SUBCATEGORY_CARROTS_CUT-CARROTS@@MISSISSIPPI - MULO,232,232,3182102.56,0,2022-01-09,2026-06-14,0,0.0,3,0,3|0
"SUBCATEGORY_CARROTS_CUT-CARROTS@@NASHVILLE, TN - MULO",232,232,7772256.95,0,2022-01-09,2026-06-14,0,0.0,5,0,5|0
SUBCATEGORY_CARROTS_CUT-CARROTS@@NEW ENGLAND - MULO,232,232,12238729.47,0,2022-01-09,2026-06-14,0,0.0,6,0,6|0
"SUBCATEGORY_CARROTS_CUT-CARROTS@@NEW ORLEANS, LA/MOBILE, AL - MULO",232,232,6661463.65,0,2022-01-09,2026-06-14,0,0.0,5,0,5|0
"SUBCATEGORY_CARROTS_CUT-CARROTS@@NEW YORK, NY - MULO",232,232,27104022.66,0,2022-01-09,2026-06-14,0,0.0,8,0,8|0
"SUBCATEGORY_CARROTS_CUT-CARROTS@@OKLAHOMA CITY, OK - MULO",232,232,2721828.94,0,2022-01-09,2026-06-14,0,0.0,3,0,3|0
"SUBCATEGORY_CARROTS_CUT-CARROTS@@OMAHA, NE - MULO",232,232,4093256.25,0,2022-01-09,2026-06-14,0,0.0,4,0,4|0
"SUBCATEGORY_CARROTS_CUT-CARROTS@@ORLANDO, FL - MULO",232,232,17867998.01,0,2022-01-09,2026-06-14,0,0.0,7,0,7|0
"SUBCATEGORY_CARROTS_CUT-CARROTS@@PEORIA/SPRINGFIELD, IL - MULO",232,232,4413353.3,0,2022-01-09,2026-06-14,0,0.0,4,0,4|0
"SUBCATEGORY_CARROTS_CUT-CARROTS@@PHILADELPHIA, PA - MULO",232,232,17865551.3,0,2022-01-09,2026-06-14,0,0.0,7,0,7|0
"SUBCATEGORY_CARROTS_CUT-CARROTS@@PHOENIX/TUCSON, AZ - MULO",232,232,13579996.61,0,2022-01-09,2026-06-14,0,0.0,6,0,6|0
"SUBCATEGORY_CARROTS_CUT-CARROTS@@PITTSBURGH, PA - MULO",232,232,7630046.14,0,2022-01-09,2026-06-14,0,0.0,5,0,5|0
"SUBCATEGORY_CARROTS_CUT-CARROTS@@PORTLAND, OR - MULO",232,232,8550711.44,0,2022-01-09,2026-06-14,0,0.0,5,0,5|0
"SUBCATEGORY_CARROTS_CUT-CARROTS@@PROVIDENCE, RI - MULO",232,232,2105709.4,0,2022-01-09,2026-06-14,0,0.0,2,0,2|0
"SUBCATEGORY_CARROTS_CUT-CARROTS@@RALEIGH/GREENSBORO, NC - MULO",232,232,14881991.42,0,2022-01-09,2026-06-14,0,0.0,6,0,6|0
"SUBCATEGORY_CARROTS_CUT-CARROTS@@RICHMOND/NORFOLK, VA - MULO",232,232,12267148.040000001,0,2022-01-09,2026-06-14,0,0.0,6,0,6|0
"SUBCATEGORY_CARROTS_CUT-CARROTS@@ROANOKE, VA - MULO",232,232,7201883.55,0,2022-01-09,2026-06-14,0,0.0,5,0,5|0
"SUBCATEGORY_CARROTS_CUT-CARROTS@@SACRAMENTO, CA - MULO",232,232,7388983.61,0,2022-01-09,2026-06-14,0,0.0,5,0,5|0
"SUBCATEGORY_CARROTS_CUT-CARROTS@@SALT LAKE CITY, UT - MULO",232,232,6769781.74,0,2022-01-09,2026-06-14,0,0.0,5,0,5|0
"SUBCATEGORY_CARROTS_CUT-CARROTS@@SAN DIEGO, CA - MULO",232,232,9475605.05,0,2022-01-09,2026-06-14,0,0.0,5,0,5|0
"SUBCATEGORY_CARROTS_CUT-CARROTS@@SAN FRANCISCO/OAKLAND, CA - MULO",232,232,12334877.87,0,2022-01-09,2026-06-14,0,0.0,6,0,6|0
"SUBCATEGORY_CARROTS_CUT-CARROTS@@SEATTLE/TACOMA, WA - MULO",232,232,10060032.59,0,2022-01-09,2026-06-14,0,0.0,6,0,6|0
SUBCATEGORY_CARROTS_CUT-CARROTS@@SOUTH CAROLINA - MULO,232,232,19951916.44,0,2022-01-09,2026-06-14,0,0.0,7,0,7|0
"SUBCATEGORY_CARROTS_CUT-CARROTS@@SPOKANE, WA - MULO",232,232,1927220.6,0,2022-01-09,2026-06-14,0,0.0,2,0,2|0
"SUBCATEGORY_CARROTS_CUT-CARROTS@@ST. LOUIS, MO - MULO",232,232,8069991.03,0,2022-01-09,2026-06-14,0,0.0,5,0,5|0
"SUBCATEGORY_CARROTS_CUT-CARROTS@@SYRACUSE, NY - MULO",232,232,3476597.07,0,2022-01-09,2026-06-14,0,0.0,3,0,3|0
"SUBCATEGORY_CARROTS_CUT-CARROTS@@TAMPA/ST. PETERSBURG, FL - MULO",232,232,19550917.33,0,2022-01-09,2026-06-14,0,0.0,7,0,7|0
"SUBCATEGORY_CARROTS_CUT-CARROTS@@TOLEDO, OH - MULO",232,232,4620277.0,0,2022-01-09,2026-06-14,0,0.0,4,0,4|0
"SUBCATEGORY_CARROTS_CUT-CARROTS@@TULSA, OK - MULO",232,232,2123472.14,0,2022-01-09,2026-06-14,0,0.0,2,0,2|0
SUBCATEGORY_CARROTS_CUT-CARROTS@@WEST TEXAS/NEW MEXICO - MULO,232,232,12239251.25,0,2022-01-09,2026-06-14,0,0.0,6,0,6|0
"SUBCATEGORY_CARROTS_CUT-CARROTS@@WICHITA, KS - MULO",232,232,1995849.59,0,2022-01-09,2026-06-14,0,0.0,2,0,2|0
"SUBCATEGORY_CELERY_CELERY@@ALBANY, NY - MULO",232,232,11741610.3,0,2022-01-09,2026-06-14,0,0.0,6,0,6|0
"SUBCATEGORY_CELERY_CELERY@@ATLANTA, GA - MULO",232,232,23438761.94,0,2022-01-09,2026-06-14,0,0.0,7,0,7|0
"SUBCATEGORY_CELERY_CELERY@@BALTIMORE, MD/WASHINGTON D.C. - MULO",232,232,50383011.03,0,2022-01-09,2026-06-14,0,0.0,8,0,8|0
"SUBCATEGORY_CELERY_CELERY@@BIRMINGHAM/MONTGOMERY, AL - MULO",232,232,16820968.25,0,2022-01-09,2026-06-14,0,0.0,7,0,7|0
"SUBCATEGORY_CELERY_CELERY@@BOISE, ID - MULO",232,232,3490908.39,0,2022-01-09,2026-06-14,0,0.0,3,0,3|0
"SUBCATEGORY_CELERY_CELERY@@BOSTON, MA - MULO",232,232,37134176.37,0,2022-01-09,2026-06-14,0,0.0,8,0,8|0
"SUBCATEGORY_CELERY_CELERY@@BUFFALO/ROCHESTER, NY - MULO",232,232,16345834.9,0,2022-01-09,2026-06-14,0,0.0,7,0,7|0
"SUBCATEGORY_CELERY_CELERY@@CHARLOTTE, NC - MULO",232,232,10534646.27,0,2022-01-09,2026-06-14,0,0.0,6,0,6|0
"SUBCATEGORY_CELERY_CELERY@@CHICAGO, IL - MULO",232,232,25280760.22,0,2022-01-09,2026-06-14,0,0.0,7,0,7|0
"SUBCATEGORY_CELERY_CELERY@@CINCINNATI/DAYTON, OH - MULO",232,232,13938412.36,0,2022-01-09,2026-06-14,0,0.0,6,0,6|0
"SUBCATEGORY_CELERY_CELERY@@CLEVELAND, OH - MULO",232,232,5707906.48,0,2022-01-09,2026-06-14,0,0.0,4,0,4|0
"SUBCATEGORY_CELERY_CELERY@@COLUMBUS, OH - MULO",232,232,7946602.75,0,2022-01-09,2026-06-14,0,0.0,5,0,5|0
"SUBCATEGORY_CELERY_CELERY@@DALLAS/FT. WORTH, TX - MULO",232,232,22189335.01,0,2022-01-09,2026-06-14,0,0.0,7,0,7|0
"SUBCATEGORY_CELERY_CELERY@@DENVER, CO - MULO",232,232,20561605.56,0,2022-01-09,2026-06-14,0,0.0,7,0,7|0
"SUBCATEGORY_CELERY_CELERY@@DES MOINES, IA - MULO",232,232,4174392.96,0,2022-01-09,2026-06-14,0,0.0,4,0,4|0
"SUBCATEGORY_CELERY_CELERY@@DETROIT, MI - MULO",232,232,23556076.86,0,2022-01-09,2026-06-14,0,0.0,7,0,7|0
"SUBCATEGORY_CELERY_CELERY@@GRAND RAPIDS, MI - MULO",232,232,10126567.6,0,2022-01-09,2026-06-14,0,0.0,6,0,6|0
"SUBCATEGORY_CELERY_CELERY@@GREEN BAY, WI - MULO",232,232,2348690.39,0,2022-01-09,2026-06-14,0,0.0,3,0,3|0
"SUBCATEGORY_CELERY_CELERY@@HARRISBURG/SCRANTON, PA - MULO",232,232,34214842.8,0,2022-01-09,2026-06-14,0,0.0,8,0,8|0
"SUBCATEGORY_CELERY_CELERY@@HARTFORD, CT/SPRINGFIELD, MA - MULO",232,232,26649771.67,0,2022-01-09,2026-06-14,0,0.0,7,0,7|0
"SUBCATEGORY_CELERY_CELERY@@HOUSTON, TX - MULO",232,232,8574281.88,0,2022-01-09,2026-06-14,0,0.0,5,0,5|0
"SUBCATEGORY_CELERY_CELERY@@INDIANAPOLIS, IN - MULO",232,232,9426487.08,0,2022-01-09,2026-06-14,0,0.0,5,0,5|0
"SUBCATEGORY_CELERY_CELERY@@JACKSONVILLE, FL - MULO",232,232,13550180.7,0,2022-01-09,2026-06-14,0,0.0,6,0,6|0
"SUBCATEGORY_CELERY_CELERY@@KANSAS CITY, KS - MULO",232,232,7171847.77,0,2022-01-09,2026-06-14,0,0.0,5,0,5|0
"SUBCATEGORY_CELERY_CELERY@@KNOXVILLE, TN - MULO",232,232,6446072.43,0,2022-01-09,2026-06-14,0,0.0,5,0,5|0
"SUBCATEGORY_CELERY_CELERY@@LAS VEGAS, NV - MULO",232,232,7881674.37,0,2022-01-09,2026-06-14,0,0.0,5,0,5|0
"SUBCATEGORY_CELERY_CELERY@@LITTLE ROCK, AR - MULO",232,232,1951559.44,0,2022-01-09,2026-06-14,0,0.0,2,0,2|0
"SUBCATEGORY_CELERY_CELERY@@LOS ANGELES, CA - MULO",232,232,43290454.77,0,2022-01-09,2026-06-14,0,0.0,8,0,8|0
"SUBCATEGORY_CELERY_CELERY@@LOUISVILLE, KY - MULO",232,232,5495217.93,0,2022-01-09,2026-06-14,0,0.0,4,0,4|0
"SUBCATEGORY_CELERY_CELERY@@MEMPHIS, TN - MULO",232,232,2657494.31,0,2022-01-09,2026-06-14,0,0.0,3,0,3|0
"SUBCATEGORY_CELERY_CELERY@@MIAMI/FT. LAUDERDALE, FL - MULO",232,232,42406728.11,0,2022-01-09,2026-06-14,0,0.0,8,0,8|0
"SUBCATEGORY_CELERY_CELERY@@MILWAUKEE, WI - MULO",232,232,7731713.9,0,2022-01-09,2026-06-14,0,0.0,5,0,5|0
"SUBCATEGORY_CELERY_CELERY@@MINNEAPOLIS/ST. PAUL, MN - MULO",232,232,16740733.93,0,2022-01-09,2026-06-14,0,0.0,7,0,7|0
SUBCATEGORY_CELERY_CELERY@@MISSISSIPPI - MULO,232,232,5570363.07,0,2022-01-09,2026-06-14,0,0.0,4,0,4|0
"SUBCATEGORY_CELERY_CELERY@@NASHVILLE, TN - MULO",232,232,11342220.49,0,2022-01-09,2026-06-14,0,0.0,6,0,6|0
SUBCATEGORY_CELERY_CELERY@@NEW ENGLAND - MULO,232,232,50048604.93,0,2022-01-09,2026-06-14,0,0.0,8,0,8|0
"SUBCATEGORY_CELERY_CELERY@@NEW ORLEANS, LA/MOBILE, AL - MULO",232,232,16817645.47,0,2022-01-09,2026-06-14,0,0.0,7,0,7|0
"SUBCATEGORY_CELERY_CELERY@@NEW YORK, NY - MULO",232,232,60861572.69,0,2022-01-09,2026-06-14,0,0.0,9,0,9|0
"SUBCATEGORY_CELERY_CELERY@@OKLAHOMA CITY, OK - MULO",232,232,4172837.47,0,2022-01-09,2026-06-14,0,0.0,4,0,4|0
"SUBCATEGORY_CELERY_CELERY@@OMAHA, NE - MULO",232,232,5161199.23,0,2022-01-09,2026-06-14,0,0.0,4,0,4|0
"SUBCATEGORY_CELERY_CELERY@@ORLANDO, FL - MULO",232,232,27470167.21,0,2022-01-09,2026-06-14,0,0.0,8,0,8|0
"SUBCATEGORY_CELERY_CELERY@@PEORIA/SPRINGFIELD, IL - MULO",232,232,6011655.53,0,2022-01-09,2026-06-14,0,0.0,4,0,4|0
"SUBCATEGORY_CELERY_CELERY@@PHILADELPHIA, PA - MULO",232,232,32312314.91,0,2022-01-09,2026-06-14,0,0.0,8,0,8|0
"SUBCATEGORY_CELERY_CELERY@@PHOENIX/TUCSON, AZ - MULO",232,232,17212488.2,0,2022-01-09,2026-06-14,0,0.0,7,0,7|0
"SUBCATEGORY_CELERY_CELERY@@PITTSBURGH, PA - MULO",232,232,10075430.48,0,2022-01-09,2026-06-14,0,0.0,6,0,6|0
"SUBCATEGORY_CELERY_CELERY@@PORTLAND, OR - MULO",232,232,10808491.29,0,2022-01-09,2026-06-14,0,0.0,6,0,6|0
"SUBCATEGORY_CELERY_CELERY@@PROVIDENCE, RI - MULO",232,232,7371924.2299999995,0,2022-01-09,2026-06-14,0,0.0,5,0,5|0
"SUBCATEGORY_CELERY_CELERY@@RALEIGH/GREENSBORO, NC - MULO",232,232,13028240.06,0,2022-01-09,2026-06-14,0,0.0,6,0,6|0
"SUBCATEGORY_CELERY_CELERY@@RICHMOND/NORFOLK, VA - MULO",232,232,12589522.02,0,2022-01-09,2026-06-14,0,0.0,6,0,6|0
"SUBCATEGORY_CELERY_CELERY@@ROANOKE, VA - MULO",232,232,12412302.77,0,2022-01-09,2026-06-14,0,0.0,6,0,6|0
"SUBCATEGORY_CELERY_CELERY@@SACRAMENTO, CA - MULO",232,232,12903537.64,0,2022-01-09,2026-06-14,0,0.0,6,0,6|0
"SUBCATEGORY_CELERY_CELERY@@SALT LAKE CITY, UT - MULO",232,232,7077981.39,0,2022-01-09,2026-06-14,0,0.0,5,0,5|0
"SUBCATEGORY_CELERY_CELERY@@SAN DIEGO, CA - MULO",232,232,10544553.63,0,2022-01-09,2026-06-14,0,0.0,6,0,6|0
"SUBCATEGORY_CELERY_CELERY@@SAN FRANCISCO/OAKLAND, CA - MULO",232,232,20224456.2,0,2022-01-09,2026-06-14,0,0.0,7,0,7|0
"SUBCATEGORY_CELERY_CELERY@@SEATTLE/TACOMA, WA - MULO",232,232,15536833.08,0,2022-01-09,2026-06-14,0,0.0,7,0,7|0
SUBCATEGORY_CELERY_CELERY@@SOUTH CAROLINA - MULO,232,232,22401739.96,0,2022-01-09,2026-06-14,0,0.0,7,0,7|0
"SUBCATEGORY_CELERY_CELERY@@SPOKANE, WA - MULO",232,232,2925720.47,0,2022-01-09,2026-06-14,0,0.0,3,0,3|0
"SUBCATEGORY_CELERY_CELERY@@ST. LOUIS, MO - MULO",232,232,7750689.81,0,2022-01-09,2026-06-14,0,0.0,5,0,5|0
"SUBCATEGORY_CELERY_CELERY@@SYRACUSE, NY - MULO",232,232,8147321.39,0,2022-01-09,2026-06-14,0,0.0,5,0,5|0
"SUBCATEGORY_CELERY_CELERY@@TAMPA/ST. PETERSBURG, FL - MULO",232,232,31425837.06,0,2022-01-09,2026-06-14,0,0.0,8,0,8|0
"SUBCATEGORY_CELERY_CELERY@@TOLEDO, OH - MULO",232,232,8051586.82,0,2022-01-09,2026-06-14,0,0.0,5,0,5|0
"SUBCATEGORY_CELERY_CELERY@@TULSA, OK - MULO",232,232,3228664.9699999997,0,2022-01-09,2026-06-14,0,0.0,3,0,3|0
SUBCATEGORY_CELERY_CELERY@@WEST TEXAS/NEW MEXICO - MULO,232,232,20635707.94,0,2022-01-09,2026-06-14,0,0.0,7,0,7|0
"SUBCATEGORY_CELERY_CELERY@@WICHITA, KS - MULO",232,232,2555665.26,0,2022-01-09,2026-06-14,0,0.0,3,0,3|0
"SUBCATEGORY_CELERY_CUT-CELERY@@ALBANY, NY - MULO",232,232,1891587.07,0,2022-01-09,2026-06-14,0,0.0,2,0,2|0
"SUBCATEGORY_CELERY_CUT-CELERY@@ATLANTA, GA - MULO",232,232,20921497.54,0,2022-01-09,2026-06-14,0,0.0,7,0,7|0
"SUBCATEGORY_CELERY_CUT-CELERY@@BALTIMORE, MD/WASHINGTON D.C. - MULO",232,232,26520196.21,0,2022-01-09,2026-06-14,0,0.0,7,0,7|0
"SUBCATEGORY_CELERY_CUT-CELERY@@BIRMINGHAM/MONTGOMERY, AL - MULO",232,232,13620872.55,0,2022-01-09,2026-06-14,0,0.0,6,0,6|0
"SUBCATEGORY_CELERY_CUT-CELERY@@BOISE, ID - MULO",232,232,855887.26,0,2022-01-09,2026-06-14,0,0.0,1,0,1|0
"SUBCATEGORY_CELERY_CUT-CELERY@@BOSTON, MA - MULO",232,232,14279958.69,0,2022-01-09,2026-06-14,0,0.0,6,0,6|0
"SUBCATEGORY_CELERY_CUT-CELERY@@BUFFALO/ROCHESTER, NY - MULO",232,232,12399365.17,0,2022-01-09,2026-06-14,0,0.0,6,0,6|0
"SUBCATEGORY_CELERY_CUT-CELERY@@CHARLOTTE, NC - MULO",232,232,9806596.91,0,2022-01-09,2026-06-14,0,0.0,6,0,6|0
"SUBCATEGORY_CELERY_CUT-CELERY@@CHICAGO, IL - MULO",232,232,13612729.69,0,2022-01-09,2026-06-14,0,0.0,6,0,6|0
"SUBCATEGORY_CELERY_CUT-CELERY@@CINCINNATI/DAYTON, OH - MULO",232,232,7178915.57,0,2022-01-09,2026-06-14,0,0.0,5,0,5|0
"SUBCATEGORY_CELERY_CUT-CELERY@@CLEVELAND, OH - MULO",232,232,7392820.21,0,2022-01-09,2026-06-14,0,0.0,5,0,5|0
"SUBCATEGORY_CELERY_CUT-CELERY@@COLUMBUS, OH - MULO",232,232,6399869.15,0,2022-01-09,2026-06-14,0,0.0,5,0,5|0
"SUBCATEGORY_CELERY_CUT-CELERY@@DALLAS/FT. WORTH, TX - MULO",232,232,15187525.76,0,2022-01-09,2026-06-14,0,0.0,6,0,6|0
"SUBCATEGORY_CELERY_CUT-CELERY@@DENVER, CO - MULO",232,232,11427526.81,0,2022-01-09,2026-06-14,0,0.0,6,0,6|0
"SUBCATEGORY_CELERY_CUT-CELERY@@DES MOINES, IA - MULO",232,232,1187823.86,0,2022-01-09,2026-06-14,0,0.0,1,0,1|0
"SUBCATEGORY_CELERY_CUT-CELERY@@DETROIT, MI - MULO",232,232,11697898.18,0,2022-01-09,2026-06-14,0,0.0,6,0,6|0
"SUBCATEGORY_CELERY_CUT-CELERY@@GRAND RAPIDS, MI - MULO",232,232,5972634.76,0,2022-01-09,2026-06-14,0,0.0,4,0,4|0
"SUBCATEGORY_CELERY_CUT-CELERY@@GREEN BAY, WI - MULO",232,232,1338126.31,0,2022-01-09,2026-06-14,0,0.0,2,0,2|0
"SUBCATEGORY_CELERY_CUT-CELERY@@HARRISBURG/SCRANTON, PA - MULO",232,232,12707945.3,0,2022-01-09,2026-06-14,0,0.0,6,0,6|0
"SUBCATEGORY_CELERY_CUT-CELERY@@HARTFORD, CT/SPRINGFIELD, MA - MULO",232,232,10103590.16,0,2022-01-09,2026-06-14,0,0.0,6,0,6|0
"SUBCATEGORY_CELERY_CUT-CELERY@@HOUSTON, TX - MULO",232,232,5861732.99,0,2022-01-09,2026-06-14,0,0.0,4,0,4|0
"SUBCATEGORY_CELERY_CUT-CELERY@@INDIANAPOLIS, IN - MULO",232,232,7754081.97,0,2022-01-09,2026-06-14,0,0.0,5,0,5|0
"SUBCATEGORY_CELERY_CUT-CELERY@@JACKSONVILLE, FL - MULO",232,232,9416772.22,0,2022-01-09,2026-06-14,0,0.0,5,0,5|0
"SUBCATEGORY_CELERY_CUT-CELERY@@KANSAS CITY, KS - MULO",232,232,4562014.03,0,2022-01-09,2026-06-14,0,0.0,4,0,4|0
"SUBCATEGORY_CELERY_CUT-CELERY@@KNOXVILLE, TN - MULO",232,232,2132257.61,0,2022-01-09,2026-06-14,0,0.0,2,0,2|0
"SUBCATEGORY_CELERY_CUT-CELERY@@LAS VEGAS, NV - MULO",232,232,5196841.46,0,2022-01-09,2026-06-14,0,0.0,4,0,4|0
"SUBCATEGORY_CELERY_CUT-CELERY@@LITTLE ROCK, AR - MULO",232,232,1680351.3,0,2022-01-09,2026-06-14,0,0.0,2,0,2|0
"SUBCATEGORY_CELERY_CUT-CELERY@@LOS ANGELES, CA - MULO",232,232,21986059.35,0,2022-01-09,2026-06-14,0,0.0,7,0,7|0
"SUBCATEGORY_CELERY_CUT-CELERY@@LOUISVILLE, KY - MULO",232,232,3502636.99,0,2022-01-09,2026-06-14,0,0.0,3,0,3|0
"SUBCATEGORY_CELERY_CUT-CELERY@@MEMPHIS, TN - MULO",232,232,2520394.5,0,2022-01-09,2026-06-14,0,0.0,3,0,3|0
"SUBCATEGORY_CELERY_CUT-CELERY@@MIAMI/FT. LAUDERDALE, FL - MULO",232,232,24397172.9,0,2022-01-09,2026-06-14,0,0.0,7,0,7|0
"SUBCATEGORY_CELERY_CUT-CELERY@@MILWAUKEE, WI - MULO",232,232,5547291.93,0,2022-01-09,2026-06-14,0,0.0,4,0,4|0
"SUBCATEGORY_CELERY_CUT-CELERY@@MINNEAPOLIS/ST. PAUL, MN - MULO",232,232,9700175.78,0,2022-01-09,2026-06-14,0,0.0,5,0,5|0
SUBCATEGORY_CELERY_CUT-CELERY@@MISSISSIPPI - MULO,232,232,2604373.68,0,2022-01-09,2026-06-14,0,0.0,3,0,3|0
"SUBCATEGORY_CELERY_CUT-CELERY@@NASHVILLE, TN - MULO",232,232,8099837.49,0,2022-01-09,2026-06-14,0,0.0,5,0,5|0
SUBCATEGORY_CELERY_CUT-CELERY@@NEW ENGLAND - MULO,232,232,5454187.42,0,2022-01-09,2026-06-14,0,0.0,4,0,4|0
"SUBCATEGORY_CELERY_CUT-CELERY@@NEW ORLEANS, LA/MOBILE, AL - MULO",232,232,6152120.91,0,2022-01-09,2026-06-14,0,0.0,4,0,4|0
"SUBCATEGORY_CELERY_CUT-CELERY@@NEW YORK, NY - MULO",232,232,47886897.64,0,2022-01-09,2026-06-14,0,0.0,8,0,8|0
"SUBCATEGORY_CELERY_CUT-CELERY@@OKLAHOMA CITY, OK - MULO",232,232,2914174.11,0,2022-01-09,2026-06-14,0,0.0,3,0,3|0
"SUBCATEGORY_CELERY_CUT-CELERY@@OMAHA, NE - MULO",232,232,2489250.67,0,2022-01-09,2026-06-14,0,0.0,3,0,3|0
"SUBCATEGORY_CELERY_CUT-CELERY@@ORLANDO, FL - MULO",232,232,20588468.68,0,2022-01-09,2026-06-14,0,0.0,7,0,7|0
"SUBCATEGORY_CELERY_CUT-CELERY@@PEORIA/SPRINGFIELD, IL - MULO",232,232,4023794.32,0,2022-01-09,2026-06-14,0,0.0,4,0,4|0
"SUBCATEGORY_CELERY_CUT-CELERY@@PHILADELPHIA, PA - MULO",232,232,19144784.16,0,2022-01-09,2026-06-14,0,0.0,7,0,7|0
"SUBCATEGORY_CELERY_CUT-CELERY@@PHOENIX/TUCSON, AZ - MULO",232,232,10915132.8,0,2022-01-09,2026-06-14,0,0.0,6,0,6|0
"SUBCATEGORY_CELERY_CUT-CELERY@@PITTSBURGH, PA - MULO",232,232,11097865.12,0,2022-01-09,2026-06-14,0,0.0,6,0,6|0
"SUBCATEGORY_CELERY_CUT-CELERY@@PORTLAND, OR - MULO",232,232,3596692.83,0,2022-01-09,2026-06-14,0,0.0,3,0,3|0
"SUBCATEGORY_CELERY_CUT-CELERY@@PROVIDENCE, RI - MULO",232,232,3413937.02,0,2022-01-09,2026-06-14,0,0.0,3,0,3|0
"SUBCATEGORY_CELERY_CUT-CELERY@@RALEIGH/GREENSBORO, NC - MULO",232,232,10968021.41,0,2022-01-09,2026-06-14,0,0.0,6,0,6|0
"SUBCATEGORY_CELERY_CUT-CELERY@@RICHMOND/NORFOLK, VA - MULO",232,232,9782209.15,0,2022-01-09,2026-06-14,0,0.0,5,0,5|0
"SUBCATEGORY_CELERY_CUT-CELERY@@ROANOKE, VA - MULO",232,232,5276733.28,0,2022-01-09,2026-06-14,0,0.0,4,0,4|0
"SUBCATEGORY_CELERY_CUT-CELERY@@SACRAMENTO, CA - MULO",232,232,7747348.92,0,2022-01-09,2026-06-14,0,0.0,5,0,5|0
"SUBCATEGORY_CELERY_CUT-CELERY@@SALT LAKE CITY, UT - MULO",232,232,4486602.6,0,2022-01-09,2026-06-14,0,0.0,4,0,4|0
"SUBCATEGORY_CELERY_CUT-CELERY@@SAN DIEGO, CA - MULO",232,232,3770480.56,0,2022-01-09,2026-06-14,0,0.0,3,0,3|0
"SUBCATEGORY_CELERY_CUT-CELERY@@SAN FRANCISCO/OAKLAND, CA - MULO",232,232,8631422.03,0,2022-01-09,2026-06-14,0,0.0,5,0,5|0
"SUBCATEGORY_CELERY_CUT-CELERY@@SEATTLE/TACOMA, WA - MULO",232,232,3882945.82,0,2022-01-09,2026-06-14,0,0.0,3,0,3|0
SUBCATEGORY_CELERY_CUT-CELERY@@SOUTH CAROLINA - MULO,232,232,19922873.85,0,2022-01-09,2026-06-14,0,0.0,7,0,7|0
"SUBCATEGORY_CELERY_CUT-CELERY@@SPOKANE, WA - MULO",232,232,735208.48,0,2022-01-09,2026-06-14,0,0.0,1,0,1|0
"SUBCATEGORY_CELERY_CUT-CELERY@@ST. LOUIS, MO - MULO",232,232,7019864.2,0,2022-01-09,2026-06-14,0,0.0,5,0,5|0
"SUBCATEGORY_CELERY_CUT-CELERY@@SYRACUSE, NY - MULO",232,232,3686626.74,0,2022-01-09,2026-06-14,0,0.0,3,0,3|0
"SUBCATEGORY_CELERY_CUT-CELERY@@TAMPA/ST. PETERSBURG, FL - MULO",232,232,24859675.36,0,2022-01-09,2026-06-14,0,0.0,7,0,7|0
"SUBCATEGORY_CELERY_CUT-CELERY@@TOLEDO, OH - MULO",232,232,5162698.47,0,2022-01-09,2026-06-14,0,0.0,4,0,4|0
"SUBCATEGORY_CELERY_CUT-CELERY@@TULSA, OK - MULO",232,232,2228361.26,0,2022-01-09,2026-06-14,0,0.0,2,0,2|0
SUBCATEGORY_CELERY_CUT-CELERY@@WEST TEXAS/NEW MEXICO - MULO,232,232,11359419.43,0,2022-01-09,2026-06-14,0,0.0,6,0,6|0
"SUBCATEGORY_CELERY_CUT-CELERY@@WICHITA, KS - MULO",232,232,1459394.2,0,2022-01-09,2026-06-14,0,0.0,2,0,2|0
"SUBCATEGORY_CITRUS_GRAPEFRUIT@@ALBANY, NY - MULO",232,232,1424296.14,0,2022-01-09,2026-06-14,0,0.0,2,0,2|0
"SUBCATEGORY_CITRUS_GRAPEFRUIT@@ATLANTA, GA - MULO",232,232,12836944.4,0,2022-01-09,2026-06-14,0,0.0,6,0,6|0
"SUBCATEGORY_CITRUS_GRAPEFRUIT@@BALTIMORE, MD/WASHINGTON D.C. - MULO",232,232,14592444.59,0,2022-01-09,2026-06-14,0,0.0,6,0,6|0
"SUBCATEGORY_CITRUS_GRAPEFRUIT@@BIRMINGHAM/MONTGOMERY, AL - MULO",232,232,6131966.92,0,2022-01-09,2026-06-14,0,0.0,4,0,4|0
"SUBCATEGORY_CITRUS_GRAPEFRUIT@@BOISE, ID - MULO",232,232,439056.61,0,2022-01-09,2026-06-14,0,0.0,1,0,1|0
"SUBCATEGORY_CITRUS_GRAPEFRUIT@@BOSTON, MA - MULO",232,232,5286375.86,0,2022-01-09,2026-06-14,0,0.0,4,0,4|0
"SUBCATEGORY_CITRUS_GRAPEFRUIT@@BUFFALO/ROCHESTER, NY - MULO",232,232,4990691.3,0,2022-01-09,2026-06-14,0,0.0,4,0,4|0
"SUBCATEGORY_CITRUS_GRAPEFRUIT@@CHARLOTTE, NC - MULO",232,232,4769689.7,0,2022-01-09,2026-06-14,0,0.0,4,0,4|0
"SUBCATEGORY_CITRUS_GRAPEFRUIT@@CHICAGO, IL - MULO",232,232,15029745.18,0,2022-01-09,2026-06-14,0,0.0,6,0,6|0
"SUBCATEGORY_CITRUS_GRAPEFRUIT@@CINCINNATI/DAYTON, OH - MULO",232,232,5323603.18,0,2022-01-09,2026-06-14,0,0.0,4,0,4|0
"SUBCATEGORY_CITRUS_GRAPEFRUIT@@CLEVELAND, OH - MULO",232,232,3475609.76,0,2022-01-09,2026-06-14,0,0.0,3,0,3|0
"SUBCATEGORY_CITRUS_GRAPEFRUIT@@COLUMBUS, OH - MULO",232,232,4074749.99,0,2022-01-09,2026-06-14,0,0.0,4,0,4|0
"SUBCATEGORY_CITRUS_GRAPEFRUIT@@DALLAS/FT. WORTH, TX - MULO",232,232,11963388.69,0,2022-01-09,2026-06-14,0,0.0,6,0,6|0
"SUBCATEGORY_CITRUS_GRAPEFRUIT@@DENVER, CO - MULO",232,232,7054951.93,0,2022-01-09,2026-06-14,0,0.0,5,0,5|0
"SUBCATEGORY_CITRUS_GRAPEFRUIT@@DES MOINES, IA - MULO",232,232,1112784.21,0,2022-01-09,2026-06-14,0,0.0,1,0,1|0
"SUBCATEGORY_CITRUS_GRAPEFRUIT@@DETROIT, MI - MULO",232,232,9569758.89,0,2022-01-09,2026-06-14,0,0.0,5,0,5|0
"SUBCATEGORY_CITRUS_GRAPEFRUIT@@GRAND RAPIDS, MI - MULO",232,232,4123157.56,0,2022-01-09,2026-06-14,0,0.0,4,0,4|0
"SUBCATEGORY_CITRUS_GRAPEFRUIT@@GREEN BAY, WI - MULO",232,232,1350535.61,0,2022-01-09,2026-06-14,0,0.0,2,0,2|0
"SUBCATEGORY_CITRUS_GRAPEFRUIT@@HARRISBURG/SCRANTON, PA - MULO",232,232,5763944.57,0,2022-01-09,2026-06-14,0,0.0,4,0,4|0
"SUBCATEGORY_CITRUS_GRAPEFRUIT@@HARTFORD, CT/SPRINGFIELD, MA - MULO",232,232,4386667.63,0,2022-01-09,2026-06-14,0,0.0,4,0,4|0
"SUBCATEGORY_CITRUS_GRAPEFRUIT@@HOUSTON, TX - MULO",232,232,8517355.76,0,2022-01-09,2026-06-14,0,0.0,5,0,5|0
"SUBCATEGORY_CITRUS_GRAPEFRUIT@@INDIANAPOLIS, IN - MULO",232,232,4392966.94,0,2022-01-09,2026-06-14,0,0.0,4,0,4|0
"SUBCATEGORY_CITRUS_GRAPEFRUIT@@JACKSONVILLE, FL - MULO",232,232,3607045.75,0,2022-01-09,2026-06-14,0,0.0,3,0,3|0
"SUBCATEGORY_CITRUS_GRAPEFRUIT@@KANSAS CITY, KS - MULO",232,232,2903258.44,0,2022-01-09,2026-06-14,0,0.0,3,0,3|0
"SUBCATEGORY_CITRUS_GRAPEFRUIT@@KNOXVILLE, TN - MULO",232,232,1758385.17,0,2022-01-09,2026-06-14,0,0.0,2,0,2|0
"SUBCATEGORY_CITRUS_GRAPEFRUIT@@LAS VEGAS, NV - MULO",232,232,2958847.71,0,2022-01-09,2026-06-14,0,0.0,3,0,3|0
"SUBCATEGORY_CITRUS_GRAPEFRUIT@@LITTLE ROCK, AR - MULO",232,232,1492507.16,0,2022-01-09,2026-06-14,0,0.0,2,0,2|0
"SUBCATEGORY_CITRUS_GRAPEFRUIT@@LOS ANGELES, CA - MULO",232,232,10253215.09,0,2022-01-09,2026-06-14,0,0.0,6,0,6|0
"SUBCATEGORY_CITRUS_GRAPEFRUIT@@LOUISVILLE, KY - MULO",232,232,2264068.68,0,2022-01-09,2026-06-14,0,0.0,2,0,2|0
"SUBCATEGORY_CITRUS_GRAPEFRUIT@@MEMPHIS, TN - MULO",232,232,2271155.01,0,2022-01-09,2026-06-14,0,0.0,2,0,2|0
"SUBCATEGORY_CITRUS_GRAPEFRUIT@@MIAMI/FT. LAUDERDALE, FL - MULO",232,232,17252736.45,0,2022-01-09,2026-06-14,0,0.0,7,0,7|0
"SUBCATEGORY_CITRUS_GRAPEFRUIT@@MILWAUKEE, WI - MULO",232,232,4224684.29,0,2022-01-09,2026-06-14,0,0.0,4,0,4|0
"SUBCATEGORY_CITRUS_GRAPEFRUIT@@MINNEAPOLIS/ST. PAUL, MN - MULO",232,232,6019617.99,0,2022-01-09,2026-06-14,0,0.0,4,0,4|0
SUBCATEGORY_CITRUS_GRAPEFRUIT@@MISSISSIPPI - MULO,232,232,3136216.41,0,2022-01-09,2026-06-14,0,0.0,3,0,3|0
"SUBCATEGORY_CITRUS_GRAPEFRUIT@@NASHVILLE, TN - MULO",232,232,3694320.45,0,2022-01-09,2026-06-14,0,0.0,3,0,3|0
SUBCATEGORY_CITRUS_GRAPEFRUIT@@NEW ENGLAND - MULO,232,232,3470870.47,0,2022-01-09,2026-06-14,0,0.0,3,0,3|0
"SUBCATEGORY_CITRUS_GRAPEFRUIT@@NEW ORLEANS, LA/MOBILE, AL - MULO",232,232,3871025.69,0,2022-01-09,2026-06-14,0,0.0,3,0,3|0
"SUBCATEGORY_CITRUS_GRAPEFRUIT@@NEW YORK, NY - MULO",232,232,18134346.42,0,2022-01-09,2026-06-14,0,0.0,7,0,7|0
"SUBCATEGORY_CITRUS_GRAPEFRUIT@@OKLAHOMA CITY, OK - MULO",232,232,1919845.34,0,2022-01-09,2026-06-14,0,0.0,2,0,2|0
"SUBCATEGORY_CITRUS_GRAPEFRUIT@@OMAHA, NE - MULO",232,232,1825868.07,0,2022-01-09,2026-06-14,0,0.0,2,0,2|0
"SUBCATEGORY_CITRUS_GRAPEFRUIT@@ORLANDO, FL - MULO",232,232,8381660.02,0,2022-01-09,2026-06-14,0,0.0,5,0,5|0
"SUBCATEGORY_CITRUS_GRAPEFRUIT@@PEORIA/SPRINGFIELD, IL - MULO",232,232,2821134.32,0,2022-01-09,2026-06-14,0,0.0,3,0,3|0
"SUBCATEGORY_CITRUS_GRAPEFRUIT@@PHILADELPHIA, PA - MULO",232,232,8265109.67,0,2022-01-09,2026-06-14,0,0.0,5,0,5|0
"SUBCATEGORY_CITRUS_GRAPEFRUIT@@PHOENIX/TUCSON, AZ - MULO",232,232,5706550.76,0,2022-01-09,2026-06-14,0,0.0,4,0,4|0
"SUBCATEGORY_CITRUS_GRAPEFRUIT@@PITTSBURGH, PA - MULO",232,232,4609497.25,0,2022-01-09,2026-06-14,0,0.0,4,0,4|0
"SUBCATEGORY_CITRUS_GRAPEFRUIT@@PORTLAND, OR - MULO",232,232,2506405.04,0,2022-01-09,2026-06-14,0,0.0,3,0,3|0
"SUBCATEGORY_CITRUS_GRAPEFRUIT@@PROVIDENCE, RI - MULO",232,232,1078021.1199999999,0,2022-01-09,2026-06-14,0,0.0,1,0,1|0
"SUBCATEGORY_CITRUS_GRAPEFRUIT@@RALEIGH/GREENSBORO, NC - MULO",232,232,5762285.59,0,2022-01-09,2026-06-14,0,0.0,4,0,4|0
"SUBCATEGORY_CITRUS_GRAPEFRUIT@@RICHMOND/NORFOLK, VA - MULO",232,232,5283321.99,0,2022-01-09,2026-06-14,0,0.0,4,0,4|0
"SUBCATEGORY_CITRUS_GRAPEFRUIT@@ROANOKE, VA - MULO",232,232,3693709.0,0,2022-01-09,2026-06-14,0,0.0,3,0,3|0
"SUBCATEGORY_CITRUS_GRAPEFRUIT@@SACRAMENTO, CA - MULO",232,232,1319692.3699999999,0,2022-01-09,2026-06-14,0,0.0,2,0,2|0
"SUBCATEGORY_CITRUS_GRAPEFRUIT@@SALT LAKE CITY, UT - MULO",232,232,2518750.79,0,2022-01-09,2026-06-14,0,0.0,3,0,3|0
"SUBCATEGORY_CITRUS_GRAPEFRUIT@@SAN DIEGO, CA - MULO",232,232,1666448.25,0,2022-01-09,2026-06-14,0,0.0,2,0,2|0
"SUBCATEGORY_CITRUS_GRAPEFRUIT@@SAN FRANCISCO/OAKLAND, CA - MULO",232,232,1917860.52,0,2022-01-09,2026-06-14,0,0.0,2,0,2|0
"SUBCATEGORY_CITRUS_GRAPEFRUIT@@SEATTLE/TACOMA, WA - MULO",232,232,3553293.25,0,2022-01-09,2026-06-14,0,0.0,3,0,3|0
SUBCATEGORY_CITRUS_GRAPEFRUIT@@SOUTH CAROLINA - MULO,232,232,8864674.05,0,2022-01-09,2026-06-14,0,0.0,5,0,5|0
"SUBCATEGORY_CITRUS_GRAPEFRUIT@@SPOKANE, WA - MULO",232,232,525844.68,0,2022-01-09,2026-06-14,0,0.0,1,0,1|0
"SUBCATEGORY_CITRUS_GRAPEFRUIT@@ST. LOUIS, MO - MULO",232,232,3876156.64,0,2022-01-09,2026-06-14,0,0.0,3,0,3|0
"SUBCATEGORY_CITRUS_GRAPEFRUIT@@SYRACUSE, NY - MULO",232,232,1924937.84,0,2022-01-09,2026-06-14,0,0.0,2,0,2|0
"SUBCATEGORY_CITRUS_GRAPEFRUIT@@TAMPA/ST. PETERSBURG, FL - MULO",232,232,7809790.63,0,2022-01-09,2026-06-14,0,0.0,5,0,5|0
"SUBCATEGORY_CITRUS_GRAPEFRUIT@@TOLEDO, OH - MULO",232,232,2777045.62,0,2022-01-09,2026-06-14,0,0.0,3,0,3|0
"SUBCATEGORY_CITRUS_GRAPEFRUIT@@TULSA, OK - MULO",232,232,1565442.48,0,2022-01-09,2026-06-14,0,0.0,2,0,2|0
SUBCATEGORY_CITRUS_GRAPEFRUIT@@WEST TEXAS/NEW MEXICO - MULO,232,232,6085356.99,0,2022-01-09,2026-06-14,0,0.0,4,0,4|0
"SUBCATEGORY_CITRUS_GRAPEFRUIT@@WICHITA, KS - MULO",232,232,1746741.26,0,2022-01-09,2026-06-14,0,0.0,2,0,2|0
"SUBCATEGORY_CITRUS_LEMONS@@ALBANY, NY - MULO",232,232,10620448.89,0,2022-01-09,2026-06-14,0,0.0,6,0,6|0
"SUBCATEGORY_CITRUS_LEMONS@@ATLANTA, GA - MULO",232,232,54606729.4,0,2022-01-09,2026-06-14,0,0.0,8,0,8|0
"SUBCATEGORY_CITRUS_LEMONS@@BALTIMORE, MD/WASHINGTON D.C. - MULO",232,232,77114443.49,0,2022-01-09,2026-06-14,0,0.0,9,0,9|0
"SUBCATEGORY_CITRUS_LEMONS@@BIRMINGHAM/MONTGOMERY, AL - MULO",232,232,32540187.11,0,2022-01-09,2026-06-14,0,0.0,8,0,8|0
"SUBCATEGORY_CITRUS_LEMONS@@BOISE, ID - MULO",232,232,3364449.32,0,2022-01-09,2026-06-14,0,0.0,3,0,3|0
"SUBCATEGORY_CITRUS_LEMONS@@BOSTON, MA - MULO",232,232,30153359.71,0,2022-01-09,2026-06-14,0,0.0,8,0,8|0
"SUBCATEGORY_CITRUS_LEMONS@@BUFFALO/ROCHESTER, NY - MULO",232,232,23994510.47,0,2022-01-09,2026-06-14,0,0.0,7,0,7|0
"SUBCATEGORY_CITRUS_LEMONS@@CHARLOTTE, NC - MULO",232,232,28342052.73,0,2022-01-09,2026-06-14,0,0.0,8,0,8|0
"SUBCATEGORY_CITRUS_LEMONS@@CHICAGO, IL - MULO",232,232,81697478.64,0,2022-01-09,2026-06-14,0,0.0,9,0,9|0
"SUBCATEGORY_CITRUS_LEMONS@@CINCINNATI/DAYTON, OH - MULO",232,232,23023625.67,0,2022-01-09,2026-06-14,0,0.0,7,0,7|0
"SUBCATEGORY_CITRUS_LEMONS@@CLEVELAND, OH - MULO",232,232,19826676.919999998,0,2022-01-09,2026-06-14,0,0.0,7,0,7|0
"SUBCATEGORY_CITRUS_LEMONS@@COLUMBUS, OH - MULO",232,232,19921685.09,0,2022-01-09,2026-06-14,0,0.0,7,0,7|0
"SUBCATEGORY_CITRUS_LEMONS@@DALLAS/FT. WORTH, TX - MULO",232,232,51581375.41,0,2022-01-09,2026-06-14,0,0.0,8,0,8|0
"SUBCATEGORY_CITRUS_LEMONS@@DENVER, CO - MULO",232,232,29484762.92,0,2022-01-09,2026-06-14,0,0.0,8,0,8|0
"SUBCATEGORY_CITRUS_LEMONS@@DES MOINES, IA - MULO",232,232,4679177.44,0,2022-01-09,2026-06-14,0,0.0,4,0,4|0
"SUBCATEGORY_CITRUS_LEMONS@@DETROIT, MI - MULO",232,232,43811660.81,0,2022-01-09,2026-06-14,0,0.0,8,0,8|0
"SUBCATEGORY_CITRUS_LEMONS@@GRAND RAPIDS, MI - MULO",232,232,14093228.55,0,2022-01-09,2026-06-14,0,0.0,6,0,6|0
"SUBCATEGORY_CITRUS_LEMONS@@GREEN BAY, WI - MULO",232,232,4281679.71,0,2022-01-09,2026-06-14,0,0.0,4,0,4|0
"SUBCATEGORY_CITRUS_LEMONS@@HARRISBURG/SCRANTON, PA - MULO",232,232,32862724.21,0,2022-01-09,2026-06-14,0,0.0,8,0,8|0
"SUBCATEGORY_CITRUS_LEMONS@@HARTFORD, CT/SPRINGFIELD, MA - MULO",232,232,26579332.34,0,2022-01-09,2026-06-14,0,0.0,7,0,7|0
"SUBCATEGORY_CITRUS_LEMONS@@HOUSTON, TX - MULO",232,232,28211624.73,0,2022-01-09,2026-06-14,0,0.0,8,0,8|0
"SUBCATEGORY_CITRUS_LEMONS@@INDIANAPOLIS, IN - MULO",232,232,19458382.17,0,2022-01-09,2026-06-14,0,0.0,7,0,7|0
"SUBCATEGORY_CITRUS_LEMONS@@JACKSONVILLE, FL - MULO",232,232,19237566.04,0,2022-01-09,2026-06-14,0,0.0,7,0,7|0
"SUBCATEGORY_CITRUS_LEMONS@@KANSAS CITY, KS - MULO",232,232,15218384.77,0,2022-01-09,2026-06-14,0,0.0,6,0,6|0
"SUBCATEGORY_CITRUS_LEMONS@@KNOXVILLE, TN - MULO",232,232,8154264.02,0,2022-01-09,2026-06-14,0,0.0,5,0,5|0
"SUBCATEGORY_CITRUS_LEMONS@@LAS VEGAS, NV - MULO",232,232,17785278.84,0,2022-01-09,2026-06-14,0,0.0,7,0,7|0
"SUBCATEGORY_CITRUS_LEMONS@@LITTLE ROCK, AR - MULO",232,232,5465541.24,0,2022-01-09,2026-06-14,0,0.0,4,0,4|0
"SUBCATEGORY_CITRUS_LEMONS@@LOS ANGELES, CA - MULO",232,232,108668521.52,0,2022-01-09,2026-06-14,0,0.0,9,0,9|0
"SUBCATEGORY_CITRUS_LEMONS@@LOUISVILLE, KY - MULO",232,232,10598894.85,0,2022-01-09,2026-06-14,0,0.0,6,0,6|0
"SUBCATEGORY_CITRUS_LEMONS@@MEMPHIS, TN - MULO",232,232,10956055.06,0,2022-01-09,2026-06-14,0,0.0,6,0,6|0
"SUBCATEGORY_CITRUS_LEMONS@@MIAMI/FT. LAUDERDALE, FL - MULO",232,232,72291505.07,0,2022-01-09,2026-06-14,0,0.0,9,0,9|0
"SUBCATEGORY_CITRUS_LEMONS@@MILWAUKEE, WI - MULO",232,232,15192973.87,0,2022-01-09,2026-06-14,0,0.0,6,0,6|0
"SUBCATEGORY_CITRUS_LEMONS@@MINNEAPOLIS/ST. PAUL, MN - MULO",232,232,25754273.37,0,2022-01-09,2026-06-14,0,0.0,7,0,7|0
SUBCATEGORY_CITRUS_LEMONS@@MISSISSIPPI - MULO,232,232,16394356.57,0,2022-01-09,2026-06-14,0,0.0,7,0,7|0
"SUBCATEGORY_CITRUS_LEMONS@@NASHVILLE, TN - MULO",232,232,19161847.84,0,2022-01-09,2026-06-14,0,0.0,7,0,7|0
SUBCATEGORY_CITRUS_LEMONS@@NEW ENGLAND - MULO,232,232,21659201.98,0,2022-01-09,2026-06-14,0,0.0,7,0,7|0
"SUBCATEGORY_CITRUS_LEMONS@@NEW ORLEANS, LA/MOBILE, AL - MULO",232,232,31390988.38,0,2022-01-09,2026-06-14,0,0.0,8,0,8|0
"SUBCATEGORY_CITRUS_LEMONS@@NEW YORK, NY - MULO",232,232,128554732.36,0,2022-01-09,2026-06-14,0,0.0,9,0,9|0
"SUBCATEGORY_CITRUS_LEMONS@@OKLAHOMA CITY, OK - MULO",232,232,8011853.15,0,2022-01-09,2026-06-14,0,0.0,5,0,5|0
"SUBCATEGORY_CITRUS_LEMONS@@OMAHA, NE - MULO",232,232,6676223.93,0,2022-01-09,2026-06-14,0,0.0,5,0,5|0
"SUBCATEGORY_CITRUS_LEMONS@@ORLANDO, FL - MULO",232,232,43161936.71,0,2022-01-09,2026-06-14,0,0.0,8,0,8|0
"SUBCATEGORY_CITRUS_LEMONS@@PEORIA/SPRINGFIELD, IL - MULO",232,232,12190092.75,0,2022-01-09,2026-06-14,0,0.0,6,0,6|0
"SUBCATEGORY_CITRUS_LEMONS@@PHILADELPHIA, PA - MULO",232,232,55219617.410000004,0,2022-01-09,2026-06-14,0,0.0,8,0,8|0
"SUBCATEGORY_CITRUS_LEMONS@@PHOENIX/TUCSON, AZ - MULO",232,232,36516330.71,0,2022-01-09,2026-06-14,0,0.0,8,0,8|0
"SUBCATEGORY_CITRUS_LEMONS@@PITTSBURGH, PA - MULO",232,232,24591961.74,0,2022-01-09,2026-06-14,0,0.0,7,0,7|0
"SUBCATEGORY_CITRUS_LEMONS@@PORTLAND, OR - MULO",232,232,16085911.18,0,2022-01-09,2026-06-14,0,0.0,7,0,7|0
"SUBCATEGORY_CITRUS_LEMONS@@PROVIDENCE, RI - MULO",232,232,7116609.96,0,2022-01-09,2026-06-14,0,0.0,5,0,5|0
"SUBCATEGORY_CITRUS_LEMONS@@RALEIGH/GREENSBORO, NC - MULO",232,232,32759634.46,0,2022-01-09,2026-06-14,0,0.0,8,0,8|0
"SUBCATEGORY_CITRUS_LEMONS@@RICHMOND/NORFOLK, VA - MULO",232,232,26282004.12,0,2022-01-09,2026-06-14,0,0.0,7,0,7|0
"SUBCATEGORY_CITRUS_LEMONS@@ROANOKE, VA - MULO",232,232,16124710.29,0,2022-01-09,2026-06-14,0,0.0,7,0,7|0
"SUBCATEGORY_CITRUS_LEMONS@@SACRAMENTO, CA - MULO",232,232,13524271.02,0,2022-01-09,2026-06-14,0,0.0,6,0,6|0
"SUBCATEGORY_CITRUS_LEMONS@@SALT LAKE CITY, UT - MULO",232,232,9867201.21,0,2022-01-09,2026-06-14,0,0.0,6,0,6|0
"SUBCATEGORY_CITRUS_LEMONS@@SAN DIEGO, CA - MULO",232,232,16856691.33,0,2022-01-09,2026-06-14,0,0.0,7,0,7|0
"SUBCATEGORY_CITRUS_LEMONS@@SAN FRANCISCO/OAKLAND, CA - MULO",232,232,22249934.39,0,2022-01-09,2026-06-14,0,0.0,7,0,7|0
"SUBCATEGORY_CITRUS_LEMONS@@SEATTLE/TACOMA, WA - MULO",232,232,20766141.69,0,2022-01-09,2026-06-14,0,0.0,7,0,7|0
SUBCATEGORY_CITRUS_LEMONS@@SOUTH CAROLINA - MULO,232,232,50153843.24,0,2022-01-09,2026-06-14,0,0.0,8,0,8|0
"SUBCATEGORY_CITRUS_LEMONS@@SPOKANE, WA - MULO",232,232,2432416.33,0,2022-01-09,2026-06-14,0,0.0,3,0,3|0
"SUBCATEGORY_CITRUS_LEMONS@@ST. LOUIS, MO - MULO",232,232,22622390.54,0,2022-01-09,2026-06-14,0,0.0,7,0,7|0
"SUBCATEGORY_CITRUS_LEMONS@@SYRACUSE, NY - MULO",232,232,11118642.04,0,2022-01-09,2026-06-14,0,0.0,6,0,6|0
"SUBCATEGORY_CITRUS_LEMONS@@TAMPA/ST. PETERSBURG, FL - MULO",232,232,42317207.01,0,2022-01-09,2026-06-14,0,0.0,8,0,8|0
"SUBCATEGORY_CITRUS_LEMONS@@TOLEDO, OH - MULO",232,232,11704482.06,0,2022-01-09,2026-06-14,0,0.0,6,0,6|0
"SUBCATEGORY_CITRUS_LEMONS@@TULSA, OK - MULO",232,232,6753062.18,0,2022-01-09,2026-06-14,0,0.0,5,0,5|0
SUBCATEGORY_CITRUS_LEMONS@@WEST TEXAS/NEW MEXICO - MULO,232,232,27780909.38,0,2022-01-09,2026-06-14,0,0.0,8,0,8|0
"SUBCATEGORY_CITRUS_LEMONS@@WICHITA, KS - MULO",232,232,4902169.03,0,2022-01-09,2026-06-14,0,0.0,4,0,4|0
"SUBCATEGORY_CITRUS_LIMES@@ALBANY, NY - MULO",232,232,4240568.0,0,2022-01-09,2026-06-14,0,0.0,4,0,4|0
"SUBCATEGORY_CITRUS_LIMES@@ATLANTA, GA - MULO",232,232,32266626.77,0,2022-01-09,2026-06-14,0,0.0,8,0,8|0
"SUBCATEGORY_CITRUS_LIMES@@BALTIMORE, MD/WASHINGTON D.C. - MULO",232,232,53318461.76,0,2022-01-09,2026-06-14,0,0.0,8,0,8|0
"SUBCATEGORY_CITRUS_LIMES@@BIRMINGHAM/MONTGOMERY, AL - MULO",232,232,14505436.23,0,2022-01-09,2026-06-14,0,0.0,6,0,6|0
"SUBCATEGORY_CITRUS_LIMES@@BOISE, ID - MULO",232,232,1604419.21,0,2022-01-09,2026-06-14,0,0.0,2,0,2|0
"SUBCATEGORY_CITRUS_LIMES@@BOSTON, MA - MULO",232,232,20482568.18,0,2022-01-09,2026-06-14,0,0.0,7,0,7|0
"SUBCATEGORY_CITRUS_LIMES@@BUFFALO/ROCHESTER, NY - MULO",232,232,9819224.58,0,2022-01-09,2026-06-14,0,0.0,6,0,6|0
"SUBCATEGORY_CITRUS_LIMES@@CHARLOTTE, NC - MULO",232,232,18211289.29,0,2022-01-09,2026-06-14,0,0.0,7,0,7|0
"SUBCATEGORY_CITRUS_LIMES@@CHICAGO, IL - MULO",232,232,39666483.19,0,2022-01-09,2026-06-14,0,0.0,8,0,8|0
"SUBCATEGORY_CITRUS_LIMES@@CINCINNATI/DAYTON, OH - MULO",232,232,15704013.55,0,2022-01-09,2026-06-14,0,0.0,7,0,7|0
"SUBCATEGORY_CITRUS_LIMES@@CLEVELAND, OH - MULO",232,232,6804804.5,0,2022-01-09,2026-06-14,0,0.0,5,0,5|0
"SUBCATEGORY_CITRUS_LIMES@@COLUMBUS, OH - MULO",232,232,15963132.49,0,2022-01-09,2026-06-14,0,0.0,7,0,7|0
"SUBCATEGORY_CITRUS_LIMES@@DALLAS/FT. WORTH, TX - MULO",232,232,40272908.58,0,2022-01-09,2026-06-14,0,0.0,8,0,8|0
"SUBCATEGORY_CITRUS_LIMES@@DENVER, CO - MULO",232,232,46673524.7,0,2022-01-09,2026-06-14,0,0.0,8,0,8|0
"SUBCATEGORY_CITRUS_LIMES@@DES MOINES, IA - MULO",232,232,5978898.3,0,2022-01-09,2026-06-14,0,0.0,4,0,4|0
"SUBCATEGORY_CITRUS_LIMES@@DETROIT, MI - MULO",232,232,17518798.51,0,2022-01-09,2026-06-14,0,0.0,7,0,7|0
"SUBCATEGORY_CITRUS_LIMES@@GRAND RAPIDS, MI - MULO",232,232,8129680.37,0,2022-01-09,2026-06-14,0,0.0,5,0,5|0
"SUBCATEGORY_CITRUS_LIMES@@GREEN BAY, WI - MULO",232,232,2913319.0,0,2022-01-09,2026-06-14,0,0.0,3,0,3|0
"SUBCATEGORY_CITRUS_LIMES@@HARRISBURG/SCRANTON, PA - MULO",232,232,19899173.46,0,2022-01-09,2026-06-14,0,0.0,7,0,7|0
"SUBCATEGORY_CITRUS_LIMES@@HARTFORD, CT/SPRINGFIELD, MA - MULO",232,232,11293499.94,0,2022-01-09,2026-06-14,0,0.0,6,0,6|0
"SUBCATEGORY_CITRUS_LIMES@@HOUSTON, TX - MULO",232,232,28582408.0,0,2022-01-09,2026-06-14,0,0.0,8,0,8|0
"SUBCATEGORY_CITRUS_LIMES@@INDIANAPOLIS, IN - MULO",232,232,16350944.0,0,2022-01-09,2026-06-14,0,0.0,7,0,7|0
"SUBCATEGORY_CITRUS_LIMES@@JACKSONVILLE, FL - MULO",232,232,7454482.06,0,2022-01-09,2026-06-14,0,0.0,5,0,5|0
"SUBCATEGORY_CITRUS_LIMES@@KANSAS CITY, KS - MULO",232,232,8571152.12,0,2022-01-09,2026-06-14,0,0.0,5,0,5|0
"SUBCATEGORY_CITRUS_LIMES@@KNOXVILLE, TN - MULO",232,232,5636679.6,0,2022-01-09,2026-06-14,0,0.0,4,0,4|0
"SUBCATEGORY_CITRUS_LIMES@@LAS VEGAS, NV - MULO",232,232,11574902.79,0,2022-01-09,2026-06-14,0,0.0,6,0,6|0
"SUBCATEGORY_CITRUS_LIMES@@LITTLE ROCK, AR - MULO",232,232,3988785.19,0,2022-01-09,2026-06-14,0,0.0,4,0,4|0
"SUBCATEGORY_CITRUS_LIMES@@LOS ANGELES, CA - MULO",232,232,64435060.01,0,2022-01-09,2026-06-14,0,0.0,9,0,9|0
"SUBCATEGORY_CITRUS_LIMES@@LOUISVILLE, KY - MULO",232,232,8337465.0,0,2022-01-09,2026-06-14,0,0.0,5,0,5|0
"SUBCATEGORY_CITRUS_LIMES@@MEMPHIS, TN - MULO",232,232,8408664.32,0,2022-01-09,2026-06-14,0,0.0,5,0,5|0
"SUBCATEGORY_CITRUS_LIMES@@MIAMI/FT. LAUDERDALE, FL - MULO",232,232,54259934.71,0,2022-01-09,2026-06-14,0,0.0,8,0,8|0
"SUBCATEGORY_CITRUS_LIMES@@MILWAUKEE, WI - MULO",232,232,8536231.21,0,2022-01-09,2026-06-14,0,0.0,5,0,5|0
"SUBCATEGORY_CITRUS_LIMES@@MINNEAPOLIS/ST. PAUL, MN - MULO",232,232,24377815.81,0,2022-01-09,2026-06-14,0,0.0,7,0,7|0
SUBCATEGORY_CITRUS_LIMES@@MISSISSIPPI - MULO,232,232,6195205.87,0,2022-01-09,2026-06-14,0,0.0,4,0,4|0
"SUBCATEGORY_CITRUS_LIMES@@NASHVILLE, TN - MULO",232,232,16266802.48,0,2022-01-09,2026-06-14,0,0.0,7,0,7|0
SUBCATEGORY_CITRUS_LIMES@@NEW ENGLAND - MULO,232,232,9815957.9,0,2022-01-09,2026-06-14,0,0.0,6,0,6|0
"SUBCATEGORY_CITRUS_LIMES@@NEW ORLEANS, LA/MOBILE, AL - MULO",232,232,11783452.72,0,2022-01-09,2026-06-14,0,0.0,6,0,6|0
"SUBCATEGORY_CITRUS_LIMES@@NEW YORK, NY - MULO",232,232,63542049.76,0,2022-01-09,2026-06-14,0,0.0,9,0,9|0
"SUBCATEGORY_CITRUS_LIMES@@OKLAHOMA CITY, OK - MULO",232,232,5570358.74,0,2022-01-09,2026-06-14,0,0.0,4,0,4|0
"SUBCATEGORY_CITRUS_LIMES@@OMAHA, NE - MULO",232,232,7355366.29,0,2022-01-09,2026-06-14,0,0.0,5,0,5|0
"SUBCATEGORY_CITRUS_LIMES@@ORLANDO, FL - MULO",232,232,26292676.77,0,2022-01-09,2026-06-14,0,0.0,7,0,7|0
"SUBCATEGORY_CITRUS_LIMES@@PEORIA/SPRINGFIELD, IL - MULO",232,232,6276746.59,0,2022-01-09,2026-06-14,0,0.0,4,0,4|0
"SUBCATEGORY_CITRUS_LIMES@@PHILADELPHIA, PA - MULO",232,232,25844125.01,0,2022-01-09,2026-06-14,0,0.0,7,0,7|0
"SUBCATEGORY_CITRUS_LIMES@@PHOENIX/TUCSON, AZ - MULO",232,232,27054955.02,0,2022-01-09,2026-06-14,0,0.0,8,0,8|0
"SUBCATEGORY_CITRUS_LIMES@@PITTSBURGH, PA - MULO",232,232,8560137.17,0,2022-01-09,2026-06-14,0,0.0,5,0,5|0
"SUBCATEGORY_CITRUS_LIMES@@PORTLAND, OR - MULO",232,232,9359567.41,0,2022-01-09,2026-06-14,0,0.0,5,0,5|0
"SUBCATEGORY_CITRUS_LIMES@@PROVIDENCE, RI - MULO",232,232,4160780.75,0,2022-01-09,2026-06-14,0,0.0,4,0,4|0
"SUBCATEGORY_CITRUS_LIMES@@RALEIGH/GREENSBORO, NC - MULO",232,232,21229674.39,0,2022-01-09,2026-06-14,0,0.0,7,0,7|0
"SUBCATEGORY_CITRUS_LIMES@@RICHMOND/NORFOLK, VA - MULO",232,232,11241625.95,0,2022-01-09,2026-06-14,0,0.0,6,0,6|0
"SUBCATEGORY_CITRUS_LIMES@@ROANOKE, VA - MULO",232,232,6399359.58,0,2022-01-09,2026-06-14,0,0.0,5,0,5|0
"SUBCATEGORY_CITRUS_LIMES@@SACRAMENTO, CA - MULO",232,232,7729826.31,0,2022-01-09,2026-06-14,0,0.0,5,0,5|0
"SUBCATEGORY_CITRUS_LIMES@@SALT LAKE CITY, UT - MULO",232,232,10090286.63,0,2022-01-09,2026-06-14,0,0.0,6,0,6|0
"SUBCATEGORY_CITRUS_LIMES@@SAN DIEGO, CA - MULO",232,232,9800463.67,0,2022-01-09,2026-06-14,0,0.0,6,0,6|0
"SUBCATEGORY_CITRUS_LIMES@@SAN FRANCISCO/OAKLAND, CA - MULO",232,232,15616420.94,0,2022-01-09,2026-06-14,0,0.0,7,0,7|0
"SUBCATEGORY_CITRUS_LIMES@@SEATTLE/TACOMA, WA - MULO",232,232,19211453.63,0,2022-01-09,2026-06-14,0,0.0,7,0,7|0
SUBCATEGORY_CITRUS_LIMES@@SOUTH CAROLINA - MULO,232,232,25664294.2,0,2022-01-09,2026-06-14,0,0.0,7,0,7|0
"SUBCATEGORY_CITRUS_LIMES@@SPOKANE, WA - MULO",232,232,1644537.43,0,2022-01-09,2026-06-14,0,0.0,2,0,2|0
"SUBCATEGORY_CITRUS_LIMES@@ST. LOUIS, MO - MULO",232,232,8818906.48,0,2022-01-09,2026-06-14,0,0.0,5,0,5|0
"SUBCATEGORY_CITRUS_LIMES@@SYRACUSE, NY - MULO",232,232,4442874.0,0,2022-01-09,2026-06-14,0,0.0,4,0,4|0
"SUBCATEGORY_CITRUS_LIMES@@TAMPA/ST. PETERSBURG, FL - MULO",232,232,23310773.78,0,2022-01-09,2026-06-14,0,0.0,7,0,7|0
"SUBCATEGORY_CITRUS_LIMES@@TOLEDO, OH - MULO",232,232,5439666.68,0,2022-01-09,2026-06-14,0,0.0,4,0,4|0
"SUBCATEGORY_CITRUS_LIMES@@TULSA, OK - MULO",232,232,4279690.36,0,2022-01-09,2026-06-14,0,0.0,4,0,4|0
SUBCATEGORY_CITRUS_LIMES@@WEST TEXAS/NEW MEXICO - MULO,232,232,36854527.49,0,2022-01-09,2026-06-14,0,0.0,8,0,8|0
"SUBCATEGORY_CITRUS_LIMES@@WICHITA, KS - MULO",232,232,4210477.97,0,2022-01-09,2026-06-14,0,0.0,4,0,4|0
"SUBCATEGORY_CITRUS_MANDARINS@@ALBANY, NY - MULO",232,232,36718575.14,0,2022-01-09,2026-06-14,0,0.0,8,0,8|0
"SUBCATEGORY_CITRUS_MANDARINS@@ATLANTA, GA - MULO",232,232,220145215.24,0,2022-01-09,2026-06-14,0,0.0,9,0,9|0
"SUBCATEGORY_CITRUS_MANDARINS@@BALTIMORE, MD/WASHINGTON D.C. - MULO",232,232,335028223.5,0,2022-01-09,2026-06-14,0,0.0,9,0,9|0
"SUBCATEGORY_CITRUS_MANDARINS@@BIRMINGHAM/MONTGOMERY, AL - MULO",232,232,122607943.58,0,2022-01-09,2026-06-14,0,0.0,9,0,9|0
"SUBCATEGORY_CITRUS_MANDARINS@@BOISE, ID - MULO",232,232,19905575.17,0,2022-01-09,2026-06-14,0,0.0,7,0,7|0
"SUBCATEGORY_CITRUS_MANDARINS@@BOSTON, MA - MULO",232,232,162075934.59,0,2022-01-09,2026-06-14,0,0.0,9,0,9|0
"SUBCATEGORY_CITRUS_MANDARINS@@BUFFALO/ROCHESTER, NY - MULO",232,232,83082029.17,0,2022-01-09,2026-06-14,0,0.0,9,0,9|0
"SUBCATEGORY_CITRUS_MANDARINS@@CHARLOTTE, NC - MULO",232,232,108535677.11,0,2022-01-09,2026-06-14,0,0.0,9,0,9|0
"SUBCATEGORY_CITRUS_MANDARINS@@CHICAGO, IL - MULO",232,232,263372155.78,0,2022-01-09,2026-06-14,0,0.0,9,0,9|0
"SUBCATEGORY_CITRUS_MANDARINS@@CINCINNATI/DAYTON, OH - MULO",232,232,104574415.3,0,2022-01-09,2026-06-14,0,0.0,9,0,9|0
"SUBCATEGORY_CITRUS_MANDARINS@@CLEVELAND, OH - MULO",232,232,53705437.15,0,2022-01-09,2026-06-14,0,0.0,8,0,8|0
"SUBCATEGORY_CITRUS_MANDARINS@@COLUMBUS, OH - MULO",232,232,77715684.02,0,2022-01-09,2026-06-14,0,0.0,9,0,9|0
"SUBCATEGORY_CITRUS_MANDARINS@@DALLAS/FT. WORTH, TX - MULO",232,232,255383759.24,0,2022-01-09,2026-06-14,0,0.0,9,0,9|0
"SUBCATEGORY_CITRUS_MANDARINS@@DENVER, CO - MULO",232,232,164852576.29,0,2022-01-09,2026-06-14,0,0.0,9,0,9|0
"SUBCATEGORY_CITRUS_MANDARINS@@DES MOINES, IA - MULO",232,232,30964958.53,0,2022-01-09,2026-06-14,0,0.0,8,0,8|0
"SUBCATEGORY_CITRUS_MANDARINS@@DETROIT, MI - MULO",232,232,141443520.85,0,2022-01-09,2026-06-14,0,0.0,9,0,9|0
"SUBCATEGORY_CITRUS_MANDARINS@@GRAND RAPIDS, MI - MULO",232,232,52726611.1,0,2022-01-09,2026-06-14,0,0.0,8,0,8|0
"SUBCATEGORY_CITRUS_MANDARINS@@GREEN BAY, WI - MULO",232,232,23713253.67,0,2022-01-09,2026-06-14,0,0.0,7,0,7|0
"SUBCATEGORY_CITRUS_MANDARINS@@HARRISBURG/SCRANTON, PA - MULO",232,232,136635485.23,0,2022-01-09,2026-06-14,0,0.0,9,0,9|0
"SUBCATEGORY_CITRUS_MANDARINS@@HARTFORD, CT/SPRINGFIELD, MA - MULO",232,232,112372200.13,0,2022-01-09,2026-06-14,0,0.0,9,0,9|0
"SUBCATEGORY_CITRUS_MANDARINS@@HOUSTON, TX - MULO",232,232,134367667.72,0,2022-01-09,2026-06-14,0,0.0,9,0,9|0
"SUBCATEGORY_CITRUS_MANDARINS@@INDIANAPOLIS, IN - MULO",232,232,75394977.92,0,2022-01-09,2026-06-14,0,0.0,9,0,9|0
"SUBCATEGORY_CITRUS_MANDARINS@@JACKSONVILLE, FL - MULO",232,232,74821631.13,0,2022-01-09,2026-06-14,0,0.0,9,0,9|0
"SUBCATEGORY_CITRUS_MANDARINS@@KANSAS CITY, KS - MULO",232,232,62406674.24,0,2022-01-09,2026-06-14,0,0.0,9,0,9|0
"SUBCATEGORY_CITRUS_MANDARINS@@KNOXVILLE, TN - MULO",232,232,37267026.6,0,2022-01-09,2026-06-14,0,0.0,8,0,8|0
"SUBCATEGORY_CITRUS_MANDARINS@@LAS VEGAS, NV - MULO",232,232,63858930.36,0,2022-01-09,2026-06-14,0,0.0,9,0,9|0
"SUBCATEGORY_CITRUS_MANDARINS@@LITTLE ROCK, AR - MULO",232,232,21755283.45,0,2022-01-09,2026-06-14,0,0.0,7,0,7|0
"SUBCATEGORY_CITRUS_MANDARINS@@LOS ANGELES, CA - MULO",232,232,425627338.66,0,2022-01-09,2026-06-14,0,0.0,9,0,9|0
"SUBCATEGORY_CITRUS_MANDARINS@@LOUISVILLE, KY - MULO",232,232,48212378.02,0,2022-01-09,2026-06-14,0,0.0,8,0,8|0
"SUBCATEGORY_CITRUS_MANDARINS@@MEMPHIS, TN - MULO",232,232,34504704.56,0,2022-01-09,2026-06-14,0,0.0,8,0,8|0
"SUBCATEGORY_CITRUS_MANDARINS@@MIAMI/FT. LAUDERDALE, FL - MULO",232,232,289344012.02,0,2022-01-09,2026-06-14,0,0.0,9,0,9|0
"SUBCATEGORY_CITRUS_MANDARINS@@MILWAUKEE, WI - MULO",232,232,82569461.09,0,2022-01-09,2026-06-14,0,0.0,9,0,9|0
"SUBCATEGORY_CITRUS_MANDARINS@@MINNEAPOLIS/ST. PAUL, MN - MULO",232,232,122629698.19,0,2022-01-09,2026-06-14,0,0.0,9,0,9|0
SUBCATEGORY_CITRUS_MANDARINS@@MISSISSIPPI - MULO,232,232,54857592.5,0,2022-01-09,2026-06-14,0,0.0,8,0,8|0
"SUBCATEGORY_CITRUS_MANDARINS@@NASHVILLE, TN - MULO",232,232,78047345.13,0,2022-01-09,2026-06-14,0,0.0,9,0,9|0
SUBCATEGORY_CITRUS_MANDARINS@@NEW ENGLAND - MULO,232,232,101812230.28,0,2022-01-09,2026-06-14,0,0.0,9,0,9|0
"SUBCATEGORY_CITRUS_MANDARINS@@NEW ORLEANS, LA/MOBILE, AL - MULO",232,232,89571300.79,0,2022-01-09,2026-06-14,0,0.0,9,0,9|0
"SUBCATEGORY_CITRUS_MANDARINS@@NEW YORK, NY - MULO",232,232,546047057.5,0,2022-01-09,2026-06-14,0,0.0,9,0,9|0
"SUBCATEGORY_CITRUS_MANDARINS@@OKLAHOMA CITY, OK - MULO",232,232,38952484.1,0,2022-01-09,2026-06-14,0,0.0,8,0,8|0
"SUBCATEGORY_CITRUS_MANDARINS@@OMAHA, NE - MULO",232,232,43304811.13,0,2022-01-09,2026-06-14,0,0.0,8,0,8|0
"SUBCATEGORY_CITRUS_MANDARINS@@ORLANDO, FL - MULO",232,232,168936070.17,0,2022-01-09,2026-06-14,0,0.0,9,0,9|0
"SUBCATEGORY_CITRUS_MANDARINS@@PEORIA/SPRINGFIELD, IL - MULO",232,232,47493997.66,0,2022-01-09,2026-06-14,0,0.0,8,0,8|0
"SUBCATEGORY_CITRUS_MANDARINS@@PHILADELPHIA, PA - MULO",232,232,205412840.37,0,2022-01-09,2026-06-14,0,0.0,9,0,9|0
"SUBCATEGORY_CITRUS_MANDARINS@@PHOENIX/TUCSON, AZ - MULO",232,232,151656857.92,0,2022-01-09,2026-06-14,0,0.0,9,0,9|0
"SUBCATEGORY_CITRUS_MANDARINS@@PITTSBURGH, PA - MULO",232,232,65259578.61,0,2022-01-09,2026-06-14,0,0.0,9,0,9|0
"SUBCATEGORY_CITRUS_MANDARINS@@PORTLAND, OR - MULO",232,232,106742350.23,0,2022-01-09,2026-06-14,0,0.0,9,0,9|0
"SUBCATEGORY_CITRUS_MANDARINS@@PROVIDENCE, RI - MULO",232,232,31010809.23,0,2022-01-09,2026-06-14,0,0.0,8,0,8|0
"SUBCATEGORY_CITRUS_MANDARINS@@RALEIGH/GREENSBORO, NC - MULO",232,232,137027663.81,0,2022-01-09,2026-06-14,0,0.0,9,0,9|0
"SUBCATEGORY_CITRUS_MANDARINS@@RICHMOND/NORFOLK, VA - MULO",232,232,104638009.22,0,2022-01-09,2026-06-14,0,0.0,9,0,9|0
"SUBCATEGORY_CITRUS_MANDARINS@@ROANOKE, VA - MULO",232,232,69744053.75,0,2022-01-09,2026-06-14,0,0.0,9,0,9|0
"SUBCATEGORY_CITRUS_MANDARINS@@SACRAMENTO, CA - MULO",232,232,68003618.52,0,2022-01-09,2026-06-14,0,0.0,9,0,9|0
"SUBCATEGORY_CITRUS_MANDARINS@@SALT LAKE CITY, UT - MULO",232,232,66366785.24,0,2022-01-09,2026-06-14,0,0.0,9,0,9|0
"SUBCATEGORY_CITRUS_MANDARINS@@SAN DIEGO, CA - MULO",232,232,86043878.45,0,2022-01-09,2026-06-14,0,0.0,9,0,9|0
"SUBCATEGORY_CITRUS_MANDARINS@@SAN FRANCISCO/OAKLAND, CA - MULO",232,232,122105031.44,0,2022-01-09,2026-06-14,0,0.0,9,0,9|0
"SUBCATEGORY_CITRUS_MANDARINS@@SEATTLE/TACOMA, WA - MULO",232,232,128923838.55,0,2022-01-09,2026-06-14,0,0.0,9,0,9|0
SUBCATEGORY_CITRUS_MANDARINS@@SOUTH CAROLINA - MULO,232,232,193082976.19,0,2022-01-09,2026-06-14,0,0.0,9,0,9|0
"SUBCATEGORY_CITRUS_MANDARINS@@SPOKANE, WA - MULO",232,232,19576561.12,0,2022-01-09,2026-06-14,0,0.0,7,0,7|0
"SUBCATEGORY_CITRUS_MANDARINS@@ST. LOUIS, MO - MULO",232,232,79666398.97,0,2022-01-09,2026-06-14,0,0.0,9,0,9|0
"SUBCATEGORY_CITRUS_MANDARINS@@SYRACUSE, NY - MULO",232,232,34954982.0,0,2022-01-09,2026-06-14,0,0.0,8,0,8|0
"SUBCATEGORY_CITRUS_MANDARINS@@TAMPA/ST. PETERSBURG, FL - MULO",232,232,167346949.09,0,2022-01-09,2026-06-14,0,0.0,9,0,9|0
"SUBCATEGORY_CITRUS_MANDARINS@@TOLEDO, OH - MULO",232,232,51753483.09,0,2022-01-09,2026-06-14,0,0.0,8,0,8|0
"SUBCATEGORY_CITRUS_MANDARINS@@TULSA, OK - MULO",232,232,29375403.89,0,2022-01-09,2026-06-14,0,0.0,8,0,8|0
SUBCATEGORY_CITRUS_MANDARINS@@WEST TEXAS/NEW MEXICO - MULO,232,232,128158668.54,0,2022-01-09,2026-06-14,0,0.0,9,0,9|0
"SUBCATEGORY_CITRUS_MANDARINS@@WICHITA, KS - MULO",232,232,26761863.84,0,2022-01-09,2026-06-14,0,0.0,7,0,7|0
"SUBCATEGORY_CITRUS_ORANGES@@ALBANY, NY - MULO",232,232,16670542.16,0,2022-01-09,2026-06-14,0,0.0,7,0,7|0
"SUBCATEGORY_CITRUS_ORANGES@@ATLANTA, GA - MULO",232,232,88689485.2,0,2022-01-09,2026-06-14,0,0.0,9,0,9|0
"SUBCATEGORY_CITRUS_ORANGES@@BALTIMORE, MD/WASHINGTON D.C. - MULO",232,232,164143826.82,0,2022-01-09,2026-06-14,0,0.0,9,0,9|0
"SUBCATEGORY_CITRUS_ORANGES@@BIRMINGHAM/MONTGOMERY, AL - MULO",232,232,58625974.68,0,2022-01-09,2026-06-14,0,0.0,9,0,9|0
"SUBCATEGORY_CITRUS_ORANGES@@BOISE, ID - MULO",232,232,5083961.74,0,2022-01-09,2026-06-14,0,0.0,4,0,4|0
"SUBCATEGORY_CITRUS_ORANGES@@BOSTON, MA - MULO",232,232,63947421.26,0,2022-01-09,2026-06-14,0,0.0,9,0,9|0
"SUBCATEGORY_CITRUS_ORANGES@@BUFFALO/ROCHESTER, NY - MULO",232,232,39803011.58,0,2022-01-09,2026-06-14,0,0.0,8,0,8|0
"SUBCATEGORY_CITRUS_ORANGES@@CHARLOTTE, NC - MULO",232,232,54547642.9,0,2022-01-09,2026-06-14,0,0.0,8,0,8|0
"SUBCATEGORY_CITRUS_ORANGES@@CHICAGO, IL - MULO",232,232,112731054.28,0,2022-01-09,2026-06-14,0,0.0,9,0,9|0
"SUBCATEGORY_CITRUS_ORANGES@@CINCINNATI/DAYTON, OH - MULO",232,232,35393632.57,0,2022-01-09,2026-06-14,0,0.0,8,0,8|0
"SUBCATEGORY_CITRUS_ORANGES@@CLEVELAND, OH - MULO",232,232,25619870.25,0,2022-01-09,2026-06-14,0,0.0,7,0,7|0
"SUBCATEGORY_CITRUS_ORANGES@@COLUMBUS, OH - MULO",232,232,29748948.15,0,2022-01-09,2026-06-14,0,0.0,8,0,8|0
"SUBCATEGORY_CITRUS_ORANGES@@DALLAS/FT. WORTH, TX - MULO",232,232,106462277.39,0,2022-01-09,2026-06-14,0,0.0,9,0,9|0
"SUBCATEGORY_CITRUS_ORANGES@@DENVER, CO - MULO",232,232,52157798.22,0,2022-01-09,2026-06-14,0,0.0,8,0,8|0
"SUBCATEGORY_CITRUS_ORANGES@@DES MOINES, IA - MULO",232,232,10595001.96,0,2022-01-09,2026-06-14,0,0.0,6,0,6|0
"SUBCATEGORY_CITRUS_ORANGES@@DETROIT, MI - MULO",232,232,67106693.89,0,2022-01-09,2026-06-14,0,0.0,9,0,9|0
"SUBCATEGORY_CITRUS_ORANGES@@GRAND RAPIDS, MI - MULO",232,232,29547198.55,0,2022-01-09,2026-06-14,0,0.0,8,0,8|0
"SUBCATEGORY_CITRUS_ORANGES@@GREEN BAY, WI - MULO",232,232,11388431.52,0,2022-01-09,2026-06-14,0,0.0,6,0,6|0
"SUBCATEGORY_CITRUS_ORANGES@@HARRISBURG/SCRANTON, PA - MULO",232,232,67836605.62,0,2022-01-09,2026-06-14,0,0.0,9,0,9|0
"SUBCATEGORY_CITRUS_ORANGES@@HARTFORD, CT/SPRINGFIELD, MA - MULO",232,232,45099954.71,0,2022-01-09,2026-06-14,0,0.0,8,0,8|0
"SUBCATEGORY_CITRUS_ORANGES@@HOUSTON, TX - MULO",232,232,66054753.16,0,2022-01-09,2026-06-14,0,0.0,9,0,9|0
"SUBCATEGORY_CITRUS_ORANGES@@INDIANAPOLIS, IN - MULO",232,232,33820400.28,0,2022-01-09,2026-06-14,0,0.0,8,0,8|0
"SUBCATEGORY_CITRUS_ORANGES@@JACKSONVILLE, FL - MULO",232,232,29556723.81,0,2022-01-09,2026-06-14,0,0.0,8,0,8|0
"SUBCATEGORY_CITRUS_ORANGES@@KANSAS CITY, KS - MULO",232,232,27935651.29,0,2022-01-09,2026-06-14,0,0.0,8,0,8|0
"SUBCATEGORY_CITRUS_ORANGES@@KNOXVILLE, TN - MULO",232,232,16105321.39,0,2022-01-09,2026-06-14,0,0.0,7,0,7|0
"SUBCATEGORY_CITRUS_ORANGES@@LAS VEGAS, NV - MULO",232,232,22876493.76,0,2022-01-09,2026-06-14,0,0.0,7,0,7|0
"SUBCATEGORY_CITRUS_ORANGES@@LITTLE ROCK, AR - MULO",232,232,11370431.38,0,2022-01-09,2026-06-14,0,0.0,6,0,6|0
"SUBCATEGORY_CITRUS_ORANGES@@LOS ANGELES, CA - MULO",232,232,96515336.6,0,2022-01-09,2026-06-14,0,0.0,9,0,9|0
"SUBCATEGORY_CITRUS_ORANGES@@LOUISVILLE, KY - MULO",232,232,19777109.38,0,2022-01-09,2026-06-14,0,0.0,7,0,7|0
"SUBCATEGORY_CITRUS_ORANGES@@MEMPHIS, TN - MULO",232,232,20325845.14,0,2022-01-09,2026-06-14,0,0.0,7,0,7|0
"SUBCATEGORY_CITRUS_ORANGES@@MIAMI/FT. LAUDERDALE, FL - MULO",232,232,138967292.85,0,2022-01-09,2026-06-14,0,0.0,9,0,9|0
"SUBCATEGORY_CITRUS_ORANGES@@MILWAUKEE, WI - MULO",232,232,32826079.47,0,2022-01-09,2026-06-14,0,0.0,8,0,8|0
"SUBCATEGORY_CITRUS_ORANGES@@MINNEAPOLIS/ST. PAUL, MN - MULO",232,232,52618542.28,0,2022-01-09,2026-06-14,0,0.0,8,0,8|0
SUBCATEGORY_CITRUS_ORANGES@@MISSISSIPPI - MULO,232,232,29811739.93,0,2022-01-09,2026-06-14,0,0.0,8,0,8|0
"SUBCATEGORY_CITRUS_ORANGES@@NASHVILLE, TN - MULO",232,232,34239598.35,0,2022-01-09,2026-06-14,0,0.0,8,0,8|0
SUBCATEGORY_CITRUS_ORANGES@@NEW ENGLAND - MULO,232,232,44108732.37,0,2022-01-09,2026-06-14,0,0.0,8,0,8|0
"SUBCATEGORY_CITRUS_ORANGES@@NEW ORLEANS, LA/MOBILE, AL - MULO",232,232,41561807.83,0,2022-01-09,2026-06-14,0,0.0,8,0,8|0
"SUBCATEGORY_CITRUS_ORANGES@@NEW YORK, NY - MULO",232,232,232898440.42,0,2022-01-09,2026-06-14,0,0.0,9,0,9|0
"SUBCATEGORY_CITRUS_ORANGES@@OKLAHOMA CITY, OK - MULO",232,232,17308793.82,0,2022-01-09,2026-06-14,0,0.0,7,0,7|0
"SUBCATEGORY_CITRUS_ORANGES@@OMAHA, NE - MULO",232,232,15018503.65,0,2022-01-09,2026-06-14,0,0.0,6,0,6|0
"SUBCATEGORY_CITRUS_ORANGES@@ORLANDO, FL - MULO",232,232,70241091.99,0,2022-01-09,2026-06-14,0,0.0,9,0,9|0
"SUBCATEGORY_CITRUS_ORANGES@@PEORIA/SPRINGFIELD, IL - MULO",232,232,21154238.41,0,2022-01-09,2026-06-14,0,0.0,7,0,7|0
"SUBCATEGORY_CITRUS_ORANGES@@PHILADELPHIA, PA - MULO",232,232,91548889.43,0,2022-01-09,2026-06-14,0,0.0,9,0,9|0
"SUBCATEGORY_CITRUS_ORANGES@@PHOENIX/TUCSON, AZ - MULO",232,232,49021321.22,0,2022-01-09,2026-06-14,0,0.0,8,0,8|0
"SUBCATEGORY_CITRUS_ORANGES@@PITTSBURGH, PA - MULO",232,232,35292150.24,0,2022-01-09,2026-06-14,0,0.0,8,0,8|0
"SUBCATEGORY_CITRUS_ORANGES@@PORTLAND, OR - MULO",232,232,27020007.24,0,2022-01-09,2026-06-14,0,0.0,8,0,8|0
"SUBCATEGORY_CITRUS_ORANGES@@PROVIDENCE, RI - MULO",232,232,11884799.82,0,2022-01-09,2026-06-14,0,0.0,6,0,6|0
"SUBCATEGORY_CITRUS_ORANGES@@RALEIGH/GREENSBORO, NC - MULO",232,232,66503015.06,0,2022-01-09,2026-06-14,0,0.0,9,0,9|0
"SUBCATEGORY_CITRUS_ORANGES@@RICHMOND/NORFOLK, VA - MULO",232,232,47970660.53,0,2022-01-09,2026-06-14,0,0.0,8,0,8|0
"SUBCATEGORY_CITRUS_ORANGES@@ROANOKE, VA - MULO",232,232,34310578.7,0,2022-01-09,2026-06-14,0,0.0,8,0,8|0
"SUBCATEGORY_CITRUS_ORANGES@@SACRAMENTO, CA - MULO",232,232,16710789.62,0,2022-01-09,2026-06-14,0,0.0,7,0,7|0
"SUBCATEGORY_CITRUS_ORANGES@@SALT LAKE CITY, UT - MULO",232,232,20776412.33,0,2022-01-09,2026-06-14,0,0.0,7,0,7|0
"SUBCATEGORY_CITRUS_ORANGES@@SAN DIEGO, CA - MULO",232,232,17429855.07,0,2022-01-09,2026-06-14,0,0.0,7,0,7|0
"SUBCATEGORY_CITRUS_ORANGES@@SAN FRANCISCO/OAKLAND, CA - MULO",232,232,29643799.66,0,2022-01-09,2026-06-14,0,0.0,8,0,8|0
"SUBCATEGORY_CITRUS_ORANGES@@SEATTLE/TACOMA, WA - MULO",232,232,21572177.36,0,2022-01-09,2026-06-14,0,0.0,7,0,7|0
SUBCATEGORY_CITRUS_ORANGES@@SOUTH CAROLINA - MULO,232,232,87677793.05,0,2022-01-09,2026-06-14,0,0.0,9,0,9|0
"SUBCATEGORY_CITRUS_ORANGES@@SPOKANE, WA - MULO",232,232,2990256.28,0,2022-01-09,2026-06-14,0,0.0,3,0,3|0
"SUBCATEGORY_CITRUS_ORANGES@@ST. LOUIS, MO - MULO",232,232,34621477.57,0,2022-01-09,2026-06-14,0,0.0,8,0,8|0
"SUBCATEGORY_CITRUS_ORANGES@@SYRACUSE, NY - MULO",232,232,16932222.14,0,2022-01-09,2026-06-14,0,0.0,7,0,7|0
"SUBCATEGORY_CITRUS_ORANGES@@TAMPA/ST. PETERSBURG, FL - MULO",232,232,66073215.08,0,2022-01-09,2026-06-14,0,0.0,9,0,9|0
"SUBCATEGORY_CITRUS_ORANGES@@TOLEDO, OH - MULO",232,232,20946729.38,0,2022-01-09,2026-06-14,0,0.0,7,0,7|0
"SUBCATEGORY_CITRUS_ORANGES@@TULSA, OK - MULO",232,232,12187936.87,0,2022-01-09,2026-06-14,0,0.0,6,0,6|0
SUBCATEGORY_CITRUS_ORANGES@@WEST TEXAS/NEW MEXICO - MULO,232,232,64084424.160000004,0,2022-01-09,2026-06-14,0,0.0,9,0,9|0
"SUBCATEGORY_CITRUS_ORANGES@@WICHITA, KS - MULO",232,232,10230651.43,0,2022-01-09,2026-06-14,0,0.0,6,0,6|0
"SUBCATEGORY_CUCUMBERS_CUCUMBERS@@ALBANY, NY - MULO",232,232,5605480.13,0,2022-01-09,2026-06-14,0,0.0,4,0,4|0
"SUBCATEGORY_CUCUMBERS_CUCUMBERS@@ATLANTA, GA - MULO",232,232,15788360.42,0,2022-01-09,2026-06-14,0,0.0,7,0,7|0
"SUBCATEGORY_CUCUMBERS_CUCUMBERS@@BALTIMORE, MD/WASHINGTON D.C. - MULO",232,232,32182997.2,0,2022-01-09,2026-06-14,0,0.0,8,0,8|0
"SUBCATEGORY_CUCUMBERS_CUCUMBERS@@BIRMINGHAM/MONTGOMERY, AL - MULO",232,232,9478470.81,0,2022-01-09,2026-06-14,0,0.0,5,0,5|0
"SUBCATEGORY_CUCUMBERS_CUCUMBERS@@BOISE, ID - MULO",232,232,1496746.96,0,2022-01-09,2026-06-14,0,0.0,2,0,2|0
"SUBCATEGORY_CUCUMBERS_CUCUMBERS@@BOSTON, MA - MULO",232,232,19333955.2,0,2022-01-09,2026-06-14,0,0.0,7,0,7|0
"SUBCATEGORY_CUCUMBERS_CUCUMBERS@@BUFFALO/ROCHESTER, NY - MULO",232,232,7081451.7299999995,0,2022-01-09,2026-06-14,0,0.0,5,0,5|0
"SUBCATEGORY_CUCUMBERS_CUCUMBERS@@CHARLOTTE, NC - MULO",232,232,10324156.76,0,2022-01-09,2026-06-14,0,0.0,6,0,6|0
"SUBCATEGORY_CUCUMBERS_CUCUMBERS@@CHICAGO, IL - MULO",232,232,32088629.88,0,2022-01-09,2026-06-14,0,0.0,8,0,8|0
"SUBCATEGORY_CUCUMBERS_CUCUMBERS@@CINCINNATI/DAYTON, OH - MULO",232,232,4466964.35,0,2022-01-09,2026-06-14,0,0.0,4,0,4|0
"SUBCATEGORY_CUCUMBERS_CUCUMBERS@@CLEVELAND, OH - MULO",232,232,4881232.9399999995,0,2022-01-09,2026-06-14,0,0.0,4,0,4|0
"SUBCATEGORY_CUCUMBERS_CUCUMBERS@@COLUMBUS, OH - MULO",232,232,5295132.21,0,2022-01-09,2026-06-14,0,0.0,4,0,4|0
"SUBCATEGORY_CUCUMBERS_CUCUMBERS@@DALLAS/FT. WORTH, TX - MULO",232,232,11859408.84,0,2022-01-09,2026-06-14,0,0.0,6,0,6|0
"SUBCATEGORY_CUCUMBERS_CUCUMBERS@@DENVER, CO - MULO",232,232,25367926.84,0,2022-01-09,2026-06-14,0,0.0,7,0,7|0
"SUBCATEGORY_CUCUMBERS_CUCUMBERS@@DES MOINES, IA - MULO",232,232,1985059.76,0,2022-01-09,2026-06-14,0,0.0,2,0,2|0
"SUBCATEGORY_CUCUMBERS_CUCUMBERS@@DETROIT, MI - MULO",232,232,31533563.12,0,2022-01-09,2026-06-14,0,0.0,8,0,8|0
"SUBCATEGORY_CUCUMBERS_CUCUMBERS@@GRAND RAPIDS, MI - MULO",232,232,10117627.709999999,0,2022-01-09,2026-06-14,0,0.0,6,0,6|0
"SUBCATEGORY_CUCUMBERS_CUCUMBERS@@GREEN BAY, WI - MULO",232,232,1785764.55,0,2022-01-09,2026-06-14,0,0.0,2,0,2|0
"SUBCATEGORY_CUCUMBERS_CUCUMBERS@@HARRISBURG/SCRANTON, PA - MULO",232,232,16925383.29,0,2022-01-09,2026-06-14,0,0.0,7,0,7|0
"SUBCATEGORY_CUCUMBERS_CUCUMBERS@@HARTFORD, CT/SPRINGFIELD, MA - MULO",232,232,13529682.86,0,2022-01-09,2026-06-14,0,0.0,6,0,6|0
"SUBCATEGORY_CUCUMBERS_CUCUMBERS@@HOUSTON, TX - MULO",232,232,7064342.07,0,2022-01-09,2026-06-14,0,0.0,5,0,5|0
"SUBCATEGORY_CUCUMBERS_CUCUMBERS@@INDIANAPOLIS, IN - MULO",232,232,6073736.08,0,2022-01-09,2026-06-14,0,0.0,4,0,4|0
"SUBCATEGORY_CUCUMBERS_CUCUMBERS@@JACKSONVILLE, FL - MULO",232,232,7518876.0,0,2022-01-09,2026-06-14,0,0.0,5,0,5|0
"SUBCATEGORY_CUCUMBERS_CUCUMBERS@@KANSAS CITY, KS - MULO",232,232,5796925.89,0,2022-01-09,2026-06-14,0,0.0,4,0,4|0
"SUBCATEGORY_CUCUMBERS_CUCUMBERS@@KNOXVILLE, TN - MULO",232,232,3528438.41,0,2022-01-09,2026-06-14,0,0.0,3,0,3|0
"SUBCATEGORY_CUCUMBERS_CUCUMBERS@@LAS VEGAS, NV - MULO",232,232,3801265.6,0,2022-01-09,2026-06-14,0,0.0,3,0,3|0
"SUBCATEGORY_CUCUMBERS_CUCUMBERS@@LITTLE ROCK, AR - MULO",232,232,2041402.46,0,2022-01-09,2026-06-14,0,0.0,2,0,2|0
"SUBCATEGORY_CUCUMBERS_CUCUMBERS@@LOS ANGELES, CA - MULO",232,232,24174605.32,0,2022-01-09,2026-06-14,0,0.0,7,0,7|0
"SUBCATEGORY_CUCUMBERS_CUCUMBERS@@LOUISVILLE, KY - MULO",232,232,5423422.61,0,2022-01-09,2026-06-14,0,0.0,4,0,4|0
"SUBCATEGORY_CUCUMBERS_CUCUMBERS@@MEMPHIS, TN - MULO",232,232,3282954.91,0,2022-01-09,2026-06-14,0,0.0,3,0,3|0
"SUBCATEGORY_CUCUMBERS_CUCUMBERS@@MIAMI/FT. LAUDERDALE, FL - MULO",232,232,26055186.54,0,2022-01-09,2026-06-14,0,0.0,7,0,7|0
"SUBCATEGORY_CUCUMBERS_CUCUMBERS@@MILWAUKEE, WI - MULO",232,232,6125634.9,0,2022-01-09,2026-06-14,0,0.0,4,0,4|0
"SUBCATEGORY_CUCUMBERS_CUCUMBERS@@MINNEAPOLIS/ST. PAUL, MN - MULO",232,232,10138025.05,0,2022-01-09,2026-06-14,0,0.0,6,0,6|0
SUBCATEGORY_CUCUMBERS_CUCUMBERS@@MISSISSIPPI - MULO,232,232,4464905.6,0,2022-01-09,2026-06-14,0,0.0,4,0,4|0
"SUBCATEGORY_CUCUMBERS_CUCUMBERS@@NASHVILLE, TN - MULO",232,232,9910543.44,0,2022-01-09,2026-06-14,0,0.0,6,0,6|0
SUBCATEGORY_CUCUMBERS_CUCUMBERS@@NEW ENGLAND - MULO,232,232,29218575.31,0,2022-01-09,2026-06-14,0,0.0,8,0,8|0
"SUBCATEGORY_CUCUMBERS_CUCUMBERS@@NEW ORLEANS, LA/MOBILE, AL - MULO",232,232,8693324.27,0,2022-01-09,2026-06-14,0,0.0,5,0,5|0
"SUBCATEGORY_CUCUMBERS_CUCUMBERS@@NEW YORK, NY - MULO",232,232,34559608.48,0,2022-01-09,2026-06-14,0,0.0,8,0,8|0
"SUBCATEGORY_CUCUMBERS_CUCUMBERS@@OKLAHOMA CITY, OK - MULO",232,232,1164777.34,0,2022-01-09,2026-06-14,0,0.0,1,0,1|0
"SUBCATEGORY_CUCUMBERS_CUCUMBERS@@OMAHA, NE - MULO",232,232,4509959.87,0,2022-01-09,2026-06-14,0,0.0,4,0,4|0
"SUBCATEGORY_CUCUMBERS_CUCUMBERS@@ORLANDO, FL - MULO",232,232,21970996.64,0,2022-01-09,2026-06-14,0,0.0,7,0,7|0
"SUBCATEGORY_CUCUMBERS_CUCUMBERS@@PEORIA/SPRINGFIELD, IL - MULO",232,232,3852920.17,0,2022-01-09,2026-06-14,0,0.0,3,0,3|0
"SUBCATEGORY_CUCUMBERS_CUCUMBERS@@PHILADELPHIA, PA - MULO",232,232,16160692.38,0,2022-01-09,2026-06-14,0,0.0,7,0,7|0
"SUBCATEGORY_CUCUMBERS_CUCUMBERS@@PHOENIX/TUCSON, AZ - MULO",232,232,9322487.46,0,2022-01-09,2026-06-14,0,0.0,5,0,5|0
"SUBCATEGORY_CUCUMBERS_CUCUMBERS@@PITTSBURGH, PA - MULO",232,232,9128288.15,0,2022-01-09,2026-06-14,0,0.0,5,0,5|0
"SUBCATEGORY_CUCUMBERS_CUCUMBERS@@PORTLAND, OR - MULO",232,232,4766864.59,0,2022-01-09,2026-06-14,0,0.0,4,0,4|0
"SUBCATEGORY_CUCUMBERS_CUCUMBERS@@PROVIDENCE, RI - MULO",232,232,3932416.47,0,2022-01-09,2026-06-14,0,0.0,4,0,4|0
"SUBCATEGORY_CUCUMBERS_CUCUMBERS@@RALEIGH/GREENSBORO, NC - MULO",232,232,10631354.34,0,2022-01-09,2026-06-14,0,0.0,6,0,6|0
"SUBCATEGORY_CUCUMBERS_CUCUMBERS@@RICHMOND/NORFOLK, VA - MULO",232,232,11082534.26,0,2022-01-09,2026-06-14,0,0.0,6,0,6|0
"SUBCATEGORY_CUCUMBERS_CUCUMBERS@@ROANOKE, VA - MULO",232,232,9496727.16,0,2022-01-09,2026-06-14,0,0.0,5,0,5|0
"SUBCATEGORY_CUCUMBERS_CUCUMBERS@@SACRAMENTO, CA - MULO",232,232,5101903.52,0,2022-01-09,2026-06-14,0,0.0,4,0,4|0
"SUBCATEGORY_CUCUMBERS_CUCUMBERS@@SALT LAKE CITY, UT - MULO",232,232,5987500.58,0,2022-01-09,2026-06-14,0,0.0,4,0,4|0
"SUBCATEGORY_CUCUMBERS_CUCUMBERS@@SAN DIEGO, CA - MULO",232,232,6319579.61,0,2022-01-09,2026-06-14,0,0.0,4,0,4|0
"SUBCATEGORY_CUCUMBERS_CUCUMBERS@@SAN FRANCISCO/OAKLAND, CA - MULO",232,232,7702364.89,0,2022-01-09,2026-06-14,0,0.0,5,0,5|0
"SUBCATEGORY_CUCUMBERS_CUCUMBERS@@SEATTLE/TACOMA, WA - MULO",232,232,6189274.22,0,2022-01-09,2026-06-14,0,0.0,4,0,4|0
SUBCATEGORY_CUCUMBERS_CUCUMBERS@@SOUTH CAROLINA - MULO,232,232,18885019.59,0,2022-01-09,2026-06-14,0,0.0,7,0,7|0
"SUBCATEGORY_CUCUMBERS_CUCUMBERS@@SPOKANE, WA - MULO",232,232,1082222.22,0,2022-01-09,2026-06-14,0,0.0,1,0,1|0
"SUBCATEGORY_CUCUMBERS_CUCUMBERS@@ST. LOUIS, MO - MULO",232,232,4682090.18,0,2022-01-09,2026-06-14,0,0.0,4,0,4|0
"SUBCATEGORY_CUCUMBERS_CUCUMBERS@@SYRACUSE, NY - MULO",232,232,4047515.87,0,2022-01-09,2026-06-14,0,0.0,4,0,4|0
"SUBCATEGORY_CUCUMBERS_CUCUMBERS@@TAMPA/ST. PETERSBURG, FL - MULO",232,232,20549329.68,0,2022-01-09,2026-06-14,0,0.0,7,0,7|0
"SUBCATEGORY_CUCUMBERS_CUCUMBERS@@TOLEDO, OH - MULO",232,232,4917870.23,0,2022-01-09,2026-06-14,0,0.0,4,0,4|0
"SUBCATEGORY_CUCUMBERS_CUCUMBERS@@TULSA, OK - MULO",232,232,2242094.63,0,2022-01-09,2026-06-14,0,0.0,2,0,2|0
SUBCATEGORY_CUCUMBERS_CUCUMBERS@@WEST TEXAS/NEW MEXICO - MULO,232,232,8454404.4,0,2022-01-09,2026-06-14,0,0.0,5,0,5|0
"SUBCATEGORY_CUCUMBERS_CUCUMBERS@@WICHITA, KS - MULO",232,232,2798370.46,0,2022-01-09,2026-06-14,0,0.0,3,0,3|0
"SUBCATEGORY_CUCUMBERS_MINI-CUCUMBERS@@ALBANY, NY - MULO",232,232,9937666.26,0,2022-01-09,2026-06-14,0,0.0,6,0,6|0
"SUBCATEGORY_CUCUMBERS_MINI-CUCUMBERS@@ATLANTA, GA - MULO",232,232,26768930.81,0,2022-01-09,2026-06-14,0,0.0,7,0,7|0
"SUBCATEGORY_CUCUMBERS_MINI-CUCUMBERS@@BALTIMORE, MD/WASHINGTON D.C. - MULO",232,232,88436034.9,0,2022-01-09,2026-06-14,0,0.0,9,0,9|0
"SUBCATEGORY_CUCUMBERS_MINI-CUCUMBERS@@BIRMINGHAM/MONTGOMERY, AL - MULO",232,232,12855586.92,0,2022-01-09,2026-06-14,0,0.0,6,0,6|0
"SUBCATEGORY_CUCUMBERS_MINI-CUCUMBERS@@BOISE, ID - MULO",232,232,2322253.0,0,2022-01-09,2026-06-14,0,0.0,3,0,3|0
"SUBCATEGORY_CUCUMBERS_MINI-CUCUMBERS@@BOSTON, MA - MULO",232,232,50338607.08,0,2022-01-09,2026-06-14,0,0.0,8,0,8|0
"SUBCATEGORY_CUCUMBERS_MINI-CUCUMBERS@@BUFFALO/ROCHESTER, NY - MULO",232,232,18080156.98,0,2022-01-09,2026-06-14,0,0.0,7,0,7|0
"SUBCATEGORY_CUCUMBERS_MINI-CUCUMBERS@@CHARLOTTE, NC - MULO",232,232,24767754.98,0,2022-01-09,2026-06-14,0,0.0,7,0,7|0
"SUBCATEGORY_CUCUMBERS_MINI-CUCUMBERS@@CHICAGO, IL - MULO",232,232,61478675.35,0,2022-01-09,2026-06-14,0,0.0,9,0,9|0
"SUBCATEGORY_CUCUMBERS_MINI-CUCUMBERS@@CINCINNATI/DAYTON, OH - MULO",232,232,20427420.25,0,2022-01-09,2026-06-14,0,0.0,7,0,7|0
"SUBCATEGORY_CUCUMBERS_MINI-CUCUMBERS@@CLEVELAND, OH - MULO",232,232,22126316.13,0,2022-01-09,2026-06-14,0,0.0,7,0,7|0
"SUBCATEGORY_CUCUMBERS_MINI-CUCUMBERS@@COLUMBUS, OH - MULO",232,232,16731388.38,0,2022-01-09,2026-06-14,0,0.0,7,0,7|0
"SUBCATEGORY_CUCUMBERS_MINI-CUCUMBERS@@DALLAS/FT. WORTH, TX - MULO",232,232,38749030.83,0,2022-01-09,2026-06-14,0,0.0,8,0,8|0
"SUBCATEGORY_CUCUMBERS_MINI-CUCUMBERS@@DENVER, CO - MULO",232,232,23874972.84,0,2022-01-09,2026-06-14,0,0.0,7,0,7|0
"SUBCATEGORY_CUCUMBERS_MINI-CUCUMBERS@@DES MOINES, IA - MULO",232,232,7087781.68,0,2022-01-09,2026-06-14,0,0.0,5,0,5|0
"SUBCATEGORY_CUCUMBERS_MINI-CUCUMBERS@@DETROIT, MI - MULO",232,232,37869001.19,0,2022-01-09,2026-06-14,0,0.0,8,0,8|0
"SUBCATEGORY_CUCUMBERS_MINI-CUCUMBERS@@GRAND RAPIDS, MI - MULO",232,232,7250088.96,0,2022-01-09,2026-06-14,0,0.0,5,0,5|0
"SUBCATEGORY_CUCUMBERS_MINI-CUCUMBERS@@GREEN BAY, WI - MULO",232,232,7790211.56,0,2022-01-09,2026-06-14,0,0.0,5,0,5|0
"SUBCATEGORY_CUCUMBERS_MINI-CUCUMBERS@@HARRISBURG/SCRANTON, PA - MULO",232,232,32684859.06,0,2022-01-09,2026-06-14,0,0.0,8,0,8|0
"SUBCATEGORY_CUCUMBERS_MINI-CUCUMBERS@@HARTFORD, CT/SPRINGFIELD, MA - MULO",232,232,36444379.59,0,2022-01-09,2026-06-14,0,0.0,8,0,8|0
"SUBCATEGORY_CUCUMBERS_MINI-CUCUMBERS@@HOUSTON, TX - MULO",232,232,21380759.56,0,2022-01-09,2026-06-14,0,0.0,7,0,7|0
"SUBCATEGORY_CUCUMBERS_MINI-CUCUMBERS@@INDIANAPOLIS, IN - MULO",232,232,14665338.77,0,2022-01-09,2026-06-14,0,0.0,6,0,6|0
"SUBCATEGORY_CUCUMBERS_MINI-CUCUMBERS@@JACKSONVILLE, FL - MULO",232,232,11335944.08,0,2022-01-09,2026-06-14,0,0.0,6,0,6|0
"SUBCATEGORY_CUCUMBERS_MINI-CUCUMBERS@@KANSAS CITY, KS - MULO",232,232,14600654.12,0,2022-01-09,2026-06-14,0,0.0,6,0,6|0
"SUBCATEGORY_CUCUMBERS_MINI-CUCUMBERS@@KNOXVILLE, TN - MULO",232,232,5230358.91,0,2022-01-09,2026-06-14,0,0.0,4,0,4|0
"SUBCATEGORY_CUCUMBERS_MINI-CUCUMBERS@@LAS VEGAS, NV - MULO",232,232,11267804.78,0,2022-01-09,2026-06-14,0,0.0,6,0,6|0
"SUBCATEGORY_CUCUMBERS_MINI-CUCUMBERS@@LITTLE ROCK, AR - MULO",232,232,3613156.15,0,2022-01-09,2026-06-14,0,0.0,3,0,3|0
"SUBCATEGORY_CUCUMBERS_MINI-CUCUMBERS@@LOS ANGELES, CA - MULO",232,232,108562546.0,0,2022-01-09,2026-06-14,0,0.0,9,0,9|0
"SUBCATEGORY_CUCUMBERS_MINI-CUCUMBERS@@LOUISVILLE, KY - MULO",232,232,6470197.24,0,2022-01-09,2026-06-14,0,0.0,5,0,5|0
"SUBCATEGORY_CUCUMBERS_MINI-CUCUMBERS@@MEMPHIS, TN - MULO",232,232,4765401.67,0,2022-01-09,2026-06-14,0,0.0,4,0,4|0
"SUBCATEGORY_CUCUMBERS_MINI-CUCUMBERS@@MIAMI/FT. LAUDERDALE, FL - MULO",232,232,30785108.44,0,2022-01-09,2026-06-14,0,0.0,8,0,8|0
"SUBCATEGORY_CUCUMBERS_MINI-CUCUMBERS@@MILWAUKEE, WI - MULO",232,232,22879287.85,0,2022-01-09,2026-06-14,0,0.0,7,0,7|0
"SUBCATEGORY_CUCUMBERS_MINI-CUCUMBERS@@MINNEAPOLIS/ST. PAUL, MN - MULO",232,232,29573698.27,0,2022-01-09,2026-06-14,0,0.0,8,0,8|0
SUBCATEGORY_CUCUMBERS_MINI-CUCUMBERS@@MISSISSIPPI - MULO,232,232,7384503.32,0,2022-01-09,2026-06-14,0,0.0,5,0,5|0
"SUBCATEGORY_CUCUMBERS_MINI-CUCUMBERS@@NASHVILLE, TN - MULO",232,232,11896699.74,0,2022-01-09,2026-06-14,0,0.0,6,0,6|0
SUBCATEGORY_CUCUMBERS_MINI-CUCUMBERS@@NEW ENGLAND - MULO,232,232,35766928.96,0,2022-01-09,2026-06-14,0,0.0,8,0,8|0
"SUBCATEGORY_CUCUMBERS_MINI-CUCUMBERS@@NEW ORLEANS, LA/MOBILE, AL - MULO",232,232,12916778.81,0,2022-01-09,2026-06-14,0,0.0,6,0,6|0
"SUBCATEGORY_CUCUMBERS_MINI-CUCUMBERS@@NEW YORK, NY - MULO",232,232,154051658.96,0,2022-01-09,2026-06-14,0,0.0,9,0,9|0
"SUBCATEGORY_CUCUMBERS_MINI-CUCUMBERS@@OKLAHOMA CITY, OK - MULO",232,232,7006036.86,0,2022-01-09,2026-06-14,0,0.0,5,0,5|0
"SUBCATEGORY_CUCUMBERS_MINI-CUCUMBERS@@OMAHA, NE - MULO",232,232,9515643.06,0,2022-01-09,2026-06-14,0,0.0,5,0,5|0
"SUBCATEGORY_CUCUMBERS_MINI-CUCUMBERS@@ORLANDO, FL - MULO",232,232,19382501.16,0,2022-01-09,2026-06-14,0,0.0,7,0,7|0
"SUBCATEGORY_CUCUMBERS_MINI-CUCUMBERS@@PEORIA/SPRINGFIELD, IL - MULO",232,232,9836442.56,0,2022-01-09,2026-06-14,0,0.0,6,0,6|0
"SUBCATEGORY_CUCUMBERS_MINI-CUCUMBERS@@PHILADELPHIA, PA - MULO",232,232,54297577.68,0,2022-01-09,2026-06-14,0,0.0,8,0,8|0
"SUBCATEGORY_CUCUMBERS_MINI-CUCUMBERS@@PHOENIX/TUCSON, AZ - MULO",232,232,23077224.06,0,2022-01-09,2026-06-14,0,0.0,7,0,7|0
"SUBCATEGORY_CUCUMBERS_MINI-CUCUMBERS@@PITTSBURGH, PA - MULO",232,232,17171260.71,0,2022-01-09,2026-06-14,0,0.0,7,0,7|0
"SUBCATEGORY_CUCUMBERS_MINI-CUCUMBERS@@PORTLAND, OR - MULO",232,232,12870510.93,0,2022-01-09,2026-06-14,0,0.0,6,0,6|0
"SUBCATEGORY_CUCUMBERS_MINI-CUCUMBERS@@PROVIDENCE, RI - MULO",232,232,8914342.13,0,2022-01-09,2026-06-14,0,0.0,5,0,5|0
"SUBCATEGORY_CUCUMBERS_MINI-CUCUMBERS@@RALEIGH/GREENSBORO, NC - MULO",232,232,29146068.2,0,2022-01-09,2026-06-14,0,0.0,8,0,8|0
"SUBCATEGORY_CUCUMBERS_MINI-CUCUMBERS@@RICHMOND/NORFOLK, VA - MULO",232,232,20698253.47,0,2022-01-09,2026-06-14,0,0.0,7,0,7|0
"SUBCATEGORY_CUCUMBERS_MINI-CUCUMBERS@@ROANOKE, VA - MULO",232,232,16221233.53,0,2022-01-09,2026-06-14,0,0.0,7,0,7|0
"SUBCATEGORY_CUCUMBERS_MINI-CUCUMBERS@@SACRAMENTO, CA - MULO",232,232,13288302.65,0,2022-01-09,2026-06-14,0,0.0,6,0,6|0
"SUBCATEGORY_CUCUMBERS_MINI-CUCUMBERS@@SALT LAKE CITY, UT - MULO",232,232,9746465.18,0,2022-01-09,2026-06-14,0,0.0,5,0,5|0
"SUBCATEGORY_CUCUMBERS_MINI-CUCUMBERS@@SAN DIEGO, CA - MULO",232,232,17703124.52,0,2022-01-09,2026-06-14,0,0.0,7,0,7|0
"SUBCATEGORY_CUCUMBERS_MINI-CUCUMBERS@@SAN FRANCISCO/OAKLAND, CA - MULO",232,232,27166688.32,0,2022-01-09,2026-06-14,0,0.0,8,0,8|0
"SUBCATEGORY_CUCUMBERS_MINI-CUCUMBERS@@SEATTLE/TACOMA, WA - MULO",232,232,17424610.0,0,2022-01-09,2026-06-14,0,0.0,7,0,7|0
SUBCATEGORY_CUCUMBERS_MINI-CUCUMBERS@@SOUTH CAROLINA - MULO,232,232,32062883.27,0,2022-01-09,2026-06-14,0,0.0,8,0,8|0
"SUBCATEGORY_CUCUMBERS_MINI-CUCUMBERS@@SPOKANE, WA - MULO",232,232,1588081.62,0,2022-01-09,2026-06-14,0,0.0,2,0,2|0
"SUBCATEGORY_CUCUMBERS_MINI-CUCUMBERS@@ST. LOUIS, MO - MULO",232,232,15932710.72,0,2022-01-09,2026-06-14,0,0.0,7,0,7|0
"SUBCATEGORY_CUCUMBERS_MINI-CUCUMBERS@@SYRACUSE, NY - MULO",232,232,7840217.46,0,2022-01-09,2026-06-14,0,0.0,5,0,5|0
"SUBCATEGORY_CUCUMBERS_MINI-CUCUMBERS@@TAMPA/ST. PETERSBURG, FL - MULO",232,232,26115319.22,0,2022-01-09,2026-06-14,0,0.0,7,0,7|0
"SUBCATEGORY_CUCUMBERS_MINI-CUCUMBERS@@TOLEDO, OH - MULO",232,232,9496616.6,0,2022-01-09,2026-06-14,0,0.0,5,0,5|0
"SUBCATEGORY_CUCUMBERS_MINI-CUCUMBERS@@TULSA, OK - MULO",232,232,5553031.04,0,2022-01-09,2026-06-14,0,0.0,4,0,4|0
SUBCATEGORY_CUCUMBERS_MINI-CUCUMBERS@@WEST TEXAS/NEW MEXICO - MULO,232,232,14580363.75,0,2022-01-09,2026-06-14,0,0.0,6,0,6|0
"SUBCATEGORY_CUCUMBERS_MINI-CUCUMBERS@@WICHITA, KS - MULO",232,232,5004345.11,0,2022-01-09,2026-06-14,0,0.0,4,0,4|0
"SUBCATEGORY_GRAPES_BLACK-GRAPES@@ALBANY, NY - MULO",232,232,787031.87,0,2022-01-09,2026-06-14,0,0.0,1,0,1|0
"SUBCATEGORY_GRAPES_BLACK-GRAPES@@ATLANTA, GA - MULO",232,232,11982714.18,0,2022-01-09,2026-06-14,0,0.0,6,0,6|0
"SUBCATEGORY_GRAPES_BLACK-GRAPES@@BALTIMORE, MD/WASHINGTON D.C. - MULO",232,232,8383266.84,0,2022-01-09,2026-06-14,0,0.0,5,0,5|0
"SUBCATEGORY_GRAPES_BLACK-GRAPES@@BIRMINGHAM/MONTGOMERY, AL - MULO",232,232,7261789.3,0,2022-01-09,2026-06-14,0,0.0,5,0,5|0
"SUBCATEGORY_GRAPES_BLACK-GRAPES@@BOISE, ID - MULO",231,232,228144.28,0,2022-01-09,2026-06-14,1,0.0,0,0,0|0
"SUBCATEGORY_GRAPES_BLACK-GRAPES@@BOSTON, MA - MULO",232,232,2759039.85,0,2022-01-09,2026-06-14,0,0.0,3,0,3|0
"SUBCATEGORY_GRAPES_BLACK-GRAPES@@BUFFALO/ROCHESTER, NY - MULO",232,232,1260916.6,0,2022-01-09,2026-06-14,0,0.0,2,0,2|0
"SUBCATEGORY_GRAPES_BLACK-GRAPES@@CHARLOTTE, NC - MULO",232,232,6658054.17,0,2022-01-09,2026-06-14,0,0.0,5,0,5|0
"SUBCATEGORY_GRAPES_BLACK-GRAPES@@CHICAGO, IL - MULO",232,232,4311524.41,0,2022-01-09,2026-06-14,0,0.0,4,0,4|0
"SUBCATEGORY_GRAPES_BLACK-GRAPES@@CINCINNATI/DAYTON, OH - MULO",232,232,3825284.68,0,2022-01-09,2026-06-14,0,0.0,3,0,3|0
"SUBCATEGORY_GRAPES_BLACK-GRAPES@@CLEVELAND, OH - MULO",232,232,1667845.95,0,2022-01-09,2026-06-14,0,0.0,2,0,2|0
"SUBCATEGORY_GRAPES_BLACK-GRAPES@@COLUMBUS, OH - MULO",232,232,2592702.06,0,2022-01-09,2026-06-14,0,0.0,3,0,3|0
"SUBCATEGORY_GRAPES_BLACK-GRAPES@@DALLAS/FT. WORTH, TX - MULO",232,232,11043092.46,0,2022-01-09,2026-06-14,0,0.0,6,0,6|0
"SUBCATEGORY_GRAPES_BLACK-GRAPES@@DENVER, CO - MULO",232,232,5671995.16,0,2022-01-09,2026-06-14,0,0.0,4,0,4|0
"SUBCATEGORY_GRAPES_BLACK-GRAPES@@DES MOINES, IA - MULO",232,232,695727.58,0,2022-01-09,2026-06-14,0,0.0,1,0,1|0
"SUBCATEGORY_GRAPES_BLACK-GRAPES@@DETROIT, MI - MULO",232,232,3347473.2600000002,0,2022-01-09,2026-06-14,0,0.0,3,0,3|0
"SUBCATEGORY_GRAPES_BLACK-GRAPES@@GRAND RAPIDS, MI - MULO",232,232,832464.9,0,2022-01-09,2026-06-14,0,0.0,1,0,1|0
"SUBCATEGORY_GRAPES_BLACK-GRAPES@@GREEN BAY, WI - MULO",232,232,567462.85,0,2022-01-09,2026-06-14,0,0.0,1,0,1|0
"SUBCATEGORY_GRAPES_BLACK-GRAPES@@HARRISBURG/SCRANTON, PA - MULO",232,232,3256993.25,0,2022-01-09,2026-06-14,0,0.0,3,0,3|0
"SUBCATEGORY_GRAPES_BLACK-GRAPES@@HARTFORD, CT/SPRINGFIELD, MA - MULO",232,232,2068139.7,0,2022-01-09,2026-06-14,0,0.0,2,0,2|0
"SUBCATEGORY_GRAPES_BLACK-GRAPES@@HOUSTON, TX - MULO",232,232,7221928.96,0,2022-01-09,2026-06-14,0,0.0,5,0,5|0
"SUBCATEGORY_GRAPES_BLACK-GRAPES@@INDIANAPOLIS, IN - MULO",232,232,2621663.58,0,2022-01-09,2026-06-14,0,0.0,3,0,3|0
"SUBCATEGORY_GRAPES_BLACK-GRAPES@@JACKSONVILLE, FL - MULO",232,232,4116732.52,0,2022-01-09,2026-06-14,0,0.0,4,0,4|0
"SUBCATEGORY_GRAPES_BLACK-GRAPES@@KANSAS CITY, KS - MULO",232,232,2525755.13,0,2022-01-09,2026-06-14,0,0.0,3,0,3|0
"SUBCATEGORY_GRAPES_BLACK-GRAPES@@KNOXVILLE, TN - MULO",232,232,1835862.91,0,2022-01-09,2026-06-14,0,0.0,2,0,2|0
"SUBCATEGORY_GRAPES_BLACK-GRAPES@@LAS VEGAS, NV - MULO",232,232,2594818.7399999998,0,2022-01-09,2026-06-14,0,0.0,3,0,3|0
"SUBCATEGORY_GRAPES_BLACK-GRAPES@@LITTLE ROCK, AR - MULO",232,232,1853876.28,0,2022-01-09,2026-06-14,0,0.0,2,0,2|0
"SUBCATEGORY_GRAPES_BLACK-GRAPES@@LOS ANGELES, CA - MULO",232,232,10592318.73,0,2022-01-09,2026-06-14,0,0.0,6,0,6|0
"SUBCATEGORY_GRAPES_BLACK-GRAPES@@LOUISVILLE, KY - MULO",232,232,2347481.76,0,2022-01-09,2026-06-14,0,0.0,3,0,3|0
"SUBCATEGORY_GRAPES_BLACK-GRAPES@@MEMPHIS, TN - MULO",232,232,2451310.67,0,2022-01-09,2026-06-14,0,0.0,3,0,3|0
"SUBCATEGORY_GRAPES_BLACK-GRAPES@@MIAMI/FT. LAUDERDALE, FL - MULO",232,232,8883753.06,0,2022-01-09,2026-06-14,0,0.0,5,0,5|0
"SUBCATEGORY_GRAPES_BLACK-GRAPES@@MILWAUKEE, WI - MULO",232,232,1862030.02,0,2022-01-09,2026-06-14,0,0.0,2,0,2|0
"SUBCATEGORY_GRAPES_BLACK-GRAPES@@MINNEAPOLIS/ST. PAUL, MN - MULO",231,232,2097325.62,0,2022-01-09,2026-06-14,1,0.0,2,0,2|0
SUBCATEGORY_GRAPES_BLACK-GRAPES@@MISSISSIPPI - MULO,232,232,4647805.89,0,2022-01-09,2026-06-14,0,0.0,4,0,4|0
"SUBCATEGORY_GRAPES_BLACK-GRAPES@@NASHVILLE, TN - MULO",232,232,3296910.85,0,2022-01-09,2026-06-14,0,0.0,3,0,3|0
SUBCATEGORY_GRAPES_BLACK-GRAPES@@NEW ENGLAND - MULO,232,232,1203685.41,0,2022-01-09,2026-06-14,0,0.0,2,0,2|0
"SUBCATEGORY_GRAPES_BLACK-GRAPES@@NEW ORLEANS, LA/MOBILE, AL - MULO",232,232,6498552.03,0,2022-01-09,2026-06-14,0,0.0,5,0,5|0
"SUBCATEGORY_GRAPES_BLACK-GRAPES@@NEW YORK, NY - MULO",232,232,9983160.08,0,2022-01-09,2026-06-14,0,0.0,6,0,6|0
"SUBCATEGORY_GRAPES_BLACK-GRAPES@@OKLAHOMA CITY, OK - MULO",232,232,2587171.93,0,2022-01-09,2026-06-14,0,0.0,3,0,3|0
"SUBCATEGORY_GRAPES_BLACK-GRAPES@@OMAHA, NE - MULO",232,232,1859948.77,0,2022-01-09,2026-06-14,0,0.0,2,0,2|0
"SUBCATEGORY_GRAPES_BLACK-GRAPES@@ORLANDO, FL - MULO",232,232,7335232.62,0,2022-01-09,2026-06-14,0,0.0,5,0,5|0
"SUBCATEGORY_GRAPES_BLACK-GRAPES@@PEORIA/SPRINGFIELD, IL - MULO",232,232,1613020.03,0,2022-01-09,2026-06-14,0,0.0,2,0,2|0
"SUBCATEGORY_GRAPES_BLACK-GRAPES@@PHILADELPHIA, PA - MULO",232,232,3971100.69,0,2022-01-09,2026-06-14,0,0.0,4,0,4|0
"SUBCATEGORY_GRAPES_BLACK-GRAPES@@PHOENIX/TUCSON, AZ - MULO",232,232,4210237.82,0,2022-01-09,2026-06-14,0,0.0,4,0,4|0
"SUBCATEGORY_GRAPES_BLACK-GRAPES@@PITTSBURGH, PA - MULO",232,232,2527268.75,0,2022-01-09,2026-06-14,0,0.0,3,0,3|0
"SUBCATEGORY_GRAPES_BLACK-GRAPES@@PORTLAND, OR - MULO",231,232,1431138.41,0,2022-01-09,2026-06-14,1,0.0,2,0,2|0
"SUBCATEGORY_GRAPES_BLACK-GRAPES@@PROVIDENCE, RI - MULO",232,232,324845.36,0,2022-01-09,2026-06-14,0,0.0,0,0,0|0
"SUBCATEGORY_GRAPES_BLACK-GRAPES@@RALEIGH/GREENSBORO, NC - MULO",232,232,8444126.43,0,2022-01-09,2026-06-14,0,0.0,5,0,5|0
"SUBCATEGORY_GRAPES_BLACK-GRAPES@@RICHMOND/NORFOLK, VA - MULO",232,232,6220148.7,0,2022-01-09,2026-06-14,0,0.0,4,0,4|0
"SUBCATEGORY_GRAPES_BLACK-GRAPES@@ROANOKE, VA - MULO",232,232,4090516.17,0,2022-01-09,2026-06-14,0,0.0,4,0,4|0
"SUBCATEGORY_GRAPES_BLACK-GRAPES@@SACRAMENTO, CA - MULO",232,232,1392667.81,0,2022-01-09,2026-06-14,0,0.0,2,0,2|0
"SUBCATEGORY_GRAPES_BLACK-GRAPES@@SALT LAKE CITY, UT - MULO",232,232,1743423.73,0,2022-01-09,2026-06-14,0,0.0,2,0,2|0
"SUBCATEGORY_GRAPES_BLACK-GRAPES@@SAN DIEGO, CA - MULO",232,232,1571485.36,0,2022-01-09,2026-06-14,0,0.0,2,0,2|0
"SUBCATEGORY_GRAPES_BLACK-GRAPES@@SAN FRANCISCO/OAKLAND, CA - MULO",232,232,885377.03,0,2022-01-09,2026-06-14,0,0.0,1,0,1|0
"SUBCATEGORY_GRAPES_BLACK-GRAPES@@SEATTLE/TACOMA, WA - MULO",231,232,2392163.71,0,2022-01-09,2026-06-14,1,0.0,3,0,3|0
SUBCATEGORY_GRAPES_BLACK-GRAPES@@SOUTH CAROLINA - MULO,232,232,15674194.22,0,2022-01-09,2026-06-14,0,0.0,7,0,7|0
"SUBCATEGORY_GRAPES_BLACK-GRAPES@@SPOKANE, WA - MULO",231,232,229085.83,0,2022-01-09,2026-06-14,1,0.0,0,0,0|0
"SUBCATEGORY_GRAPES_BLACK-GRAPES@@ST. LOUIS, MO - MULO",232,232,2555229.4,0,2022-01-09,2026-06-14,0,0.0,3,0,3|0
"SUBCATEGORY_GRAPES_BLACK-GRAPES@@SYRACUSE, NY - MULO",232,232,684530.05,0,2022-01-09,2026-06-14,0,0.0,1,0,1|0
"SUBCATEGORY_GRAPES_BLACK-GRAPES@@TAMPA/ST. PETERSBURG, FL - MULO",232,232,6889569.74,0,2022-01-09,2026-06-14,0,0.0,5,0,5|0
"SUBCATEGORY_GRAPES_BLACK-GRAPES@@TOLEDO, OH - MULO",232,232,1275656.53,0,2022-01-09,2026-06-14,0,0.0,2,0,2|0
"SUBCATEGORY_GRAPES_BLACK-GRAPES@@TULSA, OK - MULO",231,232,1832988.84,0,2022-01-09,2026-06-14,1,0.0,2,0,2|0
SUBCATEGORY_GRAPES_BLACK-GRAPES@@WEST TEXAS/NEW MEXICO - MULO,232,232,7733244.2299999995,0,2022-01-09,2026-06-14,0,0.0,5,0,5|0
"SUBCATEGORY_GRAPES_BLACK-GRAPES@@WICHITA, KS - MULO",232,232,1575083.97,0,2022-01-09,2026-06-14,0,0.0,2,0,2|0
"SUBCATEGORY_GRAPES_GREEN-GRAPES@@ALBANY, NY - MULO",232,232,8653608.5,0,2022-01-09,2026-06-14,0,0.0,5,0,5|0
"SUBCATEGORY_GRAPES_GREEN-GRAPES@@ATLANTA, GA - MULO",232,232,52016427.96,0,2022-01-09,2026-06-14,0,0.0,8,0,8|0
"SUBCATEGORY_GRAPES_GREEN-GRAPES@@BALTIMORE, MD/WASHINGTON D.C. - MULO",232,232,81188309.44,0,2022-01-09,2026-06-14,0,0.0,9,0,9|0
"SUBCATEGORY_GRAPES_GREEN-GRAPES@@BIRMINGHAM/MONTGOMERY, AL - MULO",232,232,37927626.0,0,2022-01-09,2026-06-14,0,0.0,8,0,8|0
"SUBCATEGORY_GRAPES_GREEN-GRAPES@@BOISE, ID - MULO",232,232,3580091.69,0,2022-01-09,2026-06-14,0,0.0,3,0,3|0
"SUBCATEGORY_GRAPES_GREEN-GRAPES@@BOSTON, MA - MULO",232,232,35824152.32,0,2022-01-09,2026-06-14,0,0.0,8,0,8|0
"SUBCATEGORY_GRAPES_GREEN-GRAPES@@BUFFALO/ROCHESTER, NY - MULO",232,232,17138329.5,0,2022-01-09,2026-06-14,0,0.0,7,0,7|0
"SUBCATEGORY_GRAPES_GREEN-GRAPES@@CHARLOTTE, NC - MULO",232,232,26193886.05,0,2022-01-09,2026-06-14,0,0.0,7,0,7|0
"SUBCATEGORY_GRAPES_GREEN-GRAPES@@CHICAGO, IL - MULO",232,232,66275110.93,0,2022-01-09,2026-06-14,0,0.0,9,0,9|0
"SUBCATEGORY_GRAPES_GREEN-GRAPES@@CINCINNATI/DAYTON, OH - MULO",232,232,26217850.31,0,2022-01-09,2026-06-14,0,0.0,7,0,7|0
"SUBCATEGORY_GRAPES_GREEN-GRAPES@@CLEVELAND, OH - MULO",232,232,19119419.78,0,2022-01-09,2026-06-14,0,0.0,7,0,7|0
"SUBCATEGORY_GRAPES_GREEN-GRAPES@@COLUMBUS, OH - MULO",232,232,19691367.41,0,2022-01-09,2026-06-14,0,0.0,7,0,7|0
"SUBCATEGORY_GRAPES_GREEN-GRAPES@@DALLAS/FT. WORTH, TX - MULO",232,232,88376844.23,0,2022-01-09,2026-06-14,0,0.0,9,0,9|0
"SUBCATEGORY_GRAPES_GREEN-GRAPES@@DENVER, CO - MULO",232,232,39976566.14,0,2022-01-09,2026-06-14,0,0.0,8,0,8|0
"SUBCATEGORY_GRAPES_GREEN-GRAPES@@DES MOINES, IA - MULO",232,232,7712169.39,0,2022-01-09,2026-06-14,0,0.0,5,0,5|0
"SUBCATEGORY_GRAPES_GREEN-GRAPES@@DETROIT, MI - MULO",232,232,38012529.01,0,2022-01-09,2026-06-14,0,0.0,8,0,8|0
"SUBCATEGORY_GRAPES_GREEN-GRAPES@@GRAND RAPIDS, MI - MULO",232,232,14275399.55,0,2022-01-09,2026-06-14,0,0.0,6,0,6|0
"SUBCATEGORY_GRAPES_GREEN-GRAPES@@GREEN BAY, WI - MULO",232,232,6568151.87,0,2022-01-09,2026-06-14,0,0.0,5,0,5|0
"SUBCATEGORY_GRAPES_GREEN-GRAPES@@HARRISBURG/SCRANTON, PA - MULO",232,232,32016302.44,0,2022-01-09,2026-06-14,0,0.0,8,0,8|0
"SUBCATEGORY_GRAPES_GREEN-GRAPES@@HARTFORD, CT/SPRINGFIELD, MA - MULO",232,232,28418938.21,0,2022-01-09,2026-06-14,0,0.0,8,0,8|0
"SUBCATEGORY_GRAPES_GREEN-GRAPES@@HOUSTON, TX - MULO",232,232,49211930.94,0,2022-01-09,2026-06-14,0,0.0,8,0,8|0
"SUBCATEGORY_GRAPES_GREEN-GRAPES@@INDIANAPOLIS, IN - MULO",232,232,20266262.32,0,2022-01-09,2026-06-14,0,0.0,7,0,7|0
"SUBCATEGORY_GRAPES_GREEN-GRAPES@@JACKSONVILLE, FL - MULO",232,232,14088870.35,0,2022-01-09,2026-06-14,0,0.0,6,0,6|0
"SUBCATEGORY_GRAPES_GREEN-GRAPES@@KANSAS CITY, KS - MULO",232,232,20779561.83,0,2022-01-09,2026-06-14,0,0.0,7,0,7|0
"SUBCATEGORY_GRAPES_GREEN-GRAPES@@KNOXVILLE, TN - MULO",232,232,8029708.67,0,2022-01-09,2026-06-14,0,0.0,5,0,5|0
"SUBCATEGORY_GRAPES_GREEN-GRAPES@@LAS VEGAS, NV - MULO",232,232,24727317.08,0,2022-01-09,2026-06-14,0,0.0,7,0,7|0
"SUBCATEGORY_GRAPES_GREEN-GRAPES@@LITTLE ROCK, AR - MULO",232,232,10561766.82,0,2022-01-09,2026-06-14,0,0.0,6,0,6|0
"SUBCATEGORY_GRAPES_GREEN-GRAPES@@LOS ANGELES, CA - MULO",232,232,172386384.91,0,2022-01-09,2026-06-14,0,0.0,9,0,9|0
"SUBCATEGORY_GRAPES_GREEN-GRAPES@@LOUISVILLE, KY - MULO",232,232,12781456.68,0,2022-01-09,2026-06-14,0,0.0,6,0,6|0
"SUBCATEGORY_GRAPES_GREEN-GRAPES@@MEMPHIS, TN - MULO",232,232,15019568.89,0,2022-01-09,2026-06-14,0,0.0,6,0,6|0
"SUBCATEGORY_GRAPES_GREEN-GRAPES@@MIAMI/FT. LAUDERDALE, FL - MULO",232,232,37047048.54,0,2022-01-09,2026-06-14,0,0.0,8,0,8|0
"SUBCATEGORY_GRAPES_GREEN-GRAPES@@MILWAUKEE, WI - MULO",232,232,22595499.18,0,2022-01-09,2026-06-14,0,0.0,7,0,7|0
"SUBCATEGORY_GRAPES_GREEN-GRAPES@@MINNEAPOLIS/ST. PAUL, MN - MULO",232,232,36426839.67,0,2022-01-09,2026-06-14,0,0.0,8,0,8|0
SUBCATEGORY_GRAPES_GREEN-GRAPES@@MISSISSIPPI - MULO,232,232,23237538.46,0,2022-01-09,2026-06-14,0,0.0,7,0,7|0
"SUBCATEGORY_GRAPES_GREEN-GRAPES@@NASHVILLE, TN - MULO",232,232,20375344.54,0,2022-01-09,2026-06-14,0,0.0,7,0,7|0
SUBCATEGORY_GRAPES_GREEN-GRAPES@@NEW ENGLAND - MULO,232,232,23335945.16,0,2022-01-09,2026-06-14,0,0.0,7,0,7|0
"SUBCATEGORY_GRAPES_GREEN-GRAPES@@NEW ORLEANS, LA/MOBILE, AL - MULO",232,232,38635317.67,0,2022-01-09,2026-06-14,0,0.0,8,0,8|0
"SUBCATEGORY_GRAPES_GREEN-GRAPES@@NEW YORK, NY - MULO",232,232,109833795.35,0,2022-01-09,2026-06-14,0,0.0,9,0,9|0
"SUBCATEGORY_GRAPES_GREEN-GRAPES@@OKLAHOMA CITY, OK - MULO",232,232,14658976.58,0,2022-01-09,2026-06-14,0,0.0,6,0,6|0
"SUBCATEGORY_GRAPES_GREEN-GRAPES@@OMAHA, NE - MULO",232,232,14551287.47,0,2022-01-09,2026-06-14,0,0.0,6,0,6|0
"SUBCATEGORY_GRAPES_GREEN-GRAPES@@ORLANDO, FL - MULO",232,232,35745711.15,0,2022-01-09,2026-06-14,0,0.0,8,0,8|0
"SUBCATEGORY_GRAPES_GREEN-GRAPES@@PEORIA/SPRINGFIELD, IL - MULO",232,232,14136499.32,0,2022-01-09,2026-06-14,0,0.0,6,0,6|0
"SUBCATEGORY_GRAPES_GREEN-GRAPES@@PHILADELPHIA, PA - MULO",232,232,45096287.6,0,2022-01-09,2026-06-14,0,0.0,8,0,8|0
"SUBCATEGORY_GRAPES_GREEN-GRAPES@@PHOENIX/TUCSON, AZ - MULO",232,232,50812366.22,0,2022-01-09,2026-06-14,0,0.0,8,0,8|0
"SUBCATEGORY_GRAPES_GREEN-GRAPES@@PITTSBURGH, PA - MULO",232,232,25177043.01,0,2022-01-09,2026-06-14,0,0.0,7,0,7|0
"SUBCATEGORY_GRAPES_GREEN-GRAPES@@PORTLAND, OR - MULO",232,232,16212671.49,0,2022-01-09,2026-06-14,0,0.0,7,0,7|0
"SUBCATEGORY_GRAPES_GREEN-GRAPES@@PROVIDENCE, RI - MULO",232,232,6478140.7,0,2022-01-09,2026-06-14,0,0.0,5,0,5|0
"SUBCATEGORY_GRAPES_GREEN-GRAPES@@RALEIGH/GREENSBORO, NC - MULO",232,232,31655497.33,0,2022-01-09,2026-06-14,0,0.0,8,0,8|0
"SUBCATEGORY_GRAPES_GREEN-GRAPES@@RICHMOND/NORFOLK, VA - MULO",232,232,29360279.43,0,2022-01-09,2026-06-14,0,0.0,8,0,8|0
"SUBCATEGORY_GRAPES_GREEN-GRAPES@@ROANOKE, VA - MULO",232,232,18414225.32,0,2022-01-09,2026-06-14,0,0.0,7,0,7|0
"SUBCATEGORY_GRAPES_GREEN-GRAPES@@SACRAMENTO, CA - MULO",232,232,20550932.16,0,2022-01-09,2026-06-14,0,0.0,7,0,7|0
"SUBCATEGORY_GRAPES_GREEN-GRAPES@@SALT LAKE CITY, UT - MULO",232,232,18493454.32,0,2022-01-09,2026-06-14,0,0.0,7,0,7|0
"SUBCATEGORY_GRAPES_GREEN-GRAPES@@SAN DIEGO, CA - MULO",232,232,28766162.13,0,2022-01-09,2026-06-14,0,0.0,8,0,8|0
"SUBCATEGORY_GRAPES_GREEN-GRAPES@@SAN FRANCISCO/OAKLAND, CA - MULO",232,232,34515546.26,0,2022-01-09,2026-06-14,0,0.0,8,0,8|0
"SUBCATEGORY_GRAPES_GREEN-GRAPES@@SEATTLE/TACOMA, WA - MULO",232,232,28415836.49,0,2022-01-09,2026-06-14,0,0.0,8,0,8|0
SUBCATEGORY_GRAPES_GREEN-GRAPES@@SOUTH CAROLINA - MULO,232,232,47992059.24,0,2022-01-09,2026-06-14,0,0.0,8,0,8|0
"SUBCATEGORY_GRAPES_GREEN-GRAPES@@SPOKANE, WA - MULO",232,232,3339482.38,0,2022-01-09,2026-06-14,0,0.0,3,0,3|0
"SUBCATEGORY_GRAPES_GREEN-GRAPES@@ST. LOUIS, MO - MULO",232,232,24152808.47,0,2022-01-09,2026-06-14,0,0.0,7,0,7|0
"SUBCATEGORY_GRAPES_GREEN-GRAPES@@SYRACUSE, NY - MULO",232,232,8746543.59,0,2022-01-09,2026-06-14,0,0.0,5,0,5|0
"SUBCATEGORY_GRAPES_GREEN-GRAPES@@TAMPA/ST. PETERSBURG, FL - MULO",232,232,29839110.2,0,2022-01-09,2026-06-14,0,0.0,8,0,8|0
"SUBCATEGORY_GRAPES_GREEN-GRAPES@@TOLEDO, OH - MULO",232,232,13458397.99,0,2022-01-09,2026-06-14,0,0.0,6,0,6|0
"SUBCATEGORY_GRAPES_GREEN-GRAPES@@TULSA, OK - MULO",232,232,10252048.49,0,2022-01-09,2026-06-14,0,0.0,6,0,6|0
SUBCATEGORY_GRAPES_GREEN-GRAPES@@WEST TEXAS/NEW MEXICO - MULO,232,232,54062121.55,0,2022-01-09,2026-06-14,0,0.0,8,0,8|0
"SUBCATEGORY_GRAPES_GREEN-GRAPES@@WICHITA, KS - MULO",232,232,8241215.63,0,2022-01-09,2026-06-14,0,0.0,5,0,5|0
"SUBCATEGORY_GRAPES_OTHER-GRAPES@@ALBANY, NY - MULO",232,232,2414925.92,0,2022-01-09,2026-06-14,0,0.0,3,0,3|0
"SUBCATEGORY_GRAPES_OTHER-GRAPES@@ATLANTA, GA - MULO",232,232,11438502.06,0,2022-01-09,2026-06-14,0,0.0,6,0,6|0
"SUBCATEGORY_GRAPES_OTHER-GRAPES@@BALTIMORE, MD/WASHINGTON D.C. - MULO",232,232,25286554.07,0,2022-01-09,2026-06-14,0,0.0,7,0,7|0
"SUBCATEGORY_GRAPES_OTHER-GRAPES@@BIRMINGHAM/MONTGOMERY, AL - MULO",232,232,4806789.94,0,2022-01-09,2026-06-14,0,0.0,4,0,4|0
"SUBCATEGORY_GRAPES_OTHER-GRAPES@@BOISE, ID - MULO",224,232,361698.33,1,2022-01-09,2026-06-14,8,0.004464285714285714,0,0,0|0
"SUBCATEGORY_GRAPES_OTHER-GRAPES@@BOSTON, MA - MULO",232,232,11141772.85,0,2022-01-09,2026-06-14,0,0.0,6,0,6|0
"SUBCATEGORY_GRAPES_OTHER-GRAPES@@BUFFALO/ROCHESTER, NY - MULO",232,232,5022868.12,0,2022-01-09,2026-06-14,0,0.0,4,0,4|0
"SUBCATEGORY_GRAPES_OTHER-GRAPES@@CHARLOTTE, NC - MULO",232,232,5209428.88,0,2022-01-09,2026-06-14,0,0.0,4,0,4|0
"SUBCATEGORY_GRAPES_OTHER-GRAPES@@CHICAGO, IL - MULO",232,232,13909746.4,0,2022-01-09,2026-06-14,0,0.0,6,0,6|0
"SUBCATEGORY_GRAPES_OTHER-GRAPES@@CINCINNATI/DAYTON, OH - MULO",232,232,7026999.63,0,2022-01-09,2026-06-14,0,0.0,5,0,5|0
"SUBCATEGORY_GRAPES_OTHER-GRAPES@@CLEVELAND, OH - MULO",232,232,4947211.93,0,2022-01-09,2026-06-14,0,0.0,4,0,4|0
"SUBCATEGORY_GRAPES_OTHER-GRAPES@@COLUMBUS, OH - MULO",232,232,5205707.86,0,2022-01-09,2026-06-14,0,0.0,4,0,4|0
"SUBCATEGORY_GRAPES_OTHER-GRAPES@@DALLAS/FT. WORTH, TX - MULO",232,232,15034222.85,0,2022-01-09,2026-06-14,0,0.0,6,0,6|0
"SUBCATEGORY_GRAPES_OTHER-GRAPES@@DENVER, CO - MULO",232,232,7154925.38,0,2022-01-09,2026-06-14,0,0.0,5,0,5|0
"SUBCATEGORY_GRAPES_OTHER-GRAPES@@DES MOINES, IA - MULO",232,232,1747689.59,0,2022-01-09,2026-06-14,0,0.0,2,0,2|0
"SUBCATEGORY_GRAPES_OTHER-GRAPES@@DETROIT, MI - MULO",232,232,10396038.38,0,2022-01-09,2026-06-14,0,0.0,6,0,6|0
"SUBCATEGORY_GRAPES_OTHER-GRAPES@@GRAND RAPIDS, MI - MULO",232,232,3822271.89,0,2022-01-09,2026-06-14,0,0.0,3,0,3|0
"SUBCATEGORY_GRAPES_OTHER-GRAPES@@GREEN BAY, WI - MULO",232,232,1375603.19,0,2022-01-09,2026-06-14,0,0.0,2,0,2|0
"SUBCATEGORY_GRAPES_OTHER-GRAPES@@HARRISBURG/SCRANTON, PA - MULO",232,232,8534336.39,0,2022-01-09,2026-06-14,0,0.0,5,0,5|0
"SUBCATEGORY_GRAPES_OTHER-GRAPES@@HARTFORD, CT/SPRINGFIELD, MA - MULO",232,232,7699520.87,0,2022-01-09,2026-06-14,0,0.0,5,0,5|0
"SUBCATEGORY_GRAPES_OTHER-GRAPES@@HOUSTON, TX - MULO",232,232,6846636.11,0,2022-01-09,2026-06-14,0,0.0,5,0,5|0
"SUBCATEGORY_GRAPES_OTHER-GRAPES@@INDIANAPOLIS, IN - MULO",232,232,7291305.01,0,2022-01-09,2026-06-14,0,0.0,5,0,5|0
"SUBCATEGORY_GRAPES_OTHER-GRAPES@@JACKSONVILLE, FL - MULO",232,232,3563067.25,0,2022-01-09,2026-06-14,0,0.0,3,0,3|0
"SUBCATEGORY_GRAPES_OTHER-GRAPES@@KANSAS CITY, KS - MULO",232,232,4044011.21,0,2022-01-09,2026-06-14,0,0.0,4,0,4|0
"SUBCATEGORY_GRAPES_OTHER-GRAPES@@KNOXVILLE, TN - MULO",232,232,1867100.59,0,2022-01-09,2026-06-14,0,0.0,2,0,2|0
"SUBCATEGORY_GRAPES_OTHER-GRAPES@@LAS VEGAS, NV - MULO",232,232,3141682.16,0,2022-01-09,2026-06-14,0,0.0,3,0,3|0
"SUBCATEGORY_GRAPES_OTHER-GRAPES@@LITTLE ROCK, AR - MULO",232,232,1864498.49,0,2022-01-09,2026-06-14,0,0.0,2,0,2|0
"SUBCATEGORY_GRAPES_OTHER-GRAPES@@LOS ANGELES, CA - MULO",232,232,20130855.6,0,2022-01-09,2026-06-14,0,0.0,7,0,7|0
"SUBCATEGORY_GRAPES_OTHER-GRAPES@@LOUISVILLE, KY - MULO",232,232,3313876.27,0,2022-01-09,2026-06-14,0,0.0,3,0,3|0
"SUBCATEGORY_GRAPES_OTHER-GRAPES@@MEMPHIS, TN - MULO",232,232,3369841.47,0,2022-01-09,2026-06-14,0,0.0,3,0,3|0
"SUBCATEGORY_GRAPES_OTHER-GRAPES@@MIAMI/FT. LAUDERDALE, FL - MULO",232,232,14538304.08,0,2022-01-09,2026-06-14,0,0.0,6,0,6|0
"SUBCATEGORY_GRAPES_OTHER-GRAPES@@MILWAUKEE, WI - MULO",232,232,5496641.56,0,2022-01-09,2026-06-14,0,0.0,4,0,4|0
"SUBCATEGORY_GRAPES_OTHER-GRAPES@@MINNEAPOLIS/ST. PAUL, MN - MULO",232,232,11623697.78,0,2022-01-09,2026-06-14,0,0.0,6,0,6|0
SUBCATEGORY_GRAPES_OTHER-GRAPES@@MISSISSIPPI - MULO,232,232,3896637.87,0,2022-01-09,2026-06-14,0,0.0,3,0,3|0
"SUBCATEGORY_GRAPES_OTHER-GRAPES@@NASHVILLE, TN - MULO",232,232,3954495.81,0,2022-01-09,2026-06-14,0,0.0,4,0,4|0
SUBCATEGORY_GRAPES_OTHER-GRAPES@@NEW ENGLAND - MULO,232,232,6951421.91,0,2022-01-09,2026-06-14,0,0.0,5,0,5|0
"SUBCATEGORY_GRAPES_OTHER-GRAPES@@NEW ORLEANS, LA/MOBILE, AL - MULO",232,232,5874810.63,0,2022-01-09,2026-06-14,0,0.0,4,0,4|0
"SUBCATEGORY_GRAPES_OTHER-GRAPES@@NEW YORK, NY - MULO",232,232,41879539.43,0,2022-01-09,2026-06-14,0,0.0,8,0,8|0
"SUBCATEGORY_GRAPES_OTHER-GRAPES@@OKLAHOMA CITY, OK - MULO",232,232,2298105.99,0,2022-01-09,2026-06-14,0,0.0,2,0,2|0
"SUBCATEGORY_GRAPES_OTHER-GRAPES@@OMAHA, NE - MULO",232,232,2467670.92,0,2022-01-09,2026-06-14,0,0.0,3,0,3|0
"SUBCATEGORY_GRAPES_OTHER-GRAPES@@ORLANDO, FL - MULO",232,232,10253054.54,0,2022-01-09,2026-06-14,0,0.0,6,0,6|0
"SUBCATEGORY_GRAPES_OTHER-GRAPES@@PEORIA/SPRINGFIELD, IL - MULO",232,232,3478389.84,0,2022-01-09,2026-06-14,0,0.0,3,0,3|0
"SUBCATEGORY_GRAPES_OTHER-GRAPES@@PHILADELPHIA, PA - MULO",232,232,15947749.47,0,2022-01-09,2026-06-14,0,0.0,7,0,7|0
"SUBCATEGORY_GRAPES_OTHER-GRAPES@@PHOENIX/TUCSON, AZ - MULO",232,232,7404749.75,0,2022-01-09,2026-06-14,0,0.0,5,0,5|0
"SUBCATEGORY_GRAPES_OTHER-GRAPES@@PITTSBURGH, PA - MULO",232,232,7050107.33,0,2022-01-09,2026-06-14,0,0.0,5,0,5|0
"SUBCATEGORY_GRAPES_OTHER-GRAPES@@PORTLAND, OR - MULO",232,232,2049036.67,0,2022-01-09,2026-06-14,0,0.0,2,0,2|0
"SUBCATEGORY_GRAPES_OTHER-GRAPES@@PROVIDENCE, RI - MULO",231,232,2150372.92,0,2022-01-09,2026-06-14,1,0.0,2,0,2|0
"SUBCATEGORY_GRAPES_OTHER-GRAPES@@RALEIGH/GREENSBORO, NC - MULO",232,232,7290347.26,0,2022-01-09,2026-06-14,0,0.0,5,0,5|0
"SUBCATEGORY_GRAPES_OTHER-GRAPES@@RICHMOND/NORFOLK, VA - MULO",232,232,7947717.92,0,2022-01-09,2026-06-14,0,0.0,5,0,5|0
"SUBCATEGORY_GRAPES_OTHER-GRAPES@@ROANOKE, VA - MULO",232,232,3561469.73,0,2022-01-09,2026-06-14,0,0.0,3,0,3|0
"SUBCATEGORY_GRAPES_OTHER-GRAPES@@SACRAMENTO, CA - MULO",232,232,2926980.06,0,2022-01-09,2026-06-14,0,0.0,3,0,3|0
"SUBCATEGORY_GRAPES_OTHER-GRAPES@@SALT LAKE CITY, UT - MULO",232,232,2792067.64,0,2022-01-09,2026-06-14,0,0.0,3,0,3|0
"SUBCATEGORY_GRAPES_OTHER-GRAPES@@SAN DIEGO, CA - MULO",232,232,4314166.53,0,2022-01-09,2026-06-14,0,0.0,4,0,4|0
"SUBCATEGORY_GRAPES_OTHER-GRAPES@@SAN FRANCISCO/OAKLAND, CA - MULO",232,232,5318228.07,0,2022-01-09,2026-06-14,0,0.0,4,0,4|0
"SUBCATEGORY_GRAPES_OTHER-GRAPES@@SEATTLE/TACOMA, WA - MULO",232,232,2796601.02,0,2022-01-09,2026-06-14,0,0.0,3,0,3|0
SUBCATEGORY_GRAPES_OTHER-GRAPES@@SOUTH CAROLINA - MULO,232,232,8474434.09,0,2022-01-09,2026-06-14,0,0.0,5,0,5|0
"SUBCATEGORY_GRAPES_OTHER-GRAPES@@SPOKANE, WA - MULO",212,232,195502.29,15,2022-01-09,2026-06-14,20,0.07075471698113207,0,1,0|1
"SUBCATEGORY_GRAPES_OTHER-GRAPES@@ST. LOUIS, MO - MULO",232,232,3593883.84,0,2022-01-09,2026-06-14,0,0.0,3,0,3|0
"SUBCATEGORY_GRAPES_OTHER-GRAPES@@SYRACUSE, NY - MULO",232,232,2586038.41,0,2022-01-09,2026-06-14,0,0.0,3,0,3|0
"SUBCATEGORY_GRAPES_OTHER-GRAPES@@TAMPA/ST. PETERSBURG, FL - MULO",232,232,7251049.1,0,2022-01-09,2026-06-14,0,0.0,5,0,5|0
"SUBCATEGORY_GRAPES_OTHER-GRAPES@@TOLEDO, OH - MULO",232,232,3015648.06,0,2022-01-09,2026-06-14,0,0.0,3,0,3|0
"SUBCATEGORY_GRAPES_OTHER-GRAPES@@TULSA, OK - MULO",232,232,1050680.92,0,2022-01-09,2026-06-14,0,0.0,1,0,1|0
SUBCATEGORY_GRAPES_OTHER-GRAPES@@WEST TEXAS/NEW MEXICO - MULO,232,232,6722482.03,0,2022-01-09,2026-06-14,0,0.0,5,0,5|0
"SUBCATEGORY_GRAPES_OTHER-GRAPES@@WICHITA, KS - MULO",232,232,1713854.43,0,2022-01-09,2026-06-14,0,0.0,2,0,2|0
"SUBCATEGORY_GRAPES_RED-GRAPES@@ALBANY, NY - MULO",232,232,5139677.41,0,2022-01-09,2026-06-14,0,0.0,4,0,4|0
"SUBCATEGORY_GRAPES_RED-GRAPES@@ATLANTA, GA - MULO",232,232,36539838.41,0,2022-01-09,2026-06-14,0,0.0,8,0,8|0
"SUBCATEGORY_GRAPES_RED-GRAPES@@BALTIMORE, MD/WASHINGTON D.C. - MULO",232,232,52558492.43,0,2022-01-09,2026-06-14,0,0.0,8,0,8|0
"SUBCATEGORY_GRAPES_RED-GRAPES@@BIRMINGHAM/MONTGOMERY, AL - MULO",232,232,24458583.79,0,2022-01-09,2026-06-14,0,0.0,7,0,7|0
"SUBCATEGORY_GRAPES_RED-GRAPES@@BOISE, ID - MULO",232,232,2701819.39,0,2022-01-09,2026-06-14,0,0.0,3,0,3|0
"SUBCATEGORY_GRAPES_RED-GRAPES@@BOSTON, MA - MULO",232,232,30653686.36,0,2022-01-09,2026-06-14,0,0.0,8,0,8|0
"SUBCATEGORY_GRAPES_RED-GRAPES@@BUFFALO/ROCHESTER, NY - MULO",232,232,7787088.37,0,2022-01-09,2026-06-14,0,0.0,5,0,5|0
"SUBCATEGORY_GRAPES_RED-GRAPES@@CHARLOTTE, NC - MULO",232,232,16906132.94,0,2022-01-09,2026-06-14,0,0.0,7,0,7|0
"SUBCATEGORY_GRAPES_RED-GRAPES@@CHICAGO, IL - MULO",232,232,32714841.53,0,2022-01-09,2026-06-14,0,0.0,8,0,8|0
"SUBCATEGORY_GRAPES_RED-GRAPES@@CINCINNATI/DAYTON, OH - MULO",232,232,19479426.93,0,2022-01-09,2026-06-14,0,0.0,7,0,7|0
"SUBCATEGORY_GRAPES_RED-GRAPES@@CLEVELAND, OH - MULO",232,232,10882304.66,0,2022-01-09,2026-06-14,0,0.0,6,0,6|0
"SUBCATEGORY_GRAPES_RED-GRAPES@@COLUMBUS, OH - MULO",232,232,14585474.42,0,2022-01-09,2026-06-14,0,0.0,6,0,6|0
"SUBCATEGORY_GRAPES_RED-GRAPES@@DALLAS/FT. WORTH, TX - MULO",232,232,60697932.86,0,2022-01-09,2026-06-14,0,0.0,9,0,9|0
"SUBCATEGORY_GRAPES_RED-GRAPES@@DENVER, CO - MULO",232,232,37080224.660000004,0,2022-01-09,2026-06-14,0,0.0,8,0,8|0
"SUBCATEGORY_GRAPES_RED-GRAPES@@DES MOINES, IA - MULO",232,232,4954401.17,0,2022-01-09,2026-06-14,0,0.0,4,0,4|0
"SUBCATEGORY_GRAPES_RED-GRAPES@@DETROIT, MI - MULO",232,232,21460349.91,0,2022-01-09,2026-06-14,0,0.0,7,0,7|0
"SUBCATEGORY_GRAPES_RED-GRAPES@@GRAND RAPIDS, MI - MULO",232,232,6502833.29,0,2022-01-09,2026-06-14,0,0.0,5,0,5|0
"SUBCATEGORY_GRAPES_RED-GRAPES@@GREEN BAY, WI - MULO",232,232,4083934.62,0,2022-01-09,2026-06-14,0,0.0,4,0,4|0
"SUBCATEGORY_GRAPES_RED-GRAPES@@HARRISBURG/SCRANTON, PA - MULO",232,232,18916817.25,0,2022-01-09,2026-06-14,0,0.0,7,0,7|0
"SUBCATEGORY_GRAPES_RED-GRAPES@@HARTFORD, CT/SPRINGFIELD, MA - MULO",232,232,18665396.91,0,2022-01-09,2026-06-14,0,0.0,7,0,7|0
"SUBCATEGORY_GRAPES_RED-GRAPES@@HOUSTON, TX - MULO",232,232,30991452.41,0,2022-01-09,2026-06-14,0,0.0,8,0,8|0
"SUBCATEGORY_GRAPES_RED-GRAPES@@INDIANAPOLIS, IN - MULO",232,232,14115344.95,0,2022-01-09,2026-06-14,0,0.0,6,0,6|0
"SUBCATEGORY_GRAPES_RED-GRAPES@@JACKSONVILLE, FL - MULO",232,232,12138048.86,0,2022-01-09,2026-06-14,0,0.0,6,0,6|0
"SUBCATEGORY_GRAPES_RED-GRAPES@@KANSAS CITY, KS - MULO",232,232,13979312.08,0,2022-01-09,2026-06-14,0,0.0,6,0,6|0
"SUBCATEGORY_GRAPES_RED-GRAPES@@KNOXVILLE, TN - MULO",232,232,6854856.23,0,2022-01-09,2026-06-14,0,0.0,5,0,5|0
"SUBCATEGORY_GRAPES_RED-GRAPES@@LAS VEGAS, NV - MULO",232,232,14838929.09,0,2022-01-09,2026-06-14,0,0.0,6,0,6|0
"SUBCATEGORY_GRAPES_RED-GRAPES@@LITTLE ROCK, AR - MULO",232,232,7913275.11,0,2022-01-09,2026-06-14,0,0.0,5,0,5|0
"SUBCATEGORY_GRAPES_RED-GRAPES@@LOS ANGELES, CA - MULO",232,232,90008275.11,0,2022-01-09,2026-06-14,0,0.0,9,0,9|0
"SUBCATEGORY_GRAPES_RED-GRAPES@@LOUISVILLE, KY - MULO",232,232,10092281.16,0,2022-01-09,2026-06-14,0,0.0,6,0,6|0
"SUBCATEGORY_GRAPES_RED-GRAPES@@MEMPHIS, TN - MULO",232,232,10287218.84,0,2022-01-09,2026-06-14,0,0.0,6,0,6|0
"SUBCATEGORY_GRAPES_RED-GRAPES@@MIAMI/FT. LAUDERDALE, FL - MULO",232,232,31906103.41,0,2022-01-09,2026-06-14,0,0.0,8,0,8|0
"SUBCATEGORY_GRAPES_RED-GRAPES@@MILWAUKEE, WI - MULO",232,232,12667413.25,0,2022-01-09,2026-06-14,0,0.0,6,0,6|0
"SUBCATEGORY_GRAPES_RED-GRAPES@@MINNEAPOLIS/ST. PAUL, MN - MULO",232,232,25186974.09,0,2022-01-09,2026-06-14,0,0.0,7,0,7|0
SUBCATEGORY_GRAPES_RED-GRAPES@@MISSISSIPPI - MULO,232,232,16373895.94,0,2022-01-09,2026-06-14,0,0.0,7,0,7|0
"SUBCATEGORY_GRAPES_RED-GRAPES@@NASHVILLE, TN - MULO",232,232,14783720.16,0,2022-01-09,2026-06-14,0,0.0,6,0,6|0
SUBCATEGORY_GRAPES_RED-GRAPES@@NEW ENGLAND - MULO,232,232,18417340.55,0,2022-01-09,2026-06-14,0,0.0,7,0,7|0
"SUBCATEGORY_GRAPES_RED-GRAPES@@NEW ORLEANS, LA/MOBILE, AL - MULO",232,232,23319541.9,0,2022-01-09,2026-06-14,0,0.0,7,0,7|0
"SUBCATEGORY_GRAPES_RED-GRAPES@@NEW YORK, NY - MULO",232,232,83041722.58,0,2022-01-09,2026-06-14,0,0.0,9,0,9|0
"SUBCATEGORY_GRAPES_RED-GRAPES@@OKLAHOMA CITY, OK - MULO",232,232,12587986.41,0,2022-01-09,2026-06-14,0,0.0,6,0,6|0
"SUBCATEGORY_GRAPES_RED-GRAPES@@OMAHA, NE - MULO",232,232,11645603.65,0,2022-01-09,2026-06-14,0,0.0,6,0,6|0
"SUBCATEGORY_GRAPES_RED-GRAPES@@ORLANDO, FL - MULO",232,232,29050399.26,0,2022-01-09,2026-06-14,0,0.0,8,0,8|0
"SUBCATEGORY_GRAPES_RED-GRAPES@@PEORIA/SPRINGFIELD, IL - MULO",232,232,8252327.98,0,2022-01-09,2026-06-14,0,0.0,5,0,5|0
"SUBCATEGORY_GRAPES_RED-GRAPES@@PHILADELPHIA, PA - MULO",232,232,29941052.52,0,2022-01-09,2026-06-14,0,0.0,8,0,8|0
"SUBCATEGORY_GRAPES_RED-GRAPES@@PHOENIX/TUCSON, AZ - MULO",232,232,33992347.19,0,2022-01-09,2026-06-14,0,0.0,8,0,8|0
"SUBCATEGORY_GRAPES_RED-GRAPES@@PITTSBURGH, PA - MULO",232,232,14349470.4,0,2022-01-09,2026-06-14,0,0.0,6,0,6|0
"SUBCATEGORY_GRAPES_RED-GRAPES@@PORTLAND, OR - MULO",232,232,11189295.92,0,2022-01-09,2026-06-14,0,0.0,6,0,6|0
"SUBCATEGORY_GRAPES_RED-GRAPES@@PROVIDENCE, RI - MULO",232,232,5033680.39,0,2022-01-09,2026-06-14,0,0.0,4,0,4|0
"SUBCATEGORY_GRAPES_RED-GRAPES@@RALEIGH/GREENSBORO, NC - MULO",232,232,20904905.32,0,2022-01-09,2026-06-14,0,0.0,7,0,7|0
"SUBCATEGORY_GRAPES_RED-GRAPES@@RICHMOND/NORFOLK, VA - MULO",232,232,18553215.07,0,2022-01-09,2026-06-14,0,0.0,7,0,7|0
"SUBCATEGORY_GRAPES_RED-GRAPES@@ROANOKE, VA - MULO",232,232,13850474.87,0,2022-01-09,2026-06-14,0,0.0,6,0,6|0
"SUBCATEGORY_GRAPES_RED-GRAPES@@SACRAMENTO, CA - MULO",232,232,11774523.03,0,2022-01-09,2026-06-14,0,0.0,6,0,6|0
"SUBCATEGORY_GRAPES_RED-GRAPES@@SALT LAKE CITY, UT - MULO",232,232,13915994.25,0,2022-01-09,2026-06-14,0,0.0,6,0,6|0
"SUBCATEGORY_GRAPES_RED-GRAPES@@SAN DIEGO, CA - MULO",232,232,15564361.45,0,2022-01-09,2026-06-14,0,0.0,7,0,7|0
"SUBCATEGORY_GRAPES_RED-GRAPES@@SAN FRANCISCO/OAKLAND, CA - MULO",232,232,20409519.72,0,2022-01-09,2026-06-14,0,0.0,7,0,7|0
"SUBCATEGORY_GRAPES_RED-GRAPES@@SEATTLE/TACOMA, WA - MULO",232,232,19986611.62,0,2022-01-09,2026-06-14,0,0.0,7,0,7|0
SUBCATEGORY_GRAPES_RED-GRAPES@@SOUTH CAROLINA - MULO,232,232,33244085.31,0,2022-01-09,2026-06-14,0,0.0,8,0,8|0
"SUBCATEGORY_GRAPES_RED-GRAPES@@SPOKANE, WA - MULO",232,232,2418294.88,0,2022-01-09,2026-06-14,0,0.0,3,0,3|0
"SUBCATEGORY_GRAPES_RED-GRAPES@@ST. LOUIS, MO - MULO",232,232,16111511.38,0,2022-01-09,2026-06-14,0,0.0,7,0,7|0
"SUBCATEGORY_GRAPES_RED-GRAPES@@SYRACUSE, NY - MULO",232,232,3901095.09,0,2022-01-09,2026-06-14,0,0.0,3,0,3|0
"SUBCATEGORY_GRAPES_RED-GRAPES@@TAMPA/ST. PETERSBURG, FL - MULO",232,232,24666582.94,0,2022-01-09,2026-06-14,0,0.0,7,0,7|0
"SUBCATEGORY_GRAPES_RED-GRAPES@@TOLEDO, OH - MULO",232,232,8004932.96,0,2022-01-09,2026-06-14,0,0.0,5,0,5|0
"SUBCATEGORY_GRAPES_RED-GRAPES@@TULSA, OK - MULO",232,232,8088423.2700000005,0,2022-01-09,2026-06-14,0,0.0,5,0,5|0
SUBCATEGORY_GRAPES_RED-GRAPES@@WEST TEXAS/NEW MEXICO - MULO,232,232,37572320.24,0,2022-01-09,2026-06-14,0,0.0,8,0,8|0
"SUBCATEGORY_GRAPES_RED-GRAPES@@WICHITA, KS - MULO",232,232,7643814.56,0,2022-01-09,2026-06-14,0,0.0,5,0,5|0
"SUBCATEGORY_GREENS-&-LETTUCE_BUNCHED-GREENS@@ALBANY, NY - MULO",232,232,1602828.1,0,2022-01-09,2026-06-14,0,0.0,2,0,2|0
"SUBCATEGORY_GREENS-&-LETTUCE_BUNCHED-GREENS@@ATLANTA, GA - MULO",232,232,14460217.48,0,2022-01-09,2026-06-14,0,0.0,6,0,6|0
"SUBCATEGORY_GREENS-&-LETTUCE_BUNCHED-GREENS@@BALTIMORE, MD/WASHINGTON D.C. - MULO",232,232,18622418.28,0,2022-01-09,2026-06-14,0,0.0,7,0,7|0
"SUBCATEGORY_GREENS-&-LETTUCE_BUNCHED-GREENS@@BIRMINGHAM/MONTGOMERY, AL - MULO",232,232,5949167.04,0,2022-01-09,2026-06-14,0,0.0,4,0,4|0
"SUBCATEGORY_GREENS-&-LETTUCE_BUNCHED-GREENS@@BOISE, ID - MULO",232,232,982205.92,0,2022-01-09,2026-06-14,0,0.0,1,0,1|0
"SUBCATEGORY_GREENS-&-LETTUCE_BUNCHED-GREENS@@BOSTON, MA - MULO",232,232,6699354.36,0,2022-01-09,2026-06-14,0,0.0,5,0,5|0
"SUBCATEGORY_GREENS-&-LETTUCE_BUNCHED-GREENS@@BUFFALO/ROCHESTER, NY - MULO",232,232,3313371.63,0,2022-01-09,2026-06-14,0,0.0,3,0,3|0
"SUBCATEGORY_GREENS-&-LETTUCE_BUNCHED-GREENS@@CHARLOTTE, NC - MULO",232,232,5124520.67,0,2022-01-09,2026-06-14,0,0.0,4,0,4|0
"SUBCATEGORY_GREENS-&-LETTUCE_BUNCHED-GREENS@@CHICAGO, IL - MULO",232,232,10529551.83,0,2022-01-09,2026-06-14,0,0.0,6,0,6|0
"SUBCATEGORY_GREENS-&-LETTUCE_BUNCHED-GREENS@@CINCINNATI/DAYTON, OH - MULO",232,232,4627012.5,0,2022-01-09,2026-06-14,0,0.0,4,0,4|0
"SUBCATEGORY_GREENS-&-LETTUCE_BUNCHED-GREENS@@CLEVELAND, OH - MULO",232,232,5336445.37,0,2022-01-09,2026-06-14,0,0.0,4,0,4|0
"SUBCATEGORY_GREENS-&-LETTUCE_BUNCHED-GREENS@@COLUMBUS, OH - MULO",232,232,3279283.58,0,2022-01-09,2026-06-14,0,0.0,3,0,3|0
"SUBCATEGORY_GREENS-&-LETTUCE_BUNCHED-GREENS@@DALLAS/FT. WORTH, TX - MULO",232,232,6384415.37,0,2022-01-09,2026-06-14,0,0.0,5,0,5|0
"SUBCATEGORY_GREENS-&-LETTUCE_BUNCHED-GREENS@@DENVER, CO - MULO",232,232,10123584.72,0,2022-01-09,2026-06-14,0,0.0,6,0,6|0
"SUBCATEGORY_GREENS-&-LETTUCE_BUNCHED-GREENS@@DES MOINES, IA - MULO",232,232,786891.37,0,2022-01-09,2026-06-14,0,0.0,1,0,1|0
"SUBCATEGORY_GREENS-&-LETTUCE_BUNCHED-GREENS@@DETROIT, MI - MULO",232,232,8655047.76,0,2022-01-09,2026-06-14,0,0.0,5,0,5|0
"SUBCATEGORY_GREENS-&-LETTUCE_BUNCHED-GREENS@@GRAND RAPIDS, MI - MULO",232,232,2804264.13,0,2022-01-09,2026-06-14,0,0.0,3,0,3|0
"SUBCATEGORY_GREENS-&-LETTUCE_BUNCHED-GREENS@@GREEN BAY, WI - MULO",232,232,503768.26,0,2022-01-09,2026-06-14,0,0.0,1,0,1|0
"SUBCATEGORY_GREENS-&-LETTUCE_BUNCHED-GREENS@@HARRISBURG/SCRANTON, PA - MULO",232,232,3200350.41,0,2022-01-09,2026-06-14,0,0.0,3,0,3|0
"SUBCATEGORY_GREENS-&-LETTUCE_BUNCHED-GREENS@@HARTFORD, CT/SPRINGFIELD, MA - MULO",232,232,2358975.63,0,2022-01-09,2026-06-14,0,0.0,3,0,3|0
"SUBCATEGORY_GREENS-&-LETTUCE_BUNCHED-GREENS@@HOUSTON, TX - MULO",232,232,3361159.98,0,2022-01-09,2026-06-14,0,0.0,3,0,3|0
"SUBCATEGORY_GREENS-&-LETTUCE_BUNCHED-GREENS@@INDIANAPOLIS, IN - MULO",232,232,3785267.98,0,2022-01-09,2026-06-14,0,0.0,3,0,3|0
"SUBCATEGORY_GREENS-&-LETTUCE_BUNCHED-GREENS@@JACKSONVILLE, FL - MULO",232,232,4034004.55,0,2022-01-09,2026-06-14,0,0.0,4,0,4|0
"SUBCATEGORY_GREENS-&-LETTUCE_BUNCHED-GREENS@@KANSAS CITY, KS - MULO",232,232,2773721.77,0,2022-01-09,2026-06-14,0,0.0,3,0,3|0
"SUBCATEGORY_GREENS-&-LETTUCE_BUNCHED-GREENS@@KNOXVILLE, TN - MULO",232,232,1372653.42,0,2022-01-09,2026-06-14,0,0.0,2,0,2|0
"SUBCATEGORY_GREENS-&-LETTUCE_BUNCHED-GREENS@@LAS VEGAS, NV - MULO",232,232,4084220.62,0,2022-01-09,2026-06-14,0,0.0,4,0,4|0
"SUBCATEGORY_GREENS-&-LETTUCE_BUNCHED-GREENS@@LITTLE ROCK, AR - MULO",232,232,566684.51,0,2022-01-09,2026-06-14,0,0.0,1,0,1|0
"SUBCATEGORY_GREENS-&-LETTUCE_BUNCHED-GREENS@@LOS ANGELES, CA - MULO",232,232,26104599.66,0,2022-01-09,2026-06-14,0,0.0,7,0,7|0
"SUBCATEGORY_GREENS-&-LETTUCE_BUNCHED-GREENS@@LOUISVILLE, KY - MULO",232,232,1764601.04,0,2022-01-09,2026-06-14,0,0.0,2,0,2|0
"SUBCATEGORY_GREENS-&-LETTUCE_BUNCHED-GREENS@@MEMPHIS, TN - MULO",232,232,1219969.38,0,2022-01-09,2026-06-14,0,0.0,2,0,2|0
"SUBCATEGORY_GREENS-&-LETTUCE_BUNCHED-GREENS@@MIAMI/FT. LAUDERDALE, FL - MULO",232,232,10462302.39,0,2022-01-09,2026-06-14,0,0.0,6,0,6|0
"SUBCATEGORY_GREENS-&-LETTUCE_BUNCHED-GREENS@@MILWAUKEE, WI - MULO",232,232,2411034.16,0,2022-01-09,2026-06-14,0,0.0,3,0,3|0
"SUBCATEGORY_GREENS-&-LETTUCE_BUNCHED-GREENS@@MINNEAPOLIS/ST. PAUL, MN - MULO",232,232,5257333.69,0,2022-01-09,2026-06-14,0,0.0,4,0,4|0
SUBCATEGORY_GREENS-&-LETTUCE_BUNCHED-GREENS@@MISSISSIPPI - MULO,232,232,1217094.77,0,2022-01-09,2026-06-14,0,0.0,2,0,2|0
"SUBCATEGORY_GREENS-&-LETTUCE_BUNCHED-GREENS@@NASHVILLE, TN - MULO",232,232,3760004.51,0,2022-01-09,2026-06-14,0,0.0,3,0,3|0
SUBCATEGORY_GREENS-&-LETTUCE_BUNCHED-GREENS@@NEW ENGLAND - MULO,232,232,5676197.41,0,2022-01-09,2026-06-14,0,0.0,4,0,4|0
"SUBCATEGORY_GREENS-&-LETTUCE_BUNCHED-GREENS@@NEW ORLEANS, LA/MOBILE, AL - MULO",232,232,2880288.9,0,2022-01-09,2026-06-14,0,0.0,3,0,3|0
"SUBCATEGORY_GREENS-&-LETTUCE_BUNCHED-GREENS@@NEW YORK, NY - MULO",232,232,24121257.75,0,2022-01-09,2026-06-14,0,0.0,7,0,7|0
"SUBCATEGORY_GREENS-&-LETTUCE_BUNCHED-GREENS@@OKLAHOMA CITY, OK - MULO",232,232,430965.02,0,2022-01-09,2026-06-14,0,0.0,0,0,0|0
"SUBCATEGORY_GREENS-&-LETTUCE_BUNCHED-GREENS@@OMAHA, NE - MULO",232,232,1118493.33,0,2022-01-09,2026-06-14,0,0.0,1,0,1|0
"SUBCATEGORY_GREENS-&-LETTUCE_BUNCHED-GREENS@@ORLANDO, FL - MULO",232,232,6839318.84,0,2022-01-09,2026-06-14,0,0.0,5,0,5|0
"SUBCATEGORY_GREENS-&-LETTUCE_BUNCHED-GREENS@@PEORIA/SPRINGFIELD, IL - MULO",232,232,1641565.2,0,2022-01-09,2026-06-14,0,0.0,2,0,2|0
"SUBCATEGORY_GREENS-&-LETTUCE_BUNCHED-GREENS@@PHILADELPHIA, PA - MULO",232,232,12716995.71,0,2022-01-09,2026-06-14,0,0.0,6,0,6|0
"SUBCATEGORY_GREENS-&-LETTUCE_BUNCHED-GREENS@@PHOENIX/TUCSON, AZ - MULO",232,232,8286839.25,0,2022-01-09,2026-06-14,0,0.0,5,0,5|0
"SUBCATEGORY_GREENS-&-LETTUCE_BUNCHED-GREENS@@PITTSBURGH, PA - MULO",232,232,3465293.14,0,2022-01-09,2026-06-14,0,0.0,3,0,3|0
"SUBCATEGORY_GREENS-&-LETTUCE_BUNCHED-GREENS@@PORTLAND, OR - MULO",232,232,6471820.56,0,2022-01-09,2026-06-14,0,0.0,5,0,5|0
"SUBCATEGORY_GREENS-&-LETTUCE_BUNCHED-GREENS@@PROVIDENCE, RI - MULO",232,232,1299641.18,0,2022-01-09,2026-06-14,0,0.0,2,0,2|0
"SUBCATEGORY_GREENS-&-LETTUCE_BUNCHED-GREENS@@RALEIGH/GREENSBORO, NC - MULO",232,232,5475387.83,0,2022-01-09,2026-06-14,0,0.0,4,0,4|0
"SUBCATEGORY_GREENS-&-LETTUCE_BUNCHED-GREENS@@RICHMOND/NORFOLK, VA - MULO",232,232,5833292.96,0,2022-01-09,2026-06-14,0,0.0,4,0,4|0
"SUBCATEGORY_GREENS-&-LETTUCE_BUNCHED-GREENS@@ROANOKE, VA - MULO",232,232,2229257.97,0,2022-01-09,2026-06-14,0,0.0,2,0,2|0
"SUBCATEGORY_GREENS-&-LETTUCE_BUNCHED-GREENS@@SACRAMENTO, CA - MULO",232,232,3715681.1,0,2022-01-09,2026-06-14,0,0.0,3,0,3|0
"SUBCATEGORY_GREENS-&-LETTUCE_BUNCHED-GREENS@@SALT LAKE CITY, UT - MULO",232,232,2523718.55,0,2022-01-09,2026-06-14,0,0.0,3,0,3|0
"SUBCATEGORY_GREENS-&-LETTUCE_BUNCHED-GREENS@@SAN DIEGO, CA - MULO",232,232,5359607.28,0,2022-01-09,2026-06-14,0,0.0,4,0,4|0
"SUBCATEGORY_GREENS-&-LETTUCE_BUNCHED-GREENS@@SAN FRANCISCO/OAKLAND, CA - MULO",232,232,9789044.67,0,2022-01-09,2026-06-14,0,0.0,6,0,6|0
"SUBCATEGORY_GREENS-&-LETTUCE_BUNCHED-GREENS@@SEATTLE/TACOMA, WA - MULO",232,232,9342767.99,0,2022-01-09,2026-06-14,0,0.0,5,0,5|0
SUBCATEGORY_GREENS-&-LETTUCE_BUNCHED-GREENS@@SOUTH CAROLINA - MULO,232,232,7992934.49,0,2022-01-09,2026-06-14,0,0.0,5,0,5|0
"SUBCATEGORY_GREENS-&-LETTUCE_BUNCHED-GREENS@@SPOKANE, WA - MULO",232,232,841359.37,0,2022-01-09,2026-06-14,0,0.0,1,0,1|0
"SUBCATEGORY_GREENS-&-LETTUCE_BUNCHED-GREENS@@ST. LOUIS, MO - MULO",232,232,2624051.75,0,2022-01-09,2026-06-14,0,0.0,3,0,3|0
"SUBCATEGORY_GREENS-&-LETTUCE_BUNCHED-GREENS@@SYRACUSE, NY - MULO",232,232,1133601.39,0,2022-01-09,2026-06-14,0,0.0,1,0,1|0
"SUBCATEGORY_GREENS-&-LETTUCE_BUNCHED-GREENS@@TAMPA/ST. PETERSBURG, FL - MULO",232,232,7524713.11,0,2022-01-09,2026-06-14,0,0.0,5,0,5|0
"SUBCATEGORY_GREENS-&-LETTUCE_BUNCHED-GREENS@@TOLEDO, OH - MULO",232,232,2052271.19,0,2022-01-09,2026-06-14,0,0.0,2,0,2|0
"SUBCATEGORY_GREENS-&-LETTUCE_BUNCHED-GREENS@@TULSA, OK - MULO",232,232,304219.22000000003,0,2022-01-09,2026-06-14,0,0.0,0,0,0|0
SUBCATEGORY_GREENS-&-LETTUCE_BUNCHED-GREENS@@WEST TEXAS/NEW MEXICO - MULO,232,232,3363475.75,0,2022-01-09,2026-06-14,0,0.0,3,0,3|0
"SUBCATEGORY_GREENS-&-LETTUCE_BUNCHED-GREENS@@WICHITA, KS - MULO",232,232,830688.9,0,2022-01-09,2026-06-14,0,0.0,1,0,1|0
"SUBCATEGORY_GREENS-&-LETTUCE_BUNCHED-SPINACH@@ATLANTA, GA - MULO",232,232,72254.92,6,2022-01-09,2026-06-14,0,0.02586206896551724,0,0,0|0
"SUBCATEGORY_GREENS-&-LETTUCE_BUNCHED-SPINACH@@BALTIMORE, MD/WASHINGTON D.C. - MULO",232,232,322289.24,1,2022-01-09,2026-06-14,0,0.004310344827586207,0,0,0|0
"SUBCATEGORY_GREENS-&-LETTUCE_BUNCHED-SPINACH@@BOSTON, MA - MULO",218,218,8805373.62,2,2022-04-17,2026-06-14,0,0.009174311926605505,5,0,5|0
"SUBCATEGORY_GREENS-&-LETTUCE_BUNCHED-SPINACH@@CHARLOTTE, NC - MULO",229,231,53306.64,8,2022-01-16,2026-06-14,2,0.034934497816593885,0,0,0|0
"SUBCATEGORY_GREENS-&-LETTUCE_BUNCHED-SPINACH@@CHICAGO, IL - MULO",232,232,5468487.92,0,2022-01-09,2026-06-14,0,0.0,4,0,4|0
"SUBCATEGORY_GREENS-&-LETTUCE_BUNCHED-SPINACH@@CINCINNATI/DAYTON, OH - MULO",232,232,368272.29,1,2022-01-09,2026-06-14,0,0.004310344827586207,0,0,0|0
"SUBCATEGORY_GREENS-&-LETTUCE_BUNCHED-SPINACH@@CLEVELAND, OH - MULO",199,212,257494.35,127,2022-05-29,2026-06-14,13,0.6381909547738693,0,2,0|2
"SUBCATEGORY_GREENS-&-LETTUCE_BUNCHED-SPINACH@@COLUMBUS, OH - MULO",231,232,352152.61,0,2022-01-09,2026-06-14,1,0.0,0,0,0|0
"SUBCATEGORY_GREENS-&-LETTUCE_BUNCHED-SPINACH@@DALLAS/FT. WORTH, TX - MULO",232,232,231016.54,0,2022-01-09,2026-06-14,0,0.0,0,0,0|0
"SUBCATEGORY_GREENS-&-LETTUCE_BUNCHED-SPINACH@@DENVER, CO - MULO",232,232,253871.96,0,2022-01-09,2026-06-14,0,0.0,0,0,0|0
"SUBCATEGORY_GREENS-&-LETTUCE_BUNCHED-SPINACH@@DES MOINES, IA - MULO",232,232,311397.76,0,2022-01-09,2026-06-14,0,0.0,0,0,0|0
"SUBCATEGORY_GREENS-&-LETTUCE_BUNCHED-SPINACH@@DETROIT, MI - MULO",207,232,1577968.72,121,2022-01-09,2026-06-14,25,0.5845410628019324,2,2,2|2
"SUBCATEGORY_GREENS-&-LETTUCE_BUNCHED-SPINACH@@GREEN BAY, WI - MULO",232,232,442272.22,0,2022-01-09,2026-06-14,0,0.0,1,0,1|0
"SUBCATEGORY_GREENS-&-LETTUCE_BUNCHED-SPINACH@@HARRISBURG/SCRANTON, PA - MULO",214,227,101540.55,71,2022-02-13,2026-06-14,13,0.3317757009345794,0,2,0|2
"SUBCATEGORY_GREENS-&-LETTUCE_BUNCHED-SPINACH@@HOUSTON, TX - MULO",232,232,177394.06,0,2022-01-09,2026-06-14,0,0.0,0,0,0|0
"SUBCATEGORY_GREENS-&-LETTUCE_BUNCHED-SPINACH@@INDIANAPOLIS, IN - MULO",232,232,1244243.2,0,2022-01-09,2026-06-14,0,0.0,2,0,2|0
"SUBCATEGORY_GREENS-&-LETTUCE_BUNCHED-SPINACH@@LAS VEGAS, NV - MULO",231,232,70266.36,3,2022-01-09,2026-06-14,1,0.012987012987012988,0,0,0|0
"SUBCATEGORY_GREENS-&-LETTUCE_BUNCHED-SPINACH@@LOS ANGELES, CA - MULO",231,231,1478943.46,2,2022-01-16,2026-06-14,0,0.008658008658008658,2,0,2|0
"SUBCATEGORY_GREENS-&-LETTUCE_BUNCHED-SPINACH@@LOUISVILLE, KY - MULO",232,232,278859.45,0,2022-01-09,2026-06-14,0,0.0,0,0,0|0
"SUBCATEGORY_GREENS-&-LETTUCE_BUNCHED-SPINACH@@MIAMI/FT. LAUDERDALE, FL - MULO",232,232,3032437.29,0,2022-01-09,2026-06-14,0,0.0,3,0,3|0
"SUBCATEGORY_GREENS-&-LETTUCE_BUNCHED-SPINACH@@MILWAUKEE, WI - MULO",232,232,1439535.01,0,2022-01-09,2026-06-14,0,0.0,2,0,2|0
"SUBCATEGORY_GREENS-&-LETTUCE_BUNCHED-SPINACH@@MINNEAPOLIS/ST. PAUL, MN - MULO",232,232,1965123.33,0,2022-01-09,2026-06-14,0,0.0,2,0,2|0
"SUBCATEGORY_GREENS-&-LETTUCE_BUNCHED-SPINACH@@NASHVILLE, TN - MULO",219,221,32368.66,5,2022-03-27,2026-06-14,2,0.0228310502283105,0,0,0|0
"SUBCATEGORY_GREENS-&-LETTUCE_BUNCHED-SPINACH@@NEW YORK, NY - MULO",232,232,3431251.45,1,2022-01-09,2026-06-14,0,0.004310344827586207,3,0,3|0
"SUBCATEGORY_GREENS-&-LETTUCE_BUNCHED-SPINACH@@ORLANDO, FL - MULO",232,232,1840840.6,0,2022-01-09,2026-06-14,0,0.0,2,0,2|0
"SUBCATEGORY_GREENS-&-LETTUCE_BUNCHED-SPINACH@@PEORIA/SPRINGFIELD, IL - MULO",232,232,813528.94,0,2022-01-09,2026-06-14,0,0.0,1,0,1|0
"SUBCATEGORY_GREENS-&-LETTUCE_BUNCHED-SPINACH@@PHILADELPHIA, PA - MULO",227,227,425873.67,4,2022-02-13,2026-06-14,0,0.01762114537444934,0,0,0|0
"SUBCATEGORY_GREENS-&-LETTUCE_BUNCHED-SPINACH@@PHOENIX/TUCSON, AZ - MULO",231,232,66451.52,9,2022-01-09,2026-06-14,1,0.03896103896103896,0,0,0|0
"SUBCATEGORY_GREENS-&-LETTUCE_BUNCHED-SPINACH@@PORTLAND, OR - MULO",231,232,152416.36,13,2022-01-09,2026-06-14,1,0.05627705627705628,0,1,0|1
"SUBCATEGORY_GREENS-&-LETTUCE_BUNCHED-SPINACH@@RALEIGH/GREENSBORO, NC - MULO",230,232,56527.15,9,2022-01-09,2026-06-14,2,0.0391304347826087,0,0,0|0
"SUBCATEGORY_GREENS-&-LETTUCE_BUNCHED-SPINACH@@RICHMOND/NORFOLK, VA - MULO",231,231,77415.77,8,2022-01-16,2026-06-14,0,0.03463203463203463,0,0,0|0
"SUBCATEGORY_GREENS-&-LETTUCE_BUNCHED-SPINACH@@SALT LAKE CITY, UT - MULO",179,232,28038.53,97,2022-01-09,2026-06-14,53,0.5418994413407822,0,2,0|2
"SUBCATEGORY_GREENS-&-LETTUCE_BUNCHED-SPINACH@@SAN DIEGO, CA - MULO",232,232,456329.32,11,2022-01-09,2026-06-14,0,0.04741379310344827,1,0,1|0
"SUBCATEGORY_GREENS-&-LETTUCE_BUNCHED-SPINACH@@SAN FRANCISCO/OAKLAND, CA - MULO",231,232,347524.59,0,2022-01-09,2026-06-14,1,0.0,0,0,0|0
"SUBCATEGORY_GREENS-&-LETTUCE_BUNCHED-SPINACH@@SEATTLE/TACOMA, WA - MULO",232,232,210408.8,12,2022-01-09,2026-06-14,0,0.05172413793103448,0,1,0|1
SUBCATEGORY_GREENS-&-LETTUCE_BUNCHED-SPINACH@@SOUTH CAROLINA - MULO,194,232,16948.809999999998,136,2022-01-09,2026-06-14,38,0.7010309278350515,0,2,0|2
"SUBCATEGORY_GREENS-&-LETTUCE_BUNCHED-SPINACH@@TAMPA/ST. PETERSBURG, FL - MULO",232,232,1511649.15,0,2022-01-09,2026-06-14,0,0.0,2,0,2|0
"SUBCATEGORY_GREENS-&-LETTUCE_BUNCHED-SPINACH@@TOLEDO, OH - MULO",202,232,273085.86,109,2022-01-09,2026-06-14,30,0.5396039603960396,0,2,0|2
"SUBCATEGORY_GREENS-&-LETTUCE_HEAD-CABBAGE@@ALBANY, NY - MULO",232,232,544707.94,0,2022-01-09,2026-06-14,0,0.0,1,0,1|0
"SUBCATEGORY_GREENS-&-LETTUCE_HEAD-CABBAGE@@ATLANTA, GA - MULO",232,232,1028374.86,0,2022-01-09,2026-06-14,0,0.0,1,0,1|0
"SUBCATEGORY_GREENS-&-LETTUCE_HEAD-CABBAGE@@BALTIMORE, MD/WASHINGTON D.C. - MULO",232,232,5185960.7,0,2022-01-09,2026-06-14,0,0.0,4,0,4|0
"SUBCATEGORY_GREENS-&-LETTUCE_HEAD-CABBAGE@@BIRMINGHAM/MONTGOMERY, AL - MULO",232,232,922944.98,0,2022-01-09,2026-06-14,0,0.0,1,0,1|0
"SUBCATEGORY_GREENS-&-LETTUCE_HEAD-CABBAGE@@BOISE, ID - MULO",191,232,82158.8,35,2022-01-09,2026-06-14,41,0.18324607329842932,0,1,0|1
"SUBCATEGORY_GREENS-&-LETTUCE_HEAD-CABBAGE@@BOSTON, MA - MULO",232,232,2969165.23,0,2022-01-09,2026-06-14,0,0.0,3,0,3|0
"SUBCATEGORY_GREENS-&-LETTUCE_HEAD-CABBAGE@@BUFFALO/ROCHESTER, NY - MULO",232,232,3145189.03,0,2022-01-09,2026-06-14,0,0.0,3,0,3|0
"SUBCATEGORY_GREENS-&-LETTUCE_HEAD-CABBAGE@@CHARLOTTE, NC - MULO",232,232,978227.25,0,2022-01-09,2026-06-14,0,0.0,1,0,1|0
"SUBCATEGORY_GREENS-&-LETTUCE_HEAD-CABBAGE@@CHICAGO, IL - MULO",232,232,1379416.09,0,2022-01-09,2026-06-14,0,0.0,2,0,2|0
"SUBCATEGORY_GREENS-&-LETTUCE_HEAD-CABBAGE@@CINCINNATI/DAYTON, OH - MULO",232,232,320970.32,0,2022-01-09,2026-06-14,0,0.0,0,0,0|0
"SUBCATEGORY_GREENS-&-LETTUCE_HEAD-CABBAGE@@CLEVELAND, OH - MULO",232,232,416409.19,0,2022-01-09,2026-06-14,0,0.0,0,0,0|0
"SUBCATEGORY_GREENS-&-LETTUCE_HEAD-CABBAGE@@COLUMBUS, OH - MULO",232,232,315871.97,0,2022-01-09,2026-06-14,0,0.0,0,0,0|0
"SUBCATEGORY_GREENS-&-LETTUCE_HEAD-CABBAGE@@DALLAS/FT. WORTH, TX - MULO",232,232,2662778.24,0,2022-01-09,2026-06-14,0,0.0,3,0,3|0
"SUBCATEGORY_GREENS-&-LETTUCE_HEAD-CABBAGE@@DENVER, CO - MULO",232,232,1129491.56,0,2022-01-09,2026-06-14,0,0.0,1,0,1|0
"SUBCATEGORY_GREENS-&-LETTUCE_HEAD-CABBAGE@@DES MOINES, IA - MULO",232,232,253747.06,0,2022-01-09,2026-06-14,0,0.0,0,0,0|0
"SUBCATEGORY_GREENS-&-LETTUCE_HEAD-CABBAGE@@DETROIT, MI - MULO",232,232,334331.48,0,2022-01-09,2026-06-14,0,0.0,0,0,0|0
"SUBCATEGORY_GREENS-&-LETTUCE_HEAD-CABBAGE@@GRAND RAPIDS, MI - MULO",232,232,141534.26,0,2022-01-09,2026-06-14,0,0.0,0,0,0|0
"SUBCATEGORY_GREENS-&-LETTUCE_HEAD-CABBAGE@@GREEN BAY, WI - MULO",232,232,136116.07,0,2022-01-09,2026-06-14,0,0.0,0,0,0|0
"SUBCATEGORY_GREENS-&-LETTUCE_HEAD-CABBAGE@@HARRISBURG/SCRANTON, PA - MULO",232,232,2355454.2,0,2022-01-09,2026-06-14,0,0.0,3,0,3|0
"SUBCATEGORY_GREENS-&-LETTUCE_HEAD-CABBAGE@@HARTFORD, CT/SPRINGFIELD, MA - MULO",232,232,1276085.98,0,2022-01-09,2026-06-14,0,0.0,2,0,2|0
"SUBCATEGORY_GREENS-&-LETTUCE_HEAD-CABBAGE@@HOUSTON, TX - MULO",232,232,1226369.61,0,2022-01-09,2026-06-14,0,0.0,2,0,2|0
"SUBCATEGORY_GREENS-&-LETTUCE_HEAD-CABBAGE@@INDIANAPOLIS, IN - MULO",232,232,367232.43,0,2022-01-09,2026-06-14,0,0.0,0,0,0|0
"SUBCATEGORY_GREENS-&-LETTUCE_HEAD-CABBAGE@@JACKSONVILLE, FL - MULO",232,232,805582.87,0,2022-01-09,2026-06-14,0,0.0,1,0,1|0
"SUBCATEGORY_GREENS-&-LETTUCE_HEAD-CABBAGE@@KANSAS CITY, KS - MULO",232,232,389155.73,0,2022-01-09,2026-06-14,0,0.0,0,0,0|0
"SUBCATEGORY_GREENS-&-LETTUCE_HEAD-CABBAGE@@KNOXVILLE, TN - MULO",232,232,337966.26,0,2022-01-09,2026-06-14,0,0.0,0,0,0|0
"SUBCATEGORY_GREENS-&-LETTUCE_HEAD-CABBAGE@@LAS VEGAS, NV - MULO",232,232,959224.03,0,2022-01-09,2026-06-14,0,0.0,1,0,1|0
"SUBCATEGORY_GREENS-&-LETTUCE_HEAD-CABBAGE@@LITTLE ROCK, AR - MULO",232,232,197602.98,0,2022-01-09,2026-06-14,0,0.0,0,0,0|0
"SUBCATEGORY_GREENS-&-LETTUCE_HEAD-CABBAGE@@LOS ANGELES, CA - MULO",232,232,4372640.25,0,2022-01-09,2026-06-14,0,0.0,4,0,4|0
"SUBCATEGORY_GREENS-&-LETTUCE_HEAD-CABBAGE@@LOUISVILLE, KY - MULO",232,232,332875.53,0,2022-01-09,2026-06-14,0,0.0,0,0,0|0
"SUBCATEGORY_GREENS-&-LETTUCE_HEAD-CABBAGE@@MEMPHIS, TN - MULO",232,232,112717.25,0,2022-01-09,2026-06-14,0,0.0,0,0,0|0
"SUBCATEGORY_GREENS-&-LETTUCE_HEAD-CABBAGE@@MIAMI/FT. LAUDERDALE, FL - MULO",232,232,1195410.62,0,2022-01-09,2026-06-14,0,0.0,1,0,1|0
"SUBCATEGORY_GREENS-&-LETTUCE_HEAD-CABBAGE@@MILWAUKEE, WI - MULO",232,232,394836.81,0,2022-01-09,2026-06-14,0,0.0,0,0,0|0
"SUBCATEGORY_GREENS-&-LETTUCE_HEAD-CABBAGE@@MINNEAPOLIS/ST. PAUL, MN - MULO",232,232,1550728.23,0,2022-01-09,2026-06-14,0,0.0,2,0,2|0
SUBCATEGORY_GREENS-&-LETTUCE_HEAD-CABBAGE@@MISSISSIPPI - MULO,232,232,293588.5,0,2022-01-09,2026-06-14,0,0.0,0,0,0|0
"SUBCATEGORY_GREENS-&-LETTUCE_HEAD-CABBAGE@@NASHVILLE, TN - MULO",232,232,421195.07,0,2022-01-09,2026-06-14,0,0.0,0,0,0|0
SUBCATEGORY_GREENS-&-LETTUCE_HEAD-CABBAGE@@NEW ENGLAND - MULO,232,232,1758754.58,0,2022-01-09,2026-06-14,0,0.0,2,0,2|0
"SUBCATEGORY_GREENS-&-LETTUCE_HEAD-CABBAGE@@NEW ORLEANS, LA/MOBILE, AL - MULO",232,232,782626.53,0,2022-01-09,2026-06-14,0,0.0,1,0,1|0
"SUBCATEGORY_GREENS-&-LETTUCE_HEAD-CABBAGE@@NEW YORK, NY - MULO",232,232,6129212.74,0,2022-01-09,2026-06-14,0,0.0,4,0,4|0
"SUBCATEGORY_GREENS-&-LETTUCE_HEAD-CABBAGE@@OKLAHOMA CITY, OK - MULO",232,232,475450.15,0,2022-01-09,2026-06-14,0,0.0,1,0,1|0
"SUBCATEGORY_GREENS-&-LETTUCE_HEAD-CABBAGE@@OMAHA, NE - MULO",232,232,440066.43,0,2022-01-09,2026-06-14,0,0.0,1,0,1|0
"SUBCATEGORY_GREENS-&-LETTUCE_HEAD-CABBAGE@@ORLANDO, FL - MULO",232,232,1195281.28,0,2022-01-09,2026-06-14,0,0.0,1,0,1|0
"SUBCATEGORY_GREENS-&-LETTUCE_HEAD-CABBAGE@@PEORIA/SPRINGFIELD, IL - MULO",232,232,368560.31,0,2022-01-09,2026-06-14,0,0.0,0,0,0|0
"SUBCATEGORY_GREENS-&-LETTUCE_HEAD-CABBAGE@@PHILADELPHIA, PA - MULO",232,232,3570189.55,0,2022-01-09,2026-06-14,0,0.0,3,0,3|0
"SUBCATEGORY_GREENS-&-LETTUCE_HEAD-CABBAGE@@PHOENIX/TUCSON, AZ - MULO",232,232,751899.34,0,2022-01-09,2026-06-14,0,0.0,1,0,1|0
"SUBCATEGORY_GREENS-&-LETTUCE_HEAD-CABBAGE@@PITTSBURGH, PA - MULO",232,232,650020.36,0,2022-01-09,2026-06-14,0,0.0,1,0,1|0
"SUBCATEGORY_GREENS-&-LETTUCE_HEAD-CABBAGE@@PORTLAND, OR - MULO",232,232,752721.41,0,2022-01-09,2026-06-14,0,0.0,1,0,1|0
"SUBCATEGORY_GREENS-&-LETTUCE_HEAD-CABBAGE@@PROVIDENCE, RI - MULO",232,232,417433.4,0,2022-01-09,2026-06-14,0,0.0,0,0,0|0
"SUBCATEGORY_GREENS-&-LETTUCE_HEAD-CABBAGE@@RALEIGH/GREENSBORO, NC - MULO",232,232,1712187.59,0,2022-01-09,2026-06-14,0,0.0,2,0,2|0
"SUBCATEGORY_GREENS-&-LETTUCE_HEAD-CABBAGE@@RICHMOND/NORFOLK, VA - MULO",232,232,1142259.74,0,2022-01-09,2026-06-14,0,0.0,1,0,1|0
"SUBCATEGORY_GREENS-&-LETTUCE_HEAD-CABBAGE@@ROANOKE, VA - MULO",232,232,577544.35,0,2022-01-09,2026-06-14,0,0.0,1,0,1|0
"SUBCATEGORY_GREENS-&-LETTUCE_HEAD-CABBAGE@@SACRAMENTO, CA - MULO",232,232,1067829.35,0,2022-01-09,2026-06-14,0,0.0,1,0,1|0
"SUBCATEGORY_GREENS-&-LETTUCE_HEAD-CABBAGE@@SALT LAKE CITY, UT - MULO",232,232,303346.03,0,2022-01-09,2026-06-14,0,0.0,0,0,0|0
"SUBCATEGORY_GREENS-&-LETTUCE_HEAD-CABBAGE@@SAN DIEGO, CA - MULO",232,232,523943.76,0,2022-01-09,2026-06-14,0,0.0,1,0,1|0
"SUBCATEGORY_GREENS-&-LETTUCE_HEAD-CABBAGE@@SAN FRANCISCO/OAKLAND, CA - MULO",232,232,924548.86,0,2022-01-09,2026-06-14,0,0.0,1,0,1|0
"SUBCATEGORY_GREENS-&-LETTUCE_HEAD-CABBAGE@@SEATTLE/TACOMA, WA - MULO",232,232,583216.01,0,2022-01-09,2026-06-14,0,0.0,1,0,1|0
SUBCATEGORY_GREENS-&-LETTUCE_HEAD-CABBAGE@@SOUTH CAROLINA - MULO,232,232,1422986.72,0,2022-01-09,2026-06-14,0,0.0,2,0,2|0
"SUBCATEGORY_GREENS-&-LETTUCE_HEAD-CABBAGE@@SPOKANE, WA - MULO",225,232,114435.35,0,2022-01-09,2026-06-14,7,0.0,0,0,0|0
"SUBCATEGORY_GREENS-&-LETTUCE_HEAD-CABBAGE@@ST. LOUIS, MO - MULO",232,232,420376.06,0,2022-01-09,2026-06-14,0,0.0,0,0,0|0
"SUBCATEGORY_GREENS-&-LETTUCE_HEAD-CABBAGE@@SYRACUSE, NY - MULO",232,232,975722.12,0,2022-01-09,2026-06-14,0,0.0,1,0,1|0
"SUBCATEGORY_GREENS-&-LETTUCE_HEAD-CABBAGE@@TAMPA/ST. PETERSBURG, FL - MULO",232,232,1132664.1,0,2022-01-09,2026-06-14,0,0.0,1,0,1|0
"SUBCATEGORY_GREENS-&-LETTUCE_HEAD-CABBAGE@@TOLEDO, OH - MULO",232,232,195661.01,0,2022-01-09,2026-06-14,0,0.0,0,0,0|0
"SUBCATEGORY_GREENS-&-LETTUCE_HEAD-CABBAGE@@TULSA, OK - MULO",232,232,519889.52,0,2022-01-09,2026-06-14,0,0.0,1,0,1|0
SUBCATEGORY_GREENS-&-LETTUCE_HEAD-CABBAGE@@WEST TEXAS/NEW MEXICO - MULO,232,232,454809.91,0,2022-01-09,2026-06-14,0,0.0,1,0,1|0
"SUBCATEGORY_GREENS-&-LETTUCE_HEAD-CABBAGE@@WICHITA, KS - MULO",232,232,262675.43,0,2022-01-09,2026-06-14,0,0.0,0,0,0|0
"SUBCATEGORY_GREENS-&-LETTUCE_HEAD-LETTUCE@@ALBANY, NY - MULO",232,232,11415820.33,0,2022-01-09,2026-06-14,0,0.0,6,0,6|0
"SUBCATEGORY_GREENS-&-LETTUCE_HEAD-LETTUCE@@ATLANTA, GA - MULO",232,232,17694793.81,0,2022-01-09,2026-06-14,0,0.0,7,0,7|0
"SUBCATEGORY_GREENS-&-LETTUCE_HEAD-LETTUCE@@BALTIMORE, MD/WASHINGTON D.C. - MULO",232,232,58324233.68,0,2022-01-09,2026-06-14,0,0.0,9,0,9|0
"SUBCATEGORY_GREENS-&-LETTUCE_HEAD-LETTUCE@@BIRMINGHAM/MONTGOMERY, AL - MULO",232,232,22128624.25,0,2022-01-09,2026-06-14,0,0.0,7,0,7|0
"SUBCATEGORY_GREENS-&-LETTUCE_HEAD-LETTUCE@@BOISE, ID - MULO",232,232,1255938.98,0,2022-01-09,2026-06-14,0,0.0,2,0,2|0
"SUBCATEGORY_GREENS-&-LETTUCE_HEAD-LETTUCE@@BOSTON, MA - MULO",232,232,43874138.28,0,2022-01-09,2026-06-14,0,0.0,8,0,8|0
"SUBCATEGORY_GREENS-&-LETTUCE_HEAD-LETTUCE@@BUFFALO/ROCHESTER, NY - MULO",232,232,32496625.38,0,2022-01-09,2026-06-14,0,0.0,8,0,8|0
"SUBCATEGORY_GREENS-&-LETTUCE_HEAD-LETTUCE@@CHARLOTTE, NC - MULO",232,232,22346341.71,0,2022-01-09,2026-06-14,0,0.0,7,0,7|0
"SUBCATEGORY_GREENS-&-LETTUCE_HEAD-LETTUCE@@CHICAGO, IL - MULO",232,232,31124337.62,0,2022-01-09,2026-06-14,0,0.0,8,0,8|0
"SUBCATEGORY_GREENS-&-LETTUCE_HEAD-LETTUCE@@CINCINNATI/DAYTON, OH - MULO",232,232,13966362.57,0,2022-01-09,2026-06-14,0,0.0,6,0,6|0
"SUBCATEGORY_GREENS-&-LETTUCE_HEAD-LETTUCE@@CLEVELAND, OH - MULO",232,232,9486503.15,0,2022-01-09,2026-06-14,0,0.0,5,0,5|0
"SUBCATEGORY_GREENS-&-LETTUCE_HEAD-LETTUCE@@COLUMBUS, OH - MULO",232,232,7078040.23,0,2022-01-09,2026-06-14,0,0.0,5,0,5|0
"SUBCATEGORY_GREENS-&-LETTUCE_HEAD-LETTUCE@@DALLAS/FT. WORTH, TX - MULO",232,232,34089859.09,0,2022-01-09,2026-06-14,0,0.0,8,0,8|0
"SUBCATEGORY_GREENS-&-LETTUCE_HEAD-LETTUCE@@DENVER, CO - MULO",232,232,26618592.82,0,2022-01-09,2026-06-14,0,0.0,7,0,7|0
"SUBCATEGORY_GREENS-&-LETTUCE_HEAD-LETTUCE@@DES MOINES, IA - MULO",232,232,2364139.52,0,2022-01-09,2026-06-14,0,0.0,3,0,3|0
"SUBCATEGORY_GREENS-&-LETTUCE_HEAD-LETTUCE@@DETROIT, MI - MULO",232,232,35755843.54,0,2022-01-09,2026-06-14,0,0.0,8,0,8|0
"SUBCATEGORY_GREENS-&-LETTUCE_HEAD-LETTUCE@@GRAND RAPIDS, MI - MULO",232,232,21411307.28,0,2022-01-09,2026-06-14,0,0.0,7,0,7|0
"SUBCATEGORY_GREENS-&-LETTUCE_HEAD-LETTUCE@@GREEN BAY, WI - MULO",232,232,2942370.47,0,2022-01-09,2026-06-14,0,0.0,3,0,3|0
"SUBCATEGORY_GREENS-&-LETTUCE_HEAD-LETTUCE@@HARRISBURG/SCRANTON, PA - MULO",232,232,40510271.11,0,2022-01-09,2026-06-14,0,0.0,8,0,8|0
"SUBCATEGORY_GREENS-&-LETTUCE_HEAD-LETTUCE@@HARTFORD, CT/SPRINGFIELD, MA - MULO",232,232,54086540.95,0,2022-01-09,2026-06-14,0,0.0,8,0,8|0
"SUBCATEGORY_GREENS-&-LETTUCE_HEAD-LETTUCE@@HOUSTON, TX - MULO",232,232,18571067.01,0,2022-01-09,2026-06-14,0,0.0,7,0,7|0
"SUBCATEGORY_GREENS-&-LETTUCE_HEAD-LETTUCE@@INDIANAPOLIS, IN - MULO",232,232,10994318.24,0,2022-01-09,2026-06-14,0,0.0,6,0,6|0
"SUBCATEGORY_GREENS-&-LETTUCE_HEAD-LETTUCE@@JACKSONVILLE, FL - MULO",232,232,16319931.63,0,2022-01-09,2026-06-14,0,0.0,7,0,7|0
"SUBCATEGORY_GREENS-&-LETTUCE_HEAD-LETTUCE@@KANSAS CITY, KS - MULO",232,232,9543267.48,0,2022-01-09,2026-06-14,0,0.0,5,0,5|0
"SUBCATEGORY_GREENS-&-LETTUCE_HEAD-LETTUCE@@KNOXVILLE, TN - MULO",232,232,4507433.84,0,2022-01-09,2026-06-14,0,0.0,4,0,4|0
"SUBCATEGORY_GREENS-&-LETTUCE_HEAD-LETTUCE@@LAS VEGAS, NV - MULO",232,232,7779200.33,0,2022-01-09,2026-06-14,0,0.0,5,0,5|0
"SUBCATEGORY_GREENS-&-LETTUCE_HEAD-LETTUCE@@LITTLE ROCK, AR - MULO",232,232,3528943.0,0,2022-01-09,2026-06-14,0,0.0,3,0,3|0
"SUBCATEGORY_GREENS-&-LETTUCE_HEAD-LETTUCE@@LOS ANGELES, CA - MULO",232,232,63933818.21,0,2022-01-09,2026-06-14,0,0.0,9,0,9|0
"SUBCATEGORY_GREENS-&-LETTUCE_HEAD-LETTUCE@@LOUISVILLE, KY - MULO",232,232,7453458.47,0,2022-01-09,2026-06-14,0,0.0,5,0,5|0
"SUBCATEGORY_GREENS-&-LETTUCE_HEAD-LETTUCE@@MEMPHIS, TN - MULO",232,232,5614657.1,0,2022-01-09,2026-06-14,0,0.0,4,0,4|0
"SUBCATEGORY_GREENS-&-LETTUCE_HEAD-LETTUCE@@MIAMI/FT. LAUDERDALE, FL - MULO",232,232,51072635.89,0,2022-01-09,2026-06-14,0,0.0,8,0,8|0
"SUBCATEGORY_GREENS-&-LETTUCE_HEAD-LETTUCE@@MILWAUKEE, WI - MULO",232,232,5955920.7,0,2022-01-09,2026-06-14,0,0.0,4,0,4|0
"SUBCATEGORY_GREENS-&-LETTUCE_HEAD-LETTUCE@@MINNEAPOLIS/ST. PAUL, MN - MULO",232,232,12051496.74,0,2022-01-09,2026-06-14,0,0.0,6,0,6|0
SUBCATEGORY_GREENS-&-LETTUCE_HEAD-LETTUCE@@MISSISSIPPI - MULO,232,232,12730057.7,0,2022-01-09,2026-06-14,0,0.0,6,0,6|0
"SUBCATEGORY_GREENS-&-LETTUCE_HEAD-LETTUCE@@NASHVILLE, TN - MULO",232,232,12533217.02,0,2022-01-09,2026-06-14,0,0.0,6,0,6|0
SUBCATEGORY_GREENS-&-LETTUCE_HEAD-LETTUCE@@NEW ENGLAND - MULO,232,232,20188146.45,0,2022-01-09,2026-06-14,0,0.0,7,0,7|0
"SUBCATEGORY_GREENS-&-LETTUCE_HEAD-LETTUCE@@NEW ORLEANS, LA/MOBILE, AL - MULO",232,232,31263303.5,0,2022-01-09,2026-06-14,0,0.0,8,0,8|0
"SUBCATEGORY_GREENS-&-LETTUCE_HEAD-LETTUCE@@NEW YORK, NY - MULO",232,232,188359384.07,0,2022-01-09,2026-06-14,0,0.0,9,0,9|0
"SUBCATEGORY_GREENS-&-LETTUCE_HEAD-LETTUCE@@OKLAHOMA CITY, OK - MULO",232,232,8243767.86,0,2022-01-09,2026-06-14,0,0.0,5,0,5|0
"SUBCATEGORY_GREENS-&-LETTUCE_HEAD-LETTUCE@@OMAHA, NE - MULO",232,232,6766752.56,0,2022-01-09,2026-06-14,0,0.0,5,0,5|0
"SUBCATEGORY_GREENS-&-LETTUCE_HEAD-LETTUCE@@ORLANDO, FL - MULO",232,232,43455181.7,0,2022-01-09,2026-06-14,0,0.0,8,0,8|0
"SUBCATEGORY_GREENS-&-LETTUCE_HEAD-LETTUCE@@PEORIA/SPRINGFIELD, IL - MULO",232,232,5090492.45,0,2022-01-09,2026-06-14,0,0.0,4,0,4|0
"SUBCATEGORY_GREENS-&-LETTUCE_HEAD-LETTUCE@@PHILADELPHIA, PA - MULO",232,232,62085580.31,0,2022-01-09,2026-06-14,0,0.0,9,0,9|0
"SUBCATEGORY_GREENS-&-LETTUCE_HEAD-LETTUCE@@PHOENIX/TUCSON, AZ - MULO",232,232,19430271.0,0,2022-01-09,2026-06-14,0,0.0,7,0,7|0
"SUBCATEGORY_GREENS-&-LETTUCE_HEAD-LETTUCE@@PITTSBURGH, PA - MULO",232,232,13946937.81,0,2022-01-09,2026-06-14,0,0.0,6,0,6|0
"SUBCATEGORY_GREENS-&-LETTUCE_HEAD-LETTUCE@@PORTLAND, OR - MULO",232,232,7519834.78,0,2022-01-09,2026-06-14,0,0.0,5,0,5|0
"SUBCATEGORY_GREENS-&-LETTUCE_HEAD-LETTUCE@@PROVIDENCE, RI - MULO",232,232,11566888.62,0,2022-01-09,2026-06-14,0,0.0,6,0,6|0
"SUBCATEGORY_GREENS-&-LETTUCE_HEAD-LETTUCE@@RALEIGH/GREENSBORO, NC - MULO",232,232,22203248.4,0,2022-01-09,2026-06-14,0,0.0,7,0,7|0
"SUBCATEGORY_GREENS-&-LETTUCE_HEAD-LETTUCE@@RICHMOND/NORFOLK, VA - MULO",232,232,17548867.97,0,2022-01-09,2026-06-14,0,0.0,7,0,7|0
"SUBCATEGORY_GREENS-&-LETTUCE_HEAD-LETTUCE@@ROANOKE, VA - MULO",232,232,9434705.79,0,2022-01-09,2026-06-14,0,0.0,5,0,5|0
"SUBCATEGORY_GREENS-&-LETTUCE_HEAD-LETTUCE@@SACRAMENTO, CA - MULO",232,232,12891342.45,0,2022-01-09,2026-06-14,0,0.0,6,0,6|0
"SUBCATEGORY_GREENS-&-LETTUCE_HEAD-LETTUCE@@SALT LAKE CITY, UT - MULO",232,232,4246388.64,0,2022-01-09,2026-06-14,0,0.0,4,0,4|0
"SUBCATEGORY_GREENS-&-LETTUCE_HEAD-LETTUCE@@SAN DIEGO, CA - MULO",232,232,12560642.64,0,2022-01-09,2026-06-14,0,0.0,6,0,6|0
"SUBCATEGORY_GREENS-&-LETTUCE_HEAD-LETTUCE@@SAN FRANCISCO/OAKLAND, CA - MULO",232,232,21631479.64,0,2022-01-09,2026-06-14,0,0.0,7,0,7|0
"SUBCATEGORY_GREENS-&-LETTUCE_HEAD-LETTUCE@@SEATTLE/TACOMA, WA - MULO",232,232,10874009.42,0,2022-01-09,2026-06-14,0,0.0,6,0,6|0
SUBCATEGORY_GREENS-&-LETTUCE_HEAD-LETTUCE@@SOUTH CAROLINA - MULO,232,232,25207863.56,0,2022-01-09,2026-06-14,0,0.0,7,0,7|0
"SUBCATEGORY_GREENS-&-LETTUCE_HEAD-LETTUCE@@SPOKANE, WA - MULO",232,232,1567077.45,0,2022-01-09,2026-06-14,0,0.0,2,0,2|0
"SUBCATEGORY_GREENS-&-LETTUCE_HEAD-LETTUCE@@ST. LOUIS, MO - MULO",232,232,10164635.09,0,2022-01-09,2026-06-14,0,0.0,6,0,6|0
"SUBCATEGORY_GREENS-&-LETTUCE_HEAD-LETTUCE@@SYRACUSE, NY - MULO",232,232,14888167.54,0,2022-01-09,2026-06-14,0,0.0,6,0,6|0
"SUBCATEGORY_GREENS-&-LETTUCE_HEAD-LETTUCE@@TAMPA/ST. PETERSBURG, FL - MULO",232,232,44765968.28,0,2022-01-09,2026-06-14,0,0.0,8,0,8|0
"SUBCATEGORY_GREENS-&-LETTUCE_HEAD-LETTUCE@@TOLEDO, OH - MULO",232,232,8460886.96,0,2022-01-09,2026-06-14,0,0.0,5,0,5|0
"SUBCATEGORY_GREENS-&-LETTUCE_HEAD-LETTUCE@@TULSA, OK - MULO",232,232,6702689.09,0,2022-01-09,2026-06-14,0,0.0,5,0,5|0
SUBCATEGORY_GREENS-&-LETTUCE_HEAD-LETTUCE@@WEST TEXAS/NEW MEXICO - MULO,232,232,17950292.48,0,2022-01-09,2026-06-14,0,0.0,7,0,7|0
"SUBCATEGORY_GREENS-&-LETTUCE_HEAD-LETTUCE@@WICHITA, KS - MULO",232,232,7291390.45,0,2022-01-09,2026-06-14,0,0.0,5,0,5|0
"SUBCATEGORY_HERBS_BUNCHED-HERBS@@ALBANY, NY - MULO",231,232,142589.92,0,2022-01-09,2026-06-14,1,0.0,0,0,0|0
"SUBCATEGORY_HERBS_BUNCHED-HERBS@@ATLANTA, GA - MULO",232,232,2259336.37,0,2022-01-09,2026-06-14,0,0.0,2,0,2|0
"SUBCATEGORY_HERBS_BUNCHED-HERBS@@BALTIMORE, MD/WASHINGTON D.C. - MULO",232,232,5526314.03,0,2022-01-09,2026-06-14,0,0.0,4,0,4|0
"SUBCATEGORY_HERBS_BUNCHED-HERBS@@BIRMINGHAM/MONTGOMERY, AL - MULO",232,232,820012.17,0,2022-01-09,2026-06-14,0,0.0,1,0,1|0
"SUBCATEGORY_HERBS_BUNCHED-HERBS@@BOSTON, MA - MULO",232,232,186487.82,0,2022-01-09,2026-06-14,0,0.0,0,0,0|0
"SUBCATEGORY_HERBS_BUNCHED-HERBS@@BUFFALO/ROCHESTER, NY - MULO",232,232,506520.91,0,2022-01-09,2026-06-14,0,0.0,1,0,1|0
"SUBCATEGORY_HERBS_BUNCHED-HERBS@@CHARLOTTE, NC - MULO",232,232,115909.89,0,2022-01-09,2026-06-14,0,0.0,0,0,0|0
"SUBCATEGORY_HERBS_BUNCHED-HERBS@@CHICAGO, IL - MULO",232,232,694339.32,0,2022-01-09,2026-06-14,0,0.0,1,0,1|0
"SUBCATEGORY_HERBS_BUNCHED-HERBS@@CINCINNATI/DAYTON, OH - MULO",232,232,40904.3,0,2022-01-09,2026-06-14,0,0.0,0,0,0|0
"SUBCATEGORY_HERBS_BUNCHED-HERBS@@CLEVELAND, OH - MULO",232,232,1162319.73,0,2022-01-09,2026-06-14,0,0.0,1,0,1|0
"SUBCATEGORY_HERBS_BUNCHED-HERBS@@COLUMBUS, OH - MULO",232,232,52843.78,0,2022-01-09,2026-06-14,0,0.0,0,0,0|0
"SUBCATEGORY_HERBS_BUNCHED-HERBS@@DALLAS/FT. WORTH, TX - MULO",232,232,856736.98,0,2022-01-09,2026-06-14,0,0.0,1,0,1|0
"SUBCATEGORY_HERBS_BUNCHED-HERBS@@DENVER, CO - MULO",230,232,173257.4,0,2022-01-09,2026-06-14,2,0.0,0,0,0|0
"SUBCATEGORY_HERBS_BUNCHED-HERBS@@DES MOINES, IA - MULO",168,192,82503.82,18,2022-10-16,2026-06-14,24,0.10714285714285714,0,1,0|1
"SUBCATEGORY_HERBS_BUNCHED-HERBS@@DETROIT, MI - MULO",231,232,44102.0,20,2022-01-09,2026-06-14,1,0.08658008658008658,0,1,0|1
"SUBCATEGORY_HERBS_BUNCHED-HERBS@@GRAND RAPIDS, MI - MULO",228,232,22289.9,4,2022-01-09,2026-06-14,4,0.017543859649122806,0,0,0|0
"SUBCATEGORY_HERBS_BUNCHED-HERBS@@GREEN BAY, WI - MULO",214,223,1724.6399999999999,170,2022-03-13,2026-06-14,9,0.794392523364486,0,2,0|2
"SUBCATEGORY_HERBS_BUNCHED-HERBS@@HARRISBURG/SCRANTON, PA - MULO",232,232,718609.64,0,2022-01-09,2026-06-14,0,0.0,1,0,1|0
"SUBCATEGORY_HERBS_BUNCHED-HERBS@@HARTFORD, CT/SPRINGFIELD, MA - MULO",232,232,120003.78,0,2022-01-09,2026-06-14,0,0.0,0,0,0|0
"SUBCATEGORY_HERBS_BUNCHED-HERBS@@HOUSTON, TX - MULO",232,232,136500.92,0,2022-01-09,2026-06-14,0,0.0,0,0,0|0
"SUBCATEGORY_HERBS_BUNCHED-HERBS@@INDIANAPOLIS, IN - MULO",232,232,196430.28,1,2022-01-09,2026-06-14,0,0.004310344827586207,0,0,0|0
"SUBCATEGORY_HERBS_BUNCHED-HERBS@@JACKSONVILLE, FL - MULO",232,232,158243.59,0,2022-01-09,2026-06-14,0,0.0,0,0,0|0
"SUBCATEGORY_HERBS_BUNCHED-HERBS@@KANSAS CITY, KS - MULO",232,232,202482.85,0,2022-01-09,2026-06-14,0,0.0,0,0,0|0
"SUBCATEGORY_HERBS_BUNCHED-HERBS@@KNOXVILLE, TN - MULO",232,232,286212.13,0,2022-01-09,2026-06-14,0,0.0,0,0,0|0
"SUBCATEGORY_HERBS_BUNCHED-HERBS@@LAS VEGAS, NV - MULO",232,232,40047.96,0,2022-01-09,2026-06-14,0,0.0,0,0,0|0
"SUBCATEGORY_HERBS_BUNCHED-HERBS@@LITTLE ROCK, AR - MULO",201,229,93738.55,6,2022-01-30,2026-06-14,28,0.029850746268656716,0,0,0|0
"SUBCATEGORY_HERBS_BUNCHED-HERBS@@LOS ANGELES, CA - MULO",232,232,631156.27,0,2022-01-09,2026-06-14,0,0.0,1,0,1|0
"SUBCATEGORY_HERBS_BUNCHED-HERBS@@LOUISVILLE, KY - MULO",225,232,228554.77,16,2022-01-09,2026-06-14,7,0.07111111111111111,0,1,0|1
"SUBCATEGORY_HERBS_BUNCHED-HERBS@@MIAMI/FT. LAUDERDALE, FL - MULO",232,232,769800.6,0,2022-01-09,2026-06-14,0,0.0,1,0,1|0
"SUBCATEGORY_HERBS_BUNCHED-HERBS@@MILWAUKEE, WI - MULO",228,232,38866.31,0,2022-01-09,2026-06-14,4,0.0,0,0,0|0
"SUBCATEGORY_HERBS_BUNCHED-HERBS@@MINNEAPOLIS/ST. PAUL, MN - MULO",232,232,675342.08,0,2022-01-09,2026-06-14,0,0.0,1,0,1|0
SUBCATEGORY_HERBS_BUNCHED-HERBS@@MISSISSIPPI - MULO,232,232,93924.29,0,2022-01-09,2026-06-14,0,0.0,0,0,0|0
"SUBCATEGORY_HERBS_BUNCHED-HERBS@@NASHVILLE, TN - MULO",232,232,493668.43,0,2022-01-09,2026-06-14,0,0.0,1,0,1|0
SUBCATEGORY_HERBS_BUNCHED-HERBS@@NEW ENGLAND - MULO,232,232,134553.75,0,2022-01-09,2026-06-14,0,0.0,0,0,0|0
"SUBCATEGORY_HERBS_BUNCHED-HERBS@@NEW ORLEANS, LA/MOBILE, AL - MULO",232,232,375653.07,0,2022-01-09,2026-06-14,0,0.0,0,0,0|0
"SUBCATEGORY_HERBS_BUNCHED-HERBS@@NEW YORK, NY - MULO",232,232,1025930.4,0,2022-01-09,2026-06-14,0,0.0,1,0,1|0
"SUBCATEGORY_HERBS_BUNCHED-HERBS@@OKLAHOMA CITY, OK - MULO",207,224,40224.1,68,2022-03-06,2026-06-14,17,0.3285024154589372,0,2,0|2
"SUBCATEGORY_HERBS_BUNCHED-HERBS@@OMAHA, NE - MULO",232,232,50716.840000000004,0,2022-01-09,2026-06-14,0,0.0,0,0,0|0
"SUBCATEGORY_HERBS_BUNCHED-HERBS@@ORLANDO, FL - MULO",232,232,403799.26,0,2022-01-09,2026-06-14,0,0.0,0,0,0|0
"SUBCATEGORY_HERBS_BUNCHED-HERBS@@PEORIA/SPRINGFIELD, IL - MULO",215,232,551803.23,39,2022-01-09,2026-06-14,17,0.1813953488372093,1,1,1|1
"SUBCATEGORY_HERBS_BUNCHED-HERBS@@PHILADELPHIA, PA - MULO",232,232,408249.27,0,2022-01-09,2026-06-14,0,0.0,0,0,0|0
"SUBCATEGORY_HERBS_BUNCHED-HERBS@@PHOENIX/TUCSON, AZ - MULO",231,232,114422.26000000001,0,2022-01-09,2026-06-14,1,0.0,0,0,0|0
"SUBCATEGORY_HERBS_BUNCHED-HERBS@@PITTSBURGH, PA - MULO",232,232,78306.05,0,2022-01-09,2026-06-14,0,0.0,0,0,0|0
"SUBCATEGORY_HERBS_BUNCHED-HERBS@@PORTLAND, OR - MULO",228,232,34669.79,1,2022-01-09,2026-06-14,4,0.0043859649122807015,0,0,0|0
"SUBCATEGORY_HERBS_BUNCHED-HERBS@@PROVIDENCE, RI - MULO",211,231,24812.44,14,2022-01-16,2026-06-14,20,0.06635071090047394,0,1,0|1
"SUBCATEGORY_HERBS_BUNCHED-HERBS@@RALEIGH/GREENSBORO, NC - MULO",232,232,260744.33,0,2022-01-09,2026-06-14,0,0.0,0,0,0|0
"SUBCATEGORY_HERBS_BUNCHED-HERBS@@RICHMOND/NORFOLK, VA - MULO",232,232,337921.89,0,2022-01-09,2026-06-14,0,0.0,0,0,0|0
"SUBCATEGORY_HERBS_BUNCHED-HERBS@@ROANOKE, VA - MULO",224,232,136381.48,5,2022-01-09,2026-06-14,8,0.022321428571428572,0,0,0|0
"SUBCATEGORY_HERBS_BUNCHED-HERBS@@SACRAMENTO, CA - MULO",227,232,122556.26,0,2022-01-09,2026-06-14,5,0.0,0,0,0|0
"SUBCATEGORY_HERBS_BUNCHED-HERBS@@SALT LAKE CITY, UT - MULO",209,215,9893.91,170,2022-05-08,2026-06-14,6,0.8133971291866029,0,2,0|2
"SUBCATEGORY_HERBS_BUNCHED-HERBS@@SAN DIEGO, CA - MULO",232,232,237253.11000000002,0,2022-01-09,2026-06-14,0,0.0,0,0,0|0
"SUBCATEGORY_HERBS_BUNCHED-HERBS@@SAN FRANCISCO/OAKLAND, CA - MULO",232,232,261882.61,0,2022-01-09,2026-06-14,0,0.0,0,0,0|0
"SUBCATEGORY_HERBS_BUNCHED-HERBS@@SEATTLE/TACOMA, WA - MULO",232,232,197922.09,0,2022-01-09,2026-06-14,0,0.0,0,0,0|0
SUBCATEGORY_HERBS_BUNCHED-HERBS@@SOUTH CAROLINA - MULO,232,232,959046.05,0,2022-01-09,2026-06-14,0,0.0,1,0,1|0
"SUBCATEGORY_HERBS_BUNCHED-HERBS@@ST. LOUIS, MO - MULO",209,223,13959.87,165,2022-03-13,2026-06-14,14,0.7894736842105263,0,2,0|2
"SUBCATEGORY_HERBS_BUNCHED-HERBS@@SYRACUSE, NY - MULO",232,232,247098.05,0,2022-01-09,2026-06-14,0,0.0,0,0,0|0
"SUBCATEGORY_HERBS_BUNCHED-HERBS@@TAMPA/ST. PETERSBURG, FL - MULO",232,232,278653.35,0,2022-01-09,2026-06-14,0,0.0,0,0,0|0
"SUBCATEGORY_HERBS_BUNCHED-HERBS@@TOLEDO, OH - MULO",232,232,270617.48,0,2022-01-09,2026-06-14,0,0.0,0,0,0|0
SUBCATEGORY_HERBS_BUNCHED-HERBS@@WEST TEXAS/NEW MEXICO - MULO,174,191,77219.39,5,2022-10-23,2026-06-14,17,0.028735632183908046,0,0,0|0
"SUBCATEGORY_HERBS_BUNCHED-HERBS@@WICHITA, KS - MULO",206,232,7046.21,36,2022-01-09,2026-06-14,26,0.17475728155339806,0,1,0|1
"SUBCATEGORY_HERBS_HERB-PASTES@@ALBANY, NY - MULO",232,232,1273319.02,0,2022-01-09,2026-06-14,0,0.0,2,0,2|0
"SUBCATEGORY_HERBS_HERB-PASTES@@ATLANTA, GA - MULO",232,232,7697136.78,0,2022-01-09,2026-06-14,0,0.0,5,0,5|0
"SUBCATEGORY_HERBS_HERB-PASTES@@BALTIMORE, MD/WASHINGTON D.C. - MULO",232,232,7870842.85,0,2022-01-09,2026-06-14,0,0.0,5,0,5|0
"SUBCATEGORY_HERBS_HERB-PASTES@@BIRMINGHAM/MONTGOMERY, AL - MULO",232,232,3653816.41,0,2022-01-09,2026-06-14,0,0.0,3,0,3|0
"SUBCATEGORY_HERBS_HERB-PASTES@@BOISE, ID - MULO",232,232,651861.33,0,2022-01-09,2026-06-14,0,0.0,1,0,1|0
"SUBCATEGORY_HERBS_HERB-PASTES@@BOSTON, MA - MULO",232,232,4547238.19,0,2022-01-09,2026-06-14,0,0.0,4,0,4|0
"SUBCATEGORY_HERBS_HERB-PASTES@@BUFFALO/ROCHESTER, NY - MULO",232,232,1016190.61,0,2022-01-09,2026-06-14,0,0.0,1,0,1|0
"SUBCATEGORY_HERBS_HERB-PASTES@@CHARLOTTE, NC - MULO",232,232,2416570.89,0,2022-01-09,2026-06-14,0,0.0,3,0,3|0
"SUBCATEGORY_HERBS_HERB-PASTES@@CHICAGO, IL - MULO",232,232,6318932.63,0,2022-01-09,2026-06-14,0,0.0,4,0,4|0
"SUBCATEGORY_HERBS_HERB-PASTES@@CINCINNATI/DAYTON, OH - MULO",232,232,2522101.38,0,2022-01-09,2026-06-14,0,0.0,3,0,3|0
"SUBCATEGORY_HERBS_HERB-PASTES@@CLEVELAND, OH - MULO",232,232,2003465.06,0,2022-01-09,2026-06-14,0,0.0,2,0,2|0
"SUBCATEGORY_HERBS_HERB-PASTES@@COLUMBUS, OH - MULO",232,232,2004866.1099999999,0,2022-01-09,2026-06-14,0,0.0,2,0,2|0
"SUBCATEGORY_HERBS_HERB-PASTES@@DALLAS/FT. WORTH, TX - MULO",232,232,6118666.6,0,2022-01-09,2026-06-14,0,0.0,4,0,4|0
"SUBCATEGORY_HERBS_HERB-PASTES@@DENVER, CO - MULO",232,232,6036291.46,0,2022-01-09,2026-06-14,0,0.0,4,0,4|0
"SUBCATEGORY_HERBS_HERB-PASTES@@DES MOINES, IA - MULO",232,232,717189.51,0,2022-01-09,2026-06-14,0,0.0,1,0,1|0
"SUBCATEGORY_HERBS_HERB-PASTES@@DETROIT, MI - MULO",232,232,4576933.53,0,2022-01-09,2026-06-14,0,0.0,4,0,4|0
"SUBCATEGORY_HERBS_HERB-PASTES@@GRAND RAPIDS, MI - MULO",232,232,1540304.51,0,2022-01-09,2026-06-14,0,0.0,2,0,2|0
"SUBCATEGORY_HERBS_HERB-PASTES@@GREEN BAY, WI - MULO",232,232,409679.9,0,2022-01-09,2026-06-14,0,0.0,0,0,0|0
"SUBCATEGORY_HERBS_HERB-PASTES@@HARRISBURG/SCRANTON, PA - MULO",232,232,2795473.83,0,2022-01-09,2026-06-14,0,0.0,3,0,3|0
"SUBCATEGORY_HERBS_HERB-PASTES@@HARTFORD, CT/SPRINGFIELD, MA - MULO",232,232,3714550.85,0,2022-01-09,2026-06-14,0,0.0,3,0,3|0
"SUBCATEGORY_HERBS_HERB-PASTES@@HOUSTON, TX - MULO",232,232,2530196.34,0,2022-01-09,2026-06-14,0,0.0,3,0,3|0
"SUBCATEGORY_HERBS_HERB-PASTES@@INDIANAPOLIS, IN - MULO",232,232,2030915.1199999999,0,2022-01-09,2026-06-14,0,0.0,2,0,2|0
"SUBCATEGORY_HERBS_HERB-PASTES@@JACKSONVILLE, FL - MULO",232,232,3013245.39,0,2022-01-09,2026-06-14,0,0.0,3,0,3|0
"SUBCATEGORY_HERBS_HERB-PASTES@@KANSAS CITY, KS - MULO",232,232,1670440.79,0,2022-01-09,2026-06-14,0,0.0,2,0,2|0
"SUBCATEGORY_HERBS_HERB-PASTES@@KNOXVILLE, TN - MULO",232,232,846483.37,0,2022-01-09,2026-06-14,0,0.0,1,0,1|0
"SUBCATEGORY_HERBS_HERB-PASTES@@LAS VEGAS, NV - MULO",232,232,2295787.69,0,2022-01-09,2026-06-14,0,0.0,2,0,2|0
"SUBCATEGORY_HERBS_HERB-PASTES@@LITTLE ROCK, AR - MULO",232,232,612738.56,0,2022-01-09,2026-06-14,0,0.0,1,0,1|0
"SUBCATEGORY_HERBS_HERB-PASTES@@LOS ANGELES, CA - MULO",232,232,13408990.64,0,2022-01-09,2026-06-14,0,0.0,6,0,6|0
"SUBCATEGORY_HERBS_HERB-PASTES@@LOUISVILLE, KY - MULO",232,232,1069434.65,0,2022-01-09,2026-06-14,0,0.0,1,0,1|0
"SUBCATEGORY_HERBS_HERB-PASTES@@MEMPHIS, TN - MULO",232,232,862641.05,0,2022-01-09,2026-06-14,0,0.0,1,0,1|0
"SUBCATEGORY_HERBS_HERB-PASTES@@MIAMI/FT. LAUDERDALE, FL - MULO",232,232,8225956.67,0,2022-01-09,2026-06-14,0,0.0,5,0,5|0
"SUBCATEGORY_HERBS_HERB-PASTES@@MILWAUKEE, WI - MULO",232,232,1903238.34,0,2022-01-09,2026-06-14,0,0.0,2,0,2|0
"SUBCATEGORY_HERBS_HERB-PASTES@@MINNEAPOLIS/ST. PAUL, MN - MULO",232,232,3498769.76,0,2022-01-09,2026-06-14,0,0.0,3,0,3|0
SUBCATEGORY_HERBS_HERB-PASTES@@MISSISSIPPI - MULO,232,232,1083200.24,0,2022-01-09,2026-06-14,0,0.0,1,0,1|0
"SUBCATEGORY_HERBS_HERB-PASTES@@NASHVILLE, TN - MULO",232,232,2504610.05,0,2022-01-09,2026-06-14,0,0.0,3,0,3|0
SUBCATEGORY_HERBS_HERB-PASTES@@NEW ENGLAND - MULO,232,232,4317593.36,0,2022-01-09,2026-06-14,0,0.0,4,0,4|0
"SUBCATEGORY_HERBS_HERB-PASTES@@NEW ORLEANS, LA/MOBILE, AL - MULO",232,232,2728221.31,0,2022-01-09,2026-06-14,0,0.0,3,0,3|0
"SUBCATEGORY_HERBS_HERB-PASTES@@NEW YORK, NY - MULO",232,232,13002400.18,0,2022-01-09,2026-06-14,0,0.0,6,0,6|0
"SUBCATEGORY_HERBS_HERB-PASTES@@OKLAHOMA CITY, OK - MULO",232,232,1230926.67,0,2022-01-09,2026-06-14,0,0.0,2,0,2|0
"SUBCATEGORY_HERBS_HERB-PASTES@@OMAHA, NE - MULO",232,232,1149014.41,0,2022-01-09,2026-06-14,0,0.0,1,0,1|0
"SUBCATEGORY_HERBS_HERB-PASTES@@ORLANDO, FL - MULO",232,232,5997452.64,0,2022-01-09,2026-06-14,0,0.0,4,0,4|0
"SUBCATEGORY_HERBS_HERB-PASTES@@PEORIA/SPRINGFIELD, IL - MULO",232,232,1161012.54,0,2022-01-09,2026-06-14,0,0.0,1,0,1|0
"SUBCATEGORY_HERBS_HERB-PASTES@@PHILADELPHIA, PA - MULO",232,232,6219082.54,0,2022-01-09,2026-06-14,0,0.0,4,0,4|0
"SUBCATEGORY_HERBS_HERB-PASTES@@PHOENIX/TUCSON, AZ - MULO",232,232,5208195.16,0,2022-01-09,2026-06-14,0,0.0,4,0,4|0
"SUBCATEGORY_HERBS_HERB-PASTES@@PITTSBURGH, PA - MULO",232,232,1751455.15,0,2022-01-09,2026-06-14,0,0.0,2,0,2|0
"SUBCATEGORY_HERBS_HERB-PASTES@@PORTLAND, OR - MULO",232,232,5308831.16,0,2022-01-09,2026-06-14,0,0.0,4,0,4|0
"SUBCATEGORY_HERBS_HERB-PASTES@@PROVIDENCE, RI - MULO",232,232,993507.47,0,2022-01-09,2026-06-14,0,0.0,1,0,1|0
"SUBCATEGORY_HERBS_HERB-PASTES@@RALEIGH/GREENSBORO, NC - MULO",232,232,2966895.04,0,2022-01-09,2026-06-14,0,0.0,3,0,3|0
"SUBCATEGORY_HERBS_HERB-PASTES@@RICHMOND/NORFOLK, VA - MULO",232,232,2441896.49,0,2022-01-09,2026-06-14,0,0.0,3,0,3|0
"SUBCATEGORY_HERBS_HERB-PASTES@@ROANOKE, VA - MULO",232,232,1394627.68,0,2022-01-09,2026-06-14,0,0.0,2,0,2|0
"SUBCATEGORY_HERBS_HERB-PASTES@@SACRAMENTO, CA - MULO",232,232,3387709.12,0,2022-01-09,2026-06-14,0,0.0,3,0,3|0
"SUBCATEGORY_HERBS_HERB-PASTES@@SALT LAKE CITY, UT - MULO",232,232,2370315.25,0,2022-01-09,2026-06-14,0,0.0,3,0,3|0
"SUBCATEGORY_HERBS_HERB-PASTES@@SAN DIEGO, CA - MULO",232,232,3213098.61,0,2022-01-09,2026-06-14,0,0.0,3,0,3|0
"SUBCATEGORY_HERBS_HERB-PASTES@@SAN FRANCISCO/OAKLAND, CA - MULO",232,232,5568033.59,0,2022-01-09,2026-06-14,0,0.0,4,0,4|0
"SUBCATEGORY_HERBS_HERB-PASTES@@SEATTLE/TACOMA, WA - MULO",232,232,5861884.99,0,2022-01-09,2026-06-14,0,0.0,4,0,4|0
SUBCATEGORY_HERBS_HERB-PASTES@@SOUTH CAROLINA - MULO,232,232,5088687.9,0,2022-01-09,2026-06-14,0,0.0,4,0,4|0
"SUBCATEGORY_HERBS_HERB-PASTES@@SPOKANE, WA - MULO",232,232,916477.11,0,2022-01-09,2026-06-14,0,0.0,1,0,1|0
"SUBCATEGORY_HERBS_HERB-PASTES@@ST. LOUIS, MO - MULO",232,232,2256506.56,0,2022-01-09,2026-06-14,0,0.0,2,0,2|0
"SUBCATEGORY_HERBS_HERB-PASTES@@SYRACUSE, NY - MULO",232,232,738133.65,0,2022-01-09,2026-06-14,0,0.0,1,0,1|0
"SUBCATEGORY_HERBS_HERB-PASTES@@TAMPA/ST. PETERSBURG, FL - MULO",232,232,6304798.48,0,2022-01-09,2026-06-14,0,0.0,4,0,4|0
"SUBCATEGORY_HERBS_HERB-PASTES@@TOLEDO, OH - MULO",232,232,1180867.79,0,2022-01-09,2026-06-14,0,0.0,1,0,1|0
"SUBCATEGORY_HERBS_HERB-PASTES@@TULSA, OK - MULO",232,232,863010.78,0,2022-01-09,2026-06-14,0,0.0,1,0,1|0
SUBCATEGORY_HERBS_HERB-PASTES@@WEST TEXAS/NEW MEXICO - MULO,232,232,2080006.72,0,2022-01-09,2026-06-14,0,0.0,2,0,2|0
"SUBCATEGORY_HERBS_HERB-PASTES@@WICHITA, KS - MULO",232,232,607702.16,0,2022-01-09,2026-06-14,0,0.0,1,0,1|0
"SUBCATEGORY_HERBS_PACKAGED-HERBS@@ALBANY, NY - MULO",232,232,11719106.96,0,2022-01-09,2026-06-14,0,0.0,6,0,6|0
"SUBCATEGORY_HERBS_PACKAGED-HERBS@@ATLANTA, GA - MULO",232,232,46766846.36,0,2022-01-09,2026-06-14,0,0.0,8,0,8|0
"SUBCATEGORY_HERBS_PACKAGED-HERBS@@BALTIMORE, MD/WASHINGTON D.C. - MULO",232,232,76912086.46,0,2022-01-09,2026-06-14,0,0.0,9,0,9|0
"SUBCATEGORY_HERBS_PACKAGED-HERBS@@BIRMINGHAM/MONTGOMERY, AL - MULO",232,232,20878401.83,0,2022-01-09,2026-06-14,0,0.0,7,0,7|0
"SUBCATEGORY_HERBS_PACKAGED-HERBS@@BOISE, ID - MULO",232,232,6731430.74,0,2022-01-09,2026-06-14,0,0.0,5,0,5|0
"SUBCATEGORY_HERBS_PACKAGED-HERBS@@BOSTON, MA - MULO",232,232,44873485.05,0,2022-01-09,2026-06-14,0,0.0,8,0,8|0
"SUBCATEGORY_HERBS_PACKAGED-HERBS@@BUFFALO/ROCHESTER, NY - MULO",232,232,15151801.18,0,2022-01-09,2026-06-14,0,0.0,6,0,6|0
"SUBCATEGORY_HERBS_PACKAGED-HERBS@@CHARLOTTE, NC - MULO",232,232,23129469.47,0,2022-01-09,2026-06-14,0,0.0,7,0,7|0
"SUBCATEGORY_HERBS_PACKAGED-HERBS@@CHICAGO, IL - MULO",232,232,69054643.9,0,2022-01-09,2026-06-14,0,0.0,9,0,9|0
"SUBCATEGORY_HERBS_PACKAGED-HERBS@@CINCINNATI/DAYTON, OH - MULO",232,232,23048127.15,0,2022-01-09,2026-06-14,0,0.0,7,0,7|0
"SUBCATEGORY_HERBS_PACKAGED-HERBS@@CLEVELAND, OH - MULO",232,232,16013577.4,0,2022-01-09,2026-06-14,0,0.0,7,0,7|0
"SUBCATEGORY_HERBS_PACKAGED-HERBS@@COLUMBUS, OH - MULO",232,232,19069210.92,0,2022-01-09,2026-06-14,0,0.0,7,0,7|0
"SUBCATEGORY_HERBS_PACKAGED-HERBS@@DALLAS/FT. WORTH, TX - MULO",232,232,43297443.71,0,2022-01-09,2026-06-14,0,0.0,8,0,8|0
"SUBCATEGORY_HERBS_PACKAGED-HERBS@@DENVER, CO - MULO",232,232,61893192.1,0,2022-01-09,2026-06-14,0,0.0,9,0,9|0
"SUBCATEGORY_HERBS_PACKAGED-HERBS@@DES MOINES, IA - MULO",232,232,5734026.44,0,2022-01-09,2026-06-14,0,0.0,4,0,4|0
"SUBCATEGORY_HERBS_PACKAGED-HERBS@@DETROIT, MI - MULO",232,232,27558896.91,0,2022-01-09,2026-06-14,0,0.0,8,0,8|0
"SUBCATEGORY_HERBS_PACKAGED-HERBS@@GRAND RAPIDS, MI - MULO",232,232,10083579.93,0,2022-01-09,2026-06-14,0,0.0,6,0,6|0
"SUBCATEGORY_HERBS_PACKAGED-HERBS@@GREEN BAY, WI - MULO",232,232,3943128.31,0,2022-01-09,2026-06-14,0,0.0,4,0,4|0
"SUBCATEGORY_HERBS_PACKAGED-HERBS@@HARRISBURG/SCRANTON, PA - MULO",232,232,22956300.37,0,2022-01-09,2026-06-14,0,0.0,7,0,7|0
"SUBCATEGORY_HERBS_PACKAGED-HERBS@@HARTFORD, CT/SPRINGFIELD, MA - MULO",232,232,27186867.85,0,2022-01-09,2026-06-14,0,0.0,8,0,8|0
"SUBCATEGORY_HERBS_PACKAGED-HERBS@@HOUSTON, TX - MULO",232,232,17280828.35,0,2022-01-09,2026-06-14,0,0.0,7,0,7|0
"SUBCATEGORY_HERBS_PACKAGED-HERBS@@INDIANAPOLIS, IN - MULO",232,232,16572220.15,0,2022-01-09,2026-06-14,0,0.0,7,0,7|0
"SUBCATEGORY_HERBS_PACKAGED-HERBS@@JACKSONVILLE, FL - MULO",232,232,17310357.18,0,2022-01-09,2026-06-14,0,0.0,7,0,7|0
"SUBCATEGORY_HERBS_PACKAGED-HERBS@@KANSAS CITY, KS - MULO",232,232,10963619.12,0,2022-01-09,2026-06-14,0,0.0,6,0,6|0
"SUBCATEGORY_HERBS_PACKAGED-HERBS@@KNOXVILLE, TN - MULO",232,232,6743813.75,0,2022-01-09,2026-06-14,0,0.0,5,0,5|0
"SUBCATEGORY_HERBS_PACKAGED-HERBS@@LAS VEGAS, NV - MULO",232,232,17820206.65,0,2022-01-09,2026-06-14,0,0.0,7,0,7|0
"SUBCATEGORY_HERBS_PACKAGED-HERBS@@LITTLE ROCK, AR - MULO",232,232,3676734.01,0,2022-01-09,2026-06-14,0,0.0,3,0,3|0
"SUBCATEGORY_HERBS_PACKAGED-HERBS@@LOS ANGELES, CA - MULO",232,232,76228535.64,0,2022-01-09,2026-06-14,0,0.0,9,0,9|0
"SUBCATEGORY_HERBS_PACKAGED-HERBS@@LOUISVILLE, KY - MULO",232,232,8447618.02,0,2022-01-09,2026-06-14,0,0.0,5,0,5|0
"SUBCATEGORY_HERBS_PACKAGED-HERBS@@MEMPHIS, TN - MULO",232,232,5338380.61,0,2022-01-09,2026-06-14,0,0.0,4,0,4|0
"SUBCATEGORY_HERBS_PACKAGED-HERBS@@MIAMI/FT. LAUDERDALE, FL - MULO",232,232,62167928.97,0,2022-01-09,2026-06-14,0,0.0,9,0,9|0
"SUBCATEGORY_HERBS_PACKAGED-HERBS@@MILWAUKEE, WI - MULO",232,232,17998908.3,0,2022-01-09,2026-06-14,0,0.0,7,0,7|0
"SUBCATEGORY_HERBS_PACKAGED-HERBS@@MINNEAPOLIS/ST. PAUL, MN - MULO",232,232,35211353.15,0,2022-01-09,2026-06-14,0,0.0,8,0,8|0
SUBCATEGORY_HERBS_PACKAGED-HERBS@@MISSISSIPPI - MULO,232,232,5921077.94,0,2022-01-09,2026-06-14,0,0.0,4,0,4|0
"SUBCATEGORY_HERBS_PACKAGED-HERBS@@NASHVILLE, TN - MULO",232,232,19334151.19,0,2022-01-09,2026-06-14,0,0.0,7,0,7|0
SUBCATEGORY_HERBS_PACKAGED-HERBS@@NEW ENGLAND - MULO,232,232,37501301.61,0,2022-01-09,2026-06-14,0,0.0,8,0,8|0
"SUBCATEGORY_HERBS_PACKAGED-HERBS@@NEW ORLEANS, LA/MOBILE, AL - MULO",232,232,15850114.68,0,2022-01-09,2026-06-14,0,0.0,7,0,7|0
"SUBCATEGORY_HERBS_PACKAGED-HERBS@@NEW YORK, NY - MULO",232,232,107216367.32,0,2022-01-09,2026-06-14,0,0.0,9,0,9|0
"SUBCATEGORY_HERBS_PACKAGED-HERBS@@OKLAHOMA CITY, OK - MULO",232,232,5282117.83,0,2022-01-09,2026-06-14,0,0.0,4,0,4|0
"SUBCATEGORY_HERBS_PACKAGED-HERBS@@OMAHA, NE - MULO",232,232,7492825.07,0,2022-01-09,2026-06-14,0,0.0,5,0,5|0
"SUBCATEGORY_HERBS_PACKAGED-HERBS@@ORLANDO, FL - MULO",232,232,36112363.83,0,2022-01-09,2026-06-14,0,0.0,8,0,8|0
"SUBCATEGORY_HERBS_PACKAGED-HERBS@@PEORIA/SPRINGFIELD, IL - MULO",232,232,8286354.57,0,2022-01-09,2026-06-14,0,0.0,5,0,5|0
"SUBCATEGORY_HERBS_PACKAGED-HERBS@@PHILADELPHIA, PA - MULO",232,232,41879495.75,0,2022-01-09,2026-06-14,0,0.0,8,0,8|0
"SUBCATEGORY_HERBS_PACKAGED-HERBS@@PHOENIX/TUCSON, AZ - MULO",232,232,45888119.65,0,2022-01-09,2026-06-14,0,0.0,8,0,8|0
"SUBCATEGORY_HERBS_PACKAGED-HERBS@@PITTSBURGH, PA - MULO",232,232,19716532.25,0,2022-01-09,2026-06-14,0,0.0,7,0,7|0
"SUBCATEGORY_HERBS_PACKAGED-HERBS@@PORTLAND, OR - MULO",232,232,41493736.18,0,2022-01-09,2026-06-14,0,0.0,8,0,8|0
"SUBCATEGORY_HERBS_PACKAGED-HERBS@@PROVIDENCE, RI - MULO",232,232,8974683.4,0,2022-01-09,2026-06-14,0,0.0,5,0,5|0
"SUBCATEGORY_HERBS_PACKAGED-HERBS@@RALEIGH/GREENSBORO, NC - MULO",232,232,27575684.38,0,2022-01-09,2026-06-14,0,0.0,8,0,8|0
"SUBCATEGORY_HERBS_PACKAGED-HERBS@@RICHMOND/NORFOLK, VA - MULO",232,232,26851655.84,0,2022-01-09,2026-06-14,0,0.0,8,0,8|0
"SUBCATEGORY_HERBS_PACKAGED-HERBS@@ROANOKE, VA - MULO",232,232,12548800.08,0,2022-01-09,2026-06-14,0,0.0,6,0,6|0
"SUBCATEGORY_HERBS_PACKAGED-HERBS@@SACRAMENTO, CA - MULO",232,232,18952898.54,0,2022-01-09,2026-06-14,0,0.0,7,0,7|0
"SUBCATEGORY_HERBS_PACKAGED-HERBS@@SALT LAKE CITY, UT - MULO",232,232,16686587.17,0,2022-01-09,2026-06-14,0,0.0,7,0,7|0
"SUBCATEGORY_HERBS_PACKAGED-HERBS@@SAN DIEGO, CA - MULO",232,232,16726662.17,0,2022-01-09,2026-06-14,0,0.0,7,0,7|0
"SUBCATEGORY_HERBS_PACKAGED-HERBS@@SAN FRANCISCO/OAKLAND, CA - MULO",232,232,42642840.08,0,2022-01-09,2026-06-14,0,0.0,8,0,8|0
"SUBCATEGORY_HERBS_PACKAGED-HERBS@@SEATTLE/TACOMA, WA - MULO",232,232,58727385.31,0,2022-01-09,2026-06-14,0,0.0,9,0,9|0
SUBCATEGORY_HERBS_PACKAGED-HERBS@@SOUTH CAROLINA - MULO,232,232,39335073.37,0,2022-01-09,2026-06-14,0,0.0,8,0,8|0
"SUBCATEGORY_HERBS_PACKAGED-HERBS@@SPOKANE, WA - MULO",232,232,7680910.05,0,2022-01-09,2026-06-14,0,0.0,5,0,5|0
"SUBCATEGORY_HERBS_PACKAGED-HERBS@@ST. LOUIS, MO - MULO",232,232,18842992.16,0,2022-01-09,2026-06-14,0,0.0,7,0,7|0
"SUBCATEGORY_HERBS_PACKAGED-HERBS@@SYRACUSE, NY - MULO",232,232,7801355.75,0,2022-01-09,2026-06-14,0,0.0,5,0,5|0
"SUBCATEGORY_HERBS_PACKAGED-HERBS@@TAMPA/ST. PETERSBURG, FL - MULO",232,232,38010203.4,0,2022-01-09,2026-06-14,0,0.0,8,0,8|0
"SUBCATEGORY_HERBS_PACKAGED-HERBS@@TOLEDO, OH - MULO",232,232,8852434.35,0,2022-01-09,2026-06-14,0,0.0,5,0,5|0
"SUBCATEGORY_HERBS_PACKAGED-HERBS@@TULSA, OK - MULO",232,232,4055003.38,0,2022-01-09,2026-06-14,0,0.0,4,0,4|0
SUBCATEGORY_HERBS_PACKAGED-HERBS@@WEST TEXAS/NEW MEXICO - MULO,232,232,16563291.05,0,2022-01-09,2026-06-14,0,0.0,7,0,7|0
"SUBCATEGORY_HERBS_PACKAGED-HERBS@@WICHITA, KS - MULO",232,232,4165155.63,0,2022-01-09,2026-06-14,0,0.0,4,0,4|0
"SUBCATEGORY_MELONS_CANTALOUPE-MELON@@ALBANY, NY - MULO",232,232,1348459.48,0,2022-01-09,2026-06-14,0,0.0,2,0,2|0
"SUBCATEGORY_MELONS_CANTALOUPE-MELON@@ATLANTA, GA - MULO",232,232,2543316.48,0,2022-01-09,2026-06-14,0,0.0,3,0,3|0
"SUBCATEGORY_MELONS_CANTALOUPE-MELON@@BALTIMORE, MD/WASHINGTON D.C. - MULO",232,232,8163405.13,0,2022-01-09,2026-06-14,0,0.0,5,0,5|0
"SUBCATEGORY_MELONS_CANTALOUPE-MELON@@BIRMINGHAM/MONTGOMERY, AL - MULO",232,232,3416639.45,0,2022-01-09,2026-06-14,0,0.0,3,0,3|0
"SUBCATEGORY_MELONS_CANTALOUPE-MELON@@BOISE, ID - MULO",232,232,688406.88,0,2022-01-09,2026-06-14,0,0.0,1,0,1|0
"SUBCATEGORY_MELONS_CANTALOUPE-MELON@@BOSTON, MA - MULO",232,232,5416304.0,0,2022-01-09,2026-06-14,0,0.0,4,0,4|0
"SUBCATEGORY_MELONS_CANTALOUPE-MELON@@BUFFALO/ROCHESTER, NY - MULO",232,232,5670128.75,0,2022-01-09,2026-06-14,0,0.0,4,0,4|0
"SUBCATEGORY_MELONS_CANTALOUPE-MELON@@CHARLOTTE, NC - MULO",232,232,6152375.21,0,2022-01-09,2026-06-14,0,0.0,4,0,4|0
"SUBCATEGORY_MELONS_CANTALOUPE-MELON@@CHICAGO, IL - MULO",232,232,18709721.59,0,2022-01-09,2026-06-14,0,0.0,7,0,7|0
"SUBCATEGORY_MELONS_CANTALOUPE-MELON@@CINCINNATI/DAYTON, OH - MULO",232,232,4495180.19,0,2022-01-09,2026-06-14,0,0.0,4,0,4|0
"SUBCATEGORY_MELONS_CANTALOUPE-MELON@@CLEVELAND, OH - MULO",232,232,1887020.37,0,2022-01-09,2026-06-14,0,0.0,2,0,2|0
"SUBCATEGORY_MELONS_CANTALOUPE-MELON@@COLUMBUS, OH - MULO",232,232,3447482.72,0,2022-01-09,2026-06-14,0,0.0,3,0,3|0
"SUBCATEGORY_MELONS_CANTALOUPE-MELON@@DALLAS/FT. WORTH, TX - MULO",232,232,7906355.73,0,2022-01-09,2026-06-14,0,0.0,5,0,5|0
"SUBCATEGORY_MELONS_CANTALOUPE-MELON@@DENVER, CO - MULO",232,232,3382186.28,0,2022-01-09,2026-06-14,0,0.0,3,0,3|0
"SUBCATEGORY_MELONS_CANTALOUPE-MELON@@DES MOINES, IA - MULO",232,232,649165.34,0,2022-01-09,2026-06-14,0,0.0,1,0,1|0
"SUBCATEGORY_MELONS_CANTALOUPE-MELON@@DETROIT, MI - MULO",232,232,11677175.64,0,2022-01-09,2026-06-14,0,0.0,6,0,6|0
"SUBCATEGORY_MELONS_CANTALOUPE-MELON@@GRAND RAPIDS, MI - MULO",232,232,5972111.09,0,2022-01-09,2026-06-14,0,0.0,4,0,4|0
"SUBCATEGORY_MELONS_CANTALOUPE-MELON@@GREEN BAY, WI - MULO",232,232,2457539.02,0,2022-01-09,2026-06-14,0,0.0,3,0,3|0
"SUBCATEGORY_MELONS_CANTALOUPE-MELON@@HARRISBURG/SCRANTON, PA - MULO",232,232,2592292.87,0,2022-01-09,2026-06-14,0,0.0,3,0,3|0
"SUBCATEGORY_MELONS_CANTALOUPE-MELON@@HARTFORD, CT/SPRINGFIELD, MA - MULO",232,232,5620713.29,0,2022-01-09,2026-06-14,0,0.0,4,0,4|0
"SUBCATEGORY_MELONS_CANTALOUPE-MELON@@HOUSTON, TX - MULO",232,232,4876056.69,0,2022-01-09,2026-06-14,0,0.0,4,0,4|0
"SUBCATEGORY_MELONS_CANTALOUPE-MELON@@INDIANAPOLIS, IN - MULO",232,232,4287904.11,0,2022-01-09,2026-06-14,0,0.0,4,0,4|0
"SUBCATEGORY_MELONS_CANTALOUPE-MELON@@JACKSONVILLE, FL - MULO",232,232,2110630.45,0,2022-01-09,2026-06-14,0,0.0,2,0,2|0
"SUBCATEGORY_MELONS_CANTALOUPE-MELON@@KANSAS CITY, KS - MULO",232,232,1156202.36,0,2022-01-09,2026-06-14,0,0.0,1,0,1|0
"SUBCATEGORY_MELONS_CANTALOUPE-MELON@@KNOXVILLE, TN - MULO",232,232,1506280.3,0,2022-01-09,2026-06-14,0,0.0,2,0,2|0
"SUBCATEGORY_MELONS_CANTALOUPE-MELON@@LAS VEGAS, NV - MULO",232,232,1198927.41,0,2022-01-09,2026-06-14,0,0.0,1,0,1|0
"SUBCATEGORY_MELONS_CANTALOUPE-MELON@@LITTLE ROCK, AR - MULO",231,232,1245700.1199999999,0,2022-01-09,2026-06-14,1,0.0,2,0,2|0
"SUBCATEGORY_MELONS_CANTALOUPE-MELON@@LOS ANGELES, CA - MULO",232,232,3561877.67,0,2022-01-09,2026-06-14,0,0.0,3,0,3|0
"SUBCATEGORY_MELONS_CANTALOUPE-MELON@@LOUISVILLE, KY - MULO",232,232,2177857.2,0,2022-01-09,2026-06-14,0,0.0,2,0,2|0
"SUBCATEGORY_MELONS_CANTALOUPE-MELON@@MEMPHIS, TN - MULO",231,232,1220428.82,0,2022-01-09,2026-06-14,1,0.0,2,0,2|0
"SUBCATEGORY_MELONS_CANTALOUPE-MELON@@MIAMI/FT. LAUDERDALE, FL - MULO",232,232,4288353.25,0,2022-01-09,2026-06-14,0,0.0,4,0,4|0
"SUBCATEGORY_MELONS_CANTALOUPE-MELON@@MILWAUKEE, WI - MULO",232,232,9053239.7,0,2022-01-09,2026-06-14,0,0.0,5,0,5|0
"SUBCATEGORY_MELONS_CANTALOUPE-MELON@@MINNEAPOLIS/ST. PAUL, MN - MULO",232,232,5737100.87,0,2022-01-09,2026-06-14,0,0.0,4,0,4|0
SUBCATEGORY_MELONS_CANTALOUPE-MELON@@MISSISSIPPI - MULO,232,232,2725993.09,0,2022-01-09,2026-06-14,0,0.0,3,0,3|0
"SUBCATEGORY_MELONS_CANTALOUPE-MELON@@NASHVILLE, TN - MULO",232,232,2654542.9899999998,0,2022-01-09,2026-06-14,0,0.0,3,0,3|0
SUBCATEGORY_MELONS_CANTALOUPE-MELON@@NEW ENGLAND - MULO,232,232,5091595.04,0,2022-01-09,2026-06-14,0,0.0,4,0,4|0
"SUBCATEGORY_MELONS_CANTALOUPE-MELON@@NEW ORLEANS, LA/MOBILE, AL - MULO",232,232,4245520.77,0,2022-01-09,2026-06-14,0,0.0,4,0,4|0
"SUBCATEGORY_MELONS_CANTALOUPE-MELON@@NEW YORK, NY - MULO",232,232,9978009.84,0,2022-01-09,2026-06-14,0,0.0,6,0,6|0
"SUBCATEGORY_MELONS_CANTALOUPE-MELON@@OKLAHOMA CITY, OK - MULO",232,232,2265744.16,0,2022-01-09,2026-06-14,0,0.0,2,0,2|0
"SUBCATEGORY_MELONS_CANTALOUPE-MELON@@OMAHA, NE - MULO",232,232,1344538.87,0,2022-01-09,2026-06-14,0,0.0,2,0,2|0
"SUBCATEGORY_MELONS_CANTALOUPE-MELON@@ORLANDO, FL - MULO",232,232,3532577.87,0,2022-01-09,2026-06-14,0,0.0,3,0,3|0
"SUBCATEGORY_MELONS_CANTALOUPE-MELON@@PEORIA/SPRINGFIELD, IL - MULO",232,232,2986208.07,0,2022-01-09,2026-06-14,0,0.0,3,0,3|0
"SUBCATEGORY_MELONS_CANTALOUPE-MELON@@PHILADELPHIA, PA - MULO",232,232,4471315.75,0,2022-01-09,2026-06-14,0,0.0,4,0,4|0
"SUBCATEGORY_MELONS_CANTALOUPE-MELON@@PHOENIX/TUCSON, AZ - MULO",232,232,4840827.07,0,2022-01-09,2026-06-14,0,0.0,4,0,4|0
"SUBCATEGORY_MELONS_CANTALOUPE-MELON@@PITTSBURGH, PA - MULO",232,232,1863109.09,0,2022-01-09,2026-06-14,0,0.0,2,0,2|0
"SUBCATEGORY_MELONS_CANTALOUPE-MELON@@PORTLAND, OR - MULO",232,232,1898882.77,0,2022-01-09,2026-06-14,0,0.0,2,0,2|0
"SUBCATEGORY_MELONS_CANTALOUPE-MELON@@PROVIDENCE, RI - MULO",232,232,851329.6,0,2022-01-09,2026-06-14,0,0.0,1,0,1|0
"SUBCATEGORY_MELONS_CANTALOUPE-MELON@@RALEIGH/GREENSBORO, NC - MULO",232,232,7494323.08,0,2022-01-09,2026-06-14,0,0.0,5,0,5|0
"SUBCATEGORY_MELONS_CANTALOUPE-MELON@@RICHMOND/NORFOLK, VA - MULO",232,232,4426348.62,0,2022-01-09,2026-06-14,0,0.0,4,0,4|0
"SUBCATEGORY_MELONS_CANTALOUPE-MELON@@ROANOKE, VA - MULO",232,232,2386073.27,0,2022-01-09,2026-06-14,0,0.0,3,0,3|0
"SUBCATEGORY_MELONS_CANTALOUPE-MELON@@SACRAMENTO, CA - MULO",232,232,1575262.94,0,2022-01-09,2026-06-14,0,0.0,2,0,2|0
"SUBCATEGORY_MELONS_CANTALOUPE-MELON@@SALT LAKE CITY, UT - MULO",232,232,1871507.69,0,2022-01-09,2026-06-14,0,0.0,2,0,2|0
"SUBCATEGORY_MELONS_CANTALOUPE-MELON@@SAN DIEGO, CA - MULO",232,232,1084509.11,0,2022-01-09,2026-06-14,0,0.0,1,0,1|0
"SUBCATEGORY_MELONS_CANTALOUPE-MELON@@SAN FRANCISCO/OAKLAND, CA - MULO",232,232,1897376.3,0,2022-01-09,2026-06-14,0,0.0,2,0,2|0
"SUBCATEGORY_MELONS_CANTALOUPE-MELON@@SEATTLE/TACOMA, WA - MULO",232,232,3514155.76,0,2022-01-09,2026-06-14,0,0.0,3,0,3|0
SUBCATEGORY_MELONS_CANTALOUPE-MELON@@SOUTH CAROLINA - MULO,232,232,7467169.45,0,2022-01-09,2026-06-14,0,0.0,5,0,5|0
"SUBCATEGORY_MELONS_CANTALOUPE-MELON@@SPOKANE, WA - MULO",232,232,736873.52,0,2022-01-09,2026-06-14,0,0.0,1,0,1|0
"SUBCATEGORY_MELONS_CANTALOUPE-MELON@@ST. LOUIS, MO - MULO",232,232,2216171.39,0,2022-01-09,2026-06-14,0,0.0,2,0,2|0
"SUBCATEGORY_MELONS_CANTALOUPE-MELON@@SYRACUSE, NY - MULO",232,232,1734916.17,0,2022-01-09,2026-06-14,0,0.0,2,0,2|0
"SUBCATEGORY_MELONS_CANTALOUPE-MELON@@TAMPA/ST. PETERSBURG, FL - MULO",232,232,3570333.57,0,2022-01-09,2026-06-14,0,0.0,3,0,3|0
"SUBCATEGORY_MELONS_CANTALOUPE-MELON@@TOLEDO, OH - MULO",232,232,3607803.17,0,2022-01-09,2026-06-14,0,0.0,3,0,3|0
"SUBCATEGORY_MELONS_CANTALOUPE-MELON@@TULSA, OK - MULO",231,232,1333161.23,0,2022-01-09,2026-06-14,1,0.0,2,0,2|0
SUBCATEGORY_MELONS_CANTALOUPE-MELON@@WEST TEXAS/NEW MEXICO - MULO,232,232,4340659.39,0,2022-01-09,2026-06-14,0,0.0,4,0,4|0
"SUBCATEGORY_MELONS_CANTALOUPE-MELON@@WICHITA, KS - MULO",232,232,1420685.15,0,2022-01-09,2026-06-14,0,0.0,2,0,2|0
"SUBCATEGORY_MELONS_HONEYDEW-MELON@@ALBANY, NY - MULO",190,223,117076.25,36,2022-03-13,2026-06-14,33,0.18947368421052632,0,1,0|1
"SUBCATEGORY_MELONS_HONEYDEW-MELON@@ATLANTA, GA - MULO",232,232,1648351.1,0,2022-01-09,2026-06-14,0,0.0,2,0,2|0
"SUBCATEGORY_MELONS_HONEYDEW-MELON@@BALTIMORE, MD/WASHINGTON D.C. - MULO",232,232,2025125.14,0,2022-01-09,2026-06-14,0,0.0,2,0,2|0
"SUBCATEGORY_MELONS_HONEYDEW-MELON@@BIRMINGHAM/MONTGOMERY, AL - MULO",232,232,234364.45,0,2022-01-09,2026-06-14,0,0.0,0,0,0|0
"SUBCATEGORY_MELONS_HONEYDEW-MELON@@BOISE, ID - MULO",207,218,110248.37,52,2022-04-17,2026-06-14,11,0.25120772946859904,0,2,0|2
"SUBCATEGORY_MELONS_HONEYDEW-MELON@@BOSTON, MA - MULO",232,232,1098080.94,0,2022-01-09,2026-06-14,0,0.0,1,0,1|0
"SUBCATEGORY_MELONS_HONEYDEW-MELON@@BUFFALO/ROCHESTER, NY - MULO",229,229,1340620.5,3,2022-01-30,2026-06-14,0,0.013100436681222707,2,0,2|0
"SUBCATEGORY_MELONS_HONEYDEW-MELON@@CHARLOTTE, NC - MULO",232,232,1385759.11,0,2022-01-09,2026-06-14,0,0.0,2,0,2|0
"SUBCATEGORY_MELONS_HONEYDEW-MELON@@CHICAGO, IL - MULO",232,232,3407103.14,0,2022-01-09,2026-06-14,0,0.0,3,0,3|0
"SUBCATEGORY_MELONS_HONEYDEW-MELON@@CINCINNATI/DAYTON, OH - MULO",232,232,1941771.76,3,2022-01-09,2026-06-14,0,0.01293103448275862,2,0,2|0
"SUBCATEGORY_MELONS_HONEYDEW-MELON@@CLEVELAND, OH - MULO",232,232,291743.4,0,2022-01-09,2026-06-14,0,0.0,0,0,0|0
"SUBCATEGORY_MELONS_HONEYDEW-MELON@@COLUMBUS, OH - MULO",232,232,1286437.8,1,2022-01-09,2026-06-14,0,0.004310344827586207,2,0,2|0
"SUBCATEGORY_MELONS_HONEYDEW-MELON@@DALLAS/FT. WORTH, TX - MULO",232,232,1942878.08,0,2022-01-09,2026-06-14,0,0.0,2,0,2|0
"SUBCATEGORY_MELONS_HONEYDEW-MELON@@DENVER, CO - MULO",231,231,1542527.78,2,2022-01-16,2026-06-14,0,0.008658008658008658,2,0,2|0
"SUBCATEGORY_MELONS_HONEYDEW-MELON@@DES MOINES, IA - MULO",196,232,16020.0,67,2022-01-09,2026-06-14,36,0.34183673469387754,0,2,0|2
"SUBCATEGORY_MELONS_HONEYDEW-MELON@@DETROIT, MI - MULO",232,232,2869188.09,0,2022-01-09,2026-06-14,0,0.0,3,0,3|0
"SUBCATEGORY_MELONS_HONEYDEW-MELON@@GRAND RAPIDS, MI - MULO",232,232,949490.71,0,2022-01-09,2026-06-14,0,0.0,1,0,1|0
"SUBCATEGORY_MELONS_HONEYDEW-MELON@@GREEN BAY, WI - MULO",232,232,470243.29,0,2022-01-09,2026-06-14,0,0.0,1,0,1|0
"SUBCATEGORY_MELONS_HONEYDEW-MELON@@HARRISBURG/SCRANTON, PA - MULO",232,232,486229.94,0,2022-01-09,2026-06-14,0,0.0,1,0,1|0
"SUBCATEGORY_MELONS_HONEYDEW-MELON@@HARTFORD, CT/SPRINGFIELD, MA - MULO",232,232,1326300.32,0,2022-01-09,2026-06-14,0,0.0,2,0,2|0
"SUBCATEGORY_MELONS_HONEYDEW-MELON@@HOUSTON, TX - MULO",232,232,1524872.35,0,2022-01-09,2026-06-14,0,0.0,2,0,2|0
"SUBCATEGORY_MELONS_HONEYDEW-MELON@@INDIANAPOLIS, IN - MULO",228,232,471883.02,2,2022-01-09,2026-06-14,4,0.008771929824561403,1,0,1|0
"SUBCATEGORY_MELONS_HONEYDEW-MELON@@JACKSONVILLE, FL - MULO",232,232,146760.2,0,2022-01-09,2026-06-14,0,0.0,0,0,0|0
"SUBCATEGORY_MELONS_HONEYDEW-MELON@@KANSAS CITY, KS - MULO",232,232,43209.2,5,2022-01-09,2026-06-14,0,0.021551724137931036,0,0,0|0
"SUBCATEGORY_MELONS_HONEYDEW-MELON@@KNOXVILLE, TN - MULO",232,232,346057.81,1,2022-01-09,2026-06-14,0,0.004310344827586207,0,0,0|0
"SUBCATEGORY_MELONS_HONEYDEW-MELON@@LAS VEGAS, NV - MULO",232,232,209260.56,2,2022-01-09,2026-06-14,0,0.008620689655172414,0,0,0|0
"SUBCATEGORY_MELONS_HONEYDEW-MELON@@LITTLE ROCK, AR - MULO",196,231,46014.31,40,2022-01-16,2026-06-14,35,0.20408163265306123,0,2,0|2
"SUBCATEGORY_MELONS_HONEYDEW-MELON@@LOS ANGELES, CA - MULO",222,232,471501.99,0,2022-01-09,2026-06-14,10,0.0,1,0,1|0
"SUBCATEGORY_MELONS_HONEYDEW-MELON@@LOUISVILLE, KY - MULO",232,232,729215.39,7,2022-01-09,2026-06-14,0,0.03017241379310345,1,0,1|0
"SUBCATEGORY_MELONS_HONEYDEW-MELON@@MEMPHIS, TN - MULO",203,232,55831.15,12,2022-01-09,2026-06-14,29,0.059113300492610835,0,1,0|1
"SUBCATEGORY_MELONS_HONEYDEW-MELON@@MIAMI/FT. LAUDERDALE, FL - MULO",207,232,132889.39,9,2022-01-09,2026-06-14,25,0.043478260869565216,0,0,0|0
"SUBCATEGORY_MELONS_HONEYDEW-MELON@@MILWAUKEE, WI - MULO",232,232,2439186.14,0,2022-01-09,2026-06-14,0,0.0,3,0,3|0
"SUBCATEGORY_MELONS_HONEYDEW-MELON@@MINNEAPOLIS/ST. PAUL, MN - MULO",193,232,70428.02,39,2022-01-09,2026-06-14,39,0.20207253886010362,0,2,0|2
SUBCATEGORY_MELONS_HONEYDEW-MELON@@MISSISSIPPI - MULO,205,231,121930.59,22,2022-01-16,2026-06-14,26,0.1073170731707317,0,1,0|1
"SUBCATEGORY_MELONS_HONEYDEW-MELON@@NASHVILLE, TN - MULO",232,232,761082.95,0,2022-01-09,2026-06-14,0,0.0,1,0,1|0
SUBCATEGORY_MELONS_HONEYDEW-MELON@@NEW ENGLAND - MULO,210,229,319440.79,17,2022-01-30,2026-06-14,19,0.08095238095238096,0,1,0|1
"SUBCATEGORY_MELONS_HONEYDEW-MELON@@NEW ORLEANS, LA/MOBILE, AL - MULO",205,231,151811.36,7,2022-01-16,2026-06-14,26,0.03414634146341464,0,0,0|0
"SUBCATEGORY_MELONS_HONEYDEW-MELON@@NEW YORK, NY - MULO",232,232,1915339.58,0,2022-01-09,2026-06-14,0,0.0,2,0,2|0
"SUBCATEGORY_MELONS_HONEYDEW-MELON@@OKLAHOMA CITY, OK - MULO",216,231,40778.75,13,2022-01-16,2026-06-14,15,0.06018518518518518,0,1,0|1
"SUBCATEGORY_MELONS_HONEYDEW-MELON@@OMAHA, NE - MULO",232,232,149366.39,7,2022-01-09,2026-06-14,0,0.03017241379310345,0,0,0|0
"SUBCATEGORY_MELONS_HONEYDEW-MELON@@ORLANDO, FL - MULO",222,232,162701.2,0,2022-01-09,2026-06-14,10,0.0,0,0,0|0
"SUBCATEGORY_MELONS_HONEYDEW-MELON@@PEORIA/SPRINGFIELD, IL - MULO",232,232,159553.01,0,2022-01-09,2026-06-14,0,0.0,0,0,0|0
"SUBCATEGORY_MELONS_HONEYDEW-MELON@@PHILADELPHIA, PA - MULO",232,232,901760.47,0,2022-01-09,2026-06-14,0,0.0,1,0,1|0
"SUBCATEGORY_MELONS_HONEYDEW-MELON@@PHOENIX/TUCSON, AZ - MULO",232,232,609337.7,0,2022-01-09,2026-06-14,0,0.0,1,0,1|0
"SUBCATEGORY_MELONS_HONEYDEW-MELON@@PITTSBURGH, PA - MULO",191,232,123849.51,13,2022-01-09,2026-06-14,41,0.06806282722513089,0,1,0|1
"SUBCATEGORY_MELONS_HONEYDEW-MELON@@PORTLAND, OR - MULO",210,228,299066.82,29,2022-02-06,2026-06-14,18,0.1380952380952381,0,1,0|1
"SUBCATEGORY_MELONS_HONEYDEW-MELON@@PROVIDENCE, RI - MULO",193,232,72851.68000000001,37,2022-01-09,2026-06-14,39,0.19170984455958548,0,1,0|1
"SUBCATEGORY_MELONS_HONEYDEW-MELON@@RALEIGH/GREENSBORO, NC - MULO",232,232,1479041.89,0,2022-01-09,2026-06-14,0,0.0,2,0,2|0
"SUBCATEGORY_MELONS_HONEYDEW-MELON@@RICHMOND/NORFOLK, VA - MULO",232,232,1521939.43,0,2022-01-09,2026-06-14,0,0.0,2,0,2|0
"SUBCATEGORY_MELONS_HONEYDEW-MELON@@ROANOKE, VA - MULO",232,232,620413.7,0,2022-01-09,2026-06-14,0,0.0,1,0,1|0
"SUBCATEGORY_MELONS_HONEYDEW-MELON@@SACRAMENTO, CA - MULO",213,232,166574.99,4,2022-01-09,2026-06-14,19,0.018779342723004695,0,0,0|0
"SUBCATEGORY_MELONS_HONEYDEW-MELON@@SALT LAKE CITY, UT - MULO",232,232,630159.27,2,2022-01-09,2026-06-14,0,0.008620689655172414,1,0,1|0
"SUBCATEGORY_MELONS_HONEYDEW-MELON@@SAN DIEGO, CA - MULO",205,232,161375.08,27,2022-01-09,2026-06-14,27,0.13170731707317074,0,1,0|1
"SUBCATEGORY_MELONS_HONEYDEW-MELON@@SAN FRANCISCO/OAKLAND, CA - MULO",215,232,325597.3,13,2022-01-09,2026-06-14,17,0.06046511627906977,0,1,0|1
"SUBCATEGORY_MELONS_HONEYDEW-MELON@@SEATTLE/TACOMA, WA - MULO",213,232,155711.22,52,2022-01-09,2026-06-14,19,0.24413145539906103,0,2,0|2
SUBCATEGORY_MELONS_HONEYDEW-MELON@@SOUTH CAROLINA - MULO,232,232,1353377.61,0,2022-01-09,2026-06-14,0,0.0,2,0,2|0
"SUBCATEGORY_MELONS_HONEYDEW-MELON@@SPOKANE, WA - MULO",188,213,32842.34,65,2022-05-22,2026-06-14,25,0.34574468085106386,0,2,0|2
"SUBCATEGORY_MELONS_HONEYDEW-MELON@@SYRACUSE, NY - MULO",225,225,354493.73,0,2022-02-27,2026-06-14,0,0.0,0,0,0|0
"SUBCATEGORY_MELONS_HONEYDEW-MELON@@TAMPA/ST. PETERSBURG, FL - MULO",223,232,116495.02,3,2022-01-09,2026-06-14,9,0.013452914798206279,0,0,0|0
"SUBCATEGORY_MELONS_HONEYDEW-MELON@@TOLEDO, OH - MULO",232,232,776356.18,0,2022-01-09,2026-06-14,0,0.0,1,0,1|0
SUBCATEGORY_MELONS_HONEYDEW-MELON@@WEST TEXAS/NEW MEXICO - MULO,217,232,262338.49,1,2022-01-09,2026-06-14,15,0.004608294930875576,0,0,0|0
"SUBCATEGORY_MELONS_HONEYDEW-MELON@@WICHITA, KS - MULO",231,231,368476.51,12,2022-01-16,2026-06-14,0,0.05194805194805195,0,1,0|1
"SUBCATEGORY_MELONS_OTHER-MELONS@@ATLANTA, GA - MULO",194,232,404434.87,135,2022-01-09,2026-06-14,38,0.6958762886597938,0,2,0|2
"SUBCATEGORY_MELONS_OTHER-MELONS@@BALTIMORE, MD/WASHINGTON D.C. - MULO",192,208,4591.679999999999,160,2022-06-26,2026-06-14,16,0.8333333333333334,0,2,0|2
"SUBCATEGORY_MELONS_OTHER-MELONS@@BIRMINGHAM/MONTGOMERY, AL - MULO",179,232,73289.54,47,2022-01-09,2026-06-14,53,0.26256983240223464,0,2,0|2
"SUBCATEGORY_MELONS_OTHER-MELONS@@BOSTON, MA - MULO",207,207,144884.06,0,2022-07-03,2026-06-14,0,0.0,0,0,0|0
"SUBCATEGORY_MELONS_OTHER-MELONS@@CHICAGO, IL - MULO",176,211,52634.88,106,2022-06-05,2026-06-14,35,0.6022727272727273,0,2,0|2
"SUBCATEGORY_MELONS_OTHER-MELONS@@CINCINNATI/DAYTON, OH - MULO",198,221,26622.15,144,2022-03-27,2026-06-14,23,0.7272727272727273,0,2,0|2
"SUBCATEGORY_MELONS_OTHER-MELONS@@CLEVELAND, OH - MULO",178,232,38128.18,25,2022-01-09,2026-06-14,54,0.1404494382022472,0,1,0|1
"SUBCATEGORY_MELONS_OTHER-MELONS@@COLUMBUS, OH - MULO",205,209,14973.97,154,2022-06-19,2026-06-14,4,0.751219512195122,0,2,0|2
"SUBCATEGORY_MELONS_OTHER-MELONS@@DALLAS/FT. WORTH, TX - MULO",159,211,92433.6,49,2022-06-05,2026-06-14,52,0.3081761006289308,0,2,0|2
"SUBCATEGORY_MELONS_OTHER-MELONS@@DETROIT, MI - MULO",200,209,23962.21,152,2022-06-19,2026-06-14,9,0.76,0,2,0|2
"SUBCATEGORY_MELONS_OTHER-MELONS@@GREEN BAY, WI - MULO",199,209,5382.99,160,2022-06-19,2026-06-14,10,0.8040201005025126,0,2,0|2
"SUBCATEGORY_MELONS_OTHER-MELONS@@HOUSTON, TX - MULO",172,221,18919.06,96,2022-03-27,2026-06-14,49,0.5581395348837209,0,2,0|2
"SUBCATEGORY_MELONS_OTHER-MELONS@@INDIANAPOLIS, IN - MULO",206,209,10646.37,158,2022-06-19,2026-06-14,3,0.7669902912621359,0,2,0|2
"SUBCATEGORY_MELONS_OTHER-MELONS@@KANSAS CITY, KS - MULO",178,232,42552.88,76,2022-01-09,2026-06-14,54,0.42696629213483145,0,2,0|2
"SUBCATEGORY_MELONS_OTHER-MELONS@@KNOXVILLE, TN - MULO",204,209,4490.41,179,2022-06-19,2026-06-14,5,0.8774509803921569,0,2,0|2
"SUBCATEGORY_MELONS_OTHER-MELONS@@LAS VEGAS, NV - MULO",200,211,91310.62,112,2022-06-05,2026-06-14,11,0.56,0,2,0|2
"SUBCATEGORY_MELONS_OTHER-MELONS@@LOS ANGELES, CA - MULO",181,232,535114.62,67,2022-01-09,2026-06-14,51,0.3701657458563536,1,2,1|2
"SUBCATEGORY_MELONS_OTHER-MELONS@@LOUISVILLE, KY - MULO",180,232,19243.84,49,2022-01-09,2026-06-14,52,0.2722222222222222,0,2,0|2
"SUBCATEGORY_MELONS_OTHER-MELONS@@MILWAUKEE, WI - MULO",199,209,23207.4,155,2022-06-19,2026-06-14,10,0.7788944723618091,0,2,0|2
"SUBCATEGORY_MELONS_OTHER-MELONS@@NASHVILLE, TN - MULO",188,209,10448.44,145,2022-06-19,2026-06-14,21,0.7712765957446809,0,2,0|2
"SUBCATEGORY_MELONS_OTHER-MELONS@@NEW YORK, NY - MULO",186,232,11592.67,60,2022-01-09,2026-06-14,46,0.3225806451612903,0,2,0|2
"SUBCATEGORY_MELONS_OTHER-MELONS@@PEORIA/SPRINGFIELD, IL - MULO",178,209,4823.35,113,2022-06-19,2026-06-14,31,0.6348314606741573,0,2,0|2
"SUBCATEGORY_MELONS_OTHER-MELONS@@PHOENIX/TUCSON, AZ - MULO",192,211,163945.02,90,2022-06-05,2026-06-14,19,0.46875,0,2,0|2
"SUBCATEGORY_MELONS_OTHER-MELONS@@PITTSBURGH, PA - MULO",202,232,38081.8,134,2022-01-09,2026-06-14,30,0.6633663366336634,0,2,0|2
"SUBCATEGORY_MELONS_OTHER-MELONS@@PORTLAND, OR - MULO",191,232,261795.05,47,2022-01-09,2026-06-14,41,0.24607329842931938,0,2,0|2
"SUBCATEGORY_MELONS_OTHER-MELONS@@PROVIDENCE, RI - MULO",232,232,75935.31999999999,0,2022-01-09,2026-06-14,0,0.0,0,0,0|0
"SUBCATEGORY_MELONS_OTHER-MELONS@@RICHMOND/NORFOLK, VA - MULO",203,209,1207.08,188,2022-06-19,2026-06-14,6,0.9261083743842364,0,2,0|2
"SUBCATEGORY_MELONS_OTHER-MELONS@@SACRAMENTO, CA - MULO",232,232,405583.86,0,2022-01-09,2026-06-14,0,0.0,0,0,0|0
"SUBCATEGORY_MELONS_OTHER-MELONS@@SAN DIEGO, CA - MULO",187,232,92712.28,110,2022-01-09,2026-06-14,45,0.5882352941176471,0,2,0|2
"SUBCATEGORY_MELONS_OTHER-MELONS@@SAN FRANCISCO/OAKLAND, CA - MULO",232,232,138648.89,0,2022-01-09,2026-06-14,0,0.0,0,0,0|0
"SUBCATEGORY_MELONS_OTHER-MELONS@@SEATTLE/TACOMA, WA - MULO",212,220,105878.15,136,2022-04-03,2026-06-14,8,0.6415094339622641,0,2,0|2
SUBCATEGORY_MELONS_OTHER-MELONS@@SOUTH CAROLINA - MULO,193,232,91451.65,125,2022-01-09,2026-06-14,39,0.6476683937823834,0,2,0|2
"SUBCATEGORY_MELONS_OTHER-MELONS@@SPOKANE, WA - MULO",209,213,16156.77,143,2022-05-22,2026-06-14,4,0.6842105263157895,0,2,0|2
"SUBCATEGORY_MELONS_OTHER-MELONS@@ST. LOUIS, MO - MULO",229,232,13118.22,6,2022-01-09,2026-06-14,3,0.026200873362445413,0,0,0|0
"SUBCATEGORY_MELONS_OTHER-MELONS@@TOLEDO, OH - MULO",207,209,9198.6,160,2022-06-19,2026-06-14,2,0.7729468599033816,0,2,0|2
SUBCATEGORY_MELONS_OTHER-MELONS@@WEST TEXAS/NEW MEXICO - MULO,204,211,33611.35,125,2022-06-05,2026-06-14,7,0.6127450980392157,0,2,0|2
"SUBCATEGORY_MELONS_WATERMELON@@ALBANY, NY - MULO",232,232,1816272.51,0,2022-01-09,2026-06-14,0,0.0,2,0,2|0
"SUBCATEGORY_MELONS_WATERMELON@@ATLANTA, GA - MULO",232,232,14030071.71,0,2022-01-09,2026-06-14,0,0.0,6,0,6|0
"SUBCATEGORY_MELONS_WATERMELON@@BALTIMORE, MD/WASHINGTON D.C. - MULO",232,232,19059959.79,0,2022-01-09,2026-06-14,0,0.0,7,0,7|0
"SUBCATEGORY_MELONS_WATERMELON@@BIRMINGHAM/MONTGOMERY, AL - MULO",232,232,9816472.63,0,2022-01-09,2026-06-14,0,0.0,6,0,6|0
"SUBCATEGORY_MELONS_WATERMELON@@BOISE, ID - MULO",232,232,1889330.47,0,2022-01-09,2026-06-14,0,0.0,2,0,2|0
"SUBCATEGORY_MELONS_WATERMELON@@BOSTON, MA - MULO",232,232,9353946.95,0,2022-01-09,2026-06-14,0,0.0,5,0,5|0
"SUBCATEGORY_MELONS_WATERMELON@@BUFFALO/ROCHESTER, NY - MULO",232,232,12758191.78,0,2022-01-09,2026-06-14,0,0.0,6,0,6|0
"SUBCATEGORY_MELONS_WATERMELON@@CHARLOTTE, NC - MULO",232,232,10517218.99,0,2022-01-09,2026-06-14,0,0.0,6,0,6|0
"SUBCATEGORY_MELONS_WATERMELON@@CHICAGO, IL - MULO",232,232,35349964.8,0,2022-01-09,2026-06-14,0,0.0,8,0,8|0
"SUBCATEGORY_MELONS_WATERMELON@@CINCINNATI/DAYTON, OH - MULO",232,232,17025471.4,0,2022-01-09,2026-06-14,0,0.0,7,0,7|0
"SUBCATEGORY_MELONS_WATERMELON@@CLEVELAND, OH - MULO",232,232,6411071.49,0,2022-01-09,2026-06-14,0,0.0,5,0,5|0
"SUBCATEGORY_MELONS_WATERMELON@@COLUMBUS, OH - MULO",232,232,10252481.76,0,2022-01-09,2026-06-14,0,0.0,6,0,6|0
"SUBCATEGORY_MELONS_WATERMELON@@DALLAS/FT. WORTH, TX - MULO",232,232,28359711.06,0,2022-01-09,2026-06-14,0,0.0,8,0,8|0
"SUBCATEGORY_MELONS_WATERMELON@@DENVER, CO - MULO",232,232,17386293.08,0,2022-01-09,2026-06-14,0,0.0,7,0,7|0
"SUBCATEGORY_MELONS_WATERMELON@@DES MOINES, IA - MULO",232,232,1029528.5599999999,0,2022-01-09,2026-06-14,0,0.0,1,0,1|0
"SUBCATEGORY_MELONS_WATERMELON@@DETROIT, MI - MULO",232,232,27920686.23,0,2022-01-09,2026-06-14,0,0.0,8,0,8|0
"SUBCATEGORY_MELONS_WATERMELON@@GRAND RAPIDS, MI - MULO",232,232,11991957.62,0,2022-01-09,2026-06-14,0,0.0,6,0,6|0
"SUBCATEGORY_MELONS_WATERMELON@@GREEN BAY, WI - MULO",232,232,5213485.12,0,2022-01-09,2026-06-14,0,0.0,4,0,4|0
"SUBCATEGORY_MELONS_WATERMELON@@HARRISBURG/SCRANTON, PA - MULO",232,232,8772285.11,0,2022-01-09,2026-06-14,0,0.0,5,0,5|0
"SUBCATEGORY_MELONS_WATERMELON@@HARTFORD, CT/SPRINGFIELD, MA - MULO",232,232,8016129.56,0,2022-01-09,2026-06-14,0,0.0,5,0,5|0
"SUBCATEGORY_MELONS_WATERMELON@@HOUSTON, TX - MULO",232,232,18688240.13,0,2022-01-09,2026-06-14,0,0.0,7,0,7|0
"SUBCATEGORY_MELONS_WATERMELON@@INDIANAPOLIS, IN - MULO",232,232,10934320.24,0,2022-01-09,2026-06-14,0,0.0,6,0,6|0
"SUBCATEGORY_MELONS_WATERMELON@@JACKSONVILLE, FL - MULO",232,232,5066622.39,0,2022-01-09,2026-06-14,0,0.0,4,0,4|0
"SUBCATEGORY_MELONS_WATERMELON@@KANSAS CITY, KS - MULO",232,232,3283410.41,0,2022-01-09,2026-06-14,0,0.0,3,0,3|0
"SUBCATEGORY_MELONS_WATERMELON@@KNOXVILLE, TN - MULO",232,232,3903163.86,0,2022-01-09,2026-06-14,0,0.0,3,0,3|0
"SUBCATEGORY_MELONS_WATERMELON@@LAS VEGAS, NV - MULO",232,232,10474767.58,0,2022-01-09,2026-06-14,0,0.0,6,0,6|0
"SUBCATEGORY_MELONS_WATERMELON@@LITTLE ROCK, AR - MULO",232,232,2008440.08,0,2022-01-09,2026-06-14,0,0.0,2,0,2|0
"SUBCATEGORY_MELONS_WATERMELON@@LOS ANGELES, CA - MULO",232,232,57355191.75,0,2022-01-09,2026-06-14,0,0.0,9,0,9|0
"SUBCATEGORY_MELONS_WATERMELON@@LOUISVILLE, KY - MULO",232,232,6501157.11,0,2022-01-09,2026-06-14,0,0.0,5,0,5|0
"SUBCATEGORY_MELONS_WATERMELON@@MEMPHIS, TN - MULO",232,232,2930505.83,0,2022-01-09,2026-06-14,0,0.0,3,0,3|0
"SUBCATEGORY_MELONS_WATERMELON@@MIAMI/FT. LAUDERDALE, FL - MULO",232,232,10439871.53,0,2022-01-09,2026-06-14,0,0.0,6,0,6|0
"SUBCATEGORY_MELONS_WATERMELON@@MILWAUKEE, WI - MULO",232,232,28221399.8,0,2022-01-09,2026-06-14,0,0.0,8,0,8|0
"SUBCATEGORY_MELONS_WATERMELON@@MINNEAPOLIS/ST. PAUL, MN - MULO",232,232,7635939.53,0,2022-01-09,2026-06-14,0,0.0,5,0,5|0
SUBCATEGORY_MELONS_WATERMELON@@MISSISSIPPI - MULO,232,232,4936816.17,0,2022-01-09,2026-06-14,0,0.0,4,0,4|0
"SUBCATEGORY_MELONS_WATERMELON@@NASHVILLE, TN - MULO",232,232,9128501.12,0,2022-01-09,2026-06-14,0,0.0,5,0,5|0
SUBCATEGORY_MELONS_WATERMELON@@NEW ENGLAND - MULO,232,232,6541822.37,0,2022-01-09,2026-06-14,0,0.0,5,0,5|0
"SUBCATEGORY_MELONS_WATERMELON@@NEW ORLEANS, LA/MOBILE, AL - MULO",232,232,10394902.26,0,2022-01-09,2026-06-14,0,0.0,6,0,6|0
"SUBCATEGORY_MELONS_WATERMELON@@NEW YORK, NY - MULO",232,232,17543074.04,0,2022-01-09,2026-06-14,0,0.0,7,0,7|0
"SUBCATEGORY_MELONS_WATERMELON@@OKLAHOMA CITY, OK - MULO",232,232,5455268.62,0,2022-01-09,2026-06-14,0,0.0,4,0,4|0
"SUBCATEGORY_MELONS_WATERMELON@@OMAHA, NE - MULO",232,232,2971943.46,0,2022-01-09,2026-06-14,0,0.0,3,0,3|0
"SUBCATEGORY_MELONS_WATERMELON@@ORLANDO, FL - MULO",232,232,7499801.18,0,2022-01-09,2026-06-14,0,0.0,5,0,5|0
"SUBCATEGORY_MELONS_WATERMELON@@PEORIA/SPRINGFIELD, IL - MULO",232,232,5445947.89,0,2022-01-09,2026-06-14,0,0.0,4,0,4|0
"SUBCATEGORY_MELONS_WATERMELON@@PHILADELPHIA, PA - MULO",232,232,13009503.35,0,2022-01-09,2026-06-14,0,0.0,6,0,6|0
"SUBCATEGORY_MELONS_WATERMELON@@PHOENIX/TUCSON, AZ - MULO",232,232,20453457.4,0,2022-01-09,2026-06-14,0,0.0,7,0,7|0
"SUBCATEGORY_MELONS_WATERMELON@@PITTSBURGH, PA - MULO",232,232,5505018.49,0,2022-01-09,2026-06-14,0,0.0,4,0,4|0
"SUBCATEGORY_MELONS_WATERMELON@@PORTLAND, OR - MULO",232,232,10410667.25,0,2022-01-09,2026-06-14,0,0.0,6,0,6|0
"SUBCATEGORY_MELONS_WATERMELON@@PROVIDENCE, RI - MULO",232,232,1529286.85,0,2022-01-09,2026-06-14,0,0.0,2,0,2|0
"SUBCATEGORY_MELONS_WATERMELON@@RALEIGH/GREENSBORO, NC - MULO",232,232,12310946.95,0,2022-01-09,2026-06-14,0,0.0,6,0,6|0
"SUBCATEGORY_MELONS_WATERMELON@@RICHMOND/NORFOLK, VA - MULO",232,232,10935166.32,0,2022-01-09,2026-06-14,0,0.0,6,0,6|0
"SUBCATEGORY_MELONS_WATERMELON@@ROANOKE, VA - MULO",232,232,5687155.97,0,2022-01-09,2026-06-14,0,0.0,4,0,4|0
"SUBCATEGORY_MELONS_WATERMELON@@SACRAMENTO, CA - MULO",232,232,5626717.01,0,2022-01-09,2026-06-14,0,0.0,4,0,4|0
"SUBCATEGORY_MELONS_WATERMELON@@SALT LAKE CITY, UT - MULO",232,232,7014820.64,0,2022-01-09,2026-06-14,0,0.0,5,0,5|0
"SUBCATEGORY_MELONS_WATERMELON@@SAN DIEGO, CA - MULO",232,232,11929154.12,0,2022-01-09,2026-06-14,0,0.0,6,0,6|0
"SUBCATEGORY_MELONS_WATERMELON@@SAN FRANCISCO/OAKLAND, CA - MULO",232,232,14155389.96,0,2022-01-09,2026-06-14,0,0.0,6,0,6|0
"SUBCATEGORY_MELONS_WATERMELON@@SEATTLE/TACOMA, WA - MULO",232,232,17944874.79,0,2022-01-09,2026-06-14,0,0.0,7,0,7|0
SUBCATEGORY_MELONS_WATERMELON@@SOUTH CAROLINA - MULO,232,232,16546729.49,0,2022-01-09,2026-06-14,0,0.0,7,0,7|0
"SUBCATEGORY_MELONS_WATERMELON@@SPOKANE, WA - MULO",232,232,2057137.09,0,2022-01-09,2026-06-14,0,0.0,2,0,2|0
"SUBCATEGORY_MELONS_WATERMELON@@ST. LOUIS, MO - MULO",232,232,7938903.76,0,2022-01-09,2026-06-14,0,0.0,5,0,5|0
"SUBCATEGORY_MELONS_WATERMELON@@SYRACUSE, NY - MULO",232,232,4237179.14,0,2022-01-09,2026-06-14,0,0.0,4,0,4|0
"SUBCATEGORY_MELONS_WATERMELON@@TAMPA/ST. PETERSBURG, FL - MULO",232,232,7573998.84,0,2022-01-09,2026-06-14,0,0.0,5,0,5|0
"SUBCATEGORY_MELONS_WATERMELON@@TOLEDO, OH - MULO",232,232,9601862.32,0,2022-01-09,2026-06-14,0,0.0,5,0,5|0
"SUBCATEGORY_MELONS_WATERMELON@@TULSA, OK - MULO",232,232,2606874.34,0,2022-01-09,2026-06-14,0,0.0,3,0,3|0
SUBCATEGORY_MELONS_WATERMELON@@WEST TEXAS/NEW MEXICO - MULO,232,232,8133638.71,0,2022-01-09,2026-06-14,0,0.0,5,0,5|0
"SUBCATEGORY_MELONS_WATERMELON@@WICHITA, KS - MULO",232,232,2776637.69,0,2022-01-09,2026-06-14,0,0.0,3,0,3|0
"SUBCATEGORY_MUSHROOMS_MUSHROOMS@@ALBANY, NY - MULO",232,232,29597066.16,0,2022-01-09,2026-06-14,0,0.0,8,0,8|0
"SUBCATEGORY_MUSHROOMS_MUSHROOMS@@ATLANTA, GA - MULO",232,232,89898924.15,0,2022-01-09,2026-06-14,0,0.0,9,0,9|0
"SUBCATEGORY_MUSHROOMS_MUSHROOMS@@BALTIMORE, MD/WASHINGTON D.C. - MULO",232,232,140012675.8,0,2022-01-09,2026-06-14,0,0.0,9,0,9|0
"SUBCATEGORY_MUSHROOMS_MUSHROOMS@@BIRMINGHAM/MONTGOMERY, AL - MULO",232,232,51643801.3,0,2022-01-09,2026-06-14,0,0.0,8,0,8|0
"SUBCATEGORY_MUSHROOMS_MUSHROOMS@@BOISE, ID - MULO",232,232,13482678.01,0,2022-01-09,2026-06-14,0,0.0,6,0,6|0
"SUBCATEGORY_MUSHROOMS_MUSHROOMS@@BOSTON, MA - MULO",232,232,76420374.68,0,2022-01-09,2026-06-14,0,0.0,9,0,9|0
"SUBCATEGORY_MUSHROOMS_MUSHROOMS@@BUFFALO/ROCHESTER, NY - MULO",232,232,54754666.42,0,2022-01-09,2026-06-14,0,0.0,8,0,8|0
"SUBCATEGORY_MUSHROOMS_MUSHROOMS@@CHARLOTTE, NC - MULO",232,232,41375458.07,0,2022-01-09,2026-06-14,0,0.0,8,0,8|0
"SUBCATEGORY_MUSHROOMS_MUSHROOMS@@CHICAGO, IL - MULO",232,232,147320534.9,0,2022-01-09,2026-06-14,0,0.0,9,0,9|0
"SUBCATEGORY_MUSHROOMS_MUSHROOMS@@CINCINNATI/DAYTON, OH - MULO",232,232,56568790.94,0,2022-01-09,2026-06-14,0,0.0,8,0,8|0
"SUBCATEGORY_MUSHROOMS_MUSHROOMS@@CLEVELAND, OH - MULO",232,232,41379108.65,0,2022-01-09,2026-06-14,0,0.0,8,0,8|0
"SUBCATEGORY_MUSHROOMS_MUSHROOMS@@COLUMBUS, OH - MULO",232,232,44373955.69,0,2022-01-09,2026-06-14,0,0.0,8,0,8|0
"SUBCATEGORY_MUSHROOMS_MUSHROOMS@@DALLAS/FT. WORTH, TX - MULO",232,232,98021257.15,0,2022-01-09,2026-06-14,0,0.0,9,0,9|0
"SUBCATEGORY_MUSHROOMS_MUSHROOMS@@DENVER, CO - MULO",232,232,101180917.14,0,2022-01-09,2026-06-14,0,0.0,9,0,9|0
"SUBCATEGORY_MUSHROOMS_MUSHROOMS@@DES MOINES, IA - MULO",232,232,16037346.56,0,2022-01-09,2026-06-14,0,0.0,7,0,7|0
"SUBCATEGORY_MUSHROOMS_MUSHROOMS@@DETROIT, MI - MULO",232,232,94232734.83,0,2022-01-09,2026-06-14,0,0.0,9,0,9|0
"SUBCATEGORY_MUSHROOMS_MUSHROOMS@@GRAND RAPIDS, MI - MULO",232,232,38421269.27,0,2022-01-09,2026-06-14,0,0.0,8,0,8|0
"SUBCATEGORY_MUSHROOMS_MUSHROOMS@@GREEN BAY, WI - MULO",232,232,19526895.34,0,2022-01-09,2026-06-14,0,0.0,7,0,7|0
"SUBCATEGORY_MUSHROOMS_MUSHROOMS@@HARRISBURG/SCRANTON, PA - MULO",232,232,72497200.71,0,2022-01-09,2026-06-14,0,0.0,9,0,9|0
"SUBCATEGORY_MUSHROOMS_MUSHROOMS@@HARTFORD, CT/SPRINGFIELD, MA - MULO",232,232,69454185.96,0,2022-01-09,2026-06-14,0,0.0,9,0,9|0
"SUBCATEGORY_MUSHROOMS_MUSHROOMS@@HOUSTON, TX - MULO",232,232,48779913.12,0,2022-01-09,2026-06-14,0,0.0,8,0,8|0
"SUBCATEGORY_MUSHROOMS_MUSHROOMS@@INDIANAPOLIS, IN - MULO",232,232,41394079.68,0,2022-01-09,2026-06-14,0,0.0,8,0,8|0
"SUBCATEGORY_MUSHROOMS_MUSHROOMS@@JACKSONVILLE, FL - MULO",232,232,37598221.54,0,2022-01-09,2026-06-14,0,0.0,8,0,8|0
"SUBCATEGORY_MUSHROOMS_MUSHROOMS@@KANSAS CITY, KS - MULO",232,232,34349423.96,0,2022-01-09,2026-06-14,0,0.0,8,0,8|0
"SUBCATEGORY_MUSHROOMS_MUSHROOMS@@KNOXVILLE, TN - MULO",232,232,19178122.34,0,2022-01-09,2026-06-14,0,0.0,7,0,7|0
"SUBCATEGORY_MUSHROOMS_MUSHROOMS@@LAS VEGAS, NV - MULO",232,232,40684486.78,0,2022-01-09,2026-06-14,0,0.0,8,0,8|0
"SUBCATEGORY_MUSHROOMS_MUSHROOMS@@LITTLE ROCK, AR - MULO",232,232,11116032.95,0,2022-01-09,2026-06-14,0,0.0,6,0,6|0
"SUBCATEGORY_MUSHROOMS_MUSHROOMS@@LOS ANGELES, CA - MULO",232,232,242614770.06,0,2022-01-09,2026-06-14,0,0.0,9,0,9|0
"SUBCATEGORY_MUSHROOMS_MUSHROOMS@@LOUISVILLE, KY - MULO",232,232,21623117.01,0,2022-01-09,2026-06-14,0,0.0,7,0,7|0
"SUBCATEGORY_MUSHROOMS_MUSHROOMS@@MEMPHIS, TN - MULO",232,232,14544388.55,0,2022-01-09,2026-06-14,0,0.0,6,0,6|0
"SUBCATEGORY_MUSHROOMS_MUSHROOMS@@MIAMI/FT. LAUDERDALE, FL - MULO",232,232,96340867.24,0,2022-01-09,2026-06-14,0,0.0,9,0,9|0
"SUBCATEGORY_MUSHROOMS_MUSHROOMS@@MILWAUKEE, WI - MULO",232,232,58071572.63,0,2022-01-09,2026-06-14,0,0.0,9,0,9|0
"SUBCATEGORY_MUSHROOMS_MUSHROOMS@@MINNEAPOLIS/ST. PAUL, MN - MULO",232,232,62106896.99,0,2022-01-09,2026-06-14,0,0.0,9,0,9|0
SUBCATEGORY_MUSHROOMS_MUSHROOMS@@MISSISSIPPI - MULO,232,232,26644461.57,0,2022-01-09,2026-06-14,0,0.0,7,0,7|0
"SUBCATEGORY_MUSHROOMS_MUSHROOMS@@NASHVILLE, TN - MULO",232,232,35617110.58,0,2022-01-09,2026-06-14,0,0.0,8,0,8|0
SUBCATEGORY_MUSHROOMS_MUSHROOMS@@NEW ENGLAND - MULO,232,232,83749781.76,0,2022-01-09,2026-06-14,0,0.0,9,0,9|0
"SUBCATEGORY_MUSHROOMS_MUSHROOMS@@NEW ORLEANS, LA/MOBILE, AL - MULO",232,232,49668246.64,0,2022-01-09,2026-06-14,0,0.0,8,0,8|0
"SUBCATEGORY_MUSHROOMS_MUSHROOMS@@NEW YORK, NY - MULO",232,232,258366333.68,0,2022-01-09,2026-06-14,0,0.0,9,0,9|0
"SUBCATEGORY_MUSHROOMS_MUSHROOMS@@OKLAHOMA CITY, OK - MULO",232,232,17818140.96,0,2022-01-09,2026-06-14,0,0.0,7,0,7|0
"SUBCATEGORY_MUSHROOMS_MUSHROOMS@@OMAHA, NE - MULO",232,232,21479343.04,0,2022-01-09,2026-06-14,0,0.0,7,0,7|0
"SUBCATEGORY_MUSHROOMS_MUSHROOMS@@ORLANDO, FL - MULO",232,232,77038670.11,0,2022-01-09,2026-06-14,0,0.0,9,0,9|0
"SUBCATEGORY_MUSHROOMS_MUSHROOMS@@PEORIA/SPRINGFIELD, IL - MULO",232,232,31934609.12,0,2022-01-09,2026-06-14,0,0.0,8,0,8|0
"SUBCATEGORY_MUSHROOMS_MUSHROOMS@@PHILADELPHIA, PA - MULO",232,232,103959309.77,0,2022-01-09,2026-06-14,0,0.0,9,0,9|0
"SUBCATEGORY_MUSHROOMS_MUSHROOMS@@PHOENIX/TUCSON, AZ - MULO",232,232,97512829.66,0,2022-01-09,2026-06-14,0,0.0,9,0,9|0
"SUBCATEGORY_MUSHROOMS_MUSHROOMS@@PITTSBURGH, PA - MULO",232,232,53636100.69,0,2022-01-09,2026-06-14,0,0.0,8,0,8|0
"SUBCATEGORY_MUSHROOMS_MUSHROOMS@@PORTLAND, OR - MULO",232,232,69277636.08,0,2022-01-09,2026-06-14,0,0.0,9,0,9|0
"SUBCATEGORY_MUSHROOMS_MUSHROOMS@@PROVIDENCE, RI - MULO",232,232,17717160.76,0,2022-01-09,2026-06-14,0,0.0,7,0,7|0
"SUBCATEGORY_MUSHROOMS_MUSHROOMS@@RALEIGH/GREENSBORO, NC - MULO",232,232,51070055.15,0,2022-01-09,2026-06-14,0,0.0,8,0,8|0
"SUBCATEGORY_MUSHROOMS_MUSHROOMS@@RICHMOND/NORFOLK, VA - MULO",232,232,43266713.75,0,2022-01-09,2026-06-14,0,0.0,8,0,8|0
"SUBCATEGORY_MUSHROOMS_MUSHROOMS@@ROANOKE, VA - MULO",232,232,33941758.0,0,2022-01-09,2026-06-14,0,0.0,8,0,8|0
"SUBCATEGORY_MUSHROOMS_MUSHROOMS@@SACRAMENTO, CA - MULO",232,232,54170214.56,0,2022-01-09,2026-06-14,0,0.0,8,0,8|0
"SUBCATEGORY_MUSHROOMS_MUSHROOMS@@SALT LAKE CITY, UT - MULO",232,232,36209637.08,0,2022-01-09,2026-06-14,0,0.0,8,0,8|0
"SUBCATEGORY_MUSHROOMS_MUSHROOMS@@SAN DIEGO, CA - MULO",232,232,56620727.12,0,2022-01-09,2026-06-14,0,0.0,8,0,8|0
"SUBCATEGORY_MUSHROOMS_MUSHROOMS@@SAN FRANCISCO/OAKLAND, CA - MULO",232,232,93339547.62,0,2022-01-09,2026-06-14,0,0.0,9,0,9|0
"SUBCATEGORY_MUSHROOMS_MUSHROOMS@@SEATTLE/TACOMA, WA - MULO",232,232,78171904.83,0,2022-01-09,2026-06-14,0,0.0,9,0,9|0
SUBCATEGORY_MUSHROOMS_MUSHROOMS@@SOUTH CAROLINA - MULO,232,232,80495249.81,0,2022-01-09,2026-06-14,0,0.0,9,0,9|0
"SUBCATEGORY_MUSHROOMS_MUSHROOMS@@SPOKANE, WA - MULO",232,232,13294865.97,0,2022-01-09,2026-06-14,0,0.0,6,0,6|0
"SUBCATEGORY_MUSHROOMS_MUSHROOMS@@ST. LOUIS, MO - MULO",232,232,44792316.42,0,2022-01-09,2026-06-14,0,0.0,8,0,8|0
"SUBCATEGORY_MUSHROOMS_MUSHROOMS@@SYRACUSE, NY - MULO",232,232,26626481.44,0,2022-01-09,2026-06-14,0,0.0,7,0,7|0
"SUBCATEGORY_MUSHROOMS_MUSHROOMS@@TAMPA/ST. PETERSBURG, FL - MULO",232,232,85685542.3,0,2022-01-09,2026-06-14,0,0.0,9,0,9|0
"SUBCATEGORY_MUSHROOMS_MUSHROOMS@@TOLEDO, OH - MULO",232,232,35666699.59,0,2022-01-09,2026-06-14,0,0.0,8,0,8|0
"SUBCATEGORY_MUSHROOMS_MUSHROOMS@@TULSA, OK - MULO",232,232,14920787.39,0,2022-01-09,2026-06-14,0,0.0,6,0,6|0
SUBCATEGORY_MUSHROOMS_MUSHROOMS@@WEST TEXAS/NEW MEXICO - MULO,232,232,61061338.24,0,2022-01-09,2026-06-14,0,0.0,9,0,9|0
"SUBCATEGORY_MUSHROOMS_MUSHROOMS@@WICHITA, KS - MULO",232,232,12297197.0,0,2022-01-09,2026-06-14,0,0.0,6,0,6|0
"SUBCATEGORY_MUSHROOMS_SPECIALTY-MUSHROOMS@@ALBANY, NY - MULO",232,232,1290630.2,0,2022-01-09,2026-06-14,0,0.0,2,0,2|0
"SUBCATEGORY_MUSHROOMS_SPECIALTY-MUSHROOMS@@ATLANTA, GA - MULO",232,232,7101322.21,0,2022-01-09,2026-06-14,0,0.0,5,0,5|0
"SUBCATEGORY_MUSHROOMS_SPECIALTY-MUSHROOMS@@BALTIMORE, MD/WASHINGTON D.C. - MULO",232,232,19936241.87,0,2022-01-09,2026-06-14,0,0.0,7,0,7|0
"SUBCATEGORY_MUSHROOMS_SPECIALTY-MUSHROOMS@@BIRMINGHAM/MONTGOMERY, AL - MULO",232,232,4326766.2,0,2022-01-09,2026-06-14,0,0.0,4,0,4|0
"SUBCATEGORY_MUSHROOMS_SPECIALTY-MUSHROOMS@@BOISE, ID - MULO",232,232,607392.46,0,2022-01-09,2026-06-14,0,0.0,1,0,1|0
"SUBCATEGORY_MUSHROOMS_SPECIALTY-MUSHROOMS@@BOSTON, MA - MULO",232,232,7106015.26,0,2022-01-09,2026-06-14,0,0.0,5,0,5|0
"SUBCATEGORY_MUSHROOMS_SPECIALTY-MUSHROOMS@@BUFFALO/ROCHESTER, NY - MULO",232,232,5116177.48,0,2022-01-09,2026-06-14,0,0.0,4,0,4|0
"SUBCATEGORY_MUSHROOMS_SPECIALTY-MUSHROOMS@@CHARLOTTE, NC - MULO",232,232,14578820.49,0,2022-01-09,2026-06-14,0,0.0,6,0,6|0
"SUBCATEGORY_MUSHROOMS_SPECIALTY-MUSHROOMS@@CHICAGO, IL - MULO",232,232,7117364.55,0,2022-01-09,2026-06-14,0,0.0,5,0,5|0
"SUBCATEGORY_MUSHROOMS_SPECIALTY-MUSHROOMS@@CINCINNATI/DAYTON, OH - MULO",232,232,3169391.8,0,2022-01-09,2026-06-14,0,0.0,3,0,3|0
"SUBCATEGORY_MUSHROOMS_SPECIALTY-MUSHROOMS@@CLEVELAND, OH - MULO",232,232,1991728.82,0,2022-01-09,2026-06-14,0,0.0,2,0,2|0
"SUBCATEGORY_MUSHROOMS_SPECIALTY-MUSHROOMS@@COLUMBUS, OH - MULO",232,232,2588216.33,0,2022-01-09,2026-06-14,0,0.0,3,0,3|0
"SUBCATEGORY_MUSHROOMS_SPECIALTY-MUSHROOMS@@DALLAS/FT. WORTH, TX - MULO",232,232,2338685.89,0,2022-01-09,2026-06-14,0,0.0,3,0,3|0
"SUBCATEGORY_MUSHROOMS_SPECIALTY-MUSHROOMS@@DENVER, CO - MULO",232,232,5138713.11,0,2022-01-09,2026-06-14,0,0.0,4,0,4|0
"SUBCATEGORY_MUSHROOMS_SPECIALTY-MUSHROOMS@@DES MOINES, IA - MULO",232,232,351479.3,0,2022-01-09,2026-06-14,0,0.0,0,0,0|0
"SUBCATEGORY_MUSHROOMS_SPECIALTY-MUSHROOMS@@DETROIT, MI - MULO",232,232,3835719.96,0,2022-01-09,2026-06-14,0,0.0,3,0,3|0
"SUBCATEGORY_MUSHROOMS_SPECIALTY-MUSHROOMS@@GRAND RAPIDS, MI - MULO",232,232,1420695.21,0,2022-01-09,2026-06-14,0,0.0,2,0,2|0
"SUBCATEGORY_MUSHROOMS_SPECIALTY-MUSHROOMS@@GREEN BAY, WI - MULO",232,232,356665.46,0,2022-01-09,2026-06-14,0,0.0,0,0,0|0
"SUBCATEGORY_MUSHROOMS_SPECIALTY-MUSHROOMS@@HARRISBURG/SCRANTON, PA - MULO",232,232,4706649.24,0,2022-01-09,2026-06-14,0,0.0,4,0,4|0
"SUBCATEGORY_MUSHROOMS_SPECIALTY-MUSHROOMS@@HARTFORD, CT/SPRINGFIELD, MA - MULO",232,232,3052974.07,0,2022-01-09,2026-06-14,0,0.0,3,0,3|0
"SUBCATEGORY_MUSHROOMS_SPECIALTY-MUSHROOMS@@HOUSTON, TX - MULO",232,232,1199055.51,0,2022-01-09,2026-06-14,0,0.0,1,0,1|0
"SUBCATEGORY_MUSHROOMS_SPECIALTY-MUSHROOMS@@INDIANAPOLIS, IN - MULO",232,232,2332974.78,0,2022-01-09,2026-06-14,0,0.0,3,0,3|0
"SUBCATEGORY_MUSHROOMS_SPECIALTY-MUSHROOMS@@JACKSONVILLE, FL - MULO",232,232,3829079.71,0,2022-01-09,2026-06-14,0,0.0,3,0,3|0
"SUBCATEGORY_MUSHROOMS_SPECIALTY-MUSHROOMS@@KANSAS CITY, KS - MULO",232,232,562620.79,0,2022-01-09,2026-06-14,0,0.0,1,0,1|0
"SUBCATEGORY_MUSHROOMS_SPECIALTY-MUSHROOMS@@KNOXVILLE, TN - MULO",232,232,1314084.53,0,2022-01-09,2026-06-14,0,0.0,2,0,2|0
"SUBCATEGORY_MUSHROOMS_SPECIALTY-MUSHROOMS@@LAS VEGAS, NV - MULO",232,232,1328495.1,0,2022-01-09,2026-06-14,0,0.0,2,0,2|0
"SUBCATEGORY_MUSHROOMS_SPECIALTY-MUSHROOMS@@LITTLE ROCK, AR - MULO",232,232,253983.69,0,2022-01-09,2026-06-14,0,0.0,0,0,0|0
"SUBCATEGORY_MUSHROOMS_SPECIALTY-MUSHROOMS@@LOS ANGELES, CA - MULO",232,232,15430707.81,0,2022-01-09,2026-06-14,0,0.0,6,0,6|0
"SUBCATEGORY_MUSHROOMS_SPECIALTY-MUSHROOMS@@LOUISVILLE, KY - MULO",232,232,1057612.41,0,2022-01-09,2026-06-14,0,0.0,1,0,1|0
"SUBCATEGORY_MUSHROOMS_SPECIALTY-MUSHROOMS@@MEMPHIS, TN - MULO",232,232,762673.35,0,2022-01-09,2026-06-14,0,0.0,1,0,1|0
"SUBCATEGORY_MUSHROOMS_SPECIALTY-MUSHROOMS@@MIAMI/FT. LAUDERDALE, FL - MULO",232,232,12508170.72,0,2022-01-09,2026-06-14,0,0.0,6,0,6|0
"SUBCATEGORY_MUSHROOMS_SPECIALTY-MUSHROOMS@@MILWAUKEE, WI - MULO",232,232,1739490.14,0,2022-01-09,2026-06-14,0,0.0,2,0,2|0
"SUBCATEGORY_MUSHROOMS_SPECIALTY-MUSHROOMS@@MINNEAPOLIS/ST. PAUL, MN - MULO",232,232,1835931.76,0,2022-01-09,2026-06-14,0,0.0,2,0,2|0
SUBCATEGORY_MUSHROOMS_SPECIALTY-MUSHROOMS@@MISSISSIPPI - MULO,232,232,803381.66,0,2022-01-09,2026-06-14,0,0.0,1,0,1|0
"SUBCATEGORY_MUSHROOMS_SPECIALTY-MUSHROOMS@@NASHVILLE, TN - MULO",232,232,3881244.1,0,2022-01-09,2026-06-14,0,0.0,3,0,3|0
SUBCATEGORY_MUSHROOMS_SPECIALTY-MUSHROOMS@@NEW ENGLAND - MULO,232,232,7368906.15,0,2022-01-09,2026-06-14,0,0.0,5,0,5|0
"SUBCATEGORY_MUSHROOMS_SPECIALTY-MUSHROOMS@@NEW ORLEANS, LA/MOBILE, AL - MULO",232,232,2000348.99,0,2022-01-09,2026-06-14,0,0.0,2,0,2|0
"SUBCATEGORY_MUSHROOMS_SPECIALTY-MUSHROOMS@@NEW YORK, NY - MULO",232,232,21061192.31,0,2022-01-09,2026-06-14,0,0.0,7,0,7|0
"SUBCATEGORY_MUSHROOMS_SPECIALTY-MUSHROOMS@@OKLAHOMA CITY, OK - MULO",232,232,199482.16,1,2022-01-09,2026-06-14,0,0.004310344827586207,0,0,0|0
"SUBCATEGORY_MUSHROOMS_SPECIALTY-MUSHROOMS@@OMAHA, NE - MULO",232,232,324720.01,0,2022-01-09,2026-06-14,0,0.0,0,0,0|0
"SUBCATEGORY_MUSHROOMS_SPECIALTY-MUSHROOMS@@ORLANDO, FL - MULO",232,232,7361265.02,0,2022-01-09,2026-06-14,0,0.0,5,0,5|0
"SUBCATEGORY_MUSHROOMS_SPECIALTY-MUSHROOMS@@PEORIA/SPRINGFIELD, IL - MULO",232,232,1375458.17,0,2022-01-09,2026-06-14,0,0.0,2,0,2|0
"SUBCATEGORY_MUSHROOMS_SPECIALTY-MUSHROOMS@@PHILADELPHIA, PA - MULO",232,232,9645671.69,0,2022-01-09,2026-06-14,0,0.0,5,0,5|0
"SUBCATEGORY_MUSHROOMS_SPECIALTY-MUSHROOMS@@PHOENIX/TUCSON, AZ - MULO",232,232,3581199.29,0,2022-01-09,2026-06-14,0,0.0,3,0,3|0
"SUBCATEGORY_MUSHROOMS_SPECIALTY-MUSHROOMS@@PITTSBURGH, PA - MULO",232,232,1377220.58,0,2022-01-09,2026-06-14,0,0.0,2,0,2|0
"SUBCATEGORY_MUSHROOMS_SPECIALTY-MUSHROOMS@@PORTLAND, OR - MULO",232,232,3517563.01,0,2022-01-09,2026-06-14,0,0.0,3,0,3|0
"SUBCATEGORY_MUSHROOMS_SPECIALTY-MUSHROOMS@@PROVIDENCE, RI - MULO",232,232,1100426.11,0,2022-01-09,2026-06-14,0,0.0,1,0,1|0
"SUBCATEGORY_MUSHROOMS_SPECIALTY-MUSHROOMS@@RALEIGH/GREENSBORO, NC - MULO",232,232,19748239.3,0,2022-01-09,2026-06-14,0,0.0,7,0,7|0
"SUBCATEGORY_MUSHROOMS_SPECIALTY-MUSHROOMS@@RICHMOND/NORFOLK, VA - MULO",232,232,14670591.2,0,2022-01-09,2026-06-14,0,0.0,6,0,6|0
"SUBCATEGORY_MUSHROOMS_SPECIALTY-MUSHROOMS@@ROANOKE, VA - MULO",232,232,6281007.63,0,2022-01-09,2026-06-14,0,0.0,4,0,4|0
"SUBCATEGORY_MUSHROOMS_SPECIALTY-MUSHROOMS@@SACRAMENTO, CA - MULO",232,232,2422346.27,0,2022-01-09,2026-06-14,0,0.0,3,0,3|0
"SUBCATEGORY_MUSHROOMS_SPECIALTY-MUSHROOMS@@SALT LAKE CITY, UT - MULO",232,232,940255.14,0,2022-01-09,2026-06-14,0,0.0,1,0,1|0
"SUBCATEGORY_MUSHROOMS_SPECIALTY-MUSHROOMS@@SAN DIEGO, CA - MULO",232,232,3663507.47,0,2022-01-09,2026-06-14,0,0.0,3,0,3|0
"SUBCATEGORY_MUSHROOMS_SPECIALTY-MUSHROOMS@@SAN FRANCISCO/OAKLAND, CA - MULO",232,232,7740189.9,0,2022-01-09,2026-06-14,0,0.0,5,0,5|0
"SUBCATEGORY_MUSHROOMS_SPECIALTY-MUSHROOMS@@SEATTLE/TACOMA, WA - MULO",232,232,3356782.97,0,2022-01-09,2026-06-14,0,0.0,3,0,3|0
SUBCATEGORY_MUSHROOMS_SPECIALTY-MUSHROOMS@@SOUTH CAROLINA - MULO,232,232,20760213.9,0,2022-01-09,2026-06-14,0,0.0,7,0,7|0
"SUBCATEGORY_MUSHROOMS_SPECIALTY-MUSHROOMS@@SPOKANE, WA - MULO",232,232,228732.91,0,2022-01-09,2026-06-14,0,0.0,0,0,0|0
"SUBCATEGORY_MUSHROOMS_SPECIALTY-MUSHROOMS@@ST. LOUIS, MO - MULO",232,232,1065030.37,0,2022-01-09,2026-06-14,0,0.0,1,0,1|0
"SUBCATEGORY_MUSHROOMS_SPECIALTY-MUSHROOMS@@SYRACUSE, NY - MULO",232,232,1725695.75,0,2022-01-09,2026-06-14,0,0.0,2,0,2|0
"SUBCATEGORY_MUSHROOMS_SPECIALTY-MUSHROOMS@@TAMPA/ST. PETERSBURG, FL - MULO",232,232,8615994.46,0,2022-01-09,2026-06-14,0,0.0,5,0,5|0
"SUBCATEGORY_MUSHROOMS_SPECIALTY-MUSHROOMS@@TOLEDO, OH - MULO",232,232,1116075.5,0,2022-01-09,2026-06-14,0,0.0,1,0,1|0
"SUBCATEGORY_MUSHROOMS_SPECIALTY-MUSHROOMS@@TULSA, OK - MULO",199,230,22144.52,41,2022-01-23,2026-06-14,31,0.20603015075376885,0,2,0|2
SUBCATEGORY_MUSHROOMS_SPECIALTY-MUSHROOMS@@WEST TEXAS/NEW MEXICO - MULO,232,232,1076693.8,0,2022-01-09,2026-06-14,0,0.0,1,0,1|0
"SUBCATEGORY_MUSHROOMS_SPECIALTY-MUSHROOMS@@WICHITA, KS - MULO",232,232,291205.47,0,2022-01-09,2026-06-14,0,0.0,0,0,0|0
"SUBCATEGORY_ONIONS_GREEN-ONIONS@@ALBANY, NY - MULO",232,232,1060764.98,0,2022-01-09,2026-06-14,0,0.0,1,0,1|0
"SUBCATEGORY_ONIONS_GREEN-ONIONS@@ATLANTA, GA - MULO",232,232,4024375.49,0,2022-01-09,2026-06-14,0,0.0,4,0,4|0
"SUBCATEGORY_ONIONS_GREEN-ONIONS@@BALTIMORE, MD/WASHINGTON D.C. - MULO",232,232,3975349.77,0,2022-01-09,2026-06-14,0,0.0,4,0,4|0
"SUBCATEGORY_ONIONS_GREEN-ONIONS@@BIRMINGHAM/MONTGOMERY, AL - MULO",232,232,3692449.02,0,2022-01-09,2026-06-14,0,0.0,3,0,3|0
"SUBCATEGORY_ONIONS_GREEN-ONIONS@@BOISE, ID - MULO",232,232,663354.98,0,2022-01-09,2026-06-14,0,0.0,1,0,1|0
"SUBCATEGORY_ONIONS_GREEN-ONIONS@@BOSTON, MA - MULO",232,232,2435478.89,0,2022-01-09,2026-06-14,0,0.0,3,0,3|0
"SUBCATEGORY_ONIONS_GREEN-ONIONS@@BUFFALO/ROCHESTER, NY - MULO",232,232,3129633.25,0,2022-01-09,2026-06-14,0,0.0,3,0,3|0
"SUBCATEGORY_ONIONS_GREEN-ONIONS@@CHARLOTTE, NC - MULO",232,232,1045059.3099999999,0,2022-01-09,2026-06-14,0,0.0,1,0,1|0
"SUBCATEGORY_ONIONS_GREEN-ONIONS@@CHICAGO, IL - MULO",232,232,10658320.24,0,2022-01-09,2026-06-14,0,0.0,6,0,6|0
"SUBCATEGORY_ONIONS_GREEN-ONIONS@@CINCINNATI/DAYTON, OH - MULO",232,232,845025.16,0,2022-01-09,2026-06-14,0,0.0,1,0,1|0
"SUBCATEGORY_ONIONS_GREEN-ONIONS@@CLEVELAND, OH - MULO",232,232,935074.8099999999,0,2022-01-09,2026-06-14,0,0.0,1,0,1|0
"SUBCATEGORY_ONIONS_GREEN-ONIONS@@COLUMBUS, OH - MULO",232,232,833760.78,0,2022-01-09,2026-06-14,0,0.0,1,0,1|0
"SUBCATEGORY_ONIONS_GREEN-ONIONS@@DALLAS/FT. WORTH, TX - MULO",232,232,5768697.21,0,2022-01-09,2026-06-14,0,0.0,4,0,4|0
"SUBCATEGORY_ONIONS_GREEN-ONIONS@@DENVER, CO - MULO",232,232,2657338.09,0,2022-01-09,2026-06-14,0,0.0,3,0,3|0
"SUBCATEGORY_ONIONS_GREEN-ONIONS@@DES MOINES, IA - MULO",232,232,1206061.73,0,2022-01-09,2026-06-14,0,0.0,2,0,2|0
"SUBCATEGORY_ONIONS_GREEN-ONIONS@@DETROIT, MI - MULO",232,232,3408765.09,0,2022-01-09,2026-06-14,0,0.0,3,0,3|0
"SUBCATEGORY_ONIONS_GREEN-ONIONS@@GRAND RAPIDS, MI - MULO",232,232,1659571.74,0,2022-01-09,2026-06-14,0,0.0,2,0,2|0
"SUBCATEGORY_ONIONS_GREEN-ONIONS@@GREEN BAY, WI - MULO",232,232,814880.69,0,2022-01-09,2026-06-14,0,0.0,1,0,1|0
"SUBCATEGORY_ONIONS_GREEN-ONIONS@@HARRISBURG/SCRANTON, PA - MULO",232,232,2296316.11,0,2022-01-09,2026-06-14,0,0.0,2,0,2|0
"SUBCATEGORY_ONIONS_GREEN-ONIONS@@HARTFORD, CT/SPRINGFIELD, MA - MULO",232,232,1260421.31,0,2022-01-09,2026-06-14,0,0.0,2,0,2|0
"SUBCATEGORY_ONIONS_GREEN-ONIONS@@HOUSTON, TX - MULO",232,232,2886853.32,0,2022-01-09,2026-06-14,0,0.0,3,0,3|0
"SUBCATEGORY_ONIONS_GREEN-ONIONS@@INDIANAPOLIS, IN - MULO",232,232,2385118.66,0,2022-01-09,2026-06-14,0,0.0,3,0,3|0
"SUBCATEGORY_ONIONS_GREEN-ONIONS@@JACKSONVILLE, FL - MULO",232,232,2580405.31,0,2022-01-09,2026-06-14,0,0.0,3,0,3|0
"SUBCATEGORY_ONIONS_GREEN-ONIONS@@KANSAS CITY, KS - MULO",232,232,2607776.92,0,2022-01-09,2026-06-14,0,0.0,3,0,3|0
"SUBCATEGORY_ONIONS_GREEN-ONIONS@@KNOXVILLE, TN - MULO",232,232,1608419.87,0,2022-01-09,2026-06-14,0,0.0,2,0,2|0
"SUBCATEGORY_ONIONS_GREEN-ONIONS@@LAS VEGAS, NV - MULO",232,232,2110474.39,0,2022-01-09,2026-06-14,0,0.0,2,0,2|0
"SUBCATEGORY_ONIONS_GREEN-ONIONS@@LITTLE ROCK, AR - MULO",232,232,374546.11,0,2022-01-09,2026-06-14,0,0.0,0,0,0|0
"SUBCATEGORY_ONIONS_GREEN-ONIONS@@LOS ANGELES, CA - MULO",232,232,12612921.27,0,2022-01-09,2026-06-14,0,0.0,6,0,6|0
"SUBCATEGORY_ONIONS_GREEN-ONIONS@@LOUISVILLE, KY - MULO",232,232,2026234.73,0,2022-01-09,2026-06-14,0,0.0,2,0,2|0
"SUBCATEGORY_ONIONS_GREEN-ONIONS@@MEMPHIS, TN - MULO",232,232,1148820.0,0,2022-01-09,2026-06-14,0,0.0,1,0,1|0
"SUBCATEGORY_ONIONS_GREEN-ONIONS@@MIAMI/FT. LAUDERDALE, FL - MULO",232,232,10584478.86,0,2022-01-09,2026-06-14,0,0.0,6,0,6|0
"SUBCATEGORY_ONIONS_GREEN-ONIONS@@MILWAUKEE, WI - MULO",232,232,2637019.06,0,2022-01-09,2026-06-14,0,0.0,3,0,3|0
"SUBCATEGORY_ONIONS_GREEN-ONIONS@@MINNEAPOLIS/ST. PAUL, MN - MULO",232,232,7729922.96,0,2022-01-09,2026-06-14,0,0.0,5,0,5|0
SUBCATEGORY_ONIONS_GREEN-ONIONS@@MISSISSIPPI - MULO,232,232,1113560.24,0,2022-01-09,2026-06-14,0,0.0,1,0,1|0
"SUBCATEGORY_ONIONS_GREEN-ONIONS@@NASHVILLE, TN - MULO",232,232,2480353.75,0,2022-01-09,2026-06-14,0,0.0,3,0,3|0
SUBCATEGORY_ONIONS_GREEN-ONIONS@@NEW ENGLAND - MULO,232,232,909017.75,0,2022-01-09,2026-06-14,0,0.0,1,0,1|0
"SUBCATEGORY_ONIONS_GREEN-ONIONS@@NEW ORLEANS, LA/MOBILE, AL - MULO",232,232,5067308.35,0,2022-01-09,2026-06-14,0,0.0,4,0,4|0
"SUBCATEGORY_ONIONS_GREEN-ONIONS@@NEW YORK, NY - MULO",232,232,10270346.87,0,2022-01-09,2026-06-14,0,0.0,6,0,6|0
"SUBCATEGORY_ONIONS_GREEN-ONIONS@@OKLAHOMA CITY, OK - MULO",232,232,1357060.2,0,2022-01-09,2026-06-14,0,0.0,2,0,2|0
"SUBCATEGORY_ONIONS_GREEN-ONIONS@@OMAHA, NE - MULO",232,232,1462872.45,0,2022-01-09,2026-06-14,0,0.0,2,0,2|0
"SUBCATEGORY_ONIONS_GREEN-ONIONS@@ORLANDO, FL - MULO",232,232,7121629.89,0,2022-01-09,2026-06-14,0,0.0,5,0,5|0
"SUBCATEGORY_ONIONS_GREEN-ONIONS@@PEORIA/SPRINGFIELD, IL - MULO",232,232,2459134.23,0,2022-01-09,2026-06-14,0,0.0,3,0,3|0
"SUBCATEGORY_ONIONS_GREEN-ONIONS@@PHILADELPHIA, PA - MULO",232,232,5067160.94,0,2022-01-09,2026-06-14,0,0.0,4,0,4|0
"SUBCATEGORY_ONIONS_GREEN-ONIONS@@PHOENIX/TUCSON, AZ - MULO",232,232,3022598.59,0,2022-01-09,2026-06-14,0,0.0,3,0,3|0
"SUBCATEGORY_ONIONS_GREEN-ONIONS@@PITTSBURGH, PA - MULO",232,232,2721762.68,0,2022-01-09,2026-06-14,0,0.0,3,0,3|0
"SUBCATEGORY_ONIONS_GREEN-ONIONS@@PORTLAND, OR - MULO",232,232,1596181.71,0,2022-01-09,2026-06-14,0,0.0,2,0,2|0
"SUBCATEGORY_ONIONS_GREEN-ONIONS@@PROVIDENCE, RI - MULO",232,232,292338.81,0,2022-01-09,2026-06-14,0,0.0,0,0,0|0
"SUBCATEGORY_ONIONS_GREEN-ONIONS@@RALEIGH/GREENSBORO, NC - MULO",232,232,1607508.86,0,2022-01-09,2026-06-14,0,0.0,2,0,2|0
"SUBCATEGORY_ONIONS_GREEN-ONIONS@@RICHMOND/NORFOLK, VA - MULO",232,232,1850264.05,0,2022-01-09,2026-06-14,0,0.0,2,0,2|0
"SUBCATEGORY_ONIONS_GREEN-ONIONS@@ROANOKE, VA - MULO",232,232,1271566.81,0,2022-01-09,2026-06-14,0,0.0,2,0,2|0
"SUBCATEGORY_ONIONS_GREEN-ONIONS@@SACRAMENTO, CA - MULO",232,232,3056248.29,0,2022-01-09,2026-06-14,0,0.0,3,0,3|0
"SUBCATEGORY_ONIONS_GREEN-ONIONS@@SALT LAKE CITY, UT - MULO",232,232,2385840.67,0,2022-01-09,2026-06-14,0,0.0,3,0,3|0
"SUBCATEGORY_ONIONS_GREEN-ONIONS@@SAN DIEGO, CA - MULO",232,232,2076627.98,0,2022-01-09,2026-06-14,0,0.0,2,0,2|0
"SUBCATEGORY_ONIONS_GREEN-ONIONS@@SAN FRANCISCO/OAKLAND, CA - MULO",232,232,2907070.19,0,2022-01-09,2026-06-14,0,0.0,3,0,3|0
"SUBCATEGORY_ONIONS_GREEN-ONIONS@@SEATTLE/TACOMA, WA - MULO",232,232,1619863.62,0,2022-01-09,2026-06-14,0,0.0,2,0,2|0
SUBCATEGORY_ONIONS_GREEN-ONIONS@@SOUTH CAROLINA - MULO,232,232,2837645.83,0,2022-01-09,2026-06-14,0,0.0,3,0,3|0
"SUBCATEGORY_ONIONS_GREEN-ONIONS@@SPOKANE, WA - MULO",232,232,464426.49,0,2022-01-09,2026-06-14,0,0.0,1,0,1|0
"SUBCATEGORY_ONIONS_GREEN-ONIONS@@ST. LOUIS, MO - MULO",232,232,4470959.4,0,2022-01-09,2026-06-14,0,0.0,4,0,4|0
"SUBCATEGORY_ONIONS_GREEN-ONIONS@@SYRACUSE, NY - MULO",232,232,1597639.88,0,2022-01-09,2026-06-14,0,0.0,2,0,2|0
"SUBCATEGORY_ONIONS_GREEN-ONIONS@@TAMPA/ST. PETERSBURG, FL - MULO",232,232,5356305.38,0,2022-01-09,2026-06-14,0,0.0,4,0,4|0
"SUBCATEGORY_ONIONS_GREEN-ONIONS@@TOLEDO, OH - MULO",232,232,558901.08,0,2022-01-09,2026-06-14,0,0.0,1,0,1|0
"SUBCATEGORY_ONIONS_GREEN-ONIONS@@TULSA, OK - MULO",232,232,1234082.51,0,2022-01-09,2026-06-14,0,0.0,2,0,2|0
SUBCATEGORY_ONIONS_GREEN-ONIONS@@WEST TEXAS/NEW MEXICO - MULO,232,232,2019809.62,0,2022-01-09,2026-06-14,0,0.0,2,0,2|0
"SUBCATEGORY_ONIONS_GREEN-ONIONS@@WICHITA, KS - MULO",232,232,1266241.15,0,2022-01-09,2026-06-14,0,0.0,2,0,2|0
"SUBCATEGORY_ONIONS_OTHER-ONIONS@@ALBANY, NY - MULO",232,232,455443.07,0,2022-01-09,2026-06-14,0,0.0,1,0,1|0
"SUBCATEGORY_ONIONS_OTHER-ONIONS@@ATLANTA, GA - MULO",232,232,1656261.95,0,2022-01-09,2026-06-14,0,0.0,2,0,2|0
"SUBCATEGORY_ONIONS_OTHER-ONIONS@@BALTIMORE, MD/WASHINGTON D.C. - MULO",232,232,3142188.06,0,2022-01-09,2026-06-14,0,0.0,3,0,3|0
"SUBCATEGORY_ONIONS_OTHER-ONIONS@@BIRMINGHAM/MONTGOMERY, AL - MULO",232,232,1250450.11,0,2022-01-09,2026-06-14,0,0.0,2,0,2|0
"SUBCATEGORY_ONIONS_OTHER-ONIONS@@BOISE, ID - MULO",232,232,188755.48,0,2022-01-09,2026-06-14,0,0.0,0,0,0|0
"SUBCATEGORY_ONIONS_OTHER-ONIONS@@BOSTON, MA - MULO",232,232,950060.53,0,2022-01-09,2026-06-14,0,0.0,1,0,1|0
"SUBCATEGORY_ONIONS_OTHER-ONIONS@@BUFFALO/ROCHESTER, NY - MULO",232,232,1129929.84,0,2022-01-09,2026-06-14,0,0.0,1,0,1|0
"SUBCATEGORY_ONIONS_OTHER-ONIONS@@CHARLOTTE, NC - MULO",232,232,1205771.18,0,2022-01-09,2026-06-14,0,0.0,2,0,2|0
"SUBCATEGORY_ONIONS_OTHER-ONIONS@@CHICAGO, IL - MULO",232,232,2606644.07,0,2022-01-09,2026-06-14,0,0.0,3,0,3|0
"SUBCATEGORY_ONIONS_OTHER-ONIONS@@CINCINNATI/DAYTON, OH - MULO",232,232,771449.78,0,2022-01-09,2026-06-14,0,0.0,1,0,1|0
"SUBCATEGORY_ONIONS_OTHER-ONIONS@@CLEVELAND, OH - MULO",232,232,741789.48,0,2022-01-09,2026-06-14,0,0.0,1,0,1|0
"SUBCATEGORY_ONIONS_OTHER-ONIONS@@COLUMBUS, OH - MULO",232,232,481026.45,0,2022-01-09,2026-06-14,0,0.0,1,0,1|0
"SUBCATEGORY_ONIONS_OTHER-ONIONS@@DALLAS/FT. WORTH, TX - MULO",232,232,1343035.29,0,2022-01-09,2026-06-14,0,0.0,2,0,2|0
"SUBCATEGORY_ONIONS_OTHER-ONIONS@@DENVER, CO - MULO",232,232,955212.21,0,2022-01-09,2026-06-14,0,0.0,1,0,1|0
"SUBCATEGORY_ONIONS_OTHER-ONIONS@@DES MOINES, IA - MULO",232,232,222369.98,0,2022-01-09,2026-06-14,0,0.0,0,0,0|0
"SUBCATEGORY_ONIONS_OTHER-ONIONS@@DETROIT, MI - MULO",232,232,1578168.23,0,2022-01-09,2026-06-14,0,0.0,2,0,2|0
"SUBCATEGORY_ONIONS_OTHER-ONIONS@@GRAND RAPIDS, MI - MULO",232,232,828626.4,0,2022-01-09,2026-06-14,0,0.0,1,0,1|0
"SUBCATEGORY_ONIONS_OTHER-ONIONS@@GREEN BAY, WI - MULO",232,232,251536.18,0,2022-01-09,2026-06-14,0,0.0,0,0,0|0
"SUBCATEGORY_ONIONS_OTHER-ONIONS@@HARRISBURG/SCRANTON, PA - MULO",232,232,1235635.5,0,2022-01-09,2026-06-14,0,0.0,2,0,2|0
"SUBCATEGORY_ONIONS_OTHER-ONIONS@@HARTFORD, CT/SPRINGFIELD, MA - MULO",232,232,1249384.38,0,2022-01-09,2026-06-14,0,0.0,2,0,2|0
"SUBCATEGORY_ONIONS_OTHER-ONIONS@@HOUSTON, TX - MULO",232,232,440875.39,0,2022-01-09,2026-06-14,0,0.0,1,0,1|0
"SUBCATEGORY_ONIONS_OTHER-ONIONS@@INDIANAPOLIS, IN - MULO",232,232,1368393.45,0,2022-01-09,2026-06-14,0,0.0,2,0,2|0
"SUBCATEGORY_ONIONS_OTHER-ONIONS@@JACKSONVILLE, FL - MULO",232,232,1114292.01,0,2022-01-09,2026-06-14,0,0.0,1,0,1|0
"SUBCATEGORY_ONIONS_OTHER-ONIONS@@KANSAS CITY, KS - MULO",232,232,843250.47,0,2022-01-09,2026-06-14,0,0.0,1,0,1|0
"SUBCATEGORY_ONIONS_OTHER-ONIONS@@KNOXVILLE, TN - MULO",232,232,335055.06,0,2022-01-09,2026-06-14,0,0.0,0,0,0|0
"SUBCATEGORY_ONIONS_OTHER-ONIONS@@LAS VEGAS, NV - MULO",232,232,676769.66,0,2022-01-09,2026-06-14,0,0.0,1,0,1|0
"SUBCATEGORY_ONIONS_OTHER-ONIONS@@LITTLE ROCK, AR - MULO",232,232,306529.93,0,2022-01-09,2026-06-14,0,0.0,0,0,0|0
"SUBCATEGORY_ONIONS_OTHER-ONIONS@@LOS ANGELES, CA - MULO",232,232,2195121.99,0,2022-01-09,2026-06-14,0,0.0,2,0,2|0
"SUBCATEGORY_ONIONS_OTHER-ONIONS@@LOUISVILLE, KY - MULO",232,232,192772.22,0,2022-01-09,2026-06-14,0,0.0,0,0,0|0
"SUBCATEGORY_ONIONS_OTHER-ONIONS@@MEMPHIS, TN - MULO",232,232,186071.25,0,2022-01-09,2026-06-14,0,0.0,0,0,0|0
"SUBCATEGORY_ONIONS_OTHER-ONIONS@@MIAMI/FT. LAUDERDALE, FL - MULO",232,232,1903430.92,0,2022-01-09,2026-06-14,0,0.0,2,0,2|0
"SUBCATEGORY_ONIONS_OTHER-ONIONS@@MILWAUKEE, WI - MULO",232,232,786048.63,0,2022-01-09,2026-06-14,0,0.0,1,0,1|0
"SUBCATEGORY_ONIONS_OTHER-ONIONS@@MINNEAPOLIS/ST. PAUL, MN - MULO",232,232,756188.98,0,2022-01-09,2026-06-14,0,0.0,1,0,1|0
SUBCATEGORY_ONIONS_OTHER-ONIONS@@MISSISSIPPI - MULO,232,232,411084.2,0,2022-01-09,2026-06-14,0,0.0,0,0,0|0
"SUBCATEGORY_ONIONS_OTHER-ONIONS@@NASHVILLE, TN - MULO",232,232,390433.72,0,2022-01-09,2026-06-14,0,0.0,0,0,0|0
SUBCATEGORY_ONIONS_OTHER-ONIONS@@NEW ENGLAND - MULO,232,232,1403889.97,0,2022-01-09,2026-06-14,0,0.0,2,0,2|0
"SUBCATEGORY_ONIONS_OTHER-ONIONS@@NEW ORLEANS, LA/MOBILE, AL - MULO",232,232,763302.14,0,2022-01-09,2026-06-14,0,0.0,1,0,1|0
"SUBCATEGORY_ONIONS_OTHER-ONIONS@@NEW YORK, NY - MULO",232,232,8287307.41,0,2022-01-09,2026-06-14,0,0.0,5,0,5|0
"SUBCATEGORY_ONIONS_OTHER-ONIONS@@OKLAHOMA CITY, OK - MULO",232,232,235725.27,0,2022-01-09,2026-06-14,0,0.0,0,0,0|0
"SUBCATEGORY_ONIONS_OTHER-ONIONS@@OMAHA, NE - MULO",232,232,591816.67,0,2022-01-09,2026-06-14,0,0.0,1,0,1|0
"SUBCATEGORY_ONIONS_OTHER-ONIONS@@ORLANDO, FL - MULO",232,232,2142809.76,0,2022-01-09,2026-06-14,0,0.0,2,0,2|0
"SUBCATEGORY_ONIONS_OTHER-ONIONS@@PEORIA/SPRINGFIELD, IL - MULO",232,232,1047680.74,0,2022-01-09,2026-06-14,0,0.0,1,0,1|0
"SUBCATEGORY_ONIONS_OTHER-ONIONS@@PHILADELPHIA, PA - MULO",232,232,3262979.46,0,2022-01-09,2026-06-14,0,0.0,3,0,3|0
"SUBCATEGORY_ONIONS_OTHER-ONIONS@@PHOENIX/TUCSON, AZ - MULO",232,232,1187015.57,0,2022-01-09,2026-06-14,0,0.0,1,0,1|0
"SUBCATEGORY_ONIONS_OTHER-ONIONS@@PITTSBURGH, PA - MULO",232,232,863798.2,0,2022-01-09,2026-06-14,0,0.0,1,0,1|0
"SUBCATEGORY_ONIONS_OTHER-ONIONS@@PORTLAND, OR - MULO",232,232,966808.33,0,2022-01-09,2026-06-14,0,0.0,1,0,1|0
"SUBCATEGORY_ONIONS_OTHER-ONIONS@@PROVIDENCE, RI - MULO",232,232,220576.01,0,2022-01-09,2026-06-14,0,0.0,0,0,0|0
"SUBCATEGORY_ONIONS_OTHER-ONIONS@@RALEIGH/GREENSBORO, NC - MULO",232,232,2105034.7,0,2022-01-09,2026-06-14,0,0.0,2,0,2|0
"SUBCATEGORY_ONIONS_OTHER-ONIONS@@RICHMOND/NORFOLK, VA - MULO",232,232,1528635.55,0,2022-01-09,2026-06-14,0,0.0,2,0,2|0
"SUBCATEGORY_ONIONS_OTHER-ONIONS@@ROANOKE, VA - MULO",232,232,1157349.88,0,2022-01-09,2026-06-14,0,0.0,1,0,1|0
"SUBCATEGORY_ONIONS_OTHER-ONIONS@@SACRAMENTO, CA - MULO",232,232,533382.89,0,2022-01-09,2026-06-14,0,0.0,1,0,1|0
"SUBCATEGORY_ONIONS_OTHER-ONIONS@@SALT LAKE CITY, UT - MULO",232,232,565116.49,0,2022-01-09,2026-06-14,0,0.0,1,0,1|0
"SUBCATEGORY_ONIONS_OTHER-ONIONS@@SAN DIEGO, CA - MULO",232,232,513894.01,0,2022-01-09,2026-06-14,0,0.0,1,0,1|0
"SUBCATEGORY_ONIONS_OTHER-ONIONS@@SAN FRANCISCO/OAKLAND, CA - MULO",232,232,780884.0599999999,0,2022-01-09,2026-06-14,0,0.0,1,0,1|0
"SUBCATEGORY_ONIONS_OTHER-ONIONS@@SEATTLE/TACOMA, WA - MULO",232,232,675162.62,0,2022-01-09,2026-06-14,0,0.0,1,0,1|0
SUBCATEGORY_ONIONS_OTHER-ONIONS@@SOUTH CAROLINA - MULO,232,232,2436424.55,0,2022-01-09,2026-06-14,0,0.0,3,0,3|0
"SUBCATEGORY_ONIONS_OTHER-ONIONS@@SPOKANE, WA - MULO",232,232,137772.26,0,2022-01-09,2026-06-14,0,0.0,0,0,0|0
"SUBCATEGORY_ONIONS_OTHER-ONIONS@@ST. LOUIS, MO - MULO",232,232,461528.63,0,2022-01-09,2026-06-14,0,0.0,1,0,1|0
"SUBCATEGORY_ONIONS_OTHER-ONIONS@@SYRACUSE, NY - MULO",232,232,540791.6,0,2022-01-09,2026-06-14,0,0.0,1,0,1|0
"SUBCATEGORY_ONIONS_OTHER-ONIONS@@TAMPA/ST. PETERSBURG, FL - MULO",232,232,1387643.14,0,2022-01-09,2026-06-14,0,0.0,2,0,2|0
"SUBCATEGORY_ONIONS_OTHER-ONIONS@@TOLEDO, OH - MULO",232,232,937834.49,0,2022-01-09,2026-06-14,0,0.0,1,0,1|0
"SUBCATEGORY_ONIONS_OTHER-ONIONS@@TULSA, OK - MULO",232,232,189382.27,0,2022-01-09,2026-06-14,0,0.0,0,0,0|0
SUBCATEGORY_ONIONS_OTHER-ONIONS@@WEST TEXAS/NEW MEXICO - MULO,232,232,796021.86,0,2022-01-09,2026-06-14,0,0.0,1,0,1|0
"SUBCATEGORY_ONIONS_OTHER-ONIONS@@WICHITA, KS - MULO",232,232,261433.53,0,2022-01-09,2026-06-14,0,0.0,0,0,0|0
"SUBCATEGORY_ONIONS_RED-ONIONS@@ALBANY, NY - MULO",232,232,4436076.74,0,2022-01-09,2026-06-14,0,0.0,4,0,4|0
"SUBCATEGORY_ONIONS_RED-ONIONS@@ATLANTA, GA - MULO",232,232,20569638.52,0,2022-01-09,2026-06-14,0,0.0,7,0,7|0
"SUBCATEGORY_ONIONS_RED-ONIONS@@BALTIMORE, MD/WASHINGTON D.C. - MULO",232,232,53346323.53,0,2022-01-09,2026-06-14,0,0.0,8,0,8|0
"SUBCATEGORY_ONIONS_RED-ONIONS@@BIRMINGHAM/MONTGOMERY, AL - MULO",232,232,9606647.38,0,2022-01-09,2026-06-14,0,0.0,5,0,5|0
"SUBCATEGORY_ONIONS_RED-ONIONS@@BOISE, ID - MULO",232,232,516341.61,0,2022-01-09,2026-06-14,0,0.0,1,0,1|0
"SUBCATEGORY_ONIONS_RED-ONIONS@@BOSTON, MA - MULO",232,232,13732612.05,0,2022-01-09,2026-06-14,0,0.0,6,0,6|0
"SUBCATEGORY_ONIONS_RED-ONIONS@@BUFFALO/ROCHESTER, NY - MULO",232,232,11237166.75,0,2022-01-09,2026-06-14,0,0.0,6,0,6|0
"SUBCATEGORY_ONIONS_RED-ONIONS@@CHARLOTTE, NC - MULO",232,232,12623360.59,0,2022-01-09,2026-06-14,0,0.0,6,0,6|0
"SUBCATEGORY_ONIONS_RED-ONIONS@@CHICAGO, IL - MULO",232,232,23885536.67,0,2022-01-09,2026-06-14,0,0.0,7,0,7|0
"SUBCATEGORY_ONIONS_RED-ONIONS@@CINCINNATI/DAYTON, OH - MULO",232,232,11035596.22,0,2022-01-09,2026-06-14,0,0.0,6,0,6|0
"SUBCATEGORY_ONIONS_RED-ONIONS@@CLEVELAND, OH - MULO",232,232,6357943.03,0,2022-01-09,2026-06-14,0,0.0,5,0,5|0
"SUBCATEGORY_ONIONS_RED-ONIONS@@COLUMBUS, OH - MULO",232,232,12782665.34,0,2022-01-09,2026-06-14,0,0.0,6,0,6|0
"SUBCATEGORY_ONIONS_RED-ONIONS@@DALLAS/FT. WORTH, TX - MULO",232,232,26387612.81,0,2022-01-09,2026-06-14,0,0.0,7,0,7|0
"SUBCATEGORY_ONIONS_RED-ONIONS@@DENVER, CO - MULO",232,232,9540205.7,0,2022-01-09,2026-06-14,0,0.0,5,0,5|0
"SUBCATEGORY_ONIONS_RED-ONIONS@@DES MOINES, IA - MULO",232,232,2283043.66,0,2022-01-09,2026-06-14,0,0.0,2,0,2|0
"SUBCATEGORY_ONIONS_RED-ONIONS@@DETROIT, MI - MULO",232,232,13572046.25,0,2022-01-09,2026-06-14,0,0.0,6,0,6|0
"SUBCATEGORY_ONIONS_RED-ONIONS@@GRAND RAPIDS, MI - MULO",232,232,5930218.5,0,2022-01-09,2026-06-14,0,0.0,4,0,4|0
"SUBCATEGORY_ONIONS_RED-ONIONS@@GREEN BAY, WI - MULO",232,232,2190336.0,0,2022-01-09,2026-06-14,0,0.0,2,0,2|0
"SUBCATEGORY_ONIONS_RED-ONIONS@@HARRISBURG/SCRANTON, PA - MULO",232,232,17467077.98,0,2022-01-09,2026-06-14,0,0.0,7,0,7|0
"SUBCATEGORY_ONIONS_RED-ONIONS@@HARTFORD, CT/SPRINGFIELD, MA - MULO",232,232,13811767.28,0,2022-01-09,2026-06-14,0,0.0,6,0,6|0
"SUBCATEGORY_ONIONS_RED-ONIONS@@HOUSTON, TX - MULO",232,232,12989544.29,0,2022-01-09,2026-06-14,0,0.0,6,0,6|0
"SUBCATEGORY_ONIONS_RED-ONIONS@@INDIANAPOLIS, IN - MULO",232,232,9340559.28,0,2022-01-09,2026-06-14,0,0.0,5,0,5|0
"SUBCATEGORY_ONIONS_RED-ONIONS@@JACKSONVILLE, FL - MULO",232,232,7730255.77,0,2022-01-09,2026-06-14,0,0.0,5,0,5|0
"SUBCATEGORY_ONIONS_RED-ONIONS@@KANSAS CITY, KS - MULO",232,232,4178268.72,0,2022-01-09,2026-06-14,0,0.0,4,0,4|0
"SUBCATEGORY_ONIONS_RED-ONIONS@@KNOXVILLE, TN - MULO",232,232,2804683.79,0,2022-01-09,2026-06-14,0,0.0,3,0,3|0
"SUBCATEGORY_ONIONS_RED-ONIONS@@LAS VEGAS, NV - MULO",232,232,3695005.71,0,2022-01-09,2026-06-14,0,0.0,3,0,3|0
"SUBCATEGORY_ONIONS_RED-ONIONS@@LITTLE ROCK, AR - MULO",232,232,1485252.92,0,2022-01-09,2026-06-14,0,0.0,2,0,2|0
"SUBCATEGORY_ONIONS_RED-ONIONS@@LOS ANGELES, CA - MULO",232,232,14204793.74,0,2022-01-09,2026-06-14,0,0.0,6,0,6|0
"SUBCATEGORY_ONIONS_RED-ONIONS@@LOUISVILLE, KY - MULO",232,232,5723374.1,0,2022-01-09,2026-06-14,0,0.0,4,0,4|0
"SUBCATEGORY_ONIONS_RED-ONIONS@@MEMPHIS, TN - MULO",232,232,3309020.36,0,2022-01-09,2026-06-14,0,0.0,3,0,3|0
"SUBCATEGORY_ONIONS_RED-ONIONS@@MIAMI/FT. LAUDERDALE, FL - MULO",232,232,39188902.04,0,2022-01-09,2026-06-14,0,0.0,8,0,8|0
"SUBCATEGORY_ONIONS_RED-ONIONS@@MILWAUKEE, WI - MULO",232,232,7005136.94,0,2022-01-09,2026-06-14,0,0.0,5,0,5|0
"SUBCATEGORY_ONIONS_RED-ONIONS@@MINNEAPOLIS/ST. PAUL, MN - MULO",232,232,13213474.76,0,2022-01-09,2026-06-14,0,0.0,6,0,6|0
SUBCATEGORY_ONIONS_RED-ONIONS@@MISSISSIPPI - MULO,232,232,3321817.19,0,2022-01-09,2026-06-14,0,0.0,3,0,3|0
"SUBCATEGORY_ONIONS_RED-ONIONS@@NASHVILLE, TN - MULO",232,232,8356935.76,0,2022-01-09,2026-06-14,0,0.0,5,0,5|0
SUBCATEGORY_ONIONS_RED-ONIONS@@NEW ENGLAND - MULO,232,232,7624899.94,0,2022-01-09,2026-06-14,0,0.0,5,0,5|0
"SUBCATEGORY_ONIONS_RED-ONIONS@@NEW ORLEANS, LA/MOBILE, AL - MULO",232,232,6116049.09,0,2022-01-09,2026-06-14,0,0.0,4,0,4|0
"SUBCATEGORY_ONIONS_RED-ONIONS@@NEW YORK, NY - MULO",232,232,96948125.4,0,2022-01-09,2026-06-14,0,0.0,9,0,9|0
"SUBCATEGORY_ONIONS_RED-ONIONS@@OKLAHOMA CITY, OK - MULO",232,232,3264188.82,0,2022-01-09,2026-06-14,0,0.0,3,0,3|0
"SUBCATEGORY_ONIONS_RED-ONIONS@@OMAHA, NE - MULO",232,232,2592733.76,0,2022-01-09,2026-06-14,0,0.0,3,0,3|0
"SUBCATEGORY_ONIONS_RED-ONIONS@@ORLANDO, FL - MULO",232,232,21382778.64,0,2022-01-09,2026-06-14,0,0.0,7,0,7|0
"SUBCATEGORY_ONIONS_RED-ONIONS@@PEORIA/SPRINGFIELD, IL - MULO",232,232,5233969.85,0,2022-01-09,2026-06-14,0,0.0,4,0,4|0
"SUBCATEGORY_ONIONS_RED-ONIONS@@PHILADELPHIA, PA - MULO",232,232,24172486.669999998,0,2022-01-09,2026-06-14,0,0.0,7,0,7|0
"SUBCATEGORY_ONIONS_RED-ONIONS@@PHOENIX/TUCSON, AZ - MULO",232,232,6758784.3,0,2022-01-09,2026-06-14,0,0.0,5,0,5|0
"SUBCATEGORY_ONIONS_RED-ONIONS@@PITTSBURGH, PA - MULO",232,232,8800164.45,0,2022-01-09,2026-06-14,0,0.0,5,0,5|0
"SUBCATEGORY_ONIONS_RED-ONIONS@@PORTLAND, OR - MULO",232,232,3349087.99,0,2022-01-09,2026-06-14,0,0.0,3,0,3|0
"SUBCATEGORY_ONIONS_RED-ONIONS@@PROVIDENCE, RI - MULO",232,232,2737438.7600000002,0,2022-01-09,2026-06-14,0,0.0,3,0,3|0
"SUBCATEGORY_ONIONS_RED-ONIONS@@RALEIGH/GREENSBORO, NC - MULO",232,232,15760925.74,0,2022-01-09,2026-06-14,0,0.0,7,0,7|0
"SUBCATEGORY_ONIONS_RED-ONIONS@@RICHMOND/NORFOLK, VA - MULO",232,232,9802276.54,0,2022-01-09,2026-06-14,0,0.0,6,0,6|0
"SUBCATEGORY_ONIONS_RED-ONIONS@@ROANOKE, VA - MULO",232,232,5504723.02,0,2022-01-09,2026-06-14,0,0.0,4,0,4|0
"SUBCATEGORY_ONIONS_RED-ONIONS@@SACRAMENTO, CA - MULO",232,232,7000290.05,0,2022-01-09,2026-06-14,0,0.0,5,0,5|0
"SUBCATEGORY_ONIONS_RED-ONIONS@@SALT LAKE CITY, UT - MULO",232,232,2826993.13,0,2022-01-09,2026-06-14,0,0.0,3,0,3|0
"SUBCATEGORY_ONIONS_RED-ONIONS@@SAN DIEGO, CA - MULO",232,232,2918793.11,0,2022-01-09,2026-06-14,0,0.0,3,0,3|0
"SUBCATEGORY_ONIONS_RED-ONIONS@@SAN FRANCISCO/OAKLAND, CA - MULO",232,232,10479337.58,0,2022-01-09,2026-06-14,0,0.0,6,0,6|0
"SUBCATEGORY_ONIONS_RED-ONIONS@@SEATTLE/TACOMA, WA - MULO",232,232,5758547.23,0,2022-01-09,2026-06-14,0,0.0,4,0,4|0
SUBCATEGORY_ONIONS_RED-ONIONS@@SOUTH CAROLINA - MULO,232,232,15471078.93,0,2022-01-09,2026-06-14,0,0.0,6,0,6|0
"SUBCATEGORY_ONIONS_RED-ONIONS@@SPOKANE, WA - MULO",232,232,452907.87,0,2022-01-09,2026-06-14,0,0.0,1,0,1|0
"SUBCATEGORY_ONIONS_RED-ONIONS@@ST. LOUIS, MO - MULO",232,232,9408683.36,0,2022-01-09,2026-06-14,0,0.0,5,0,5|0
"SUBCATEGORY_ONIONS_RED-ONIONS@@SYRACUSE, NY - MULO",232,232,5057093.99,0,2022-01-09,2026-06-14,0,0.0,4,0,4|0
"SUBCATEGORY_ONIONS_RED-ONIONS@@TAMPA/ST. PETERSBURG, FL - MULO",232,232,20174903.69,0,2022-01-09,2026-06-14,0,0.0,7,0,7|0
"SUBCATEGORY_ONIONS_RED-ONIONS@@TOLEDO, OH - MULO",232,232,3804969.24,0,2022-01-09,2026-06-14,0,0.0,3,0,3|0
"SUBCATEGORY_ONIONS_RED-ONIONS@@TULSA, OK - MULO",232,232,2225801.94,0,2022-01-09,2026-06-14,0,0.0,2,0,2|0
SUBCATEGORY_ONIONS_RED-ONIONS@@WEST TEXAS/NEW MEXICO - MULO,232,232,4785753.07,0,2022-01-09,2026-06-14,0,0.0,4,0,4|0
"SUBCATEGORY_ONIONS_RED-ONIONS@@WICHITA, KS - MULO",232,232,1790577.14,0,2022-01-09,2026-06-14,0,0.0,2,0,2|0
"SUBCATEGORY_ONIONS_SHALLOTS@@ALBANY, NY - MULO",232,232,267054.69,0,2022-01-09,2026-06-14,0,0.0,0,0,0|0
"SUBCATEGORY_ONIONS_SHALLOTS@@ATLANTA, GA - MULO",232,232,3961549.15,0,2022-01-09,2026-06-14,0,0.0,4,0,4|0
"SUBCATEGORY_ONIONS_SHALLOTS@@BALTIMORE, MD/WASHINGTON D.C. - MULO",232,232,3340517.64,0,2022-01-09,2026-06-14,0,0.0,3,0,3|0
"SUBCATEGORY_ONIONS_SHALLOTS@@BIRMINGHAM/MONTGOMERY, AL - MULO",232,232,2107653.58,0,2022-01-09,2026-06-14,0,0.0,2,0,2|0
"SUBCATEGORY_ONIONS_SHALLOTS@@BOISE, ID - MULO",232,232,190964.34,0,2022-01-09,2026-06-14,0,0.0,0,0,0|0
"SUBCATEGORY_ONIONS_SHALLOTS@@BOSTON, MA - MULO",232,232,1255214.29,0,2022-01-09,2026-06-14,0,0.0,2,0,2|0
"SUBCATEGORY_ONIONS_SHALLOTS@@BUFFALO/ROCHESTER, NY - MULO",232,232,792386.19,0,2022-01-09,2026-06-14,0,0.0,1,0,1|0
"SUBCATEGORY_ONIONS_SHALLOTS@@CHARLOTTE, NC - MULO",232,232,1322604.88,0,2022-01-09,2026-06-14,0,0.0,2,0,2|0
"SUBCATEGORY_ONIONS_SHALLOTS@@CHICAGO, IL - MULO",232,232,1392520.1,0,2022-01-09,2026-06-14,0,0.0,2,0,2|0
"SUBCATEGORY_ONIONS_SHALLOTS@@CINCINNATI/DAYTON, OH - MULO",232,232,248343.32,0,2022-01-09,2026-06-14,0,0.0,0,0,0|0
"SUBCATEGORY_ONIONS_SHALLOTS@@CLEVELAND, OH - MULO",232,232,475771.59,0,2022-01-09,2026-06-14,0,0.0,1,0,1|0
"SUBCATEGORY_ONIONS_SHALLOTS@@COLUMBUS, OH - MULO",232,232,288410.11,0,2022-01-09,2026-06-14,0,0.0,0,0,0|0
"SUBCATEGORY_ONIONS_SHALLOTS@@DALLAS/FT. WORTH, TX - MULO",232,232,1055918.6,0,2022-01-09,2026-06-14,0,0.0,1,0,1|0
"SUBCATEGORY_ONIONS_SHALLOTS@@DENVER, CO - MULO",232,232,946297.04,0,2022-01-09,2026-06-14,0,0.0,1,0,1|0
"SUBCATEGORY_ONIONS_SHALLOTS@@DES MOINES, IA - MULO",232,232,231321.82,0,2022-01-09,2026-06-14,0,0.0,0,0,0|0
"SUBCATEGORY_ONIONS_SHALLOTS@@DETROIT, MI - MULO",232,232,723204.65,0,2022-01-09,2026-06-14,0,0.0,1,0,1|0
"SUBCATEGORY_ONIONS_SHALLOTS@@GRAND RAPIDS, MI - MULO",232,232,387127.46,0,2022-01-09,2026-06-14,0,0.0,0,0,0|0
"SUBCATEGORY_ONIONS_SHALLOTS@@GREEN BAY, WI - MULO",232,232,118961.0,0,2022-01-09,2026-06-14,0,0.0,0,0,0|0
"SUBCATEGORY_ONIONS_SHALLOTS@@HARRISBURG/SCRANTON, PA - MULO",232,232,1615944.29,0,2022-01-09,2026-06-14,0,0.0,2,0,2|0
"SUBCATEGORY_ONIONS_SHALLOTS@@HARTFORD, CT/SPRINGFIELD, MA - MULO",232,232,947760.03,0,2022-01-09,2026-06-14,0,0.0,1,0,1|0
"SUBCATEGORY_ONIONS_SHALLOTS@@HOUSTON, TX - MULO",232,232,321851.46,0,2022-01-09,2026-06-14,0,0.0,0,0,0|0
"SUBCATEGORY_ONIONS_SHALLOTS@@INDIANAPOLIS, IN - MULO",232,232,338254.61,0,2022-01-09,2026-06-14,0,0.0,0,0,0|0
"SUBCATEGORY_ONIONS_SHALLOTS@@JACKSONVILLE, FL - MULO",232,232,2063597.74,0,2022-01-09,2026-06-14,0,0.0,2,0,2|0
"SUBCATEGORY_ONIONS_SHALLOTS@@KANSAS CITY, KS - MULO",232,232,414571.77,0,2022-01-09,2026-06-14,0,0.0,0,0,0|0
"SUBCATEGORY_ONIONS_SHALLOTS@@KNOXVILLE, TN - MULO",232,232,519197.66,0,2022-01-09,2026-06-14,0,0.0,1,0,1|0
"SUBCATEGORY_ONIONS_SHALLOTS@@LAS VEGAS, NV - MULO",232,232,272412.12,0,2022-01-09,2026-06-14,0,0.0,0,0,0|0
"SUBCATEGORY_ONIONS_SHALLOTS@@LITTLE ROCK, AR - MULO",232,232,136193.13,0,2022-01-09,2026-06-14,0,0.0,0,0,0|0
"SUBCATEGORY_ONIONS_SHALLOTS@@LOS ANGELES, CA - MULO",232,232,1778853.97,0,2022-01-09,2026-06-14,0,0.0,2,0,2|0
"SUBCATEGORY_ONIONS_SHALLOTS@@LOUISVILLE, KY - MULO",232,232,145633.68,0,2022-01-09,2026-06-14,0,0.0,0,0,0|0
"SUBCATEGORY_ONIONS_SHALLOTS@@MEMPHIS, TN - MULO",232,232,68128.07,0,2022-01-09,2026-06-14,0,0.0,0,0,0|0
"SUBCATEGORY_ONIONS_SHALLOTS@@MIAMI/FT. LAUDERDALE, FL - MULO",232,232,6394444.44,0,2022-01-09,2026-06-14,0,0.0,5,0,5|0
"SUBCATEGORY_ONIONS_SHALLOTS@@MILWAUKEE, WI - MULO",232,232,363793.5,0,2022-01-09,2026-06-14,0,0.0,0,0,0|0
"SUBCATEGORY_ONIONS_SHALLOTS@@MINNEAPOLIS/ST. PAUL, MN - MULO",232,232,1163656.47,0,2022-01-09,2026-06-14,0,0.0,1,0,1|0
SUBCATEGORY_ONIONS_SHALLOTS@@MISSISSIPPI - MULO,232,232,241626.92,0,2022-01-09,2026-06-14,0,0.0,0,0,0|0
"SUBCATEGORY_ONIONS_SHALLOTS@@NASHVILLE, TN - MULO",232,232,1347145.71,0,2022-01-09,2026-06-14,0,0.0,2,0,2|0
SUBCATEGORY_ONIONS_SHALLOTS@@NEW ENGLAND - MULO,232,232,955377.75,0,2022-01-09,2026-06-14,0,0.0,1,0,1|0
"SUBCATEGORY_ONIONS_SHALLOTS@@NEW ORLEANS, LA/MOBILE, AL - MULO",232,232,777185.69,0,2022-01-09,2026-06-14,0,0.0,1,0,1|0
"SUBCATEGORY_ONIONS_SHALLOTS@@NEW YORK, NY - MULO",232,232,7183336.64,0,2022-01-09,2026-06-14,0,0.0,5,0,5|0
"SUBCATEGORY_ONIONS_SHALLOTS@@OKLAHOMA CITY, OK - MULO",232,232,466553.79,0,2022-01-09,2026-06-14,0,0.0,1,0,1|0
"SUBCATEGORY_ONIONS_SHALLOTS@@OMAHA, NE - MULO",232,232,265002.04,0,2022-01-09,2026-06-14,0,0.0,0,0,0|0
"SUBCATEGORY_ONIONS_SHALLOTS@@ORLANDO, FL - MULO",232,232,3943306.93,0,2022-01-09,2026-06-14,0,0.0,4,0,4|0
"SUBCATEGORY_ONIONS_SHALLOTS@@PEORIA/SPRINGFIELD, IL - MULO",232,232,337794.67,0,2022-01-09,2026-06-14,0,0.0,0,0,0|0
"SUBCATEGORY_ONIONS_SHALLOTS@@PHILADELPHIA, PA - MULO",232,232,2382066.45,0,2022-01-09,2026-06-14,0,0.0,3,0,3|0
"SUBCATEGORY_ONIONS_SHALLOTS@@PHOENIX/TUCSON, AZ - MULO",232,232,667228.87,0,2022-01-09,2026-06-14,0,0.0,1,0,1|0
"SUBCATEGORY_ONIONS_SHALLOTS@@PITTSBURGH, PA - MULO",232,232,579162.36,0,2022-01-09,2026-06-14,0,0.0,1,0,1|0
"SUBCATEGORY_ONIONS_SHALLOTS@@PORTLAND, OR - MULO",232,232,431744.91,0,2022-01-09,2026-06-14,0,0.0,0,0,0|0
"SUBCATEGORY_ONIONS_SHALLOTS@@PROVIDENCE, RI - MULO",232,232,308384.18,0,2022-01-09,2026-06-14,0,0.0,0,0,0|0
"SUBCATEGORY_ONIONS_SHALLOTS@@RALEIGH/GREENSBORO, NC - MULO",232,232,1447693.21,0,2022-01-09,2026-06-14,0,0.0,2,0,2|0
"SUBCATEGORY_ONIONS_SHALLOTS@@RICHMOND/NORFOLK, VA - MULO",232,232,1285805.32,0,2022-01-09,2026-06-14,0,0.0,2,0,2|0
"SUBCATEGORY_ONIONS_SHALLOTS@@ROANOKE, VA - MULO",232,232,564705.6900000001,0,2022-01-09,2026-06-14,0,0.0,1,0,1|0
"SUBCATEGORY_ONIONS_SHALLOTS@@SACRAMENTO, CA - MULO",232,232,338802.81,0,2022-01-09,2026-06-14,0,0.0,0,0,0|0
"SUBCATEGORY_ONIONS_SHALLOTS@@SALT LAKE CITY, UT - MULO",232,232,316296.11,0,2022-01-09,2026-06-14,0,0.0,0,0,0|0
"SUBCATEGORY_ONIONS_SHALLOTS@@SAN DIEGO, CA - MULO",232,232,408777.15,0,2022-01-09,2026-06-14,0,0.0,0,0,0|0
"SUBCATEGORY_ONIONS_SHALLOTS@@SAN FRANCISCO/OAKLAND, CA - MULO",232,232,474706.99,0,2022-01-09,2026-06-14,0,0.0,1,0,1|0
"SUBCATEGORY_ONIONS_SHALLOTS@@SEATTLE/TACOMA, WA - MULO",232,232,924998.78,0,2022-01-09,2026-06-14,0,0.0,1,0,1|0
SUBCATEGORY_ONIONS_SHALLOTS@@SOUTH CAROLINA - MULO,232,232,3415292.16,0,2022-01-09,2026-06-14,0,0.0,3,0,3|0
"SUBCATEGORY_ONIONS_SHALLOTS@@SPOKANE, WA - MULO",232,232,128725.24,0,2022-01-09,2026-06-14,0,0.0,0,0,0|0
"SUBCATEGORY_ONIONS_SHALLOTS@@ST. LOUIS, MO - MULO",232,232,964363.57,0,2022-01-09,2026-06-14,0,0.0,1,0,1|0
"SUBCATEGORY_ONIONS_SHALLOTS@@SYRACUSE, NY - MULO",232,232,362246.57,0,2022-01-09,2026-06-14,0,0.0,0,0,0|0
"SUBCATEGORY_ONIONS_SHALLOTS@@TAMPA/ST. PETERSBURG, FL - MULO",232,232,4812084.03,0,2022-01-09,2026-06-14,0,0.0,4,0,4|0
"SUBCATEGORY_ONIONS_SHALLOTS@@TOLEDO, OH - MULO",232,232,217871.61,0,2022-01-09,2026-06-14,0,0.0,0,0,0|0
"SUBCATEGORY_ONIONS_SHALLOTS@@TULSA, OK - MULO",232,232,311784.05,0,2022-01-09,2026-06-14,0,0.0,0,0,0|0
SUBCATEGORY_ONIONS_SHALLOTS@@WEST TEXAS/NEW MEXICO - MULO,232,232,564556.96,0,2022-01-09,2026-06-14,0,0.0,1,0,1|0
"SUBCATEGORY_ONIONS_SHALLOTS@@WICHITA, KS - MULO",232,232,98097.03,0,2022-01-09,2026-06-14,0,0.0,0,0,0|0
"SUBCATEGORY_ONIONS_SWEET-ONIONS@@ALBANY, NY - MULO",232,232,7738812.68,0,2022-01-09,2026-06-14,0,0.0,5,0,5|0
"SUBCATEGORY_ONIONS_SWEET-ONIONS@@ATLANTA, GA - MULO",232,232,24616575.73,0,2022-01-09,2026-06-14,0,0.0,7,0,7|0
"SUBCATEGORY_ONIONS_SWEET-ONIONS@@BALTIMORE, MD/WASHINGTON D.C. - MULO",232,232,31429351.28,0,2022-01-09,2026-06-14,0,0.0,8,0,8|0
"SUBCATEGORY_ONIONS_SWEET-ONIONS@@BIRMINGHAM/MONTGOMERY, AL - MULO",232,232,19310856.78,0,2022-01-09,2026-06-14,0,0.0,7,0,7|0
"SUBCATEGORY_ONIONS_SWEET-ONIONS@@BOISE, ID - MULO",232,232,840127.42,0,2022-01-09,2026-06-14,0,0.0,1,0,1|0
"SUBCATEGORY_ONIONS_SWEET-ONIONS@@BOSTON, MA - MULO",232,232,12176580.02,0,2022-01-09,2026-06-14,0,0.0,6,0,6|0
"SUBCATEGORY_ONIONS_SWEET-ONIONS@@BUFFALO/ROCHESTER, NY - MULO",232,232,12618702.85,0,2022-01-09,2026-06-14,0,0.0,6,0,6|0
"SUBCATEGORY_ONIONS_SWEET-ONIONS@@CHARLOTTE, NC - MULO",232,232,17371363.07,0,2022-01-09,2026-06-14,0,0.0,7,0,7|0
"SUBCATEGORY_ONIONS_SWEET-ONIONS@@CHICAGO, IL - MULO",232,232,12423903.41,0,2022-01-09,2026-06-14,0,0.0,6,0,6|0
"SUBCATEGORY_ONIONS_SWEET-ONIONS@@CINCINNATI/DAYTON, OH - MULO",232,232,11123913.36,0,2022-01-09,2026-06-14,0,0.0,6,0,6|0
"SUBCATEGORY_ONIONS_SWEET-ONIONS@@CLEVELAND, OH - MULO",232,232,7551399.12,0,2022-01-09,2026-06-14,0,0.0,5,0,5|0
"SUBCATEGORY_ONIONS_SWEET-ONIONS@@COLUMBUS, OH - MULO",232,232,8126946.93,0,2022-01-09,2026-06-14,0,0.0,5,0,5|0
"SUBCATEGORY_ONIONS_SWEET-ONIONS@@DALLAS/FT. WORTH, TX - MULO",232,232,14449342.99,0,2022-01-09,2026-06-14,0,0.0,6,0,6|0
"SUBCATEGORY_ONIONS_SWEET-ONIONS@@DENVER, CO - MULO",232,232,5407586.54,0,2022-01-09,2026-06-14,0,0.0,4,0,4|0
"SUBCATEGORY_ONIONS_SWEET-ONIONS@@DES MOINES, IA - MULO",232,232,1580754.97,0,2022-01-09,2026-06-14,0,0.0,2,0,2|0
"SUBCATEGORY_ONIONS_SWEET-ONIONS@@DETROIT, MI - MULO",232,232,10905357.05,0,2022-01-09,2026-06-14,0,0.0,6,0,6|0
"SUBCATEGORY_ONIONS_SWEET-ONIONS@@GRAND RAPIDS, MI - MULO",232,232,5146482.92,0,2022-01-09,2026-06-14,0,0.0,4,0,4|0
"SUBCATEGORY_ONIONS_SWEET-ONIONS@@GREEN BAY, WI - MULO",232,232,1408554.7,0,2022-01-09,2026-06-14,0,0.0,2,0,2|0
"SUBCATEGORY_ONIONS_SWEET-ONIONS@@HARRISBURG/SCRANTON, PA - MULO",232,232,21574140.51,0,2022-01-09,2026-06-14,0,0.0,7,0,7|0
"SUBCATEGORY_ONIONS_SWEET-ONIONS@@HARTFORD, CT/SPRINGFIELD, MA - MULO",232,232,13830760.75,0,2022-01-09,2026-06-14,0,0.0,6,0,6|0
"SUBCATEGORY_ONIONS_SWEET-ONIONS@@HOUSTON, TX - MULO",232,232,7959092.43,0,2022-01-09,2026-06-14,0,0.0,5,0,5|0
"SUBCATEGORY_ONIONS_SWEET-ONIONS@@INDIANAPOLIS, IN - MULO",232,232,7783673.11,0,2022-01-09,2026-06-14,0,0.0,5,0,5|0
"SUBCATEGORY_ONIONS_SWEET-ONIONS@@JACKSONVILLE, FL - MULO",232,232,10081571.34,0,2022-01-09,2026-06-14,0,0.0,6,0,6|0
"SUBCATEGORY_ONIONS_SWEET-ONIONS@@KANSAS CITY, KS - MULO",232,232,7343856.22,0,2022-01-09,2026-06-14,0,0.0,5,0,5|0
"SUBCATEGORY_ONIONS_SWEET-ONIONS@@KNOXVILLE, TN - MULO",232,232,5799543.97,0,2022-01-09,2026-06-14,0,0.0,4,0,4|0
"SUBCATEGORY_ONIONS_SWEET-ONIONS@@LAS VEGAS, NV - MULO",232,232,2522234.05,0,2022-01-09,2026-06-14,0,0.0,3,0,3|0
"SUBCATEGORY_ONIONS_SWEET-ONIONS@@LITTLE ROCK, AR - MULO",232,232,3635363.11,0,2022-01-09,2026-06-14,0,0.0,3,0,3|0
"SUBCATEGORY_ONIONS_SWEET-ONIONS@@LOS ANGELES, CA - MULO",232,232,11987921.92,0,2022-01-09,2026-06-14,0,0.0,6,0,6|0
"SUBCATEGORY_ONIONS_SWEET-ONIONS@@LOUISVILLE, KY - MULO",232,232,5428564.81,0,2022-01-09,2026-06-14,0,0.0,4,0,4|0
"SUBCATEGORY_ONIONS_SWEET-ONIONS@@MEMPHIS, TN - MULO",232,232,4069651.58,0,2022-01-09,2026-06-14,0,0.0,4,0,4|0
"SUBCATEGORY_ONIONS_SWEET-ONIONS@@MIAMI/FT. LAUDERDALE, FL - MULO",232,232,24566134.9,0,2022-01-09,2026-06-14,0,0.0,7,0,7|0
"SUBCATEGORY_ONIONS_SWEET-ONIONS@@MILWAUKEE, WI - MULO",232,232,4058510.9899999998,0,2022-01-09,2026-06-14,0,0.0,4,0,4|0
"SUBCATEGORY_ONIONS_SWEET-ONIONS@@MINNEAPOLIS/ST. PAUL, MN - MULO",232,232,6537192.37,0,2022-01-09,2026-06-14,0,0.0,5,0,5|0
SUBCATEGORY_ONIONS_SWEET-ONIONS@@MISSISSIPPI - MULO,232,232,8897662.42,0,2022-01-09,2026-06-14,0,0.0,5,0,5|0
"SUBCATEGORY_ONIONS_SWEET-ONIONS@@NASHVILLE, TN - MULO",232,232,10954023.02,0,2022-01-09,2026-06-14,0,0.0,6,0,6|0
SUBCATEGORY_ONIONS_SWEET-ONIONS@@NEW ENGLAND - MULO,232,232,18276006.53,0,2022-01-09,2026-06-14,0,0.0,7,0,7|0
"SUBCATEGORY_ONIONS_SWEET-ONIONS@@NEW ORLEANS, LA/MOBILE, AL - MULO",232,232,11389203.95,0,2022-01-09,2026-06-14,0,0.0,6,0,6|0
"SUBCATEGORY_ONIONS_SWEET-ONIONS@@NEW YORK, NY - MULO",232,232,38872830.02,0,2022-01-09,2026-06-14,0,0.0,8,0,8|0
"SUBCATEGORY_ONIONS_SWEET-ONIONS@@OKLAHOMA CITY, OK - MULO",232,232,5240678.55,0,2022-01-09,2026-06-14,0,0.0,4,0,4|0
"SUBCATEGORY_ONIONS_SWEET-ONIONS@@OMAHA, NE - MULO",232,232,2666297.16,0,2022-01-09,2026-06-14,0,0.0,3,0,3|0
"SUBCATEGORY_ONIONS_SWEET-ONIONS@@ORLANDO, FL - MULO",232,232,24483513.86,0,2022-01-09,2026-06-14,0,0.0,7,0,7|0
"SUBCATEGORY_ONIONS_SWEET-ONIONS@@PEORIA/SPRINGFIELD, IL - MULO",232,232,5439953.37,0,2022-01-09,2026-06-14,0,0.0,4,0,4|0
"SUBCATEGORY_ONIONS_SWEET-ONIONS@@PHILADELPHIA, PA - MULO",232,232,21639128.24,0,2022-01-09,2026-06-14,0,0.0,7,0,7|0
"SUBCATEGORY_ONIONS_SWEET-ONIONS@@PHOENIX/TUCSON, AZ - MULO",232,232,5992008.78,0,2022-01-09,2026-06-14,0,0.0,4,0,4|0
"SUBCATEGORY_ONIONS_SWEET-ONIONS@@PITTSBURGH, PA - MULO",232,232,13182573.79,0,2022-01-09,2026-06-14,0,0.0,6,0,6|0
"SUBCATEGORY_ONIONS_SWEET-ONIONS@@PORTLAND, OR - MULO",232,232,3253033.35,0,2022-01-09,2026-06-14,0,0.0,3,0,3|0
"SUBCATEGORY_ONIONS_SWEET-ONIONS@@PROVIDENCE, RI - MULO",232,232,3003272.92,0,2022-01-09,2026-06-14,0,0.0,3,0,3|0
"SUBCATEGORY_ONIONS_SWEET-ONIONS@@RALEIGH/GREENSBORO, NC - MULO",232,232,19696494.11,0,2022-01-09,2026-06-14,0,0.0,7,0,7|0
"SUBCATEGORY_ONIONS_SWEET-ONIONS@@RICHMOND/NORFOLK, VA - MULO",232,232,15996968.7,0,2022-01-09,2026-06-14,0,0.0,7,0,7|0
"SUBCATEGORY_ONIONS_SWEET-ONIONS@@ROANOKE, VA - MULO",232,232,16477182.99,0,2022-01-09,2026-06-14,0,0.0,7,0,7|0
"SUBCATEGORY_ONIONS_SWEET-ONIONS@@SACRAMENTO, CA - MULO",232,232,5046349.83,0,2022-01-09,2026-06-14,0,0.0,4,0,4|0
"SUBCATEGORY_ONIONS_SWEET-ONIONS@@SALT LAKE CITY, UT - MULO",232,232,1593957.45,0,2022-01-09,2026-06-14,0,0.0,2,0,2|0
"SUBCATEGORY_ONIONS_SWEET-ONIONS@@SAN DIEGO, CA - MULO",232,232,2862282.23,0,2022-01-09,2026-06-14,0,0.0,3,0,3|0
"SUBCATEGORY_ONIONS_SWEET-ONIONS@@SAN FRANCISCO/OAKLAND, CA - MULO",232,232,4783483.69,0,2022-01-09,2026-06-14,0,0.0,4,0,4|0
"SUBCATEGORY_ONIONS_SWEET-ONIONS@@SEATTLE/TACOMA, WA - MULO",232,232,5137143.49,0,2022-01-09,2026-06-14,0,0.0,4,0,4|0
SUBCATEGORY_ONIONS_SWEET-ONIONS@@SOUTH CAROLINA - MULO,232,232,33951126.79,0,2022-01-09,2026-06-14,0,0.0,8,0,8|0
"SUBCATEGORY_ONIONS_SWEET-ONIONS@@SPOKANE, WA - MULO",232,232,629534.48,0,2022-01-09,2026-06-14,0,0.0,1,0,1|0
"SUBCATEGORY_ONIONS_SWEET-ONIONS@@ST. LOUIS, MO - MULO",232,232,9203565.41,0,2022-01-09,2026-06-14,0,0.0,5,0,5|0
"SUBCATEGORY_ONIONS_SWEET-ONIONS@@SYRACUSE, NY - MULO",232,232,7486897.42,0,2022-01-09,2026-06-14,0,0.0,5,0,5|0
"SUBCATEGORY_ONIONS_SWEET-ONIONS@@TAMPA/ST. PETERSBURG, FL - MULO",232,232,23627715.169999998,0,2022-01-09,2026-06-14,0,0.0,7,0,7|0
"SUBCATEGORY_ONIONS_SWEET-ONIONS@@TOLEDO, OH - MULO",232,232,7037946.39,0,2022-01-09,2026-06-14,0,0.0,5,0,5|0
"SUBCATEGORY_ONIONS_SWEET-ONIONS@@TULSA, OK - MULO",232,232,4316093.1,0,2022-01-09,2026-06-14,0,0.0,4,0,4|0
SUBCATEGORY_ONIONS_SWEET-ONIONS@@WEST TEXAS/NEW MEXICO - MULO,232,232,6662076.29,0,2022-01-09,2026-06-14,0,0.0,5,0,5|0
"SUBCATEGORY_ONIONS_SWEET-ONIONS@@WICHITA, KS - MULO",232,232,2484637.64,0,2022-01-09,2026-06-14,0,0.0,3,0,3|0
"SUBCATEGORY_ONIONS_WHITE-ONIONS@@ALBANY, NY - MULO",231,232,209403.72,0,2022-01-09,2026-06-14,1,0.0,0,0,0|0
"SUBCATEGORY_ONIONS_WHITE-ONIONS@@ATLANTA, GA - MULO",232,232,6363976.49,0,2022-01-09,2026-06-14,0,0.0,5,0,5|0
"SUBCATEGORY_ONIONS_WHITE-ONIONS@@BALTIMORE, MD/WASHINGTON D.C. - MULO",232,232,3377781.14,0,2022-01-09,2026-06-14,0,0.0,3,0,3|0
"SUBCATEGORY_ONIONS_WHITE-ONIONS@@BIRMINGHAM/MONTGOMERY, AL - MULO",232,232,5655045.45,0,2022-01-09,2026-06-14,0,0.0,4,0,4|0
"SUBCATEGORY_ONIONS_WHITE-ONIONS@@BOISE, ID - MULO",232,232,317008.3,0,2022-01-09,2026-06-14,0,0.0,0,0,0|0
"SUBCATEGORY_ONIONS_WHITE-ONIONS@@BOSTON, MA - MULO",232,232,704396.47,0,2022-01-09,2026-06-14,0,0.0,1,0,1|0
"SUBCATEGORY_ONIONS_WHITE-ONIONS@@BUFFALO/ROCHESTER, NY - MULO",232,232,3241360.76,0,2022-01-09,2026-06-14,0,0.0,3,0,3|0
"SUBCATEGORY_ONIONS_WHITE-ONIONS@@CHARLOTTE, NC - MULO",232,232,3906716.27,0,2022-01-09,2026-06-14,0,0.0,3,0,3|0
"SUBCATEGORY_ONIONS_WHITE-ONIONS@@CHICAGO, IL - MULO",232,232,15574476.34,0,2022-01-09,2026-06-14,0,0.0,7,0,7|0
"SUBCATEGORY_ONIONS_WHITE-ONIONS@@CINCINNATI/DAYTON, OH - MULO",232,232,6252099.53,0,2022-01-09,2026-06-14,0,0.0,4,0,4|0
"SUBCATEGORY_ONIONS_WHITE-ONIONS@@CLEVELAND, OH - MULO",232,232,1152368.45,0,2022-01-09,2026-06-14,0,0.0,1,0,1|0
"SUBCATEGORY_ONIONS_WHITE-ONIONS@@COLUMBUS, OH - MULO",232,232,4064675.74,0,2022-01-09,2026-06-14,0,0.0,4,0,4|0
"SUBCATEGORY_ONIONS_WHITE-ONIONS@@DALLAS/FT. WORTH, TX - MULO",232,232,17664440.78,0,2022-01-09,2026-06-14,0,0.0,7,0,7|0
"SUBCATEGORY_ONIONS_WHITE-ONIONS@@DENVER, CO - MULO",232,232,7742471.65,0,2022-01-09,2026-06-14,0,0.0,5,0,5|0
"SUBCATEGORY_ONIONS_WHITE-ONIONS@@DES MOINES, IA - MULO",232,232,1304549.21,0,2022-01-09,2026-06-14,0,0.0,2,0,2|0
"SUBCATEGORY_ONIONS_WHITE-ONIONS@@DETROIT, MI - MULO",232,232,7438666.85,0,2022-01-09,2026-06-14,0,0.0,5,0,5|0
"SUBCATEGORY_ONIONS_WHITE-ONIONS@@GRAND RAPIDS, MI - MULO",232,232,4165598.61,0,2022-01-09,2026-06-14,0,0.0,4,0,4|0
"SUBCATEGORY_ONIONS_WHITE-ONIONS@@GREEN BAY, WI - MULO",232,232,1297699.01,0,2022-01-09,2026-06-14,0,0.0,2,0,2|0
"SUBCATEGORY_ONIONS_WHITE-ONIONS@@HARRISBURG/SCRANTON, PA - MULO",232,232,1670914.64,0,2022-01-09,2026-06-14,0,0.0,2,0,2|0
"SUBCATEGORY_ONIONS_WHITE-ONIONS@@HARTFORD, CT/SPRINGFIELD, MA - MULO",232,232,878548.47,0,2022-01-09,2026-06-14,0,0.0,1,0,1|0
"SUBCATEGORY_ONIONS_WHITE-ONIONS@@HOUSTON, TX - MULO",232,232,12037994.12,0,2022-01-09,2026-06-14,0,0.0,6,0,6|0
"SUBCATEGORY_ONIONS_WHITE-ONIONS@@INDIANAPOLIS, IN - MULO",232,232,4892440.74,0,2022-01-09,2026-06-14,0,0.0,4,0,4|0
"SUBCATEGORY_ONIONS_WHITE-ONIONS@@JACKSONVILLE, FL - MULO",232,232,2735749.55,0,2022-01-09,2026-06-14,0,0.0,3,0,3|0
"SUBCATEGORY_ONIONS_WHITE-ONIONS@@KANSAS CITY, KS - MULO",232,232,2835597.63,0,2022-01-09,2026-06-14,0,0.0,3,0,3|0
"SUBCATEGORY_ONIONS_WHITE-ONIONS@@KNOXVILLE, TN - MULO",232,232,2564417.8,0,2022-01-09,2026-06-14,0,0.0,3,0,3|0
"SUBCATEGORY_ONIONS_WHITE-ONIONS@@LAS VEGAS, NV - MULO",232,232,2545381.08,0,2022-01-09,2026-06-14,0,0.0,3,0,3|0
"SUBCATEGORY_ONIONS_WHITE-ONIONS@@LITTLE ROCK, AR - MULO",232,232,573071.51,0,2022-01-09,2026-06-14,0,0.0,1,0,1|0
"SUBCATEGORY_ONIONS_WHITE-ONIONS@@LOS ANGELES, CA - MULO",232,232,15308895.35,0,2022-01-09,2026-06-14,0,0.0,6,0,6|0
"SUBCATEGORY_ONIONS_WHITE-ONIONS@@LOUISVILLE, KY - MULO",232,232,3297732.69,0,2022-01-09,2026-06-14,0,0.0,3,0,3|0
"SUBCATEGORY_ONIONS_WHITE-ONIONS@@MEMPHIS, TN - MULO",232,232,1743481.21,0,2022-01-09,2026-06-14,0,0.0,2,0,2|0
"SUBCATEGORY_ONIONS_WHITE-ONIONS@@MIAMI/FT. LAUDERDALE, FL - MULO",232,232,7625739.06,0,2022-01-09,2026-06-14,0,0.0,5,0,5|0
"SUBCATEGORY_ONIONS_WHITE-ONIONS@@MILWAUKEE, WI - MULO",232,232,3929391.16,0,2022-01-09,2026-06-14,0,0.0,4,0,4|0
"SUBCATEGORY_ONIONS_WHITE-ONIONS@@MINNEAPOLIS/ST. PAUL, MN - MULO",232,232,6064183.07,0,2022-01-09,2026-06-14,0,0.0,4,0,4|0
SUBCATEGORY_ONIONS_WHITE-ONIONS@@MISSISSIPPI - MULO,232,232,2269549.02,0,2022-01-09,2026-06-14,0,0.0,2,0,2|0
"SUBCATEGORY_ONIONS_WHITE-ONIONS@@NASHVILLE, TN - MULO",232,232,3542353.58,0,2022-01-09,2026-06-14,0,0.0,3,0,3|0
SUBCATEGORY_ONIONS_WHITE-ONIONS@@NEW ENGLAND - MULO,232,232,592238.74,0,2022-01-09,2026-06-14,0,0.0,1,0,1|0
"SUBCATEGORY_ONIONS_WHITE-ONIONS@@NEW ORLEANS, LA/MOBILE, AL - MULO",232,232,1891433.05,0,2022-01-09,2026-06-14,0,0.0,2,0,2|0
"SUBCATEGORY_ONIONS_WHITE-ONIONS@@NEW YORK, NY - MULO",232,232,5520805.34,0,2022-01-09,2026-06-14,0,0.0,4,0,4|0
"SUBCATEGORY_ONIONS_WHITE-ONIONS@@OKLAHOMA CITY, OK - MULO",232,232,2975601.7,0,2022-01-09,2026-06-14,0,0.0,3,0,3|0
"SUBCATEGORY_ONIONS_WHITE-ONIONS@@OMAHA, NE - MULO",232,232,2203526.58,0,2022-01-09,2026-06-14,0,0.0,2,0,2|0
"SUBCATEGORY_ONIONS_WHITE-ONIONS@@ORLANDO, FL - MULO",232,232,5814464.06,0,2022-01-09,2026-06-14,0,0.0,4,0,4|0
"SUBCATEGORY_ONIONS_WHITE-ONIONS@@PEORIA/SPRINGFIELD, IL - MULO",232,232,3400281.77,0,2022-01-09,2026-06-14,0,0.0,3,0,3|0
"SUBCATEGORY_ONIONS_WHITE-ONIONS@@PHILADELPHIA, PA - MULO",232,232,3527877.09,0,2022-01-09,2026-06-14,0,0.0,3,0,3|0
"SUBCATEGORY_ONIONS_WHITE-ONIONS@@PHOENIX/TUCSON, AZ - MULO",232,232,7491854.58,0,2022-01-09,2026-06-14,0,0.0,5,0,5|0
"SUBCATEGORY_ONIONS_WHITE-ONIONS@@PITTSBURGH, PA - MULO",232,232,1598875.31,0,2022-01-09,2026-06-14,0,0.0,2,0,2|0
"SUBCATEGORY_ONIONS_WHITE-ONIONS@@PORTLAND, OR - MULO",232,232,1640731.92,0,2022-01-09,2026-06-14,0,0.0,2,0,2|0
"SUBCATEGORY_ONIONS_WHITE-ONIONS@@PROVIDENCE, RI - MULO",220,232,110113.7,1,2022-01-09,2026-06-14,12,0.004545454545454545,0,0,0|0
"SUBCATEGORY_ONIONS_WHITE-ONIONS@@RALEIGH/GREENSBORO, NC - MULO",232,232,5249353.07,0,2022-01-09,2026-06-14,0,0.0,4,0,4|0
"SUBCATEGORY_ONIONS_WHITE-ONIONS@@RICHMOND/NORFOLK, VA - MULO",232,232,2292370.51,0,2022-01-09,2026-06-14,0,0.0,2,0,2|0
"SUBCATEGORY_ONIONS_WHITE-ONIONS@@ROANOKE, VA - MULO",232,232,3558225.69,0,2022-01-09,2026-06-14,0,0.0,3,0,3|0
"SUBCATEGORY_ONIONS_WHITE-ONIONS@@SACRAMENTO, CA - MULO",232,232,2155731.27,0,2022-01-09,2026-06-14,0,0.0,2,0,2|0
"SUBCATEGORY_ONIONS_WHITE-ONIONS@@SALT LAKE CITY, UT - MULO",232,232,888876.96,0,2022-01-09,2026-06-14,0,0.0,1,0,1|0
"SUBCATEGORY_ONIONS_WHITE-ONIONS@@SAN DIEGO, CA - MULO",232,232,2315903.08,0,2022-01-09,2026-06-14,0,0.0,3,0,3|0
"SUBCATEGORY_ONIONS_WHITE-ONIONS@@SAN FRANCISCO/OAKLAND, CA - MULO",232,232,3471109.36,0,2022-01-09,2026-06-14,0,0.0,3,0,3|0
"SUBCATEGORY_ONIONS_WHITE-ONIONS@@SEATTLE/TACOMA, WA - MULO",232,232,653675.38,0,2022-01-09,2026-06-14,0,0.0,1,0,1|0
SUBCATEGORY_ONIONS_WHITE-ONIONS@@SOUTH CAROLINA - MULO,232,232,5062815.56,0,2022-01-09,2026-06-14,0,0.0,4,0,4|0
"SUBCATEGORY_ONIONS_WHITE-ONIONS@@SPOKANE, WA - MULO",232,232,72610.58,0,2022-01-09,2026-06-14,0,0.0,0,0,0|0
"SUBCATEGORY_ONIONS_WHITE-ONIONS@@ST. LOUIS, MO - MULO",232,232,3266400.13,0,2022-01-09,2026-06-14,0,0.0,3,0,3|0
"SUBCATEGORY_ONIONS_WHITE-ONIONS@@SYRACUSE, NY - MULO",232,232,839849.52,0,2022-01-09,2026-06-14,0,0.0,1,0,1|0
"SUBCATEGORY_ONIONS_WHITE-ONIONS@@TAMPA/ST. PETERSBURG, FL - MULO",232,232,5705601.3,0,2022-01-09,2026-06-14,0,0.0,4,0,4|0
"SUBCATEGORY_ONIONS_WHITE-ONIONS@@TOLEDO, OH - MULO",232,232,2319378.92,0,2022-01-09,2026-06-14,0,0.0,3,0,3|0
"SUBCATEGORY_ONIONS_WHITE-ONIONS@@TULSA, OK - MULO",232,232,1987428.09,0,2022-01-09,2026-06-14,0,0.0,2,0,2|0
SUBCATEGORY_ONIONS_WHITE-ONIONS@@WEST TEXAS/NEW MEXICO - MULO,232,232,13732164.05,0,2022-01-09,2026-06-14,0,0.0,6,0,6|0
"SUBCATEGORY_ONIONS_WHITE-ONIONS@@WICHITA, KS - MULO",232,232,1652470.56,0,2022-01-09,2026-06-14,0,0.0,2,0,2|0
"SUBCATEGORY_ONIONS_YELLOW-ONIONS@@ALBANY, NY - MULO",232,232,14987644.12,0,2022-01-09,2026-06-14,0,0.0,6,0,6|0
"SUBCATEGORY_ONIONS_YELLOW-ONIONS@@ATLANTA, GA - MULO",232,232,50662194.48,0,2022-01-09,2026-06-14,0,0.0,8,0,8|0
"SUBCATEGORY_ONIONS_YELLOW-ONIONS@@BALTIMORE, MD/WASHINGTON D.C. - MULO",232,232,109407897.3,0,2022-01-09,2026-06-14,0,0.0,9,0,9|0
"SUBCATEGORY_ONIONS_YELLOW-ONIONS@@BIRMINGHAM/MONTGOMERY, AL - MULO",232,232,39078189.04,0,2022-01-09,2026-06-14,0,0.0,8,0,8|0
"SUBCATEGORY_ONIONS_YELLOW-ONIONS@@BOISE, ID - MULO",232,232,2653298.51,0,2022-01-09,2026-06-14,0,0.0,3,0,3|0
"SUBCATEGORY_ONIONS_YELLOW-ONIONS@@BOSTON, MA - MULO",232,232,43731489.76,0,2022-01-09,2026-06-14,0,0.0,8,0,8|0
"SUBCATEGORY_ONIONS_YELLOW-ONIONS@@BUFFALO/ROCHESTER, NY - MULO",232,232,27050081.6,0,2022-01-09,2026-06-14,0,0.0,8,0,8|0
"SUBCATEGORY_ONIONS_YELLOW-ONIONS@@CHARLOTTE, NC - MULO",232,232,38269120.59,0,2022-01-09,2026-06-14,0,0.0,8,0,8|0
"SUBCATEGORY_ONIONS_YELLOW-ONIONS@@CHICAGO, IL - MULO",232,232,72055772.0,0,2022-01-09,2026-06-14,0,0.0,9,0,9|0
"SUBCATEGORY_ONIONS_YELLOW-ONIONS@@CINCINNATI/DAYTON, OH - MULO",232,232,30270617.92,0,2022-01-09,2026-06-14,0,0.0,8,0,8|0
"SUBCATEGORY_ONIONS_YELLOW-ONIONS@@CLEVELAND, OH - MULO",232,232,22423972.38,0,2022-01-09,2026-06-14,0,0.0,7,0,7|0
"SUBCATEGORY_ONIONS_YELLOW-ONIONS@@COLUMBUS, OH - MULO",232,232,24321712.74,0,2022-01-09,2026-06-14,0,0.0,7,0,7|0
"SUBCATEGORY_ONIONS_YELLOW-ONIONS@@DALLAS/FT. WORTH, TX - MULO",232,232,47165721.28,0,2022-01-09,2026-06-14,0,0.0,8,0,8|0
"SUBCATEGORY_ONIONS_YELLOW-ONIONS@@DENVER, CO - MULO",232,232,28453742.74,0,2022-01-09,2026-06-14,0,0.0,8,0,8|0
"SUBCATEGORY_ONIONS_YELLOW-ONIONS@@DES MOINES, IA - MULO",232,232,8004772.15,0,2022-01-09,2026-06-14,0,0.0,5,0,5|0
"SUBCATEGORY_ONIONS_YELLOW-ONIONS@@DETROIT, MI - MULO",232,232,44504729.14,0,2022-01-09,2026-06-14,0,0.0,8,0,8|0
"SUBCATEGORY_ONIONS_YELLOW-ONIONS@@GRAND RAPIDS, MI - MULO",232,232,20081171.47,0,2022-01-09,2026-06-14,0,0.0,7,0,7|0
"SUBCATEGORY_ONIONS_YELLOW-ONIONS@@GREEN BAY, WI - MULO",232,232,7754361.76,0,2022-01-09,2026-06-14,0,0.0,5,0,5|0
"SUBCATEGORY_ONIONS_YELLOW-ONIONS@@HARRISBURG/SCRANTON, PA - MULO",232,232,48275501.37,0,2022-01-09,2026-06-14,0,0.0,8,0,8|0
"SUBCATEGORY_ONIONS_YELLOW-ONIONS@@HARTFORD, CT/SPRINGFIELD, MA - MULO",232,232,41689920.31,0,2022-01-09,2026-06-14,0,0.0,8,0,8|0
"SUBCATEGORY_ONIONS_YELLOW-ONIONS@@HOUSTON, TX - MULO",232,232,28561924.73,0,2022-01-09,2026-06-14,0,0.0,8,0,8|0
"SUBCATEGORY_ONIONS_YELLOW-ONIONS@@INDIANAPOLIS, IN - MULO",232,232,22859976.2,0,2022-01-09,2026-06-14,0,0.0,7,0,7|0
"SUBCATEGORY_ONIONS_YELLOW-ONIONS@@JACKSONVILLE, FL - MULO",232,232,23140291.46,0,2022-01-09,2026-06-14,0,0.0,7,0,7|0
"SUBCATEGORY_ONIONS_YELLOW-ONIONS@@KANSAS CITY, KS - MULO",232,232,15926733.18,0,2022-01-09,2026-06-14,0,0.0,7,0,7|0
"SUBCATEGORY_ONIONS_YELLOW-ONIONS@@KNOXVILLE, TN - MULO",232,232,12927696.46,0,2022-01-09,2026-06-14,0,0.0,6,0,6|0
"SUBCATEGORY_ONIONS_YELLOW-ONIONS@@LAS VEGAS, NV - MULO",232,232,12413125.23,0,2022-01-09,2026-06-14,0,0.0,6,0,6|0
"SUBCATEGORY_ONIONS_YELLOW-ONIONS@@LITTLE ROCK, AR - MULO",232,232,5892894.81,0,2022-01-09,2026-06-14,0,0.0,4,0,4|0
"SUBCATEGORY_ONIONS_YELLOW-ONIONS@@LOS ANGELES, CA - MULO",232,232,65026211.42,0,2022-01-09,2026-06-14,0,0.0,9,0,9|0
"SUBCATEGORY_ONIONS_YELLOW-ONIONS@@LOUISVILLE, KY - MULO",232,232,14205097.35,0,2022-01-09,2026-06-14,0,0.0,6,0,6|0
"SUBCATEGORY_ONIONS_YELLOW-ONIONS@@MEMPHIS, TN - MULO",232,232,11153755.63,0,2022-01-09,2026-06-14,0,0.0,6,0,6|0
"SUBCATEGORY_ONIONS_YELLOW-ONIONS@@MIAMI/FT. LAUDERDALE, FL - MULO",232,232,86481273.9,0,2022-01-09,2026-06-14,0,0.0,9,0,9|0
"SUBCATEGORY_ONIONS_YELLOW-ONIONS@@MILWAUKEE, WI - MULO",232,232,21554681.91,0,2022-01-09,2026-06-14,0,0.0,7,0,7|0
"SUBCATEGORY_ONIONS_YELLOW-ONIONS@@MINNEAPOLIS/ST. PAUL, MN - MULO",232,232,37056718.48,0,2022-01-09,2026-06-14,0,0.0,8,0,8|0
SUBCATEGORY_ONIONS_YELLOW-ONIONS@@MISSISSIPPI - MULO,232,232,24781591.12,0,2022-01-09,2026-06-14,0,0.0,7,0,7|0
"SUBCATEGORY_ONIONS_YELLOW-ONIONS@@NASHVILLE, TN - MULO",232,232,21626616.5,0,2022-01-09,2026-06-14,0,0.0,7,0,7|0
SUBCATEGORY_ONIONS_YELLOW-ONIONS@@NEW ENGLAND - MULO,232,232,36202655.13,0,2022-01-09,2026-06-14,0,0.0,8,0,8|0
"SUBCATEGORY_ONIONS_YELLOW-ONIONS@@NEW ORLEANS, LA/MOBILE, AL - MULO",232,232,40957316.29,0,2022-01-09,2026-06-14,0,0.0,8,0,8|0
"SUBCATEGORY_ONIONS_YELLOW-ONIONS@@NEW YORK, NY - MULO",232,232,184674931.51,0,2022-01-09,2026-06-14,0,0.0,9,0,9|0
"SUBCATEGORY_ONIONS_YELLOW-ONIONS@@OKLAHOMA CITY, OK - MULO",232,232,9620343.91,0,2022-01-09,2026-06-14,0,0.0,5,0,5|0
"SUBCATEGORY_ONIONS_YELLOW-ONIONS@@OMAHA, NE - MULO",232,232,10659494.06,0,2022-01-09,2026-06-14,0,0.0,6,0,6|0
"SUBCATEGORY_ONIONS_YELLOW-ONIONS@@ORLANDO, FL - MULO",232,232,49617805.78,0,2022-01-09,2026-06-14,0,0.0,8,0,8|0
"SUBCATEGORY_ONIONS_YELLOW-ONIONS@@PEORIA/SPRINGFIELD, IL - MULO",232,232,17790966.9,0,2022-01-09,2026-06-14,0,0.0,7,0,7|0
"SUBCATEGORY_ONIONS_YELLOW-ONIONS@@PHILADELPHIA, PA - MULO",232,232,72308564.23,0,2022-01-09,2026-06-14,0,0.0,9,0,9|0
"SUBCATEGORY_ONIONS_YELLOW-ONIONS@@PHOENIX/TUCSON, AZ - MULO",232,232,23766824.09,0,2022-01-09,2026-06-14,0,0.0,7,0,7|0
"SUBCATEGORY_ONIONS_YELLOW-ONIONS@@PITTSBURGH, PA - MULO",232,232,26893648.01,0,2022-01-09,2026-06-14,0,0.0,8,0,8|0
"SUBCATEGORY_ONIONS_YELLOW-ONIONS@@PORTLAND, OR - MULO",232,232,14605465.56,0,2022-01-09,2026-06-14,0,0.0,6,0,6|0
"SUBCATEGORY_ONIONS_YELLOW-ONIONS@@PROVIDENCE, RI - MULO",232,232,9473715.94,0,2022-01-09,2026-06-14,0,0.0,5,0,5|0
"SUBCATEGORY_ONIONS_YELLOW-ONIONS@@RALEIGH/GREENSBORO, NC - MULO",232,232,51163360.75,0,2022-01-09,2026-06-14,0,0.0,8,0,8|0
"SUBCATEGORY_ONIONS_YELLOW-ONIONS@@RICHMOND/NORFOLK, VA - MULO",232,232,39234395.99,0,2022-01-09,2026-06-14,0,0.0,8,0,8|0
"SUBCATEGORY_ONIONS_YELLOW-ONIONS@@ROANOKE, VA - MULO",232,232,28794246.81,0,2022-01-09,2026-06-14,0,0.0,8,0,8|0
"SUBCATEGORY_ONIONS_YELLOW-ONIONS@@SACRAMENTO, CA - MULO",232,232,13938965.7,0,2022-01-09,2026-06-14,0,0.0,6,0,6|0
"SUBCATEGORY_ONIONS_YELLOW-ONIONS@@SALT LAKE CITY, UT - MULO",232,232,11757602.04,0,2022-01-09,2026-06-14,0,0.0,6,0,6|0
"SUBCATEGORY_ONIONS_YELLOW-ONIONS@@SAN DIEGO, CA - MULO",232,232,12480942.61,0,2022-01-09,2026-06-14,0,0.0,6,0,6|0
"SUBCATEGORY_ONIONS_YELLOW-ONIONS@@SAN FRANCISCO/OAKLAND, CA - MULO",232,232,19397959.84,0,2022-01-09,2026-06-14,0,0.0,7,0,7|0
"SUBCATEGORY_ONIONS_YELLOW-ONIONS@@SEATTLE/TACOMA, WA - MULO",232,232,14503724.3,0,2022-01-09,2026-06-14,0,0.0,6,0,6|0
SUBCATEGORY_ONIONS_YELLOW-ONIONS@@SOUTH CAROLINA - MULO,232,232,69023257.52,0,2022-01-09,2026-06-14,0,0.0,9,0,9|0
"SUBCATEGORY_ONIONS_YELLOW-ONIONS@@SPOKANE, WA - MULO",232,232,2178109.97,0,2022-01-09,2026-06-14,0,0.0,2,0,2|0
"SUBCATEGORY_ONIONS_YELLOW-ONIONS@@ST. LOUIS, MO - MULO",232,232,27479152.17,0,2022-01-09,2026-06-14,0,0.0,8,0,8|0
"SUBCATEGORY_ONIONS_YELLOW-ONIONS@@SYRACUSE, NY - MULO",232,232,14207606.09,0,2022-01-09,2026-06-14,0,0.0,6,0,6|0
"SUBCATEGORY_ONIONS_YELLOW-ONIONS@@TAMPA/ST. PETERSBURG, FL - MULO",232,232,47389569.69,0,2022-01-09,2026-06-14,0,0.0,8,0,8|0
"SUBCATEGORY_ONIONS_YELLOW-ONIONS@@TOLEDO, OH - MULO",232,232,17138667.54,0,2022-01-09,2026-06-14,0,0.0,7,0,7|0
"SUBCATEGORY_ONIONS_YELLOW-ONIONS@@TULSA, OK - MULO",232,232,8511336.94,0,2022-01-09,2026-06-14,0,0.0,5,0,5|0
SUBCATEGORY_ONIONS_YELLOW-ONIONS@@WEST TEXAS/NEW MEXICO - MULO,232,232,18159918.32,0,2022-01-09,2026-06-14,0,0.0,7,0,7|0
"SUBCATEGORY_ONIONS_YELLOW-ONIONS@@WICHITA, KS - MULO",232,232,6747443.75,0,2022-01-09,2026-06-14,0,0.0,5,0,5|0
"SUBCATEGORY_OTHER-FRUIT_OTHER-FRUIT@@ALBANY, NY - MULO",232,232,1780067.98,0,2022-01-09,2026-06-14,0,0.0,2,0,2|0
"SUBCATEGORY_OTHER-FRUIT_OTHER-FRUIT@@ATLANTA, GA - MULO",232,232,24972832.55,0,2022-01-09,2026-06-14,0,0.0,7,0,7|0
"SUBCATEGORY_OTHER-FRUIT_OTHER-FRUIT@@BALTIMORE, MD/WASHINGTON D.C. - MULO",232,232,9511632.09,0,2022-01-09,2026-06-14,0,0.0,5,0,5|0
"SUBCATEGORY_OTHER-FRUIT_OTHER-FRUIT@@BIRMINGHAM/MONTGOMERY, AL - MULO",232,232,8476488.35,0,2022-01-09,2026-06-14,0,0.0,5,0,5|0
"SUBCATEGORY_OTHER-FRUIT_OTHER-FRUIT@@BOISE, ID - MULO",232,232,1002025.79,0,2022-01-09,2026-06-14,0,0.0,1,0,1|0
"SUBCATEGORY_OTHER-FRUIT_OTHER-FRUIT@@BOSTON, MA - MULO",232,232,4768653.01,0,2022-01-09,2026-06-14,0,0.0,4,0,4|0
"SUBCATEGORY_OTHER-FRUIT_OTHER-FRUIT@@BUFFALO/ROCHESTER, NY - MULO",232,232,2240064.4,0,2022-01-09,2026-06-14,0,0.0,2,0,2|0
"SUBCATEGORY_OTHER-FRUIT_OTHER-FRUIT@@CHARLOTTE, NC - MULO",232,232,6950157.94,0,2022-01-09,2026-06-14,0,0.0,5,0,5|0
"SUBCATEGORY_OTHER-FRUIT_OTHER-FRUIT@@CHICAGO, IL - MULO",232,232,12674637.62,0,2022-01-09,2026-06-14,0,0.0,6,0,6|0
"SUBCATEGORY_OTHER-FRUIT_OTHER-FRUIT@@CINCINNATI/DAYTON, OH - MULO",232,232,17548020.06,0,2022-01-09,2026-06-14,0,0.0,7,0,7|0
"SUBCATEGORY_OTHER-FRUIT_OTHER-FRUIT@@CLEVELAND, OH - MULO",232,232,6263055.62,0,2022-01-09,2026-06-14,0,0.0,4,0,4|0
"SUBCATEGORY_OTHER-FRUIT_OTHER-FRUIT@@COLUMBUS, OH - MULO",232,232,12417482.48,0,2022-01-09,2026-06-14,0,0.0,6,0,6|0
"SUBCATEGORY_OTHER-FRUIT_OTHER-FRUIT@@DALLAS/FT. WORTH, TX - MULO",232,232,25768485.6,0,2022-01-09,2026-06-14,0,0.0,7,0,7|0
"SUBCATEGORY_OTHER-FRUIT_OTHER-FRUIT@@DENVER, CO - MULO",232,232,19795209.29,0,2022-01-09,2026-06-14,0,0.0,7,0,7|0
"SUBCATEGORY_OTHER-FRUIT_OTHER-FRUIT@@DES MOINES, IA - MULO",232,232,2313488.12,0,2022-01-09,2026-06-14,0,0.0,2,0,2|0
"SUBCATEGORY_OTHER-FRUIT_OTHER-FRUIT@@DETROIT, MI - MULO",232,232,24681249.73,0,2022-01-09,2026-06-14,0,0.0,7,0,7|0
"SUBCATEGORY_OTHER-FRUIT_OTHER-FRUIT@@GRAND RAPIDS, MI - MULO",232,232,9192569.17,0,2022-01-09,2026-06-14,0,0.0,5,0,5|0
"SUBCATEGORY_OTHER-FRUIT_OTHER-FRUIT@@GREEN BAY, WI - MULO",232,232,1486320.25,0,2022-01-09,2026-06-14,0,0.0,2,0,2|0
"SUBCATEGORY_OTHER-FRUIT_OTHER-FRUIT@@HARRISBURG/SCRANTON, PA - MULO",232,232,4282302.89,0,2022-01-09,2026-06-14,0,0.0,4,0,4|0
"SUBCATEGORY_OTHER-FRUIT_OTHER-FRUIT@@HARTFORD, CT/SPRINGFIELD, MA - MULO",232,232,3411162.09,0,2022-01-09,2026-06-14,0,0.0,3,0,3|0
"SUBCATEGORY_OTHER-FRUIT_OTHER-FRUIT@@HOUSTON, TX - MULO",232,232,19448697.97,0,2022-01-09,2026-06-14,0,0.0,7,0,7|0
"SUBCATEGORY_OTHER-FRUIT_OTHER-FRUIT@@INDIANAPOLIS, IN - MULO",232,232,13104737.89,0,2022-01-09,2026-06-14,0,0.0,6,0,6|0
"SUBCATEGORY_OTHER-FRUIT_OTHER-FRUIT@@JACKSONVILLE, FL - MULO",232,232,4244822.28,0,2022-01-09,2026-06-14,0,0.0,4,0,4|0
"SUBCATEGORY_OTHER-FRUIT_OTHER-FRUIT@@KANSAS CITY, KS - MULO",232,232,4499317.04,0,2022-01-09,2026-06-14,0,0.0,4,0,4|0
"SUBCATEGORY_OTHER-FRUIT_OTHER-FRUIT@@KNOXVILLE, TN - MULO",232,232,4672326.98,0,2022-01-09,2026-06-14,0,0.0,4,0,4|0
"SUBCATEGORY_OTHER-FRUIT_OTHER-FRUIT@@LAS VEGAS, NV - MULO",232,232,5840377.15,0,2022-01-09,2026-06-14,0,0.0,4,0,4|0
"SUBCATEGORY_OTHER-FRUIT_OTHER-FRUIT@@LITTLE ROCK, AR - MULO",232,232,3715370.85,0,2022-01-09,2026-06-14,0,0.0,3,0,3|0
"SUBCATEGORY_OTHER-FRUIT_OTHER-FRUIT@@LOS ANGELES, CA - MULO",232,232,17610801.37,0,2022-01-09,2026-06-14,0,0.0,7,0,7|0
"SUBCATEGORY_OTHER-FRUIT_OTHER-FRUIT@@LOUISVILLE, KY - MULO",232,232,8543802.0,0,2022-01-09,2026-06-14,0,0.0,5,0,5|0
"SUBCATEGORY_OTHER-FRUIT_OTHER-FRUIT@@MEMPHIS, TN - MULO",232,232,7483582.34,0,2022-01-09,2026-06-14,0,0.0,5,0,5|0
"SUBCATEGORY_OTHER-FRUIT_OTHER-FRUIT@@MIAMI/FT. LAUDERDALE, FL - MULO",232,232,8578808.13,0,2022-01-09,2026-06-14,0,0.0,5,0,5|0
"SUBCATEGORY_OTHER-FRUIT_OTHER-FRUIT@@MILWAUKEE, WI - MULO",232,232,7200486.59,0,2022-01-09,2026-06-14,0,0.0,5,0,5|0
"SUBCATEGORY_OTHER-FRUIT_OTHER-FRUIT@@MINNEAPOLIS/ST. PAUL, MN - MULO",232,232,7127058.87,0,2022-01-09,2026-06-14,0,0.0,5,0,5|0
SUBCATEGORY_OTHER-FRUIT_OTHER-FRUIT@@MISSISSIPPI - MULO,232,232,7059886.25,0,2022-01-09,2026-06-14,0,0.0,5,0,5|0
"SUBCATEGORY_OTHER-FRUIT_OTHER-FRUIT@@NASHVILLE, TN - MULO",232,232,10133221.99,0,2022-01-09,2026-06-14,0,0.0,6,0,6|0
SUBCATEGORY_OTHER-FRUIT_OTHER-FRUIT@@NEW ENGLAND - MULO,232,232,8112547.2,0,2022-01-09,2026-06-14,0,0.0,5,0,5|0
"SUBCATEGORY_OTHER-FRUIT_OTHER-FRUIT@@NEW ORLEANS, LA/MOBILE, AL - MULO",232,232,7195810.19,0,2022-01-09,2026-06-14,0,0.0,5,0,5|0
"SUBCATEGORY_OTHER-FRUIT_OTHER-FRUIT@@NEW YORK, NY - MULO",232,232,18107476.57,0,2022-01-09,2026-06-14,0,0.0,7,0,7|0
"SUBCATEGORY_OTHER-FRUIT_OTHER-FRUIT@@OKLAHOMA CITY, OK - MULO",232,232,3141491.08,0,2022-01-09,2026-06-14,0,0.0,3,0,3|0
"SUBCATEGORY_OTHER-FRUIT_OTHER-FRUIT@@OMAHA, NE - MULO",232,232,4490718.27,0,2022-01-09,2026-06-14,0,0.0,4,0,4|0
"SUBCATEGORY_OTHER-FRUIT_OTHER-FRUIT@@ORLANDO, FL - MULO",232,232,12030196.47,0,2022-01-09,2026-06-14,0,0.0,6,0,6|0
"SUBCATEGORY_OTHER-FRUIT_OTHER-FRUIT@@PEORIA/SPRINGFIELD, IL - MULO",232,232,5184564.84,0,2022-01-09,2026-06-14,0,0.0,4,0,4|0
"SUBCATEGORY_OTHER-FRUIT_OTHER-FRUIT@@PHILADELPHIA, PA - MULO",232,232,6266616.93,0,2022-01-09,2026-06-14,0,0.0,4,0,4|0
"SUBCATEGORY_OTHER-FRUIT_OTHER-FRUIT@@PHOENIX/TUCSON, AZ - MULO",232,232,13859723.2,0,2022-01-09,2026-06-14,0,0.0,6,0,6|0
"SUBCATEGORY_OTHER-FRUIT_OTHER-FRUIT@@PITTSBURGH, PA - MULO",232,232,5357672.05,0,2022-01-09,2026-06-14,0,0.0,4,0,4|0
"SUBCATEGORY_OTHER-FRUIT_OTHER-FRUIT@@PORTLAND, OR - MULO",232,232,6658900.07,0,2022-01-09,2026-06-14,0,0.0,5,0,5|0
"SUBCATEGORY_OTHER-FRUIT_OTHER-FRUIT@@PROVIDENCE, RI - MULO",232,232,564930.13,0,2022-01-09,2026-06-14,0,0.0,1,0,1|0
"SUBCATEGORY_OTHER-FRUIT_OTHER-FRUIT@@RALEIGH/GREENSBORO, NC - MULO",232,232,8355985.68,0,2022-01-09,2026-06-14,0,0.0,5,0,5|0
"SUBCATEGORY_OTHER-FRUIT_OTHER-FRUIT@@RICHMOND/NORFOLK, VA - MULO",232,232,8850656.04,0,2022-01-09,2026-06-14,0,0.0,5,0,5|0
"SUBCATEGORY_OTHER-FRUIT_OTHER-FRUIT@@ROANOKE, VA - MULO",232,232,6582838.03,0,2022-01-09,2026-06-14,0,0.0,5,0,5|0
"SUBCATEGORY_OTHER-FRUIT_OTHER-FRUIT@@SACRAMENTO, CA - MULO",232,232,3701584.92,0,2022-01-09,2026-06-14,0,0.0,3,0,3|0
"SUBCATEGORY_OTHER-FRUIT_OTHER-FRUIT@@SALT LAKE CITY, UT - MULO",232,232,6733305.83,0,2022-01-09,2026-06-14,0,0.0,5,0,5|0
"SUBCATEGORY_OTHER-FRUIT_OTHER-FRUIT@@SAN DIEGO, CA - MULO",232,232,2612787.7399999998,0,2022-01-09,2026-06-14,0,0.0,3,0,3|0
"SUBCATEGORY_OTHER-FRUIT_OTHER-FRUIT@@SAN FRANCISCO/OAKLAND, CA - MULO",232,232,3949444.36,0,2022-01-09,2026-06-14,0,0.0,4,0,4|0
"SUBCATEGORY_OTHER-FRUIT_OTHER-FRUIT@@SEATTLE/TACOMA, WA - MULO",232,232,5916285.79,0,2022-01-09,2026-06-14,0,0.0,4,0,4|0
SUBCATEGORY_OTHER-FRUIT_OTHER-FRUIT@@SOUTH CAROLINA - MULO,232,232,14184518.35,0,2022-01-09,2026-06-14,0,0.0,6,0,6|0
"SUBCATEGORY_OTHER-FRUIT_OTHER-FRUIT@@SPOKANE, WA - MULO",232,232,458504.31,0,2022-01-09,2026-06-14,0,0.0,1,0,1|0
"SUBCATEGORY_OTHER-FRUIT_OTHER-FRUIT@@ST. LOUIS, MO - MULO",232,232,4426462.95,0,2022-01-09,2026-06-14,0,0.0,4,0,4|0
"SUBCATEGORY_OTHER-FRUIT_OTHER-FRUIT@@SYRACUSE, NY - MULO",232,232,1118796.36,0,2022-01-09,2026-06-14,0,0.0,1,0,1|0
"SUBCATEGORY_OTHER-FRUIT_OTHER-FRUIT@@TAMPA/ST. PETERSBURG, FL - MULO",232,232,9267189.83,0,2022-01-09,2026-06-14,0,0.0,5,0,5|0
"SUBCATEGORY_OTHER-FRUIT_OTHER-FRUIT@@TOLEDO, OH - MULO",232,232,8380989.53,0,2022-01-09,2026-06-14,0,0.0,5,0,5|0
"SUBCATEGORY_OTHER-FRUIT_OTHER-FRUIT@@TULSA, OK - MULO",232,232,1939837.28,0,2022-01-09,2026-06-14,0,0.0,2,0,2|0
SUBCATEGORY_OTHER-FRUIT_OTHER-FRUIT@@WEST TEXAS/NEW MEXICO - MULO,232,232,9709531.77,0,2022-01-09,2026-06-14,0,0.0,5,0,5|0
"SUBCATEGORY_OTHER-FRUIT_OTHER-FRUIT@@WICHITA, KS - MULO",232,232,3979788.24,0,2022-01-09,2026-06-14,0,0.0,4,0,4|0
"SUBCATEGORY_OTHER-VEGETABLES_ASPARAGUS@@ALBANY, NY - MULO",232,232,2626821.38,0,2022-01-09,2026-06-14,0,0.0,3,0,3|0
"SUBCATEGORY_OTHER-VEGETABLES_ASPARAGUS@@ATLANTA, GA - MULO",232,232,20799178.05,0,2022-01-09,2026-06-14,0,0.0,7,0,7|0
"SUBCATEGORY_OTHER-VEGETABLES_ASPARAGUS@@BALTIMORE, MD/WASHINGTON D.C. - MULO",232,232,28159539.51,0,2022-01-09,2026-06-14,0,0.0,8,0,8|0
"SUBCATEGORY_OTHER-VEGETABLES_ASPARAGUS@@BIRMINGHAM/MONTGOMERY, AL - MULO",232,232,15892359.05,0,2022-01-09,2026-06-14,0,0.0,7,0,7|0
"SUBCATEGORY_OTHER-VEGETABLES_ASPARAGUS@@BOISE, ID - MULO",232,232,1514607.91,0,2022-01-09,2026-06-14,0,0.0,2,0,2|0
"SUBCATEGORY_OTHER-VEGETABLES_ASPARAGUS@@BOSTON, MA - MULO",232,232,8302890.46,0,2022-01-09,2026-06-14,0,0.0,5,0,5|0
"SUBCATEGORY_OTHER-VEGETABLES_ASPARAGUS@@BUFFALO/ROCHESTER, NY - MULO",232,232,9177135.59,0,2022-01-09,2026-06-14,0,0.0,5,0,5|0
"SUBCATEGORY_OTHER-VEGETABLES_ASPARAGUS@@CHARLOTTE, NC - MULO",232,232,12014915.37,0,2022-01-09,2026-06-14,0,0.0,6,0,6|0
"SUBCATEGORY_OTHER-VEGETABLES_ASPARAGUS@@CHICAGO, IL - MULO",232,232,15557346.7,0,2022-01-09,2026-06-14,0,0.0,7,0,7|0
"SUBCATEGORY_OTHER-VEGETABLES_ASPARAGUS@@CINCINNATI/DAYTON, OH - MULO",232,232,4675173.02,0,2022-01-09,2026-06-14,0,0.0,4,0,4|0
"SUBCATEGORY_OTHER-VEGETABLES_ASPARAGUS@@CLEVELAND, OH - MULO",232,232,6796555.76,0,2022-01-09,2026-06-14,0,0.0,5,0,5|0
"SUBCATEGORY_OTHER-VEGETABLES_ASPARAGUS@@COLUMBUS, OH - MULO",232,232,4620710.82,0,2022-01-09,2026-06-14,0,0.0,4,0,4|0
"SUBCATEGORY_OTHER-VEGETABLES_ASPARAGUS@@DALLAS/FT. WORTH, TX - MULO",232,232,15257947.71,0,2022-01-09,2026-06-14,0,0.0,6,0,6|0
"SUBCATEGORY_OTHER-VEGETABLES_ASPARAGUS@@DENVER, CO - MULO",232,232,7990213.97,0,2022-01-09,2026-06-14,0,0.0,5,0,5|0
"SUBCATEGORY_OTHER-VEGETABLES_ASPARAGUS@@DES MOINES, IA - MULO",232,232,2769842.8,0,2022-01-09,2026-06-14,0,0.0,3,0,3|0
"SUBCATEGORY_OTHER-VEGETABLES_ASPARAGUS@@DETROIT, MI - MULO",232,232,8674706.27,0,2022-01-09,2026-06-14,0,0.0,5,0,5|0
"SUBCATEGORY_OTHER-VEGETABLES_ASPARAGUS@@GRAND RAPIDS, MI - MULO",232,232,4579247.22,0,2022-01-09,2026-06-14,0,0.0,4,0,4|0
"SUBCATEGORY_OTHER-VEGETABLES_ASPARAGUS@@GREEN BAY, WI - MULO",232,232,2311415.07,0,2022-01-09,2026-06-14,0,0.0,2,0,2|0
"SUBCATEGORY_OTHER-VEGETABLES_ASPARAGUS@@HARRISBURG/SCRANTON, PA - MULO",232,232,12739704.28,0,2022-01-09,2026-06-14,0,0.0,6,0,6|0
"SUBCATEGORY_OTHER-VEGETABLES_ASPARAGUS@@HARTFORD, CT/SPRINGFIELD, MA - MULO",232,232,5730987.33,0,2022-01-09,2026-06-14,0,0.0,4,0,4|0
"SUBCATEGORY_OTHER-VEGETABLES_ASPARAGUS@@HOUSTON, TX - MULO",232,232,7472185.21,0,2022-01-09,2026-06-14,0,0.0,5,0,5|0
"SUBCATEGORY_OTHER-VEGETABLES_ASPARAGUS@@INDIANAPOLIS, IN - MULO",232,232,5630638.83,0,2022-01-09,2026-06-14,0,0.0,4,0,4|0
"SUBCATEGORY_OTHER-VEGETABLES_ASPARAGUS@@JACKSONVILLE, FL - MULO",232,232,11178101.63,0,2022-01-09,2026-06-14,0,0.0,6,0,6|0
"SUBCATEGORY_OTHER-VEGETABLES_ASPARAGUS@@KANSAS CITY, KS - MULO",232,232,5888094.24,0,2022-01-09,2026-06-14,0,0.0,4,0,4|0
"SUBCATEGORY_OTHER-VEGETABLES_ASPARAGUS@@KNOXVILLE, TN - MULO",232,232,3507322.94,0,2022-01-09,2026-06-14,0,0.0,3,0,3|0
"SUBCATEGORY_OTHER-VEGETABLES_ASPARAGUS@@LAS VEGAS, NV - MULO",232,232,7826976.46,0,2022-01-09,2026-06-14,0,0.0,5,0,5|0
"SUBCATEGORY_OTHER-VEGETABLES_ASPARAGUS@@LITTLE ROCK, AR - MULO",232,232,2415673.47,0,2022-01-09,2026-06-14,0,0.0,3,0,3|0
"SUBCATEGORY_OTHER-VEGETABLES_ASPARAGUS@@LOS ANGELES, CA - MULO",232,232,23223750.25,0,2022-01-09,2026-06-14,0,0.0,7,0,7|0
"SUBCATEGORY_OTHER-VEGETABLES_ASPARAGUS@@LOUISVILLE, KY - MULO",232,232,3138291.63,0,2022-01-09,2026-06-14,0,0.0,3,0,3|0
"SUBCATEGORY_OTHER-VEGETABLES_ASPARAGUS@@MEMPHIS, TN - MULO",232,232,3089520.87,0,2022-01-09,2026-06-14,0,0.0,3,0,3|0
"SUBCATEGORY_OTHER-VEGETABLES_ASPARAGUS@@MIAMI/FT. LAUDERDALE, FL - MULO",232,232,33184507.66,0,2022-01-09,2026-06-14,0,0.0,8,0,8|0
"SUBCATEGORY_OTHER-VEGETABLES_ASPARAGUS@@MILWAUKEE, WI - MULO",232,232,5900332.75,0,2022-01-09,2026-06-14,0,0.0,4,0,4|0
"SUBCATEGORY_OTHER-VEGETABLES_ASPARAGUS@@MINNEAPOLIS/ST. PAUL, MN - MULO",232,232,11464991.53,0,2022-01-09,2026-06-14,0,0.0,6,0,6|0
SUBCATEGORY_OTHER-VEGETABLES_ASPARAGUS@@MISSISSIPPI - MULO,232,232,4956106.63,0,2022-01-09,2026-06-14,0,0.0,4,0,4|0
"SUBCATEGORY_OTHER-VEGETABLES_ASPARAGUS@@NASHVILLE, TN - MULO",232,232,9170791.56,0,2022-01-09,2026-06-14,0,0.0,5,0,5|0
SUBCATEGORY_OTHER-VEGETABLES_ASPARAGUS@@NEW ENGLAND - MULO,232,232,5711619.32,0,2022-01-09,2026-06-14,0,0.0,4,0,4|0
"SUBCATEGORY_OTHER-VEGETABLES_ASPARAGUS@@NEW ORLEANS, LA/MOBILE, AL - MULO",232,232,9992587.57,0,2022-01-09,2026-06-14,0,0.0,6,0,6|0
"SUBCATEGORY_OTHER-VEGETABLES_ASPARAGUS@@NEW YORK, NY - MULO",232,232,27701732.48,0,2022-01-09,2026-06-14,0,0.0,8,0,8|0
"SUBCATEGORY_OTHER-VEGETABLES_ASPARAGUS@@OKLAHOMA CITY, OK - MULO",232,232,4227559.73,0,2022-01-09,2026-06-14,0,0.0,4,0,4|0
"SUBCATEGORY_OTHER-VEGETABLES_ASPARAGUS@@OMAHA, NE - MULO",232,232,2783245.91,0,2022-01-09,2026-06-14,0,0.0,3,0,3|0
"SUBCATEGORY_OTHER-VEGETABLES_ASPARAGUS@@ORLANDO, FL - MULO",232,232,24764882.73,0,2022-01-09,2026-06-14,0,0.0,7,0,7|0
"SUBCATEGORY_OTHER-VEGETABLES_ASPARAGUS@@PEORIA/SPRINGFIELD, IL - MULO",232,232,6286384.66,0,2022-01-09,2026-06-14,0,0.0,4,0,4|0
"SUBCATEGORY_OTHER-VEGETABLES_ASPARAGUS@@PHILADELPHIA, PA - MULO",232,232,19784735.21,0,2022-01-09,2026-06-14,0,0.0,7,0,7|0
"SUBCATEGORY_OTHER-VEGETABLES_ASPARAGUS@@PHOENIX/TUCSON, AZ - MULO",232,232,10706708.09,0,2022-01-09,2026-06-14,0,0.0,6,0,6|0
"SUBCATEGORY_OTHER-VEGETABLES_ASPARAGUS@@PITTSBURGH, PA - MULO",232,232,8078575.25,0,2022-01-09,2026-06-14,0,0.0,5,0,5|0
"SUBCATEGORY_OTHER-VEGETABLES_ASPARAGUS@@PORTLAND, OR - MULO",232,232,1140889.61,0,2022-01-09,2026-06-14,0,0.0,1,0,1|0
"SUBCATEGORY_OTHER-VEGETABLES_ASPARAGUS@@PROVIDENCE, RI - MULO",232,232,1533082.1300000001,0,2022-01-09,2026-06-14,0,0.0,2,0,2|0
"SUBCATEGORY_OTHER-VEGETABLES_ASPARAGUS@@RALEIGH/GREENSBORO, NC - MULO",232,232,12446174.6,0,2022-01-09,2026-06-14,0,0.0,6,0,6|0
"SUBCATEGORY_OTHER-VEGETABLES_ASPARAGUS@@RICHMOND/NORFOLK, VA - MULO",232,232,10221100.59,0,2022-01-09,2026-06-14,0,0.0,6,0,6|0
"SUBCATEGORY_OTHER-VEGETABLES_ASPARAGUS@@ROANOKE, VA - MULO",232,232,6399436.78,0,2022-01-09,2026-06-14,0,0.0,5,0,5|0
"SUBCATEGORY_OTHER-VEGETABLES_ASPARAGUS@@SACRAMENTO, CA - MULO",232,232,5226809.43,0,2022-01-09,2026-06-14,0,0.0,4,0,4|0
"SUBCATEGORY_OTHER-VEGETABLES_ASPARAGUS@@SALT LAKE CITY, UT - MULO",232,232,4423143.18,0,2022-01-09,2026-06-14,0,0.0,4,0,4|0
"SUBCATEGORY_OTHER-VEGETABLES_ASPARAGUS@@SAN DIEGO, CA - MULO",232,232,2989994.9899999998,0,2022-01-09,2026-06-14,0,0.0,3,0,3|0
"SUBCATEGORY_OTHER-VEGETABLES_ASPARAGUS@@SAN FRANCISCO/OAKLAND, CA - MULO",232,232,3097648.01,0,2022-01-09,2026-06-14,0,0.0,3,0,3|0
"SUBCATEGORY_OTHER-VEGETABLES_ASPARAGUS@@SEATTLE/TACOMA, WA - MULO",232,232,1783018.37,0,2022-01-09,2026-06-14,0,0.0,2,0,2|0
SUBCATEGORY_OTHER-VEGETABLES_ASPARAGUS@@SOUTH CAROLINA - MULO,232,232,24230597.23,0,2022-01-09,2026-06-14,0,0.0,7,0,7|0
"SUBCATEGORY_OTHER-VEGETABLES_ASPARAGUS@@SPOKANE, WA - MULO",232,232,436759.37,0,2022-01-09,2026-06-14,0,0.0,1,0,1|0
"SUBCATEGORY_OTHER-VEGETABLES_ASPARAGUS@@ST. LOUIS, MO - MULO",232,232,8891125.95,0,2022-01-09,2026-06-14,0,0.0,5,0,5|0
"SUBCATEGORY_OTHER-VEGETABLES_ASPARAGUS@@SYRACUSE, NY - MULO",232,232,3364002.39,0,2022-01-09,2026-06-14,0,0.0,3,0,3|0
"SUBCATEGORY_OTHER-VEGETABLES_ASPARAGUS@@TAMPA/ST. PETERSBURG, FL - MULO",232,232,28862517.56,0,2022-01-09,2026-06-14,0,0.0,8,0,8|0
"SUBCATEGORY_OTHER-VEGETABLES_ASPARAGUS@@TOLEDO, OH - MULO",232,232,4049971.73,0,2022-01-09,2026-06-14,0,0.0,4,0,4|0
"SUBCATEGORY_OTHER-VEGETABLES_ASPARAGUS@@TULSA, OK - MULO",232,232,3270424.82,0,2022-01-09,2026-06-14,0,0.0,3,0,3|0
SUBCATEGORY_OTHER-VEGETABLES_ASPARAGUS@@WEST TEXAS/NEW MEXICO - MULO,232,232,12050086.55,0,2022-01-09,2026-06-14,0,0.0,6,0,6|0
"SUBCATEGORY_OTHER-VEGETABLES_ASPARAGUS@@WICHITA, KS - MULO",232,232,1849061.35,0,2022-01-09,2026-06-14,0,0.0,2,0,2|0
"SUBCATEGORY_OTHER-VEGETABLES_BEANS@@ALBANY, NY - MULO",232,232,9120145.12,0,2022-01-09,2026-06-14,0,0.0,5,0,5|0
"SUBCATEGORY_OTHER-VEGETABLES_BEANS@@ATLANTA, GA - MULO",232,232,48371578.89,0,2022-01-09,2026-06-14,0,0.0,8,0,8|0
"SUBCATEGORY_OTHER-VEGETABLES_BEANS@@BALTIMORE, MD/WASHINGTON D.C. - MULO",232,232,115616701.34,0,2022-01-09,2026-06-14,0,0.0,9,0,9|0
"SUBCATEGORY_OTHER-VEGETABLES_BEANS@@BIRMINGHAM/MONTGOMERY, AL - MULO",232,232,25699070.53,0,2022-01-09,2026-06-14,0,0.0,7,0,7|0
"SUBCATEGORY_OTHER-VEGETABLES_BEANS@@BOISE, ID - MULO",232,232,2111588.5,0,2022-01-09,2026-06-14,0,0.0,2,0,2|0
"SUBCATEGORY_OTHER-VEGETABLES_BEANS@@BOSTON, MA - MULO",232,232,47891561.13,0,2022-01-09,2026-06-14,0,0.0,8,0,8|0
"SUBCATEGORY_OTHER-VEGETABLES_BEANS@@BUFFALO/ROCHESTER, NY - MULO",232,232,30186842.26,0,2022-01-09,2026-06-14,0,0.0,8,0,8|0
"SUBCATEGORY_OTHER-VEGETABLES_BEANS@@CHARLOTTE, NC - MULO",232,232,31521356.85,0,2022-01-09,2026-06-14,0,0.0,8,0,8|0
"SUBCATEGORY_OTHER-VEGETABLES_BEANS@@CHICAGO, IL - MULO",232,232,31604549.9,0,2022-01-09,2026-06-14,0,0.0,8,0,8|0
"SUBCATEGORY_OTHER-VEGETABLES_BEANS@@CINCINNATI/DAYTON, OH - MULO",232,232,10440941.42,0,2022-01-09,2026-06-14,0,0.0,6,0,6|0
"SUBCATEGORY_OTHER-VEGETABLES_BEANS@@CLEVELAND, OH - MULO",232,232,11420251.97,0,2022-01-09,2026-06-14,0,0.0,6,0,6|0
"SUBCATEGORY_OTHER-VEGETABLES_BEANS@@COLUMBUS, OH - MULO",232,232,10669352.65,0,2022-01-09,2026-06-14,0,0.0,6,0,6|0
"SUBCATEGORY_OTHER-VEGETABLES_BEANS@@DALLAS/FT. WORTH, TX - MULO",232,232,33457891.73,0,2022-01-09,2026-06-14,0,0.0,8,0,8|0
"SUBCATEGORY_OTHER-VEGETABLES_BEANS@@DENVER, CO - MULO",232,232,16967253.35,0,2022-01-09,2026-06-14,0,0.0,7,0,7|0
"SUBCATEGORY_OTHER-VEGETABLES_BEANS@@DES MOINES, IA - MULO",232,232,5539256.86,0,2022-01-09,2026-06-14,0,0.0,4,0,4|0
"SUBCATEGORY_OTHER-VEGETABLES_BEANS@@DETROIT, MI - MULO",232,232,26727181.1,0,2022-01-09,2026-06-14,0,0.0,7,0,7|0
"SUBCATEGORY_OTHER-VEGETABLES_BEANS@@GRAND RAPIDS, MI - MULO",232,232,11616332.83,0,2022-01-09,2026-06-14,0,0.0,6,0,6|0
"SUBCATEGORY_OTHER-VEGETABLES_BEANS@@GREEN BAY, WI - MULO",232,232,2743080.84,0,2022-01-09,2026-06-14,0,0.0,3,0,3|0
"SUBCATEGORY_OTHER-VEGETABLES_BEANS@@HARRISBURG/SCRANTON, PA - MULO",232,232,38414024.64,0,2022-01-09,2026-06-14,0,0.0,8,0,8|0
"SUBCATEGORY_OTHER-VEGETABLES_BEANS@@HARTFORD, CT/SPRINGFIELD, MA - MULO",232,232,44384000.71,0,2022-01-09,2026-06-14,0,0.0,8,0,8|0
"SUBCATEGORY_OTHER-VEGETABLES_BEANS@@HOUSTON, TX - MULO",232,232,15473641.13,0,2022-01-09,2026-06-14,0,0.0,6,0,6|0
"SUBCATEGORY_OTHER-VEGETABLES_BEANS@@INDIANAPOLIS, IN - MULO",232,232,9480394.07,0,2022-01-09,2026-06-14,0,0.0,5,0,5|0
"SUBCATEGORY_OTHER-VEGETABLES_BEANS@@JACKSONVILLE, FL - MULO",232,232,24641335.88,0,2022-01-09,2026-06-14,0,0.0,7,0,7|0
"SUBCATEGORY_OTHER-VEGETABLES_BEANS@@KANSAS CITY, KS - MULO",232,232,9197449.22,0,2022-01-09,2026-06-14,0,0.0,5,0,5|0
"SUBCATEGORY_OTHER-VEGETABLES_BEANS@@KNOXVILLE, TN - MULO",232,232,5905081.4,0,2022-01-09,2026-06-14,0,0.0,4,0,4|0
"SUBCATEGORY_OTHER-VEGETABLES_BEANS@@LAS VEGAS, NV - MULO",232,232,8440798.59,0,2022-01-09,2026-06-14,0,0.0,5,0,5|0
"SUBCATEGORY_OTHER-VEGETABLES_BEANS@@LITTLE ROCK, AR - MULO",232,232,2844415.99,0,2022-01-09,2026-06-14,0,0.0,3,0,3|0
"SUBCATEGORY_OTHER-VEGETABLES_BEANS@@LOS ANGELES, CA - MULO",232,232,73849622.38,0,2022-01-09,2026-06-14,0,0.0,9,0,9|0
"SUBCATEGORY_OTHER-VEGETABLES_BEANS@@LOUISVILLE, KY - MULO",232,232,5254533.5,0,2022-01-09,2026-06-14,0,0.0,4,0,4|0
"SUBCATEGORY_OTHER-VEGETABLES_BEANS@@MEMPHIS, TN - MULO",232,232,4653011.74,0,2022-01-09,2026-06-14,0,0.0,4,0,4|0
"SUBCATEGORY_OTHER-VEGETABLES_BEANS@@MIAMI/FT. LAUDERDALE, FL - MULO",232,232,69367734.31,0,2022-01-09,2026-06-14,0,0.0,9,0,9|0
"SUBCATEGORY_OTHER-VEGETABLES_BEANS@@MILWAUKEE, WI - MULO",232,232,9366942.86,0,2022-01-09,2026-06-14,0,0.0,5,0,5|0
"SUBCATEGORY_OTHER-VEGETABLES_BEANS@@MINNEAPOLIS/ST. PAUL, MN - MULO",232,232,22565688.74,0,2022-01-09,2026-06-14,0,0.0,7,0,7|0
SUBCATEGORY_OTHER-VEGETABLES_BEANS@@MISSISSIPPI - MULO,232,232,6086580.72,0,2022-01-09,2026-06-14,0,0.0,4,0,4|0
"SUBCATEGORY_OTHER-VEGETABLES_BEANS@@NASHVILLE, TN - MULO",232,232,16995826.83,0,2022-01-09,2026-06-14,0,0.0,7,0,7|0
SUBCATEGORY_OTHER-VEGETABLES_BEANS@@NEW ENGLAND - MULO,232,232,23509530.42,0,2022-01-09,2026-06-14,0,0.0,7,0,7|0
"SUBCATEGORY_OTHER-VEGETABLES_BEANS@@NEW ORLEANS, LA/MOBILE, AL - MULO",232,232,18874655.16,0,2022-01-09,2026-06-14,0,0.0,7,0,7|0
"SUBCATEGORY_OTHER-VEGETABLES_BEANS@@NEW YORK, NY - MULO",232,232,173619911.68,0,2022-01-09,2026-06-14,0,0.0,9,0,9|0
"SUBCATEGORY_OTHER-VEGETABLES_BEANS@@OKLAHOMA CITY, OK - MULO",232,232,6062247.23,0,2022-01-09,2026-06-14,0,0.0,4,0,4|0
"SUBCATEGORY_OTHER-VEGETABLES_BEANS@@OMAHA, NE - MULO",232,232,6729462.93,0,2022-01-09,2026-06-14,0,0.0,5,0,5|0
"SUBCATEGORY_OTHER-VEGETABLES_BEANS@@ORLANDO, FL - MULO",232,232,46878305.55,0,2022-01-09,2026-06-14,0,0.0,8,0,8|0
"SUBCATEGORY_OTHER-VEGETABLES_BEANS@@PEORIA/SPRINGFIELD, IL - MULO",232,232,8030148.63,0,2022-01-09,2026-06-14,0,0.0,5,0,5|0
"SUBCATEGORY_OTHER-VEGETABLES_BEANS@@PHILADELPHIA, PA - MULO",232,232,78062756.95,0,2022-01-09,2026-06-14,0,0.0,9,0,9|0
"SUBCATEGORY_OTHER-VEGETABLES_BEANS@@PHOENIX/TUCSON, AZ - MULO",232,232,18474966.52,0,2022-01-09,2026-06-14,0,0.0,7,0,7|0
"SUBCATEGORY_OTHER-VEGETABLES_BEANS@@PITTSBURGH, PA - MULO",232,232,13222366.25,0,2022-01-09,2026-06-14,0,0.0,6,0,6|0
"SUBCATEGORY_OTHER-VEGETABLES_BEANS@@PORTLAND, OR - MULO",232,232,9052300.55,0,2022-01-09,2026-06-14,0,0.0,5,0,5|0
"SUBCATEGORY_OTHER-VEGETABLES_BEANS@@PROVIDENCE, RI - MULO",232,232,10160773.35,0,2022-01-09,2026-06-14,0,0.0,6,0,6|0
"SUBCATEGORY_OTHER-VEGETABLES_BEANS@@RALEIGH/GREENSBORO, NC - MULO",232,232,37129091.56,0,2022-01-09,2026-06-14,0,0.0,8,0,8|0
"SUBCATEGORY_OTHER-VEGETABLES_BEANS@@RICHMOND/NORFOLK, VA - MULO",232,232,31450225.76,0,2022-01-09,2026-06-14,0,0.0,8,0,8|0
"SUBCATEGORY_OTHER-VEGETABLES_BEANS@@ROANOKE, VA - MULO",232,232,9960188.43,0,2022-01-09,2026-06-14,0,0.0,6,0,6|0
"SUBCATEGORY_OTHER-VEGETABLES_BEANS@@SACRAMENTO, CA - MULO",232,232,13627733.6,0,2022-01-09,2026-06-14,0,0.0,6,0,6|0
"SUBCATEGORY_OTHER-VEGETABLES_BEANS@@SALT LAKE CITY, UT - MULO",232,232,6549832.51,0,2022-01-09,2026-06-14,0,0.0,5,0,5|0
"SUBCATEGORY_OTHER-VEGETABLES_BEANS@@SAN DIEGO, CA - MULO",232,232,15817903.78,0,2022-01-09,2026-06-14,0,0.0,7,0,7|0
"SUBCATEGORY_OTHER-VEGETABLES_BEANS@@SAN FRANCISCO/OAKLAND, CA - MULO",232,232,24285828.15,0,2022-01-09,2026-06-14,0,0.0,7,0,7|0
"SUBCATEGORY_OTHER-VEGETABLES_BEANS@@SEATTLE/TACOMA, WA - MULO",232,232,11455687.58,0,2022-01-09,2026-06-14,0,0.0,6,0,6|0
SUBCATEGORY_OTHER-VEGETABLES_BEANS@@SOUTH CAROLINA - MULO,232,232,49722473.79,0,2022-01-09,2026-06-14,0,0.0,8,0,8|0
"SUBCATEGORY_OTHER-VEGETABLES_BEANS@@SPOKANE, WA - MULO",232,232,1874546.29,0,2022-01-09,2026-06-14,0,0.0,2,0,2|0
"SUBCATEGORY_OTHER-VEGETABLES_BEANS@@ST. LOUIS, MO - MULO",232,232,24846731.51,0,2022-01-09,2026-06-14,0,0.0,7,0,7|0
"SUBCATEGORY_OTHER-VEGETABLES_BEANS@@SYRACUSE, NY - MULO",232,232,10467362.27,0,2022-01-09,2026-06-14,0,0.0,6,0,6|0
"SUBCATEGORY_OTHER-VEGETABLES_BEANS@@TAMPA/ST. PETERSBURG, FL - MULO",232,232,57560528.68,0,2022-01-09,2026-06-14,0,0.0,9,0,9|0
"SUBCATEGORY_OTHER-VEGETABLES_BEANS@@TOLEDO, OH - MULO",232,232,5697332.91,0,2022-01-09,2026-06-14,0,0.0,4,0,4|0
"SUBCATEGORY_OTHER-VEGETABLES_BEANS@@TULSA, OK - MULO",232,232,4793684.25,0,2022-01-09,2026-06-14,0,0.0,4,0,4|0
SUBCATEGORY_OTHER-VEGETABLES_BEANS@@WEST TEXAS/NEW MEXICO - MULO,232,232,11847160.98,0,2022-01-09,2026-06-14,0,0.0,6,0,6|0
"SUBCATEGORY_OTHER-VEGETABLES_BEANS@@WICHITA, KS - MULO",232,232,3234316.56,0,2022-01-09,2026-06-14,0,0.0,3,0,3|0
"SUBCATEGORY_OTHER-VEGETABLES_BEETS@@ALBANY, NY - MULO",232,232,289016.45,0,2022-01-09,2026-06-14,0,0.0,0,0,0|0
"SUBCATEGORY_OTHER-VEGETABLES_BEETS@@ATLANTA, GA - MULO",232,232,907289.17,0,2022-01-09,2026-06-14,0,0.0,1,0,1|0
"SUBCATEGORY_OTHER-VEGETABLES_BEETS@@BALTIMORE, MD/WASHINGTON D.C. - MULO",232,232,1594140.05,0,2022-01-09,2026-06-14,0,0.0,2,0,2|0
"SUBCATEGORY_OTHER-VEGETABLES_BEETS@@BIRMINGHAM/MONTGOMERY, AL - MULO",232,232,719502.62,0,2022-01-09,2026-06-14,0,0.0,1,0,1|0
"SUBCATEGORY_OTHER-VEGETABLES_BEETS@@BOISE, ID - MULO",232,232,161001.59,0,2022-01-09,2026-06-14,0,0.0,0,0,0|0
"SUBCATEGORY_OTHER-VEGETABLES_BEETS@@BOSTON, MA - MULO",232,232,1208943.32,0,2022-01-09,2026-06-14,0,0.0,2,0,2|0
"SUBCATEGORY_OTHER-VEGETABLES_BEETS@@BUFFALO/ROCHESTER, NY - MULO",232,232,345989.87,0,2022-01-09,2026-06-14,0,0.0,0,0,0|0
"SUBCATEGORY_OTHER-VEGETABLES_BEETS@@CHARLOTTE, NC - MULO",232,232,753734.78,0,2022-01-09,2026-06-14,0,0.0,1,0,1|0
"SUBCATEGORY_OTHER-VEGETABLES_BEETS@@CHICAGO, IL - MULO",232,232,748404.07,0,2022-01-09,2026-06-14,0,0.0,1,0,1|0
"SUBCATEGORY_OTHER-VEGETABLES_BEETS@@CINCINNATI/DAYTON, OH - MULO",214,232,14308.0,39,2022-01-09,2026-06-14,18,0.1822429906542056,0,1,0|1
"SUBCATEGORY_OTHER-VEGETABLES_BEETS@@CLEVELAND, OH - MULO",232,232,286085.52,0,2022-01-09,2026-06-14,0,0.0,0,0,0|0
"SUBCATEGORY_OTHER-VEGETABLES_BEETS@@COLUMBUS, OH - MULO",232,232,57294.58,0,2022-01-09,2026-06-14,0,0.0,0,0,0|0
"SUBCATEGORY_OTHER-VEGETABLES_BEETS@@DALLAS/FT. WORTH, TX - MULO",232,232,901317.38,0,2022-01-09,2026-06-14,0,0.0,1,0,1|0
"SUBCATEGORY_OTHER-VEGETABLES_BEETS@@DENVER, CO - MULO",232,232,497667.56,0,2022-01-09,2026-06-14,0,0.0,1,0,1|0
"SUBCATEGORY_OTHER-VEGETABLES_BEETS@@DES MOINES, IA - MULO",232,232,49538.52,0,2022-01-09,2026-06-14,0,0.0,0,0,0|0
"SUBCATEGORY_OTHER-VEGETABLES_BEETS@@DETROIT, MI - MULO",232,232,1065560.0,0,2022-01-09,2026-06-14,0,0.0,1,0,1|0
"SUBCATEGORY_OTHER-VEGETABLES_BEETS@@GRAND RAPIDS, MI - MULO",232,232,215998.95,0,2022-01-09,2026-06-14,0,0.0,0,0,0|0
"SUBCATEGORY_OTHER-VEGETABLES_BEETS@@GREEN BAY, WI - MULO",232,232,208028.63,0,2022-01-09,2026-06-14,0,0.0,0,0,0|0
"SUBCATEGORY_OTHER-VEGETABLES_BEETS@@HARRISBURG/SCRANTON, PA - MULO",232,232,670935.36,0,2022-01-09,2026-06-14,0,0.0,1,0,1|0
"SUBCATEGORY_OTHER-VEGETABLES_BEETS@@HARTFORD, CT/SPRINGFIELD, MA - MULO",232,232,705211.19,0,2022-01-09,2026-06-14,0,0.0,1,0,1|0
"SUBCATEGORY_OTHER-VEGETABLES_BEETS@@HOUSTON, TX - MULO",232,232,217025.01,0,2022-01-09,2026-06-14,0,0.0,0,0,0|0
"SUBCATEGORY_OTHER-VEGETABLES_BEETS@@INDIANAPOLIS, IN - MULO",232,232,54157.72,21,2022-01-09,2026-06-14,0,0.09051724137931035,0,1,0|1
"SUBCATEGORY_OTHER-VEGETABLES_BEETS@@JACKSONVILLE, FL - MULO",232,232,659975.07,0,2022-01-09,2026-06-14,0,0.0,1,0,1|0
"SUBCATEGORY_OTHER-VEGETABLES_BEETS@@KANSAS CITY, KS - MULO",232,232,69514.68,0,2022-01-09,2026-06-14,0,0.0,0,0,0|0
"SUBCATEGORY_OTHER-VEGETABLES_BEETS@@KNOXVILLE, TN - MULO",232,232,110523.84,0,2022-01-09,2026-06-14,0,0.0,0,0,0|0
"SUBCATEGORY_OTHER-VEGETABLES_BEETS@@LAS VEGAS, NV - MULO",232,232,321869.25,0,2022-01-09,2026-06-14,0,0.0,0,0,0|0
"SUBCATEGORY_OTHER-VEGETABLES_BEETS@@LITTLE ROCK, AR - MULO",231,232,185379.81,2,2022-01-09,2026-06-14,1,0.008658008658008658,0,0,0|0
"SUBCATEGORY_OTHER-VEGETABLES_BEETS@@LOS ANGELES, CA - MULO",232,232,453820.22000000003,0,2022-01-09,2026-06-14,0,0.0,1,0,1|0
"SUBCATEGORY_OTHER-VEGETABLES_BEETS@@LOUISVILLE, KY - MULO",232,232,21010.59,0,2022-01-09,2026-06-14,0,0.0,0,0,0|0
"SUBCATEGORY_OTHER-VEGETABLES_BEETS@@MEMPHIS, TN - MULO",216,232,10019.81,97,2022-01-09,2026-06-14,16,0.44907407407407407,0,2,0|2
"SUBCATEGORY_OTHER-VEGETABLES_BEETS@@MIAMI/FT. LAUDERDALE, FL - MULO",232,232,3106287.04,0,2022-01-09,2026-06-14,0,0.0,3,0,3|0
"SUBCATEGORY_OTHER-VEGETABLES_BEETS@@MILWAUKEE, WI - MULO",232,232,306944.57,0,2022-01-09,2026-06-14,0,0.0,0,0,0|0
"SUBCATEGORY_OTHER-VEGETABLES_BEETS@@MINNEAPOLIS/ST. PAUL, MN - MULO",232,232,558863.64,0,2022-01-09,2026-06-14,0,0.0,1,0,1|0
SUBCATEGORY_OTHER-VEGETABLES_BEETS@@MISSISSIPPI - MULO,232,232,33698.7,0,2022-01-09,2026-06-14,0,0.0,0,0,0|0
"SUBCATEGORY_OTHER-VEGETABLES_BEETS@@NASHVILLE, TN - MULO",232,232,925003.46,0,2022-01-09,2026-06-14,0,0.0,1,0,1|0
SUBCATEGORY_OTHER-VEGETABLES_BEETS@@NEW ENGLAND - MULO,232,232,532470.59,0,2022-01-09,2026-06-14,0,0.0,1,0,1|0
"SUBCATEGORY_OTHER-VEGETABLES_BEETS@@NEW ORLEANS, LA/MOBILE, AL - MULO",232,232,267724.83,0,2022-01-09,2026-06-14,0,0.0,0,0,0|0
"SUBCATEGORY_OTHER-VEGETABLES_BEETS@@NEW YORK, NY - MULO",232,232,4211442.32,0,2022-01-09,2026-06-14,0,0.0,4,0,4|0
"SUBCATEGORY_OTHER-VEGETABLES_BEETS@@OKLAHOMA CITY, OK - MULO",232,232,70531.02,0,2022-01-09,2026-06-14,0,0.0,0,0,0|0
"SUBCATEGORY_OTHER-VEGETABLES_BEETS@@OMAHA, NE - MULO",232,232,51831.02,0,2022-01-09,2026-06-14,0,0.0,0,0,0|0
"SUBCATEGORY_OTHER-VEGETABLES_BEETS@@ORLANDO, FL - MULO",232,232,1629219.9,0,2022-01-09,2026-06-14,0,0.0,2,0,2|0
"SUBCATEGORY_OTHER-VEGETABLES_BEETS@@PEORIA/SPRINGFIELD, IL - MULO",232,232,58231.36,0,2022-01-09,2026-06-14,0,0.0,0,0,0|0
"SUBCATEGORY_OTHER-VEGETABLES_BEETS@@PHILADELPHIA, PA - MULO",232,232,1047723.39,0,2022-01-09,2026-06-14,0,0.0,1,0,1|0
"SUBCATEGORY_OTHER-VEGETABLES_BEETS@@PHOENIX/TUCSON, AZ - MULO",232,232,554413.14,0,2022-01-09,2026-06-14,0,0.0,1,0,1|0
"SUBCATEGORY_OTHER-VEGETABLES_BEETS@@PITTSBURGH, PA - MULO",232,232,453650.32,0,2022-01-09,2026-06-14,0,0.0,1,0,1|0
"SUBCATEGORY_OTHER-VEGETABLES_BEETS@@PORTLAND, OR - MULO",232,232,85186.03,0,2022-01-09,2026-06-14,0,0.0,0,0,0|0
"SUBCATEGORY_OTHER-VEGETABLES_BEETS@@PROVIDENCE, RI - MULO",232,232,203477.7,0,2022-01-09,2026-06-14,0,0.0,0,0,0|0
"SUBCATEGORY_OTHER-VEGETABLES_BEETS@@RALEIGH/GREENSBORO, NC - MULO",232,232,625930.73,0,2022-01-09,2026-06-14,0,0.0,1,0,1|0
"SUBCATEGORY_OTHER-VEGETABLES_BEETS@@RICHMOND/NORFOLK, VA - MULO",232,232,358753.77,0,2022-01-09,2026-06-14,0,0.0,0,0,0|0
"SUBCATEGORY_OTHER-VEGETABLES_BEETS@@ROANOKE, VA - MULO",232,232,80588.52,0,2022-01-09,2026-06-14,0,0.0,0,0,0|0
"SUBCATEGORY_OTHER-VEGETABLES_BEETS@@SACRAMENTO, CA - MULO",232,232,265155.71,0,2022-01-09,2026-06-14,0,0.0,0,0,0|0
"SUBCATEGORY_OTHER-VEGETABLES_BEETS@@SALT LAKE CITY, UT - MULO",232,232,86364.18,0,2022-01-09,2026-06-14,0,0.0,0,0,0|0
"SUBCATEGORY_OTHER-VEGETABLES_BEETS@@SAN DIEGO, CA - MULO",232,232,94666.48,0,2022-01-09,2026-06-14,0,0.0,0,0,0|0
"SUBCATEGORY_OTHER-VEGETABLES_BEETS@@SAN FRANCISCO/OAKLAND, CA - MULO",232,232,826529.58,0,2022-01-09,2026-06-14,0,0.0,1,0,1|0
"SUBCATEGORY_OTHER-VEGETABLES_BEETS@@SEATTLE/TACOMA, WA - MULO",232,232,499376.98,0,2022-01-09,2026-06-14,0,0.0,1,0,1|0
SUBCATEGORY_OTHER-VEGETABLES_BEETS@@SOUTH CAROLINA - MULO,232,232,1304942.62,0,2022-01-09,2026-06-14,0,0.0,2,0,2|0
"SUBCATEGORY_OTHER-VEGETABLES_BEETS@@SPOKANE, WA - MULO",232,232,72609.61,0,2022-01-09,2026-06-14,0,0.0,0,0,0|0
"SUBCATEGORY_OTHER-VEGETABLES_BEETS@@ST. LOUIS, MO - MULO",232,232,84922.35,0,2022-01-09,2026-06-14,0,0.0,0,0,0|0
"SUBCATEGORY_OTHER-VEGETABLES_BEETS@@SYRACUSE, NY - MULO",232,232,188801.34,0,2022-01-09,2026-06-14,0,0.0,0,0,0|0
"SUBCATEGORY_OTHER-VEGETABLES_BEETS@@TAMPA/ST. PETERSBURG, FL - MULO",232,232,1173558.8,0,2022-01-09,2026-06-14,0,0.0,1,0,1|0
"SUBCATEGORY_OTHER-VEGETABLES_BEETS@@TOLEDO, OH - MULO",232,232,117604.08,0,2022-01-09,2026-06-14,0,0.0,0,0,0|0
"SUBCATEGORY_OTHER-VEGETABLES_BEETS@@TULSA, OK - MULO",232,232,53325.2,0,2022-01-09,2026-06-14,0,0.0,0,0,0|0
SUBCATEGORY_OTHER-VEGETABLES_BEETS@@WEST TEXAS/NEW MEXICO - MULO,232,232,266064.21,0,2022-01-09,2026-06-14,0,0.0,0,0,0|0
"SUBCATEGORY_OTHER-VEGETABLES_BEETS@@WICHITA, KS - MULO",232,232,11347.71,18,2022-01-09,2026-06-14,0,0.07758620689655173,0,1,0|1
"SUBCATEGORY_OTHER-VEGETABLES_BROCCOLI@@ALBANY, NY - MULO",232,232,2239142.66,0,2022-01-09,2026-06-14,0,0.0,2,0,2|0
"SUBCATEGORY_OTHER-VEGETABLES_BROCCOLI@@ATLANTA, GA - MULO",232,232,21448953.26,0,2022-01-09,2026-06-14,0,0.0,7,0,7|0
"SUBCATEGORY_OTHER-VEGETABLES_BROCCOLI@@BALTIMORE, MD/WASHINGTON D.C. - MULO",232,232,8865172.79,0,2022-01-09,2026-06-14,0,0.0,5,0,5|0
"SUBCATEGORY_OTHER-VEGETABLES_BROCCOLI@@BIRMINGHAM/MONTGOMERY, AL - MULO",232,232,12470922.15,0,2022-01-09,2026-06-14,0,0.0,6,0,6|0
"SUBCATEGORY_OTHER-VEGETABLES_BROCCOLI@@BOISE, ID - MULO",232,232,332492.39,0,2022-01-09,2026-06-14,0,0.0,0,0,0|0
"SUBCATEGORY_OTHER-VEGETABLES_BROCCOLI@@BOSTON, MA - MULO",232,232,3265256.35,0,2022-01-09,2026-06-14,0,0.0,3,0,3|0
"SUBCATEGORY_OTHER-VEGETABLES_BROCCOLI@@BUFFALO/ROCHESTER, NY - MULO",232,232,2615709.85,0,2022-01-09,2026-06-14,0,0.0,3,0,3|0
"SUBCATEGORY_OTHER-VEGETABLES_BROCCOLI@@CHARLOTTE, NC - MULO",232,232,7020524.46,0,2022-01-09,2026-06-14,0,0.0,5,0,5|0
"SUBCATEGORY_OTHER-VEGETABLES_BROCCOLI@@CHICAGO, IL - MULO",232,232,4390575.56,0,2022-01-09,2026-06-14,0,0.0,4,0,4|0
"SUBCATEGORY_OTHER-VEGETABLES_BROCCOLI@@CINCINNATI/DAYTON, OH - MULO",232,232,4581592.52,0,2022-01-09,2026-06-14,0,0.0,4,0,4|0
"SUBCATEGORY_OTHER-VEGETABLES_BROCCOLI@@CLEVELAND, OH - MULO",232,232,1696482.15,0,2022-01-09,2026-06-14,0,0.0,2,0,2|0
"SUBCATEGORY_OTHER-VEGETABLES_BROCCOLI@@COLUMBUS, OH - MULO",232,232,2353731.52,0,2022-01-09,2026-06-14,0,0.0,3,0,3|0
"SUBCATEGORY_OTHER-VEGETABLES_BROCCOLI@@DALLAS/FT. WORTH, TX - MULO",232,232,6896045.57,0,2022-01-09,2026-06-14,0,0.0,5,0,5|0
"SUBCATEGORY_OTHER-VEGETABLES_BROCCOLI@@DENVER, CO - MULO",232,232,4647183.76,0,2022-01-09,2026-06-14,0,0.0,4,0,4|0
"SUBCATEGORY_OTHER-VEGETABLES_BROCCOLI@@DES MOINES, IA - MULO",232,232,417697.87,0,2022-01-09,2026-06-14,0,0.0,0,0,0|0
"SUBCATEGORY_OTHER-VEGETABLES_BROCCOLI@@DETROIT, MI - MULO",232,232,5980337.26,0,2022-01-09,2026-06-14,0,0.0,4,0,4|0
"SUBCATEGORY_OTHER-VEGETABLES_BROCCOLI@@GRAND RAPIDS, MI - MULO",232,232,2794053.35,0,2022-01-09,2026-06-14,0,0.0,3,0,3|0
"SUBCATEGORY_OTHER-VEGETABLES_BROCCOLI@@GREEN BAY, WI - MULO",232,232,411302.09,0,2022-01-09,2026-06-14,0,0.0,0,0,0|0
"SUBCATEGORY_OTHER-VEGETABLES_BROCCOLI@@HARRISBURG/SCRANTON, PA - MULO",232,232,4025620.72,0,2022-01-09,2026-06-14,0,0.0,4,0,4|0
"SUBCATEGORY_OTHER-VEGETABLES_BROCCOLI@@HARTFORD, CT/SPRINGFIELD, MA - MULO",232,232,1902150.48,0,2022-01-09,2026-06-14,0,0.0,2,0,2|0
"SUBCATEGORY_OTHER-VEGETABLES_BROCCOLI@@HOUSTON, TX - MULO",232,232,3760442.34,0,2022-01-09,2026-06-14,0,0.0,3,0,3|0
"SUBCATEGORY_OTHER-VEGETABLES_BROCCOLI@@INDIANAPOLIS, IN - MULO",232,232,5367703.67,0,2022-01-09,2026-06-14,0,0.0,4,0,4|0
"SUBCATEGORY_OTHER-VEGETABLES_BROCCOLI@@JACKSONVILLE, FL - MULO",232,232,18100199.45,0,2022-01-09,2026-06-14,0,0.0,7,0,7|0
"SUBCATEGORY_OTHER-VEGETABLES_BROCCOLI@@KANSAS CITY, KS - MULO",232,232,1457226.71,0,2022-01-09,2026-06-14,0,0.0,2,0,2|0
"SUBCATEGORY_OTHER-VEGETABLES_BROCCOLI@@KNOXVILLE, TN - MULO",232,232,1473256.97,0,2022-01-09,2026-06-14,0,0.0,2,0,2|0
"SUBCATEGORY_OTHER-VEGETABLES_BROCCOLI@@LAS VEGAS, NV - MULO",232,232,2324355.12,0,2022-01-09,2026-06-14,0,0.0,3,0,3|0
"SUBCATEGORY_OTHER-VEGETABLES_BROCCOLI@@LITTLE ROCK, AR - MULO",232,232,588022.76,0,2022-01-09,2026-06-14,0,0.0,1,0,1|0
"SUBCATEGORY_OTHER-VEGETABLES_BROCCOLI@@LOS ANGELES, CA - MULO",232,232,13540392.31,0,2022-01-09,2026-06-14,0,0.0,6,0,6|0
"SUBCATEGORY_OTHER-VEGETABLES_BROCCOLI@@LOUISVILLE, KY - MULO",232,232,1023748.53,0,2022-01-09,2026-06-14,0,0.0,1,0,1|0
"SUBCATEGORY_OTHER-VEGETABLES_BROCCOLI@@MEMPHIS, TN - MULO",232,232,838122.56,0,2022-01-09,2026-06-14,0,0.0,1,0,1|0
"SUBCATEGORY_OTHER-VEGETABLES_BROCCOLI@@MIAMI/FT. LAUDERDALE, FL - MULO",232,232,59507795.52,0,2022-01-09,2026-06-14,0,0.0,9,0,9|0
"SUBCATEGORY_OTHER-VEGETABLES_BROCCOLI@@MILWAUKEE, WI - MULO",232,232,1270376.71,0,2022-01-09,2026-06-14,0,0.0,2,0,2|0
"SUBCATEGORY_OTHER-VEGETABLES_BROCCOLI@@MINNEAPOLIS/ST. PAUL, MN - MULO",232,232,3988711.63,0,2022-01-09,2026-06-14,0,0.0,4,0,4|0
SUBCATEGORY_OTHER-VEGETABLES_BROCCOLI@@MISSISSIPPI - MULO,232,232,1237717.21,0,2022-01-09,2026-06-14,0,0.0,2,0,2|0
"SUBCATEGORY_OTHER-VEGETABLES_BROCCOLI@@NASHVILLE, TN - MULO",232,232,6389187.26,0,2022-01-09,2026-06-14,0,0.0,5,0,5|0
SUBCATEGORY_OTHER-VEGETABLES_BROCCOLI@@NEW ENGLAND - MULO,232,232,6608533.89,0,2022-01-09,2026-06-14,0,0.0,5,0,5|0
"SUBCATEGORY_OTHER-VEGETABLES_BROCCOLI@@NEW ORLEANS, LA/MOBILE, AL - MULO",232,232,4326810.2700000005,0,2022-01-09,2026-06-14,0,0.0,4,0,4|0
"SUBCATEGORY_OTHER-VEGETABLES_BROCCOLI@@NEW YORK, NY - MULO",232,232,15211385.27,0,2022-01-09,2026-06-14,0,0.0,6,0,6|0
"SUBCATEGORY_OTHER-VEGETABLES_BROCCOLI@@OKLAHOMA CITY, OK - MULO",232,232,1089539.25,0,2022-01-09,2026-06-14,0,0.0,1,0,1|0
"SUBCATEGORY_OTHER-VEGETABLES_BROCCOLI@@OMAHA, NE - MULO",232,232,939270.59,0,2022-01-09,2026-06-14,0,0.0,1,0,1|0
"SUBCATEGORY_OTHER-VEGETABLES_BROCCOLI@@ORLANDO, FL - MULO",232,232,36606831.0,0,2022-01-09,2026-06-14,0,0.0,8,0,8|0
"SUBCATEGORY_OTHER-VEGETABLES_BROCCOLI@@PEORIA/SPRINGFIELD, IL - MULO",232,232,1642790.72,0,2022-01-09,2026-06-14,0,0.0,2,0,2|0
"SUBCATEGORY_OTHER-VEGETABLES_BROCCOLI@@PHILADELPHIA, PA - MULO",232,232,5990091.77,0,2022-01-09,2026-06-14,0,0.0,4,0,4|0
"SUBCATEGORY_OTHER-VEGETABLES_BROCCOLI@@PHOENIX/TUCSON, AZ - MULO",232,232,3875007.53,0,2022-01-09,2026-06-14,0,0.0,3,0,3|0
"SUBCATEGORY_OTHER-VEGETABLES_BROCCOLI@@PITTSBURGH, PA - MULO",232,232,1555718.17,0,2022-01-09,2026-06-14,0,0.0,2,0,2|0
"SUBCATEGORY_OTHER-VEGETABLES_BROCCOLI@@PORTLAND, OR - MULO",232,232,1050900.85,0,2022-01-09,2026-06-14,0,0.0,1,0,1|0
"SUBCATEGORY_OTHER-VEGETABLES_BROCCOLI@@PROVIDENCE, RI - MULO",232,232,404050.32,0,2022-01-09,2026-06-14,0,0.0,0,0,0|0
"SUBCATEGORY_OTHER-VEGETABLES_BROCCOLI@@RALEIGH/GREENSBORO, NC - MULO",232,232,5429958.66,0,2022-01-09,2026-06-14,0,0.0,4,0,4|0
"SUBCATEGORY_OTHER-VEGETABLES_BROCCOLI@@RICHMOND/NORFOLK, VA - MULO",232,232,5222418.46,0,2022-01-09,2026-06-14,0,0.0,4,0,4|0
"SUBCATEGORY_OTHER-VEGETABLES_BROCCOLI@@ROANOKE, VA - MULO",232,232,1770918.05,0,2022-01-09,2026-06-14,0,0.0,2,0,2|0
"SUBCATEGORY_OTHER-VEGETABLES_BROCCOLI@@SACRAMENTO, CA - MULO",232,232,2349913.23,0,2022-01-09,2026-06-14,0,0.0,3,0,3|0
"SUBCATEGORY_OTHER-VEGETABLES_BROCCOLI@@SALT LAKE CITY, UT - MULO",232,232,718401.09,0,2022-01-09,2026-06-14,0,0.0,1,0,1|0
"SUBCATEGORY_OTHER-VEGETABLES_BROCCOLI@@SAN DIEGO, CA - MULO",232,232,1967708.4,0,2022-01-09,2026-06-14,0,0.0,2,0,2|0
"SUBCATEGORY_OTHER-VEGETABLES_BROCCOLI@@SAN FRANCISCO/OAKLAND, CA - MULO",232,232,8494051.68,0,2022-01-09,2026-06-14,0,0.0,5,0,5|0
"SUBCATEGORY_OTHER-VEGETABLES_BROCCOLI@@SEATTLE/TACOMA, WA - MULO",232,232,1983766.29,0,2022-01-09,2026-06-14,0,0.0,2,0,2|0
SUBCATEGORY_OTHER-VEGETABLES_BROCCOLI@@SOUTH CAROLINA - MULO,232,232,17233086.96,0,2022-01-09,2026-06-14,0,0.0,7,0,7|0
"SUBCATEGORY_OTHER-VEGETABLES_BROCCOLI@@SPOKANE, WA - MULO",232,232,157982.33,0,2022-01-09,2026-06-14,0,0.0,0,0,0|0
"SUBCATEGORY_OTHER-VEGETABLES_BROCCOLI@@ST. LOUIS, MO - MULO",232,232,2123393.65,0,2022-01-09,2026-06-14,0,0.0,2,0,2|0
"SUBCATEGORY_OTHER-VEGETABLES_BROCCOLI@@SYRACUSE, NY - MULO",232,232,1494721.9,0,2022-01-09,2026-06-14,0,0.0,2,0,2|0
"SUBCATEGORY_OTHER-VEGETABLES_BROCCOLI@@TAMPA/ST. PETERSBURG, FL - MULO",232,232,45306008.94,0,2022-01-09,2026-06-14,0,0.0,8,0,8|0
"SUBCATEGORY_OTHER-VEGETABLES_BROCCOLI@@TOLEDO, OH - MULO",232,232,1676106.32,0,2022-01-09,2026-06-14,0,0.0,2,0,2|0
"SUBCATEGORY_OTHER-VEGETABLES_BROCCOLI@@TULSA, OK - MULO",232,232,939820.77,0,2022-01-09,2026-06-14,0,0.0,1,0,1|0
SUBCATEGORY_OTHER-VEGETABLES_BROCCOLI@@WEST TEXAS/NEW MEXICO - MULO,232,232,1464727.69,0,2022-01-09,2026-06-14,0,0.0,2,0,2|0
"SUBCATEGORY_OTHER-VEGETABLES_BROCCOLI@@WICHITA, KS - MULO",232,232,650292.04,0,2022-01-09,2026-06-14,0,0.0,1,0,1|0
"SUBCATEGORY_OTHER-VEGETABLES_BRUSSELS-SPROUTS@@ALBANY, NY - MULO",232,232,3514995.52,0,2022-01-09,2026-06-14,0,0.0,3,0,3|0
"SUBCATEGORY_OTHER-VEGETABLES_BRUSSELS-SPROUTS@@ATLANTA, GA - MULO",232,232,25817497.0,0,2022-01-09,2026-06-14,0,0.0,7,0,7|0
"SUBCATEGORY_OTHER-VEGETABLES_BRUSSELS-SPROUTS@@BALTIMORE, MD/WASHINGTON D.C. - MULO",232,232,45041783.64,0,2022-01-09,2026-06-14,0,0.0,8,0,8|0
"SUBCATEGORY_OTHER-VEGETABLES_BRUSSELS-SPROUTS@@BIRMINGHAM/MONTGOMERY, AL - MULO",232,232,14507820.34,0,2022-01-09,2026-06-14,0,0.0,6,0,6|0
"SUBCATEGORY_OTHER-VEGETABLES_BRUSSELS-SPROUTS@@BOISE, ID - MULO",232,232,1368109.33,0,2022-01-09,2026-06-14,0,0.0,2,0,2|0
"SUBCATEGORY_OTHER-VEGETABLES_BRUSSELS-SPROUTS@@BOSTON, MA - MULO",232,232,17739422.66,0,2022-01-09,2026-06-14,0,0.0,7,0,7|0
"SUBCATEGORY_OTHER-VEGETABLES_BRUSSELS-SPROUTS@@BUFFALO/ROCHESTER, NY - MULO",232,232,11564216.94,0,2022-01-09,2026-06-14,0,0.0,6,0,6|0
"SUBCATEGORY_OTHER-VEGETABLES_BRUSSELS-SPROUTS@@CHARLOTTE, NC - MULO",232,232,17271293.98,0,2022-01-09,2026-06-14,0,0.0,7,0,7|0
"SUBCATEGORY_OTHER-VEGETABLES_BRUSSELS-SPROUTS@@CHICAGO, IL - MULO",232,232,21028796.36,0,2022-01-09,2026-06-14,0,0.0,7,0,7|0
"SUBCATEGORY_OTHER-VEGETABLES_BRUSSELS-SPROUTS@@CINCINNATI/DAYTON, OH - MULO",232,232,13605195.03,0,2022-01-09,2026-06-14,0,0.0,6,0,6|0
"SUBCATEGORY_OTHER-VEGETABLES_BRUSSELS-SPROUTS@@CLEVELAND, OH - MULO",232,232,7908871.99,0,2022-01-09,2026-06-14,0,0.0,5,0,5|0
"SUBCATEGORY_OTHER-VEGETABLES_BRUSSELS-SPROUTS@@COLUMBUS, OH - MULO",232,232,9896448.05,0,2022-01-09,2026-06-14,0,0.0,6,0,6|0
"SUBCATEGORY_OTHER-VEGETABLES_BRUSSELS-SPROUTS@@DALLAS/FT. WORTH, TX - MULO",232,232,17558296.82,0,2022-01-09,2026-06-14,0,0.0,7,0,7|0
"SUBCATEGORY_OTHER-VEGETABLES_BRUSSELS-SPROUTS@@DENVER, CO - MULO",232,232,15543581.26,0,2022-01-09,2026-06-14,0,0.0,7,0,7|0
"SUBCATEGORY_OTHER-VEGETABLES_BRUSSELS-SPROUTS@@DES MOINES, IA - MULO",232,232,2135730.39,0,2022-01-09,2026-06-14,0,0.0,2,0,2|0
"SUBCATEGORY_OTHER-VEGETABLES_BRUSSELS-SPROUTS@@DETROIT, MI - MULO",232,232,16541130.94,0,2022-01-09,2026-06-14,0,0.0,7,0,7|0
"SUBCATEGORY_OTHER-VEGETABLES_BRUSSELS-SPROUTS@@GRAND RAPIDS, MI - MULO",232,232,8891892.35,0,2022-01-09,2026-06-14,0,0.0,5,0,5|0
"SUBCATEGORY_OTHER-VEGETABLES_BRUSSELS-SPROUTS@@GREEN BAY, WI - MULO",232,232,2358057.82,0,2022-01-09,2026-06-14,0,0.0,3,0,3|0
"SUBCATEGORY_OTHER-VEGETABLES_BRUSSELS-SPROUTS@@HARRISBURG/SCRANTON, PA - MULO",232,232,19403658.06,0,2022-01-09,2026-06-14,0,0.0,7,0,7|0
"SUBCATEGORY_OTHER-VEGETABLES_BRUSSELS-SPROUTS@@HARTFORD, CT/SPRINGFIELD, MA - MULO",232,232,18778473.36,0,2022-01-09,2026-06-14,0,0.0,7,0,7|0
"SUBCATEGORY_OTHER-VEGETABLES_BRUSSELS-SPROUTS@@HOUSTON, TX - MULO",232,232,8500628.5,0,2022-01-09,2026-06-14,0,0.0,5,0,5|0
"SUBCATEGORY_OTHER-VEGETABLES_BRUSSELS-SPROUTS@@INDIANAPOLIS, IN - MULO",232,232,10145212.74,0,2022-01-09,2026-06-14,0,0.0,6,0,6|0
"SUBCATEGORY_OTHER-VEGETABLES_BRUSSELS-SPROUTS@@JACKSONVILLE, FL - MULO",232,232,10380235.98,0,2022-01-09,2026-06-14,0,0.0,6,0,6|0
"SUBCATEGORY_OTHER-VEGETABLES_BRUSSELS-SPROUTS@@KANSAS CITY, KS - MULO",232,232,5101345.1,0,2022-01-09,2026-06-14,0,0.0,4,0,4|0
"SUBCATEGORY_OTHER-VEGETABLES_BRUSSELS-SPROUTS@@KNOXVILLE, TN - MULO",232,232,4621430.68,0,2022-01-09,2026-06-14,0,0.0,4,0,4|0
"SUBCATEGORY_OTHER-VEGETABLES_BRUSSELS-SPROUTS@@LAS VEGAS, NV - MULO",232,232,4689564.16,0,2022-01-09,2026-06-14,0,0.0,4,0,4|0
"SUBCATEGORY_OTHER-VEGETABLES_BRUSSELS-SPROUTS@@LITTLE ROCK, AR - MULO",232,232,2379586.94,0,2022-01-09,2026-06-14,0,0.0,3,0,3|0
"SUBCATEGORY_OTHER-VEGETABLES_BRUSSELS-SPROUTS@@LOS ANGELES, CA - MULO",232,232,29641266.61,0,2022-01-09,2026-06-14,0,0.0,8,0,8|0
"SUBCATEGORY_OTHER-VEGETABLES_BRUSSELS-SPROUTS@@LOUISVILLE, KY - MULO",232,232,5655781.95,0,2022-01-09,2026-06-14,0,0.0,4,0,4|0
"SUBCATEGORY_OTHER-VEGETABLES_BRUSSELS-SPROUTS@@MEMPHIS, TN - MULO",232,232,3862107.91,0,2022-01-09,2026-06-14,0,0.0,3,0,3|0
"SUBCATEGORY_OTHER-VEGETABLES_BRUSSELS-SPROUTS@@MIAMI/FT. LAUDERDALE, FL - MULO",232,232,21484350.3,0,2022-01-09,2026-06-14,0,0.0,7,0,7|0
"SUBCATEGORY_OTHER-VEGETABLES_BRUSSELS-SPROUTS@@MILWAUKEE, WI - MULO",232,232,10343367.53,0,2022-01-09,2026-06-14,0,0.0,6,0,6|0
"SUBCATEGORY_OTHER-VEGETABLES_BRUSSELS-SPROUTS@@MINNEAPOLIS/ST. PAUL, MN - MULO",232,232,9256751.3,0,2022-01-09,2026-06-14,0,0.0,5,0,5|0
SUBCATEGORY_OTHER-VEGETABLES_BRUSSELS-SPROUTS@@MISSISSIPPI - MULO,232,232,5143593.05,0,2022-01-09,2026-06-14,0,0.0,4,0,4|0
"SUBCATEGORY_OTHER-VEGETABLES_BRUSSELS-SPROUTS@@NASHVILLE, TN - MULO",232,232,11640493.84,0,2022-01-09,2026-06-14,0,0.0,6,0,6|0
SUBCATEGORY_OTHER-VEGETABLES_BRUSSELS-SPROUTS@@NEW ENGLAND - MULO,232,232,8096444.08,0,2022-01-09,2026-06-14,0,0.0,5,0,5|0
"SUBCATEGORY_OTHER-VEGETABLES_BRUSSELS-SPROUTS@@NEW ORLEANS, LA/MOBILE, AL - MULO",232,232,10290772.75,0,2022-01-09,2026-06-14,0,0.0,6,0,6|0
"SUBCATEGORY_OTHER-VEGETABLES_BRUSSELS-SPROUTS@@NEW YORK, NY - MULO",232,232,61570983.61,0,2022-01-09,2026-06-14,0,0.0,9,0,9|0
"SUBCATEGORY_OTHER-VEGETABLES_BRUSSELS-SPROUTS@@OKLAHOMA CITY, OK - MULO",232,232,3581581.38,0,2022-01-09,2026-06-14,0,0.0,3,0,3|0
"SUBCATEGORY_OTHER-VEGETABLES_BRUSSELS-SPROUTS@@OMAHA, NE - MULO",232,232,3259953.44,0,2022-01-09,2026-06-14,0,0.0,3,0,3|0
"SUBCATEGORY_OTHER-VEGETABLES_BRUSSELS-SPROUTS@@ORLANDO, FL - MULO",232,232,19075070.93,0,2022-01-09,2026-06-14,0,0.0,7,0,7|0
"SUBCATEGORY_OTHER-VEGETABLES_BRUSSELS-SPROUTS@@PEORIA/SPRINGFIELD, IL - MULO",232,232,4839315.67,0,2022-01-09,2026-06-14,0,0.0,4,0,4|0
"SUBCATEGORY_OTHER-VEGETABLES_BRUSSELS-SPROUTS@@PHILADELPHIA, PA - MULO",232,232,31525765.57,0,2022-01-09,2026-06-14,0,0.0,8,0,8|0
"SUBCATEGORY_OTHER-VEGETABLES_BRUSSELS-SPROUTS@@PHOENIX/TUCSON, AZ - MULO",232,232,11496692.36,0,2022-01-09,2026-06-14,0,0.0,6,0,6|0
"SUBCATEGORY_OTHER-VEGETABLES_BRUSSELS-SPROUTS@@PITTSBURGH, PA - MULO",232,232,10166203.58,0,2022-01-09,2026-06-14,0,0.0,6,0,6|0
"SUBCATEGORY_OTHER-VEGETABLES_BRUSSELS-SPROUTS@@PORTLAND, OR - MULO",232,232,7692083.34,0,2022-01-09,2026-06-14,0,0.0,5,0,5|0
"SUBCATEGORY_OTHER-VEGETABLES_BRUSSELS-SPROUTS@@PROVIDENCE, RI - MULO",232,232,4308134.07,0,2022-01-09,2026-06-14,0,0.0,4,0,4|0
"SUBCATEGORY_OTHER-VEGETABLES_BRUSSELS-SPROUTS@@RALEIGH/GREENSBORO, NC - MULO",232,232,19588398.82,0,2022-01-09,2026-06-14,0,0.0,7,0,7|0
"SUBCATEGORY_OTHER-VEGETABLES_BRUSSELS-SPROUTS@@RICHMOND/NORFOLK, VA - MULO",232,232,15476068.84,0,2022-01-09,2026-06-14,0,0.0,6,0,6|0
"SUBCATEGORY_OTHER-VEGETABLES_BRUSSELS-SPROUTS@@ROANOKE, VA - MULO",232,232,8712834.09,0,2022-01-09,2026-06-14,0,0.0,5,0,5|0
"SUBCATEGORY_OTHER-VEGETABLES_BRUSSELS-SPROUTS@@SACRAMENTO, CA - MULO",232,232,7305198.51,0,2022-01-09,2026-06-14,0,0.0,5,0,5|0
"SUBCATEGORY_OTHER-VEGETABLES_BRUSSELS-SPROUTS@@SALT LAKE CITY, UT - MULO",232,232,4485958.45,0,2022-01-09,2026-06-14,0,0.0,4,0,4|0
"SUBCATEGORY_OTHER-VEGETABLES_BRUSSELS-SPROUTS@@SAN DIEGO, CA - MULO",232,232,6068075.68,0,2022-01-09,2026-06-14,0,0.0,4,0,4|0
"SUBCATEGORY_OTHER-VEGETABLES_BRUSSELS-SPROUTS@@SAN FRANCISCO/OAKLAND, CA - MULO",232,232,12055782.46,0,2022-01-09,2026-06-14,0,0.0,6,0,6|0
"SUBCATEGORY_OTHER-VEGETABLES_BRUSSELS-SPROUTS@@SEATTLE/TACOMA, WA - MULO",232,232,7623405.09,0,2022-01-09,2026-06-14,0,0.0,5,0,5|0
SUBCATEGORY_OTHER-VEGETABLES_BRUSSELS-SPROUTS@@SOUTH CAROLINA - MULO,232,232,25936172.26,0,2022-01-09,2026-06-14,0,0.0,7,0,7|0
"SUBCATEGORY_OTHER-VEGETABLES_BRUSSELS-SPROUTS@@SPOKANE, WA - MULO",232,232,1022115.58,0,2022-01-09,2026-06-14,0,0.0,1,0,1|0
"SUBCATEGORY_OTHER-VEGETABLES_BRUSSELS-SPROUTS@@ST. LOUIS, MO - MULO",232,232,7667497.07,0,2022-01-09,2026-06-14,0,0.0,5,0,5|0
"SUBCATEGORY_OTHER-VEGETABLES_BRUSSELS-SPROUTS@@SYRACUSE, NY - MULO",232,232,4467907.67,0,2022-01-09,2026-06-14,0,0.0,4,0,4|0
"SUBCATEGORY_OTHER-VEGETABLES_BRUSSELS-SPROUTS@@TAMPA/ST. PETERSBURG, FL - MULO",232,232,21529167.6,0,2022-01-09,2026-06-14,0,0.0,7,0,7|0
"SUBCATEGORY_OTHER-VEGETABLES_BRUSSELS-SPROUTS@@TOLEDO, OH - MULO",232,232,5702043.66,0,2022-01-09,2026-06-14,0,0.0,4,0,4|0
"SUBCATEGORY_OTHER-VEGETABLES_BRUSSELS-SPROUTS@@TULSA, OK - MULO",232,232,2890269.61,0,2022-01-09,2026-06-14,0,0.0,3,0,3|0
SUBCATEGORY_OTHER-VEGETABLES_BRUSSELS-SPROUTS@@WEST TEXAS/NEW MEXICO - MULO,232,232,7143176.39,0,2022-01-09,2026-06-14,0,0.0,5,0,5|0
"SUBCATEGORY_OTHER-VEGETABLES_BRUSSELS-SPROUTS@@WICHITA, KS - MULO",232,232,2021767.04,0,2022-01-09,2026-06-14,0,0.0,2,0,2|0
"SUBCATEGORY_OTHER-VEGETABLES_CAULIFLOWER@@ALBANY, NY - MULO",232,232,2201222.58,0,2022-01-09,2026-06-14,0,0.0,2,0,2|0
"SUBCATEGORY_OTHER-VEGETABLES_CAULIFLOWER@@ATLANTA, GA - MULO",232,232,5348650.4,0,2022-01-09,2026-06-14,0,0.0,4,0,4|0
"SUBCATEGORY_OTHER-VEGETABLES_CAULIFLOWER@@BALTIMORE, MD/WASHINGTON D.C. - MULO",232,232,18357203.95,0,2022-01-09,2026-06-14,0,0.0,7,0,7|0
"SUBCATEGORY_OTHER-VEGETABLES_CAULIFLOWER@@BIRMINGHAM/MONTGOMERY, AL - MULO",232,232,3954119.09,0,2022-01-09,2026-06-14,0,0.0,4,0,4|0
"SUBCATEGORY_OTHER-VEGETABLES_CAULIFLOWER@@BOISE, ID - MULO",232,232,142228.08,0,2022-01-09,2026-06-14,0,0.0,0,0,0|0
"SUBCATEGORY_OTHER-VEGETABLES_CAULIFLOWER@@BOSTON, MA - MULO",232,232,11767540.12,0,2022-01-09,2026-06-14,0,0.0,6,0,6|0
"SUBCATEGORY_OTHER-VEGETABLES_CAULIFLOWER@@BUFFALO/ROCHESTER, NY - MULO",232,232,5642260.93,0,2022-01-09,2026-06-14,0,0.0,4,0,4|0
"SUBCATEGORY_OTHER-VEGETABLES_CAULIFLOWER@@CHARLOTTE, NC - MULO",232,232,3601380.94,0,2022-01-09,2026-06-14,0,0.0,3,0,3|0
"SUBCATEGORY_OTHER-VEGETABLES_CAULIFLOWER@@CHICAGO, IL - MULO",232,232,3694357.01,0,2022-01-09,2026-06-14,0,0.0,3,0,3|0
"SUBCATEGORY_OTHER-VEGETABLES_CAULIFLOWER@@CINCINNATI/DAYTON, OH - MULO",232,232,12922322.92,0,2022-01-09,2026-06-14,0,0.0,6,0,6|0
"SUBCATEGORY_OTHER-VEGETABLES_CAULIFLOWER@@CLEVELAND, OH - MULO",232,232,3928678.65,0,2022-01-09,2026-06-14,0,0.0,3,0,3|0
"SUBCATEGORY_OTHER-VEGETABLES_CAULIFLOWER@@COLUMBUS, OH - MULO",232,232,7284171.57,0,2022-01-09,2026-06-14,0,0.0,5,0,5|0
"SUBCATEGORY_OTHER-VEGETABLES_CAULIFLOWER@@DALLAS/FT. WORTH, TX - MULO",232,232,5963015.72,0,2022-01-09,2026-06-14,0,0.0,4,0,4|0
"SUBCATEGORY_OTHER-VEGETABLES_CAULIFLOWER@@DENVER, CO - MULO",232,232,1940934.25,0,2022-01-09,2026-06-14,0,0.0,2,0,2|0
"SUBCATEGORY_OTHER-VEGETABLES_CAULIFLOWER@@DES MOINES, IA - MULO",232,232,391337.06,0,2022-01-09,2026-06-14,0,0.0,0,0,0|0
"SUBCATEGORY_OTHER-VEGETABLES_CAULIFLOWER@@DETROIT, MI - MULO",232,232,8305447.01,0,2022-01-09,2026-06-14,0,0.0,5,0,5|0
"SUBCATEGORY_OTHER-VEGETABLES_CAULIFLOWER@@GRAND RAPIDS, MI - MULO",232,232,5369318.4,0,2022-01-09,2026-06-14,0,0.0,4,0,4|0
"SUBCATEGORY_OTHER-VEGETABLES_CAULIFLOWER@@GREEN BAY, WI - MULO",232,232,1122414.98,0,2022-01-09,2026-06-14,0,0.0,1,0,1|0
"SUBCATEGORY_OTHER-VEGETABLES_CAULIFLOWER@@HARRISBURG/SCRANTON, PA - MULO",232,232,9456417.28,0,2022-01-09,2026-06-14,0,0.0,5,0,5|0
"SUBCATEGORY_OTHER-VEGETABLES_CAULIFLOWER@@HARTFORD, CT/SPRINGFIELD, MA - MULO",232,232,6222924.51,0,2022-01-09,2026-06-14,0,0.0,4,0,4|0
"SUBCATEGORY_OTHER-VEGETABLES_CAULIFLOWER@@HOUSTON, TX - MULO",232,232,8942256.04,0,2022-01-09,2026-06-14,0,0.0,5,0,5|0
"SUBCATEGORY_OTHER-VEGETABLES_CAULIFLOWER@@INDIANAPOLIS, IN - MULO",232,232,7546494.26,0,2022-01-09,2026-06-14,0,0.0,5,0,5|0
"SUBCATEGORY_OTHER-VEGETABLES_CAULIFLOWER@@JACKSONVILLE, FL - MULO",232,232,3137434.23,0,2022-01-09,2026-06-14,0,0.0,3,0,3|0
"SUBCATEGORY_OTHER-VEGETABLES_CAULIFLOWER@@KANSAS CITY, KS - MULO",232,232,2758520.17,0,2022-01-09,2026-06-14,0,0.0,3,0,3|0
"SUBCATEGORY_OTHER-VEGETABLES_CAULIFLOWER@@KNOXVILLE, TN - MULO",232,232,1934120.01,0,2022-01-09,2026-06-14,0,0.0,2,0,2|0
"SUBCATEGORY_OTHER-VEGETABLES_CAULIFLOWER@@LAS VEGAS, NV - MULO",232,232,622149.06,0,2022-01-09,2026-06-14,0,0.0,1,0,1|0
"SUBCATEGORY_OTHER-VEGETABLES_CAULIFLOWER@@LITTLE ROCK, AR - MULO",232,232,974715.29,0,2022-01-09,2026-06-14,0,0.0,1,0,1|0
"SUBCATEGORY_OTHER-VEGETABLES_CAULIFLOWER@@LOS ANGELES, CA - MULO",232,232,6047333.54,0,2022-01-09,2026-06-14,0,0.0,4,0,4|0
"SUBCATEGORY_OTHER-VEGETABLES_CAULIFLOWER@@LOUISVILLE, KY - MULO",232,232,2998179.33,0,2022-01-09,2026-06-14,0,0.0,3,0,3|0
"SUBCATEGORY_OTHER-VEGETABLES_CAULIFLOWER@@MEMPHIS, TN - MULO",232,232,1686027.21,0,2022-01-09,2026-06-14,0,0.0,2,0,2|0
"SUBCATEGORY_OTHER-VEGETABLES_CAULIFLOWER@@MIAMI/FT. LAUDERDALE, FL - MULO",232,232,12729552.17,0,2022-01-09,2026-06-14,0,0.0,6,0,6|0
"SUBCATEGORY_OTHER-VEGETABLES_CAULIFLOWER@@MILWAUKEE, WI - MULO",232,232,1576395.9,0,2022-01-09,2026-06-14,0,0.0,2,0,2|0
"SUBCATEGORY_OTHER-VEGETABLES_CAULIFLOWER@@MINNEAPOLIS/ST. PAUL, MN - MULO",232,232,2597207.22,0,2022-01-09,2026-06-14,0,0.0,3,0,3|0
SUBCATEGORY_OTHER-VEGETABLES_CAULIFLOWER@@MISSISSIPPI - MULO,232,232,1962318.18,0,2022-01-09,2026-06-14,0,0.0,2,0,2|0
"SUBCATEGORY_OTHER-VEGETABLES_CAULIFLOWER@@NASHVILLE, TN - MULO",232,232,4194207.55,0,2022-01-09,2026-06-14,0,0.0,4,0,4|0
SUBCATEGORY_OTHER-VEGETABLES_CAULIFLOWER@@NEW ENGLAND - MULO,232,232,8731600.290000001,0,2022-01-09,2026-06-14,0,0.0,5,0,5|0
"SUBCATEGORY_OTHER-VEGETABLES_CAULIFLOWER@@NEW ORLEANS, LA/MOBILE, AL - MULO",232,232,4632184.03,0,2022-01-09,2026-06-14,0,0.0,4,0,4|0
"SUBCATEGORY_OTHER-VEGETABLES_CAULIFLOWER@@NEW YORK, NY - MULO",232,232,25575680.43,0,2022-01-09,2026-06-14,0,0.0,7,0,7|0
"SUBCATEGORY_OTHER-VEGETABLES_CAULIFLOWER@@OKLAHOMA CITY, OK - MULO",232,232,384872.33,0,2022-01-09,2026-06-14,0,0.0,0,0,0|0
"SUBCATEGORY_OTHER-VEGETABLES_CAULIFLOWER@@OMAHA, NE - MULO",232,232,763737.43,0,2022-01-09,2026-06-14,0,0.0,1,0,1|0
"SUBCATEGORY_OTHER-VEGETABLES_CAULIFLOWER@@ORLANDO, FL - MULO",232,232,7013969.35,0,2022-01-09,2026-06-14,0,0.0,5,0,5|0
"SUBCATEGORY_OTHER-VEGETABLES_CAULIFLOWER@@PEORIA/SPRINGFIELD, IL - MULO",232,232,3131099.36,0,2022-01-09,2026-06-14,0,0.0,3,0,3|0
"SUBCATEGORY_OTHER-VEGETABLES_CAULIFLOWER@@PHILADELPHIA, PA - MULO",232,232,11768099.52,0,2022-01-09,2026-06-14,0,0.0,6,0,6|0
"SUBCATEGORY_OTHER-VEGETABLES_CAULIFLOWER@@PHOENIX/TUCSON, AZ - MULO",232,232,4924760.75,0,2022-01-09,2026-06-14,0,0.0,4,0,4|0
"SUBCATEGORY_OTHER-VEGETABLES_CAULIFLOWER@@PITTSBURGH, PA - MULO",232,232,2876264.09,0,2022-01-09,2026-06-14,0,0.0,3,0,3|0
"SUBCATEGORY_OTHER-VEGETABLES_CAULIFLOWER@@PORTLAND, OR - MULO",232,232,1427880.77,0,2022-01-09,2026-06-14,0,0.0,2,0,2|0
"SUBCATEGORY_OTHER-VEGETABLES_CAULIFLOWER@@PROVIDENCE, RI - MULO",232,232,2266883.06,0,2022-01-09,2026-06-14,0,0.0,2,0,2|0
"SUBCATEGORY_OTHER-VEGETABLES_CAULIFLOWER@@RALEIGH/GREENSBORO, NC - MULO",232,232,4622382.21,0,2022-01-09,2026-06-14,0,0.0,4,0,4|0
"SUBCATEGORY_OTHER-VEGETABLES_CAULIFLOWER@@RICHMOND/NORFOLK, VA - MULO",232,232,5648528.51,0,2022-01-09,2026-06-14,0,0.0,4,0,4|0
"SUBCATEGORY_OTHER-VEGETABLES_CAULIFLOWER@@ROANOKE, VA - MULO",232,232,6315876.47,0,2022-01-09,2026-06-14,0,0.0,4,0,4|0
"SUBCATEGORY_OTHER-VEGETABLES_CAULIFLOWER@@SACRAMENTO, CA - MULO",232,232,3150623.44,0,2022-01-09,2026-06-14,0,0.0,3,0,3|0
"SUBCATEGORY_OTHER-VEGETABLES_CAULIFLOWER@@SALT LAKE CITY, UT - MULO",232,232,829254.67,0,2022-01-09,2026-06-14,0,0.0,1,0,1|0
"SUBCATEGORY_OTHER-VEGETABLES_CAULIFLOWER@@SAN DIEGO, CA - MULO",232,232,1432584.2,0,2022-01-09,2026-06-14,0,0.0,2,0,2|0
"SUBCATEGORY_OTHER-VEGETABLES_CAULIFLOWER@@SAN FRANCISCO/OAKLAND, CA - MULO",232,232,11543166.79,0,2022-01-09,2026-06-14,0,0.0,6,0,6|0
"SUBCATEGORY_OTHER-VEGETABLES_CAULIFLOWER@@SEATTLE/TACOMA, WA - MULO",232,232,1742287.7,0,2022-01-09,2026-06-14,0,0.0,2,0,2|0
SUBCATEGORY_OTHER-VEGETABLES_CAULIFLOWER@@SOUTH CAROLINA - MULO,232,232,6032414.74,0,2022-01-09,2026-06-14,0,0.0,4,0,4|0
"SUBCATEGORY_OTHER-VEGETABLES_CAULIFLOWER@@SPOKANE, WA - MULO",232,232,182330.02,0,2022-01-09,2026-06-14,0,0.0,0,0,0|0
"SUBCATEGORY_OTHER-VEGETABLES_CAULIFLOWER@@ST. LOUIS, MO - MULO",232,232,5098115.41,0,2022-01-09,2026-06-14,0,0.0,4,0,4|0
"SUBCATEGORY_OTHER-VEGETABLES_CAULIFLOWER@@SYRACUSE, NY - MULO",232,232,2431659.22,0,2022-01-09,2026-06-14,0,0.0,3,0,3|0
"SUBCATEGORY_OTHER-VEGETABLES_CAULIFLOWER@@TAMPA/ST. PETERSBURG, FL - MULO",232,232,9553387.42,0,2022-01-09,2026-06-14,0,0.0,5,0,5|0
"SUBCATEGORY_OTHER-VEGETABLES_CAULIFLOWER@@TOLEDO, OH - MULO",232,232,4889577.34,0,2022-01-09,2026-06-14,0,0.0,4,0,4|0
"SUBCATEGORY_OTHER-VEGETABLES_CAULIFLOWER@@TULSA, OK - MULO",232,232,407850.24,0,2022-01-09,2026-06-14,0,0.0,0,0,0|0
SUBCATEGORY_OTHER-VEGETABLES_CAULIFLOWER@@WEST TEXAS/NEW MEXICO - MULO,232,232,1357585.84,0,2022-01-09,2026-06-14,0,0.0,2,0,2|0
"SUBCATEGORY_OTHER-VEGETABLES_CAULIFLOWER@@WICHITA, KS - MULO",232,232,620881.18,0,2022-01-09,2026-06-14,0,0.0,1,0,1|0
"SUBCATEGORY_OTHER-VEGETABLES_CORN@@ALBANY, NY - MULO",232,232,850340.43,0,2022-01-09,2026-06-14,0,0.0,1,0,1|0
"SUBCATEGORY_OTHER-VEGETABLES_CORN@@ATLANTA, GA - MULO",232,232,9176871.46,0,2022-01-09,2026-06-14,0,0.0,5,0,5|0
"SUBCATEGORY_OTHER-VEGETABLES_CORN@@BALTIMORE, MD/WASHINGTON D.C. - MULO",232,232,25386808.7,0,2022-01-09,2026-06-14,0,0.0,7,0,7|0
"SUBCATEGORY_OTHER-VEGETABLES_CORN@@BIRMINGHAM/MONTGOMERY, AL - MULO",232,232,5245599.6,0,2022-01-09,2026-06-14,0,0.0,4,0,4|0
"SUBCATEGORY_OTHER-VEGETABLES_CORN@@BOISE, ID - MULO",214,230,2403756.17,50,2022-01-23,2026-06-14,16,0.2336448598130841,3,2,3|2
"SUBCATEGORY_OTHER-VEGETABLES_CORN@@BOSTON, MA - MULO",232,232,7445258.44,0,2022-01-09,2026-06-14,0,0.0,5,0,5|0
"SUBCATEGORY_OTHER-VEGETABLES_CORN@@BUFFALO/ROCHESTER, NY - MULO",232,232,2320423.03,0,2022-01-09,2026-06-14,0,0.0,3,0,3|0
"SUBCATEGORY_OTHER-VEGETABLES_CORN@@CHARLOTTE, NC - MULO",232,232,2532750.77,0,2022-01-09,2026-06-14,0,0.0,3,0,3|0
"SUBCATEGORY_OTHER-VEGETABLES_CORN@@CHICAGO, IL - MULO",232,232,10445671.03,0,2022-01-09,2026-06-14,0,0.0,6,0,6|0
"SUBCATEGORY_OTHER-VEGETABLES_CORN@@CINCINNATI/DAYTON, OH - MULO",232,232,1266909.46,0,2022-01-09,2026-06-14,0,0.0,2,0,2|0
"SUBCATEGORY_OTHER-VEGETABLES_CORN@@CLEVELAND, OH - MULO",232,232,732626.76,0,2022-01-09,2026-06-14,0,0.0,1,0,1|0
"SUBCATEGORY_OTHER-VEGETABLES_CORN@@COLUMBUS, OH - MULO",232,232,1023942.04,0,2022-01-09,2026-06-14,0,0.0,1,0,1|0
"SUBCATEGORY_OTHER-VEGETABLES_CORN@@DALLAS/FT. WORTH, TX - MULO",232,232,5510345.47,0,2022-01-09,2026-06-14,0,0.0,4,0,4|0
"SUBCATEGORY_OTHER-VEGETABLES_CORN@@DENVER, CO - MULO",232,232,4281970.4,0,2022-01-09,2026-06-14,0,0.0,4,0,4|0
"SUBCATEGORY_OTHER-VEGETABLES_CORN@@DES MOINES, IA - MULO",232,232,1271209.94,0,2022-01-09,2026-06-14,0,0.0,2,0,2|0
"SUBCATEGORY_OTHER-VEGETABLES_CORN@@DETROIT, MI - MULO",232,232,2434014.01,0,2022-01-09,2026-06-14,0,0.0,3,0,3|0
"SUBCATEGORY_OTHER-VEGETABLES_CORN@@GRAND RAPIDS, MI - MULO",232,232,1425317.44,0,2022-01-09,2026-06-14,0,0.0,2,0,2|0
"SUBCATEGORY_OTHER-VEGETABLES_CORN@@GREEN BAY, WI - MULO",232,232,715565.02,0,2022-01-09,2026-06-14,0,0.0,1,0,1|0
"SUBCATEGORY_OTHER-VEGETABLES_CORN@@HARRISBURG/SCRANTON, PA - MULO",232,232,4523388.04,0,2022-01-09,2026-06-14,0,0.0,4,0,4|0
"SUBCATEGORY_OTHER-VEGETABLES_CORN@@HARTFORD, CT/SPRINGFIELD, MA - MULO",232,232,7177484.88,0,2022-01-09,2026-06-14,0,0.0,5,0,5|0
"SUBCATEGORY_OTHER-VEGETABLES_CORN@@HOUSTON, TX - MULO",232,232,2329037.17,0,2022-01-09,2026-06-14,0,0.0,3,0,3|0
"SUBCATEGORY_OTHER-VEGETABLES_CORN@@INDIANAPOLIS, IN - MULO",232,232,2889254.81,0,2022-01-09,2026-06-14,0,0.0,3,0,3|0
"SUBCATEGORY_OTHER-VEGETABLES_CORN@@JACKSONVILLE, FL - MULO",232,232,2610971.03,0,2022-01-09,2026-06-14,0,0.0,3,0,3|0
"SUBCATEGORY_OTHER-VEGETABLES_CORN@@KANSAS CITY, KS - MULO",232,232,7366618.01,0,2022-01-09,2026-06-14,0,0.0,5,0,5|0
"SUBCATEGORY_OTHER-VEGETABLES_CORN@@KNOXVILLE, TN - MULO",232,232,1085599.44,0,2022-01-09,2026-06-14,0,0.0,1,0,1|0
"SUBCATEGORY_OTHER-VEGETABLES_CORN@@LAS VEGAS, NV - MULO",232,232,5822827.08,0,2022-01-09,2026-06-14,0,0.0,4,0,4|0
"SUBCATEGORY_OTHER-VEGETABLES_CORN@@LITTLE ROCK, AR - MULO",232,232,997547.77,0,2022-01-09,2026-06-14,0,0.0,1,0,1|0
"SUBCATEGORY_OTHER-VEGETABLES_CORN@@LOS ANGELES, CA - MULO",232,232,33057309.01,0,2022-01-09,2026-06-14,0,0.0,8,0,8|0
"SUBCATEGORY_OTHER-VEGETABLES_CORN@@LOUISVILLE, KY - MULO",232,232,1493191.81,0,2022-01-09,2026-06-14,0,0.0,2,0,2|0
"SUBCATEGORY_OTHER-VEGETABLES_CORN@@MEMPHIS, TN - MULO",230,232,713024.13,0,2022-01-09,2026-06-14,2,0.0,1,0,1|0
"SUBCATEGORY_OTHER-VEGETABLES_CORN@@MIAMI/FT. LAUDERDALE, FL - MULO",232,232,9965610.56,0,2022-01-09,2026-06-14,0,0.0,6,0,6|0
"SUBCATEGORY_OTHER-VEGETABLES_CORN@@MILWAUKEE, WI - MULO",232,232,2193071.39,0,2022-01-09,2026-06-14,0,0.0,2,0,2|0
"SUBCATEGORY_OTHER-VEGETABLES_CORN@@MINNEAPOLIS/ST. PAUL, MN - MULO",232,232,8578758.23,0,2022-01-09,2026-06-14,0,0.0,5,0,5|0
SUBCATEGORY_OTHER-VEGETABLES_CORN@@MISSISSIPPI - MULO,232,232,2323954.59,0,2022-01-09,2026-06-14,0,0.0,3,0,3|0
"SUBCATEGORY_OTHER-VEGETABLES_CORN@@NASHVILLE, TN - MULO",232,232,2306164.61,0,2022-01-09,2026-06-14,0,0.0,2,0,2|0
SUBCATEGORY_OTHER-VEGETABLES_CORN@@NEW ENGLAND - MULO,232,232,2609596.95,0,2022-01-09,2026-06-14,0,0.0,3,0,3|0
"SUBCATEGORY_OTHER-VEGETABLES_CORN@@NEW ORLEANS, LA/MOBILE, AL - MULO",232,232,3913079.87,0,2022-01-09,2026-06-14,0,0.0,3,0,3|0
"SUBCATEGORY_OTHER-VEGETABLES_CORN@@NEW YORK, NY - MULO",232,232,36761456.21,0,2022-01-09,2026-06-14,0,0.0,8,0,8|0
"SUBCATEGORY_OTHER-VEGETABLES_CORN@@OKLAHOMA CITY, OK - MULO",232,232,1949581.47,0,2022-01-09,2026-06-14,0,0.0,2,0,2|0
"SUBCATEGORY_OTHER-VEGETABLES_CORN@@OMAHA, NE - MULO",232,232,1470804.57,0,2022-01-09,2026-06-14,0,0.0,2,0,2|0
"SUBCATEGORY_OTHER-VEGETABLES_CORN@@ORLANDO, FL - MULO",232,232,6743165.01,0,2022-01-09,2026-06-14,0,0.0,5,0,5|0
"SUBCATEGORY_OTHER-VEGETABLES_CORN@@PEORIA/SPRINGFIELD, IL - MULO",232,232,2855648.78,0,2022-01-09,2026-06-14,0,0.0,3,0,3|0
"SUBCATEGORY_OTHER-VEGETABLES_CORN@@PHILADELPHIA, PA - MULO",232,232,17518506.14,0,2022-01-09,2026-06-14,0,0.0,7,0,7|0
"SUBCATEGORY_OTHER-VEGETABLES_CORN@@PHOENIX/TUCSON, AZ - MULO",232,232,11677042.83,0,2022-01-09,2026-06-14,0,0.0,6,0,6|0
"SUBCATEGORY_OTHER-VEGETABLES_CORN@@PITTSBURGH, PA - MULO",232,232,3203107.57,0,2022-01-09,2026-06-14,0,0.0,3,0,3|0
"SUBCATEGORY_OTHER-VEGETABLES_CORN@@PORTLAND, OR - MULO",231,232,8411315.28,0,2022-01-09,2026-06-14,1,0.0,5,0,5|0
"SUBCATEGORY_OTHER-VEGETABLES_CORN@@PROVIDENCE, RI - MULO",232,232,1442167.49,0,2022-01-09,2026-06-14,0,0.0,2,0,2|0
"SUBCATEGORY_OTHER-VEGETABLES_CORN@@RALEIGH/GREENSBORO, NC - MULO",232,232,2655906.21,0,2022-01-09,2026-06-14,0,0.0,3,0,3|0
"SUBCATEGORY_OTHER-VEGETABLES_CORN@@RICHMOND/NORFOLK, VA - MULO",232,232,2176427.49,0,2022-01-09,2026-06-14,0,0.0,2,0,2|0
"SUBCATEGORY_OTHER-VEGETABLES_CORN@@ROANOKE, VA - MULO",232,232,1581743.71,0,2022-01-09,2026-06-14,0,0.0,2,0,2|0
"SUBCATEGORY_OTHER-VEGETABLES_CORN@@SACRAMENTO, CA - MULO",232,232,2836984.46,0,2022-01-09,2026-06-14,0,0.0,3,0,3|0
"SUBCATEGORY_OTHER-VEGETABLES_CORN@@SALT LAKE CITY, UT - MULO",232,232,1129399.88,0,2022-01-09,2026-06-14,0,0.0,1,0,1|0
"SUBCATEGORY_OTHER-VEGETABLES_CORN@@SAN DIEGO, CA - MULO",232,232,7273875.84,0,2022-01-09,2026-06-14,0,0.0,5,0,5|0
"SUBCATEGORY_OTHER-VEGETABLES_CORN@@SAN FRANCISCO/OAKLAND, CA - MULO",232,232,1590434.76,0,2022-01-09,2026-06-14,0,0.0,2,0,2|0
"SUBCATEGORY_OTHER-VEGETABLES_CORN@@SEATTLE/TACOMA, WA - MULO",232,232,9845296.58,0,2022-01-09,2026-06-14,0,0.0,6,0,6|0
SUBCATEGORY_OTHER-VEGETABLES_CORN@@SOUTH CAROLINA - MULO,232,232,7525150.41,0,2022-01-09,2026-06-14,0,0.0,5,0,5|0
"SUBCATEGORY_OTHER-VEGETABLES_CORN@@SPOKANE, WA - MULO",231,232,1522975.79,0,2022-01-09,2026-06-14,1,0.0,2,0,2|0
"SUBCATEGORY_OTHER-VEGETABLES_CORN@@ST. LOUIS, MO - MULO",232,232,9444624.17,0,2022-01-09,2026-06-14,0,0.0,5,0,5|0
"SUBCATEGORY_OTHER-VEGETABLES_CORN@@SYRACUSE, NY - MULO",232,232,958082.68,0,2022-01-09,2026-06-14,0,0.0,1,0,1|0
"SUBCATEGORY_OTHER-VEGETABLES_CORN@@TAMPA/ST. PETERSBURG, FL - MULO",232,232,6357524.11,0,2022-01-09,2026-06-14,0,0.0,5,0,5|0
"SUBCATEGORY_OTHER-VEGETABLES_CORN@@TOLEDO, OH - MULO",232,232,976274.57,0,2022-01-09,2026-06-14,0,0.0,1,0,1|0
"SUBCATEGORY_OTHER-VEGETABLES_CORN@@TULSA, OK - MULO",232,232,1699634.54,0,2022-01-09,2026-06-14,0,0.0,2,0,2|0
SUBCATEGORY_OTHER-VEGETABLES_CORN@@WEST TEXAS/NEW MEXICO - MULO,232,232,5552371.27,0,2022-01-09,2026-06-14,0,0.0,4,0,4|0
"SUBCATEGORY_OTHER-VEGETABLES_CORN@@WICHITA, KS - MULO",232,232,946886.51,0,2022-01-09,2026-06-14,0,0.0,1,0,1|0
"SUBCATEGORY_OTHER-VEGETABLES_EGGPLANT@@ALBANY, NY - MULO",232,232,105755.69,3,2022-01-09,2026-06-14,0,0.01293103448275862,0,0,0|0
"SUBCATEGORY_OTHER-VEGETABLES_EGGPLANT@@BALTIMORE, MD/WASHINGTON D.C. - MULO",232,232,273950.93,0,2022-01-09,2026-06-14,0,0.0,0,0,0|0
"SUBCATEGORY_OTHER-VEGETABLES_EGGPLANT@@BOSTON, MA - MULO",232,232,152081.3,0,2022-01-09,2026-06-14,0,0.0,0,0,0|0
"SUBCATEGORY_OTHER-VEGETABLES_EGGPLANT@@BUFFALO/ROCHESTER, NY - MULO",210,230,10249.06,89,2022-01-23,2026-06-14,20,0.4238095238095238,0,2,0|2
"SUBCATEGORY_OTHER-VEGETABLES_EGGPLANT@@DALLAS/FT. WORTH, TX - MULO",224,232,190165.45,7,2022-01-09,2026-06-14,8,0.03125,0,0,0|0
"SUBCATEGORY_OTHER-VEGETABLES_EGGPLANT@@HARRISBURG/SCRANTON, PA - MULO",232,232,286880.48,0,2022-01-09,2026-06-14,0,0.0,0,0,0|0
"SUBCATEGORY_OTHER-VEGETABLES_EGGPLANT@@HARTFORD, CT/SPRINGFIELD, MA - MULO",232,232,93757.78,0,2022-01-09,2026-06-14,0,0.0,0,0,0|0
"SUBCATEGORY_OTHER-VEGETABLES_EGGPLANT@@INDIANAPOLIS, IN - MULO",197,232,147263.84,50,2022-01-09,2026-06-14,35,0.25380710659898476,0,2,0|2
"SUBCATEGORY_OTHER-VEGETABLES_EGGPLANT@@LITTLE ROCK, AR - MULO",215,232,52614.33,55,2022-01-09,2026-06-14,17,0.2558139534883721,0,2,0|2
"SUBCATEGORY_OTHER-VEGETABLES_EGGPLANT@@LOUISVILLE, KY - MULO",207,232,136257.82,4,2022-01-09,2026-06-14,25,0.01932367149758454,0,0,0|0
SUBCATEGORY_OTHER-VEGETABLES_EGGPLANT@@NEW ENGLAND - MULO,231,232,360135.16,2,2022-01-09,2026-06-14,1,0.008658008658008658,0,0,0|0
"SUBCATEGORY_OTHER-VEGETABLES_EGGPLANT@@NEW ORLEANS, LA/MOBILE, AL - MULO",220,232,177613.12,69,2022-01-09,2026-06-14,12,0.31363636363636366,0,2,0|2
"SUBCATEGORY_OTHER-VEGETABLES_EGGPLANT@@NEW YORK, NY - MULO",232,232,944948.99,0,2022-01-09,2026-06-14,0,0.0,1,0,1|0
"SUBCATEGORY_OTHER-VEGETABLES_EGGPLANT@@PEORIA/SPRINGFIELD, IL - MULO",211,232,42110.47,56,2022-01-09,2026-06-14,21,0.26540284360189575,0,2,0|2
"SUBCATEGORY_OTHER-VEGETABLES_EGGPLANT@@PHILADELPHIA, PA - MULO",232,232,375358.41,0,2022-01-09,2026-06-14,0,0.0,0,0,0|0
"SUBCATEGORY_OTHER-VEGETABLES_EGGPLANT@@PORTLAND, OR - MULO",213,232,373662.49,16,2022-01-09,2026-06-14,19,0.07511737089201878,0,1,0|1
"SUBCATEGORY_OTHER-VEGETABLES_EGGPLANT@@RALEIGH/GREENSBORO, NC - MULO",184,232,84270.69,59,2022-01-09,2026-06-14,48,0.32065217391304346,0,2,0|2
"SUBCATEGORY_OTHER-VEGETABLES_EGGPLANT@@RICHMOND/NORFOLK, VA - MULO",195,232,41259.15,61,2022-01-09,2026-06-14,37,0.3128205128205128,0,2,0|2
"SUBCATEGORY_OTHER-VEGETABLES_EGGPLANT@@ROANOKE, VA - MULO",232,232,64740.13,2,2022-01-09,2026-06-14,0,0.008620689655172414,0,0,0|0
"SUBCATEGORY_OTHER-VEGETABLES_EGGPLANT@@SAN FRANCISCO/OAKLAND, CA - MULO",231,232,875416.09,0,2022-01-09,2026-06-14,1,0.0,1,0,1|0
"SUBCATEGORY_OTHER-VEGETABLES_EGGPLANT@@SEATTLE/TACOMA, WA - MULO",216,232,623543.01,34,2022-01-09,2026-06-14,16,0.1574074074074074,1,1,1|1
"SUBCATEGORY_OTHER-VEGETABLES_EGGPLANT@@SYRACUSE, NY - MULO",232,232,33139.46,5,2022-01-09,2026-06-14,0,0.021551724137931036,0,0,0|0
"SUBCATEGORY_OTHER-VEGETABLES_EGGPLANT@@TULSA, OK - MULO",214,232,3904.39,179,2022-01-09,2026-06-14,18,0.8364485981308412,0,2,0|2
"SUBCATEGORY_OTHER-VEGETABLES_GARLIC@@ALBANY, NY - MULO",232,232,4107757.23,0,2022-01-09,2026-06-14,0,0.0,4,0,4|0
"SUBCATEGORY_OTHER-VEGETABLES_GARLIC@@ATLANTA, GA - MULO",232,232,20782712.5,0,2022-01-09,2026-06-14,0,0.0,7,0,7|0
"SUBCATEGORY_OTHER-VEGETABLES_GARLIC@@BALTIMORE, MD/WASHINGTON D.C. - MULO",232,232,31815091.34,0,2022-01-09,2026-06-14,0,0.0,8,0,8|0
"SUBCATEGORY_OTHER-VEGETABLES_GARLIC@@BIRMINGHAM/MONTGOMERY, AL - MULO",232,232,12813246.65,0,2022-01-09,2026-06-14,0,0.0,6,0,6|0
"SUBCATEGORY_OTHER-VEGETABLES_GARLIC@@BOISE, ID - MULO",232,232,969594.43,0,2022-01-09,2026-06-14,0,0.0,1,0,1|0
"SUBCATEGORY_OTHER-VEGETABLES_GARLIC@@BOSTON, MA - MULO",232,232,15722691.71,0,2022-01-09,2026-06-14,0,0.0,7,0,7|0
"SUBCATEGORY_OTHER-VEGETABLES_GARLIC@@BUFFALO/ROCHESTER, NY - MULO",232,232,9971315.45,0,2022-01-09,2026-06-14,0,0.0,6,0,6|0
"SUBCATEGORY_OTHER-VEGETABLES_GARLIC@@CHARLOTTE, NC - MULO",232,232,14406004.54,0,2022-01-09,2026-06-14,0,0.0,6,0,6|0
"SUBCATEGORY_OTHER-VEGETABLES_GARLIC@@CHICAGO, IL - MULO",232,232,29275053.05,0,2022-01-09,2026-06-14,0,0.0,8,0,8|0
"SUBCATEGORY_OTHER-VEGETABLES_GARLIC@@CINCINNATI/DAYTON, OH - MULO",232,232,5609762.17,0,2022-01-09,2026-06-14,0,0.0,4,0,4|0
"SUBCATEGORY_OTHER-VEGETABLES_GARLIC@@CLEVELAND, OH - MULO",232,232,7320925.26,0,2022-01-09,2026-06-14,0,0.0,5,0,5|0
"SUBCATEGORY_OTHER-VEGETABLES_GARLIC@@COLUMBUS, OH - MULO",232,232,6743613.63,0,2022-01-09,2026-06-14,0,0.0,5,0,5|0
"SUBCATEGORY_OTHER-VEGETABLES_GARLIC@@DALLAS/FT. WORTH, TX - MULO",232,232,25145041.05,0,2022-01-09,2026-06-14,0,0.0,7,0,7|0
"SUBCATEGORY_OTHER-VEGETABLES_GARLIC@@DENVER, CO - MULO",232,232,12087998.77,0,2022-01-09,2026-06-14,0,0.0,6,0,6|0
"SUBCATEGORY_OTHER-VEGETABLES_GARLIC@@DES MOINES, IA - MULO",232,232,2863277.73,0,2022-01-09,2026-06-14,0,0.0,3,0,3|0
"SUBCATEGORY_OTHER-VEGETABLES_GARLIC@@DETROIT, MI - MULO",232,232,10269869.39,0,2022-01-09,2026-06-14,0,0.0,6,0,6|0
"SUBCATEGORY_OTHER-VEGETABLES_GARLIC@@GRAND RAPIDS, MI - MULO",232,232,5276274.51,0,2022-01-09,2026-06-14,0,0.0,4,0,4|0
"SUBCATEGORY_OTHER-VEGETABLES_GARLIC@@GREEN BAY, WI - MULO",232,232,1742499.9,0,2022-01-09,2026-06-14,0,0.0,2,0,2|0
"SUBCATEGORY_OTHER-VEGETABLES_GARLIC@@HARRISBURG/SCRANTON, PA - MULO",232,232,16405448.65,0,2022-01-09,2026-06-14,0,0.0,7,0,7|0
"SUBCATEGORY_OTHER-VEGETABLES_GARLIC@@HARTFORD, CT/SPRINGFIELD, MA - MULO",232,232,14521967.06,0,2022-01-09,2026-06-14,0,0.0,6,0,6|0
"SUBCATEGORY_OTHER-VEGETABLES_GARLIC@@HOUSTON, TX - MULO",232,232,15433395.85,0,2022-01-09,2026-06-14,0,0.0,6,0,6|0
"SUBCATEGORY_OTHER-VEGETABLES_GARLIC@@INDIANAPOLIS, IN - MULO",232,232,7050966.06,0,2022-01-09,2026-06-14,0,0.0,5,0,5|0
"SUBCATEGORY_OTHER-VEGETABLES_GARLIC@@JACKSONVILLE, FL - MULO",232,232,12580122.86,0,2022-01-09,2026-06-14,0,0.0,6,0,6|0
"SUBCATEGORY_OTHER-VEGETABLES_GARLIC@@KANSAS CITY, KS - MULO",232,232,6079920.34,0,2022-01-09,2026-06-14,0,0.0,4,0,4|0
"SUBCATEGORY_OTHER-VEGETABLES_GARLIC@@KNOXVILLE, TN - MULO",232,232,2461035.24,0,2022-01-09,2026-06-14,0,0.0,3,0,3|0
"SUBCATEGORY_OTHER-VEGETABLES_GARLIC@@LAS VEGAS, NV - MULO",232,232,7856600.14,0,2022-01-09,2026-06-14,0,0.0,5,0,5|0
"SUBCATEGORY_OTHER-VEGETABLES_GARLIC@@LITTLE ROCK, AR - MULO",232,232,2056104.55,0,2022-01-09,2026-06-14,0,0.0,2,0,2|0
"SUBCATEGORY_OTHER-VEGETABLES_GARLIC@@LOS ANGELES, CA - MULO",232,232,40278852.04,0,2022-01-09,2026-06-14,0,0.0,8,0,8|0
"SUBCATEGORY_OTHER-VEGETABLES_GARLIC@@LOUISVILLE, KY - MULO",232,232,4192152.08,0,2022-01-09,2026-06-14,0,0.0,4,0,4|0
"SUBCATEGORY_OTHER-VEGETABLES_GARLIC@@MEMPHIS, TN - MULO",232,232,3293900.62,0,2022-01-09,2026-06-14,0,0.0,3,0,3|0
"SUBCATEGORY_OTHER-VEGETABLES_GARLIC@@MIAMI/FT. LAUDERDALE, FL - MULO",232,232,63698049.04,0,2022-01-09,2026-06-14,0,0.0,9,0,9|0
"SUBCATEGORY_OTHER-VEGETABLES_GARLIC@@MILWAUKEE, WI - MULO",232,232,5082463.91,0,2022-01-09,2026-06-14,0,0.0,4,0,4|0
"SUBCATEGORY_OTHER-VEGETABLES_GARLIC@@MINNEAPOLIS/ST. PAUL, MN - MULO",232,232,11641227.69,0,2022-01-09,2026-06-14,0,0.0,6,0,6|0
SUBCATEGORY_OTHER-VEGETABLES_GARLIC@@MISSISSIPPI - MULO,232,232,5508487.05,0,2022-01-09,2026-06-14,0,0.0,4,0,4|0
"SUBCATEGORY_OTHER-VEGETABLES_GARLIC@@NASHVILLE, TN - MULO",232,232,7940848.06,0,2022-01-09,2026-06-14,0,0.0,5,0,5|0
SUBCATEGORY_OTHER-VEGETABLES_GARLIC@@NEW ENGLAND - MULO,232,232,6720115.24,0,2022-01-09,2026-06-14,0,0.0,5,0,5|0
"SUBCATEGORY_OTHER-VEGETABLES_GARLIC@@NEW ORLEANS, LA/MOBILE, AL - MULO",232,232,17151977.3,0,2022-01-09,2026-06-14,0,0.0,7,0,7|0
"SUBCATEGORY_OTHER-VEGETABLES_GARLIC@@NEW YORK, NY - MULO",232,232,98909956.8,0,2022-01-09,2026-06-14,0,0.0,9,0,9|0
"SUBCATEGORY_OTHER-VEGETABLES_GARLIC@@OKLAHOMA CITY, OK - MULO",232,232,4267595.54,0,2022-01-09,2026-06-14,0,0.0,4,0,4|0
"SUBCATEGORY_OTHER-VEGETABLES_GARLIC@@OMAHA, NE - MULO",232,232,3665778.06,0,2022-01-09,2026-06-14,0,0.0,3,0,3|0
"SUBCATEGORY_OTHER-VEGETABLES_GARLIC@@ORLANDO, FL - MULO",232,232,31725061.86,0,2022-01-09,2026-06-14,0,0.0,8,0,8|0
"SUBCATEGORY_OTHER-VEGETABLES_GARLIC@@PEORIA/SPRINGFIELD, IL - MULO",232,232,4426076.3,0,2022-01-09,2026-06-14,0,0.0,4,0,4|0
"SUBCATEGORY_OTHER-VEGETABLES_GARLIC@@PHILADELPHIA, PA - MULO",232,232,22979211.26,0,2022-01-09,2026-06-14,0,0.0,7,0,7|0
"SUBCATEGORY_OTHER-VEGETABLES_GARLIC@@PHOENIX/TUCSON, AZ - MULO",232,232,13710839.95,0,2022-01-09,2026-06-14,0,0.0,6,0,6|0
"SUBCATEGORY_OTHER-VEGETABLES_GARLIC@@PITTSBURGH, PA - MULO",232,232,8860411.38,0,2022-01-09,2026-06-14,0,0.0,5,0,5|0
"SUBCATEGORY_OTHER-VEGETABLES_GARLIC@@PORTLAND, OR - MULO",232,232,5408602.12,0,2022-01-09,2026-06-14,0,0.0,4,0,4|0
"SUBCATEGORY_OTHER-VEGETABLES_GARLIC@@PROVIDENCE, RI - MULO",232,232,3162851.94,0,2022-01-09,2026-06-14,0,0.0,3,0,3|0
"SUBCATEGORY_OTHER-VEGETABLES_GARLIC@@RALEIGH/GREENSBORO, NC - MULO",232,232,15689956.16,0,2022-01-09,2026-06-14,0,0.0,7,0,7|0
"SUBCATEGORY_OTHER-VEGETABLES_GARLIC@@RICHMOND/NORFOLK, VA - MULO",232,232,9687171.36,0,2022-01-09,2026-06-14,0,0.0,5,0,5|0
"SUBCATEGORY_OTHER-VEGETABLES_GARLIC@@ROANOKE, VA - MULO",232,232,4374515.16,0,2022-01-09,2026-06-14,0,0.0,4,0,4|0
"SUBCATEGORY_OTHER-VEGETABLES_GARLIC@@SACRAMENTO, CA - MULO",232,232,7754786.19,0,2022-01-09,2026-06-14,0,0.0,5,0,5|0
"SUBCATEGORY_OTHER-VEGETABLES_GARLIC@@SALT LAKE CITY, UT - MULO",232,232,3721594.61,0,2022-01-09,2026-06-14,0,0.0,3,0,3|0
"SUBCATEGORY_OTHER-VEGETABLES_GARLIC@@SAN DIEGO, CA - MULO",232,232,7087544.1,0,2022-01-09,2026-06-14,0,0.0,5,0,5|0
"SUBCATEGORY_OTHER-VEGETABLES_GARLIC@@SAN FRANCISCO/OAKLAND, CA - MULO",232,232,11315232.61,0,2022-01-09,2026-06-14,0,0.0,6,0,6|0
"SUBCATEGORY_OTHER-VEGETABLES_GARLIC@@SEATTLE/TACOMA, WA - MULO",232,232,6606662.21,0,2022-01-09,2026-06-14,0,0.0,5,0,5|0
SUBCATEGORY_OTHER-VEGETABLES_GARLIC@@SOUTH CAROLINA - MULO,232,232,20829194.91,0,2022-01-09,2026-06-14,0,0.0,7,0,7|0
"SUBCATEGORY_OTHER-VEGETABLES_GARLIC@@SPOKANE, WA - MULO",232,232,877591.12,0,2022-01-09,2026-06-14,0,0.0,1,0,1|0
"SUBCATEGORY_OTHER-VEGETABLES_GARLIC@@ST. LOUIS, MO - MULO",232,232,7147342.09,0,2022-01-09,2026-06-14,0,0.0,5,0,5|0
"SUBCATEGORY_OTHER-VEGETABLES_GARLIC@@SYRACUSE, NY - MULO",232,232,4491993.72,0,2022-01-09,2026-06-14,0,0.0,4,0,4|0
"SUBCATEGORY_OTHER-VEGETABLES_GARLIC@@TAMPA/ST. PETERSBURG, FL - MULO",232,232,27243608.73,0,2022-01-09,2026-06-14,0,0.0,8,0,8|0
"SUBCATEGORY_OTHER-VEGETABLES_GARLIC@@TOLEDO, OH - MULO",232,232,3079220.34,0,2022-01-09,2026-06-14,0,0.0,3,0,3|0
"SUBCATEGORY_OTHER-VEGETABLES_GARLIC@@TULSA, OK - MULO",232,232,3183396.05,0,2022-01-09,2026-06-14,0,0.0,3,0,3|0
SUBCATEGORY_OTHER-VEGETABLES_GARLIC@@WEST TEXAS/NEW MEXICO - MULO,232,232,11106200.57,0,2022-01-09,2026-06-14,0,0.0,6,0,6|0
"SUBCATEGORY_OTHER-VEGETABLES_GARLIC@@WICHITA, KS - MULO",232,232,2081007.51,0,2022-01-09,2026-06-14,0,0.0,2,0,2|0
"SUBCATEGORY_OTHER-VEGETABLES_GINGER-ROOT@@ALBANY, NY - MULO",232,232,855944.24,0,2022-01-09,2026-06-14,0,0.0,1,0,1|0
"SUBCATEGORY_OTHER-VEGETABLES_GINGER-ROOT@@ATLANTA, GA - MULO",232,232,4890236.07,0,2022-01-09,2026-06-14,0,0.0,4,0,4|0
"SUBCATEGORY_OTHER-VEGETABLES_GINGER-ROOT@@BALTIMORE, MD/WASHINGTON D.C. - MULO",232,232,10322726.85,0,2022-01-09,2026-06-14,0,0.0,6,0,6|0
"SUBCATEGORY_OTHER-VEGETABLES_GINGER-ROOT@@BIRMINGHAM/MONTGOMERY, AL - MULO",232,232,2267974.84,0,2022-01-09,2026-06-14,0,0.0,2,0,2|0
"SUBCATEGORY_OTHER-VEGETABLES_GINGER-ROOT@@BOISE, ID - MULO",232,232,262426.15,0,2022-01-09,2026-06-14,0,0.0,0,0,0|0
"SUBCATEGORY_OTHER-VEGETABLES_GINGER-ROOT@@BOSTON, MA - MULO",232,232,4008313.12,0,2022-01-09,2026-06-14,0,0.0,4,0,4|0
"SUBCATEGORY_OTHER-VEGETABLES_GINGER-ROOT@@BUFFALO/ROCHESTER, NY - MULO",232,232,2054141.79,0,2022-01-09,2026-06-14,0,0.0,2,0,2|0
"SUBCATEGORY_OTHER-VEGETABLES_GINGER-ROOT@@CHARLOTTE, NC - MULO",232,232,2267233.38,0,2022-01-09,2026-06-14,0,0.0,2,0,2|0
"SUBCATEGORY_OTHER-VEGETABLES_GINGER-ROOT@@CHICAGO, IL - MULO",232,232,4673230.85,0,2022-01-09,2026-06-14,0,0.0,4,0,4|0
"SUBCATEGORY_OTHER-VEGETABLES_GINGER-ROOT@@CINCINNATI/DAYTON, OH - MULO",232,232,1219625.05,0,2022-01-09,2026-06-14,0,0.0,2,0,2|0
"SUBCATEGORY_OTHER-VEGETABLES_GINGER-ROOT@@CLEVELAND, OH - MULO",232,232,1435194.55,0,2022-01-09,2026-06-14,0,0.0,2,0,2|0
"SUBCATEGORY_OTHER-VEGETABLES_GINGER-ROOT@@COLUMBUS, OH - MULO",232,232,1753416.5,0,2022-01-09,2026-06-14,0,0.0,2,0,2|0
"SUBCATEGORY_OTHER-VEGETABLES_GINGER-ROOT@@DALLAS/FT. WORTH, TX - MULO",232,232,6311667.33,0,2022-01-09,2026-06-14,0,0.0,4,0,4|0
"SUBCATEGORY_OTHER-VEGETABLES_GINGER-ROOT@@DENVER, CO - MULO",232,232,2278268.55,0,2022-01-09,2026-06-14,0,0.0,2,0,2|0
"SUBCATEGORY_OTHER-VEGETABLES_GINGER-ROOT@@DES MOINES, IA - MULO",232,232,677563.95,0,2022-01-09,2026-06-14,0,0.0,1,0,1|0
"SUBCATEGORY_OTHER-VEGETABLES_GINGER-ROOT@@DETROIT, MI - MULO",232,232,1572643.67,0,2022-01-09,2026-06-14,0,0.0,2,0,2|0
"SUBCATEGORY_OTHER-VEGETABLES_GINGER-ROOT@@GRAND RAPIDS, MI - MULO",232,232,629211.53,0,2022-01-09,2026-06-14,0,0.0,1,0,1|0
"SUBCATEGORY_OTHER-VEGETABLES_GINGER-ROOT@@GREEN BAY, WI - MULO",232,232,293154.79,0,2022-01-09,2026-06-14,0,0.0,0,0,0|0
"SUBCATEGORY_OTHER-VEGETABLES_GINGER-ROOT@@HARRISBURG/SCRANTON, PA - MULO",232,232,2747136.67,0,2022-01-09,2026-06-14,0,0.0,3,0,3|0
"SUBCATEGORY_OTHER-VEGETABLES_GINGER-ROOT@@HARTFORD, CT/SPRINGFIELD, MA - MULO",232,232,2900063.83,0,2022-01-09,2026-06-14,0,0.0,3,0,3|0
"SUBCATEGORY_OTHER-VEGETABLES_GINGER-ROOT@@HOUSTON, TX - MULO",232,232,3165449.08,0,2022-01-09,2026-06-14,0,0.0,3,0,3|0
"SUBCATEGORY_OTHER-VEGETABLES_GINGER-ROOT@@INDIANAPOLIS, IN - MULO",232,232,1356893.16,0,2022-01-09,2026-06-14,0,0.0,2,0,2|0
"SUBCATEGORY_OTHER-VEGETABLES_GINGER-ROOT@@JACKSONVILLE, FL - MULO",232,232,1820180.6,0,2022-01-09,2026-06-14,0,0.0,2,0,2|0
"SUBCATEGORY_OTHER-VEGETABLES_GINGER-ROOT@@KANSAS CITY, KS - MULO",232,232,1488762.88,0,2022-01-09,2026-06-14,0,0.0,2,0,2|0
"SUBCATEGORY_OTHER-VEGETABLES_GINGER-ROOT@@KNOXVILLE, TN - MULO",232,232,515553.33,0,2022-01-09,2026-06-14,0,0.0,1,0,1|0
"SUBCATEGORY_OTHER-VEGETABLES_GINGER-ROOT@@LAS VEGAS, NV - MULO",232,232,1155095.48,0,2022-01-09,2026-06-14,0,0.0,1,0,1|0
"SUBCATEGORY_OTHER-VEGETABLES_GINGER-ROOT@@LITTLE ROCK, AR - MULO",232,232,298300.27999999997,0,2022-01-09,2026-06-14,0,0.0,0,0,0|0
"SUBCATEGORY_OTHER-VEGETABLES_GINGER-ROOT@@LOS ANGELES, CA - MULO",232,232,6891713.58,0,2022-01-09,2026-06-14,0,0.0,5,0,5|0
"SUBCATEGORY_OTHER-VEGETABLES_GINGER-ROOT@@LOUISVILLE, KY - MULO",232,232,581033.14,0,2022-01-09,2026-06-14,0,0.0,1,0,1|0
"SUBCATEGORY_OTHER-VEGETABLES_GINGER-ROOT@@MEMPHIS, TN - MULO",232,232,738378.08,0,2022-01-09,2026-06-14,0,0.0,1,0,1|0
"SUBCATEGORY_OTHER-VEGETABLES_GINGER-ROOT@@MIAMI/FT. LAUDERDALE, FL - MULO",232,232,7792588.65,0,2022-01-09,2026-06-14,0,0.0,5,0,5|0
"SUBCATEGORY_OTHER-VEGETABLES_GINGER-ROOT@@MILWAUKEE, WI - MULO",232,232,969192.29,0,2022-01-09,2026-06-14,0,0.0,1,0,1|0
"SUBCATEGORY_OTHER-VEGETABLES_GINGER-ROOT@@MINNEAPOLIS/ST. PAUL, MN - MULO",232,232,4487847.55,0,2022-01-09,2026-06-14,0,0.0,4,0,4|0
SUBCATEGORY_OTHER-VEGETABLES_GINGER-ROOT@@MISSISSIPPI - MULO,232,232,810023.95,0,2022-01-09,2026-06-14,0,0.0,1,0,1|0
"SUBCATEGORY_OTHER-VEGETABLES_GINGER-ROOT@@NASHVILLE, TN - MULO",232,232,1392776.37,0,2022-01-09,2026-06-14,0,0.0,2,0,2|0
SUBCATEGORY_OTHER-VEGETABLES_GINGER-ROOT@@NEW ENGLAND - MULO,232,232,1250382.73,0,2022-01-09,2026-06-14,0,0.0,2,0,2|0
"SUBCATEGORY_OTHER-VEGETABLES_GINGER-ROOT@@NEW ORLEANS, LA/MOBILE, AL - MULO",232,232,1702177.21,0,2022-01-09,2026-06-14,0,0.0,2,0,2|0
"SUBCATEGORY_OTHER-VEGETABLES_GINGER-ROOT@@NEW YORK, NY - MULO",232,232,15493724.52,0,2022-01-09,2026-06-14,0,0.0,7,0,7|0
"SUBCATEGORY_OTHER-VEGETABLES_GINGER-ROOT@@OKLAHOMA CITY, OK - MULO",232,232,954109.29,0,2022-01-09,2026-06-14,0,0.0,1,0,1|0
"SUBCATEGORY_OTHER-VEGETABLES_GINGER-ROOT@@OMAHA, NE - MULO",232,232,788064.03,0,2022-01-09,2026-06-14,0,0.0,1,0,1|0
"SUBCATEGORY_OTHER-VEGETABLES_GINGER-ROOT@@ORLANDO, FL - MULO",232,232,5075070.07,0,2022-01-09,2026-06-14,0,0.0,4,0,4|0
"SUBCATEGORY_OTHER-VEGETABLES_GINGER-ROOT@@PEORIA/SPRINGFIELD, IL - MULO",232,232,819002.18,0,2022-01-09,2026-06-14,0,0.0,1,0,1|0
"SUBCATEGORY_OTHER-VEGETABLES_GINGER-ROOT@@PHILADELPHIA, PA - MULO",232,232,5148456.77,0,2022-01-09,2026-06-14,0,0.0,4,0,4|0
"SUBCATEGORY_OTHER-VEGETABLES_GINGER-ROOT@@PHOENIX/TUCSON, AZ - MULO",232,232,1777463.94,0,2022-01-09,2026-06-14,0,0.0,2,0,2|0
"SUBCATEGORY_OTHER-VEGETABLES_GINGER-ROOT@@PITTSBURGH, PA - MULO",232,232,1799249.37,0,2022-01-09,2026-06-14,0,0.0,2,0,2|0
"SUBCATEGORY_OTHER-VEGETABLES_GINGER-ROOT@@PORTLAND, OR - MULO",232,232,693756.45,0,2022-01-09,2026-06-14,0,0.0,1,0,1|0
"SUBCATEGORY_OTHER-VEGETABLES_GINGER-ROOT@@PROVIDENCE, RI - MULO",232,232,685756.4,0,2022-01-09,2026-06-14,0,0.0,1,0,1|0
"SUBCATEGORY_OTHER-VEGETABLES_GINGER-ROOT@@RALEIGH/GREENSBORO, NC - MULO",232,232,2573265.13,0,2022-01-09,2026-06-14,0,0.0,3,0,3|0
"SUBCATEGORY_OTHER-VEGETABLES_GINGER-ROOT@@RICHMOND/NORFOLK, VA - MULO",232,232,2060530.48,0,2022-01-09,2026-06-14,0,0.0,2,0,2|0
"SUBCATEGORY_OTHER-VEGETABLES_GINGER-ROOT@@ROANOKE, VA - MULO",232,232,942519.27,0,2022-01-09,2026-06-14,0,0.0,1,0,1|0
"SUBCATEGORY_OTHER-VEGETABLES_GINGER-ROOT@@SACRAMENTO, CA - MULO",232,232,859838.54,0,2022-01-09,2026-06-14,0,0.0,1,0,1|0
"SUBCATEGORY_OTHER-VEGETABLES_GINGER-ROOT@@SALT LAKE CITY, UT - MULO",232,232,720154.6,0,2022-01-09,2026-06-14,0,0.0,1,0,1|0
"SUBCATEGORY_OTHER-VEGETABLES_GINGER-ROOT@@SAN DIEGO, CA - MULO",232,232,1407818.56,0,2022-01-09,2026-06-14,0,0.0,2,0,2|0
"SUBCATEGORY_OTHER-VEGETABLES_GINGER-ROOT@@SAN FRANCISCO/OAKLAND, CA - MULO",232,232,1665142.19,0,2022-01-09,2026-06-14,0,0.0,2,0,2|0
"SUBCATEGORY_OTHER-VEGETABLES_GINGER-ROOT@@SEATTLE/TACOMA, WA - MULO",232,232,1124730.3,0,2022-01-09,2026-06-14,0,0.0,1,0,1|0
SUBCATEGORY_OTHER-VEGETABLES_GINGER-ROOT@@SOUTH CAROLINA - MULO,232,232,3401724.24,0,2022-01-09,2026-06-14,0,0.0,3,0,3|0
"SUBCATEGORY_OTHER-VEGETABLES_GINGER-ROOT@@SPOKANE, WA - MULO",232,232,138295.84,0,2022-01-09,2026-06-14,0,0.0,0,0,0|0
"SUBCATEGORY_OTHER-VEGETABLES_GINGER-ROOT@@ST. LOUIS, MO - MULO",232,232,1630410.01,0,2022-01-09,2026-06-14,0,0.0,2,0,2|0
"SUBCATEGORY_OTHER-VEGETABLES_GINGER-ROOT@@SYRACUSE, NY - MULO",232,232,910055.03,0,2022-01-09,2026-06-14,0,0.0,1,0,1|0
"SUBCATEGORY_OTHER-VEGETABLES_GINGER-ROOT@@TAMPA/ST. PETERSBURG, FL - MULO",232,232,3701131.25,0,2022-01-09,2026-06-14,0,0.0,3,0,3|0
"SUBCATEGORY_OTHER-VEGETABLES_GINGER-ROOT@@TOLEDO, OH - MULO",232,232,603869.57,0,2022-01-09,2026-06-14,0,0.0,1,0,1|0
"SUBCATEGORY_OTHER-VEGETABLES_GINGER-ROOT@@TULSA, OK - MULO",232,232,593358.17,0,2022-01-09,2026-06-14,0,0.0,1,0,1|0
SUBCATEGORY_OTHER-VEGETABLES_GINGER-ROOT@@WEST TEXAS/NEW MEXICO - MULO,232,232,1757898.91,0,2022-01-09,2026-06-14,0,0.0,2,0,2|0
"SUBCATEGORY_OTHER-VEGETABLES_GINGER-ROOT@@WICHITA, KS - MULO",232,232,363036.01,0,2022-01-09,2026-06-14,0,0.0,0,0,0|0
"SUBCATEGORY_OTHER-VEGETABLES_OTHER-VEGETABLES@@ALBANY, NY - MULO",232,232,522365.12,21,2022-01-09,2026-06-14,0,0.09051724137931035,1,1,1|1
"SUBCATEGORY_OTHER-VEGETABLES_OTHER-VEGETABLES@@ATLANTA, GA - MULO",230,230,1823646.7,21,2022-01-23,2026-06-14,0,0.09130434782608696,2,1,2|1
"SUBCATEGORY_OTHER-VEGETABLES_OTHER-VEGETABLES@@BALTIMORE, MD/WASHINGTON D.C. - MULO",229,232,7959420.3,14,2022-01-09,2026-06-14,3,0.0611353711790393,5,1,5|1
"SUBCATEGORY_OTHER-VEGETABLES_OTHER-VEGETABLES@@BIRMINGHAM/MONTGOMERY, AL - MULO",211,211,1288068.1400000001,10,2022-06-05,2026-06-14,0,0.04739336492890995,2,0,2|0
"SUBCATEGORY_OTHER-VEGETABLES_OTHER-VEGETABLES@@BOISE, ID - MULO",180,180,315230.2,0,2023-01-08,2026-06-14,0,0.0,0,0,0|0
"SUBCATEGORY_OTHER-VEGETABLES_OTHER-VEGETABLES@@BOSTON, MA - MULO",232,232,5922717.83,0,2022-01-09,2026-06-14,0,0.0,4,0,4|0
"SUBCATEGORY_OTHER-VEGETABLES_OTHER-VEGETABLES@@BUFFALO/ROCHESTER, NY - MULO",216,216,1224945.58,20,2022-05-01,2026-06-14,0,0.09259259259259259,2,1,2|1
"SUBCATEGORY_OTHER-VEGETABLES_OTHER-VEGETABLES@@CHARLOTTE, NC - MULO",211,230,1253906.36,83,2022-01-23,2026-06-14,19,0.3933649289099526,2,2,2|2
"SUBCATEGORY_OTHER-VEGETABLES_OTHER-VEGETABLES@@CHICAGO, IL - MULO",231,231,2976960.31,28,2022-01-16,2026-06-14,0,0.12121212121212122,3,1,3|1
"SUBCATEGORY_OTHER-VEGETABLES_OTHER-VEGETABLES@@CINCINNATI/DAYTON, OH - MULO",212,219,713293.94,38,2022-04-10,2026-06-14,7,0.1792452830188679,1,1,1|1
"SUBCATEGORY_OTHER-VEGETABLES_OTHER-VEGETABLES@@CLEVELAND, OH - MULO",227,232,395222.25,85,2022-01-09,2026-06-14,5,0.3744493392070485,0,2,0|2
"SUBCATEGORY_OTHER-VEGETABLES_OTHER-VEGETABLES@@COLUMBUS, OH - MULO",182,189,642957.5,7,2022-11-06,2026-06-14,7,0.038461538461538464,1,0,1|0
"SUBCATEGORY_OTHER-VEGETABLES_OTHER-VEGETABLES@@DALLAS/FT. WORTH, TX - MULO",232,232,1952146.84,5,2022-01-09,2026-06-14,0,0.021551724137931036,2,0,2|0
"SUBCATEGORY_OTHER-VEGETABLES_OTHER-VEGETABLES@@DENVER, CO - MULO",204,204,999694.22,9,2022-07-24,2026-06-14,0,0.04411764705882353,1,0,1|0
"SUBCATEGORY_OTHER-VEGETABLES_OTHER-VEGETABLES@@DES MOINES, IA - MULO",225,227,155442.59,7,2022-02-13,2026-06-14,2,0.03111111111111111,0,0,0|0
"SUBCATEGORY_OTHER-VEGETABLES_OTHER-VEGETABLES@@DETROIT, MI - MULO",231,231,1975988.82,44,2022-01-16,2026-06-14,0,0.19047619047619047,2,1,2|1
"SUBCATEGORY_OTHER-VEGETABLES_OTHER-VEGETABLES@@GRAND RAPIDS, MI - MULO",223,226,1020563.92,59,2022-02-20,2026-06-14,3,0.2645739910313901,1,2,1|2
"SUBCATEGORY_OTHER-VEGETABLES_OTHER-VEGETABLES@@GREEN BAY, WI - MULO",180,180,254617.1,0,2023-01-08,2026-06-14,0,0.0,0,0,0|0
"SUBCATEGORY_OTHER-VEGETABLES_OTHER-VEGETABLES@@HARRISBURG/SCRANTON, PA - MULO",232,232,2876131.41,0,2022-01-09,2026-06-14,0,0.0,3,0,3|0
"SUBCATEGORY_OTHER-VEGETABLES_OTHER-VEGETABLES@@HARTFORD, CT/SPRINGFIELD, MA - MULO",232,232,6376478.84,0,2022-01-09,2026-06-14,0,0.0,5,0,5|0
"SUBCATEGORY_OTHER-VEGETABLES_OTHER-VEGETABLES@@HOUSTON, TX - MULO",198,226,571328.78,43,2022-02-20,2026-06-14,28,0.21717171717171718,1,2,1|2
"SUBCATEGORY_OTHER-VEGETABLES_OTHER-VEGETABLES@@INDIANAPOLIS, IN - MULO",180,180,954596.36,0,2023-01-08,2026-06-14,0,0.0,1,0,1|0
"SUBCATEGORY_OTHER-VEGETABLES_OTHER-VEGETABLES@@JACKSONVILLE, FL - MULO",227,232,914052.0599999999,19,2022-01-09,2026-06-14,5,0.08370044052863436,1,1,1|1
"SUBCATEGORY_OTHER-VEGETABLES_OTHER-VEGETABLES@@KANSAS CITY, KS - MULO",218,220,314064.77999999997,34,2022-04-03,2026-06-14,2,0.1559633027522936,0,1,0|1
"SUBCATEGORY_OTHER-VEGETABLES_OTHER-VEGETABLES@@KNOXVILLE, TN - MULO",208,231,239142.27,45,2022-01-16,2026-06-14,23,0.21634615384615385,0,2,0|2
"SUBCATEGORY_OTHER-VEGETABLES_OTHER-VEGETABLES@@LAS VEGAS, NV - MULO",232,232,589659.19,50,2022-01-09,2026-06-14,0,0.21551724137931033,1,2,1|2
"SUBCATEGORY_OTHER-VEGETABLES_OTHER-VEGETABLES@@LITTLE ROCK, AR - MULO",225,232,693482.31,48,2022-01-09,2026-06-14,7,0.21333333333333335,1,2,1|2
"SUBCATEGORY_OTHER-VEGETABLES_OTHER-VEGETABLES@@LOS ANGELES, CA - MULO",232,232,5567251.69,0,2022-01-09,2026-06-14,0,0.0,4,0,4|0
"SUBCATEGORY_OTHER-VEGETABLES_OTHER-VEGETABLES@@LOUISVILLE, KY - MULO",180,180,443073.64,0,2023-01-08,2026-06-14,0,0.0,1,0,1|0
"SUBCATEGORY_OTHER-VEGETABLES_OTHER-VEGETABLES@@MIAMI/FT. LAUDERDALE, FL - MULO",226,229,3020503.43,21,2022-01-30,2026-06-14,3,0.09292035398230089,3,1,3|1
"SUBCATEGORY_OTHER-VEGETABLES_OTHER-VEGETABLES@@MILWAUKEE, WI - MULO",205,205,930147.66,24,2022-07-17,2026-06-14,0,0.11707317073170732,1,1,1|1
"SUBCATEGORY_OTHER-VEGETABLES_OTHER-VEGETABLES@@MINNEAPOLIS/ST. PAUL, MN - MULO",217,219,414373.16000000003,72,2022-04-10,2026-06-14,2,0.3317972350230415,0,2,0|2
SUBCATEGORY_OTHER-VEGETABLES_OTHER-VEGETABLES@@MISSISSIPPI - MULO,207,226,168399.66,43,2022-02-20,2026-06-14,19,0.20772946859903382,0,2,0|2
"SUBCATEGORY_OTHER-VEGETABLES_OTHER-VEGETABLES@@NASHVILLE, TN - MULO",226,226,641444.61,42,2022-02-20,2026-06-14,0,0.18584070796460178,1,1,1|1
SUBCATEGORY_OTHER-VEGETABLES_OTHER-VEGETABLES@@NEW ENGLAND - MULO,232,232,742965.17,23,2022-01-09,2026-06-14,0,0.09913793103448276,1,1,1|1
"SUBCATEGORY_OTHER-VEGETABLES_OTHER-VEGETABLES@@NEW ORLEANS, LA/MOBILE, AL - MULO",232,232,414906.61,0,2022-01-09,2026-06-14,0,0.0,0,0,0|0
"SUBCATEGORY_OTHER-VEGETABLES_OTHER-VEGETABLES@@NEW YORK, NY - MULO",232,232,17900917.14,0,2022-01-09,2026-06-14,0,0.0,7,0,7|0
"SUBCATEGORY_OTHER-VEGETABLES_OTHER-VEGETABLES@@OKLAHOMA CITY, OK - MULO",198,200,488710.8,23,2022-08-21,2026-06-14,2,0.11616161616161616,1,1,1|1
"SUBCATEGORY_OTHER-VEGETABLES_OTHER-VEGETABLES@@OMAHA, NE - MULO",209,214,163378.81,25,2022-05-15,2026-06-14,5,0.11961722488038277,0,1,0|1
"SUBCATEGORY_OTHER-VEGETABLES_OTHER-VEGETABLES@@ORLANDO, FL - MULO",232,232,2351809.02,8,2022-01-09,2026-06-14,0,0.034482758620689655,3,0,3|0
"SUBCATEGORY_OTHER-VEGETABLES_OTHER-VEGETABLES@@PEORIA/SPRINGFIELD, IL - MULO",222,222,537259.97,40,2022-03-20,2026-06-14,0,0.18018018018018017,1,1,1|1
"SUBCATEGORY_OTHER-VEGETABLES_OTHER-VEGETABLES@@PHILADELPHIA, PA - MULO",232,232,3006295.49,0,2022-01-09,2026-06-14,0,0.0,3,0,3|0
"SUBCATEGORY_OTHER-VEGETABLES_OTHER-VEGETABLES@@PHOENIX/TUCSON, AZ - MULO",224,224,1254655.17,40,2022-03-06,2026-06-14,0,0.17857142857142858,2,1,2|1
"SUBCATEGORY_OTHER-VEGETABLES_OTHER-VEGETABLES@@PITTSBURGH, PA - MULO",219,232,597931.56,35,2022-01-09,2026-06-14,13,0.1598173515981735,1,1,1|1
"SUBCATEGORY_OTHER-VEGETABLES_OTHER-VEGETABLES@@PORTLAND, OR - MULO",210,210,602183.94,28,2022-06-12,2026-06-14,0,0.13333333333333333,1,1,1|1
"SUBCATEGORY_OTHER-VEGETABLES_OTHER-VEGETABLES@@PROVIDENCE, RI - MULO",232,232,2017327.25,1,2022-01-09,2026-06-14,0,0.004310344827586207,2,0,2|0
"SUBCATEGORY_OTHER-VEGETABLES_OTHER-VEGETABLES@@RALEIGH/GREENSBORO, NC - MULO",220,232,1140877.04,86,2022-01-09,2026-06-14,12,0.39090909090909093,1,2,1|2
"SUBCATEGORY_OTHER-VEGETABLES_OTHER-VEGETABLES@@RICHMOND/NORFOLK, VA - MULO",222,230,860732.37,36,2022-01-23,2026-06-14,8,0.16216216216216217,1,1,1|1
"SUBCATEGORY_OTHER-VEGETABLES_OTHER-VEGETABLES@@ROANOKE, VA - MULO",232,232,684967.49,10,2022-01-09,2026-06-14,0,0.04310344827586207,1,0,1|0
"SUBCATEGORY_OTHER-VEGETABLES_OTHER-VEGETABLES@@SACRAMENTO, CA - MULO",187,187,558200.92,32,2022-11-20,2026-06-14,0,0.1711229946524064,1,1,1|1
"SUBCATEGORY_OTHER-VEGETABLES_OTHER-VEGETABLES@@SALT LAKE CITY, UT - MULO",231,231,949323.0599999999,45,2022-01-16,2026-06-14,0,0.19480519480519481,1,1,1|1
"SUBCATEGORY_OTHER-VEGETABLES_OTHER-VEGETABLES@@SAN DIEGO, CA - MULO",215,215,943084.91,30,2022-05-08,2026-06-14,0,0.13953488372093023,1,1,1|1
"SUBCATEGORY_OTHER-VEGETABLES_OTHER-VEGETABLES@@SAN FRANCISCO/OAKLAND, CA - MULO",223,224,1147032.73,82,2022-03-06,2026-06-14,1,0.36771300448430494,1,2,1|2
"SUBCATEGORY_OTHER-VEGETABLES_OTHER-VEGETABLES@@SEATTLE/TACOMA, WA - MULO",180,180,591944.89,0,2023-01-08,2026-06-14,0,0.0,1,0,1|0
SUBCATEGORY_OTHER-VEGETABLES_OTHER-VEGETABLES@@SOUTH CAROLINA - MULO,231,231,2278490.75,18,2022-01-16,2026-06-14,0,0.07792207792207792,2,1,2|1
"SUBCATEGORY_OTHER-VEGETABLES_OTHER-VEGETABLES@@SPOKANE, WA - MULO",211,211,118856.86,30,2022-06-05,2026-06-14,0,0.14218009478672985,0,1,0|1
"SUBCATEGORY_OTHER-VEGETABLES_OTHER-VEGETABLES@@ST. LOUIS, MO - MULO",227,228,203911.5,72,2022-02-06,2026-06-14,1,0.31718061674008813,0,2,0|2
"SUBCATEGORY_OTHER-VEGETABLES_OTHER-VEGETABLES@@SYRACUSE, NY - MULO",231,231,644891.75,25,2022-01-16,2026-06-14,0,0.10822510822510822,1,1,1|1
"SUBCATEGORY_OTHER-VEGETABLES_OTHER-VEGETABLES@@TAMPA/ST. PETERSBURG, FL - MULO",231,231,2633961.27,18,2022-01-16,2026-06-14,0,0.07792207792207792,3,1,3|1
"SUBCATEGORY_OTHER-VEGETABLES_OTHER-VEGETABLES@@TOLEDO, OH - MULO",180,180,451155.24,0,2023-01-08,2026-06-14,0,0.0,1,0,1|0
"SUBCATEGORY_OTHER-VEGETABLES_OTHER-VEGETABLES@@TULSA, OK - MULO",197,200,591028.69,75,2022-08-21,2026-06-14,3,0.38071065989847713,1,2,1|2
SUBCATEGORY_OTHER-VEGETABLES_OTHER-VEGETABLES@@WEST TEXAS/NEW MEXICO - MULO,224,224,1356114.63,3,2022-03-06,2026-06-14,0,0.013392857142857142,2,0,2|0
"SUBCATEGORY_OTHER-VEGETABLES_OTHER-VEGETABLES@@WICHITA, KS - MULO",194,199,426276.32,15,2022-08-28,2026-06-14,5,0.07731958762886598,0,1,0|1
"SUBCATEGORY_OTHER-VEGETABLES_PEAS@@ALBANY, NY - MULO",232,232,3337435.05,0,2022-01-09,2026-06-14,0,0.0,3,0,3|0
"SUBCATEGORY_OTHER-VEGETABLES_PEAS@@ATLANTA, GA - MULO",232,232,8852851.81,0,2022-01-09,2026-06-14,0,0.0,5,0,5|0
"SUBCATEGORY_OTHER-VEGETABLES_PEAS@@BALTIMORE, MD/WASHINGTON D.C. - MULO",232,232,18757153.19,0,2022-01-09,2026-06-14,0,0.0,7,0,7|0
"SUBCATEGORY_OTHER-VEGETABLES_PEAS@@BIRMINGHAM/MONTGOMERY, AL - MULO",232,232,4827929.37,0,2022-01-09,2026-06-14,0,0.0,4,0,4|0
"SUBCATEGORY_OTHER-VEGETABLES_PEAS@@BOISE, ID - MULO",232,232,2461109.39,0,2022-01-09,2026-06-14,0,0.0,3,0,3|0
"SUBCATEGORY_OTHER-VEGETABLES_PEAS@@BOSTON, MA - MULO",232,232,10000973.12,0,2022-01-09,2026-06-14,0,0.0,6,0,6|0
"SUBCATEGORY_OTHER-VEGETABLES_PEAS@@BUFFALO/ROCHESTER, NY - MULO",232,232,5956890.36,0,2022-01-09,2026-06-14,0,0.0,4,0,4|0
"SUBCATEGORY_OTHER-VEGETABLES_PEAS@@CHARLOTTE, NC - MULO",232,232,4947782.78,0,2022-01-09,2026-06-14,0,0.0,4,0,4|0
"SUBCATEGORY_OTHER-VEGETABLES_PEAS@@CHICAGO, IL - MULO",232,232,12202453.8,0,2022-01-09,2026-06-14,0,0.0,6,0,6|0
"SUBCATEGORY_OTHER-VEGETABLES_PEAS@@CINCINNATI/DAYTON, OH - MULO",232,232,6684379.7700000005,0,2022-01-09,2026-06-14,0,0.0,5,0,5|0
"SUBCATEGORY_OTHER-VEGETABLES_PEAS@@CLEVELAND, OH - MULO",232,232,3358960.39,0,2022-01-09,2026-06-14,0,0.0,3,0,3|0
"SUBCATEGORY_OTHER-VEGETABLES_PEAS@@COLUMBUS, OH - MULO",232,232,4545213.66,0,2022-01-09,2026-06-14,0,0.0,4,0,4|0
"SUBCATEGORY_OTHER-VEGETABLES_PEAS@@DALLAS/FT. WORTH, TX - MULO",232,232,11387723.19,0,2022-01-09,2026-06-14,0,0.0,6,0,6|0
"SUBCATEGORY_OTHER-VEGETABLES_PEAS@@DENVER, CO - MULO",232,232,18285965.72,0,2022-01-09,2026-06-14,0,0.0,7,0,7|0
"SUBCATEGORY_OTHER-VEGETABLES_PEAS@@DES MOINES, IA - MULO",232,232,2642541.76,0,2022-01-09,2026-06-14,0,0.0,3,0,3|0
"SUBCATEGORY_OTHER-VEGETABLES_PEAS@@DETROIT, MI - MULO",232,232,8760519.05,0,2022-01-09,2026-06-14,0,0.0,5,0,5|0
"SUBCATEGORY_OTHER-VEGETABLES_PEAS@@GRAND RAPIDS, MI - MULO",232,232,4517240.52,0,2022-01-09,2026-06-14,0,0.0,4,0,4|0
"SUBCATEGORY_OTHER-VEGETABLES_PEAS@@GREEN BAY, WI - MULO",232,232,4023831.58,0,2022-01-09,2026-06-14,0,0.0,4,0,4|0
"SUBCATEGORY_OTHER-VEGETABLES_PEAS@@HARRISBURG/SCRANTON, PA - MULO",232,232,8772930.42,0,2022-01-09,2026-06-14,0,0.0,5,0,5|0
"SUBCATEGORY_OTHER-VEGETABLES_PEAS@@HARTFORD, CT/SPRINGFIELD, MA - MULO",232,232,7732654.91,0,2022-01-09,2026-06-14,0,0.0,5,0,5|0
"SUBCATEGORY_OTHER-VEGETABLES_PEAS@@HOUSTON, TX - MULO",232,232,3805410.96,0,2022-01-09,2026-06-14,0,0.0,3,0,3|0
"SUBCATEGORY_OTHER-VEGETABLES_PEAS@@INDIANAPOLIS, IN - MULO",232,232,4293334.07,0,2022-01-09,2026-06-14,0,0.0,4,0,4|0
"SUBCATEGORY_OTHER-VEGETABLES_PEAS@@JACKSONVILLE, FL - MULO",232,232,4255005.91,0,2022-01-09,2026-06-14,0,0.0,4,0,4|0
"SUBCATEGORY_OTHER-VEGETABLES_PEAS@@KANSAS CITY, KS - MULO",232,232,3749536.4,0,2022-01-09,2026-06-14,0,0.0,3,0,3|0
"SUBCATEGORY_OTHER-VEGETABLES_PEAS@@KNOXVILLE, TN - MULO",232,232,1929695.19,0,2022-01-09,2026-06-14,0,0.0,2,0,2|0
"SUBCATEGORY_OTHER-VEGETABLES_PEAS@@LAS VEGAS, NV - MULO",232,232,4015384.8,0,2022-01-09,2026-06-14,0,0.0,4,0,4|0
"SUBCATEGORY_OTHER-VEGETABLES_PEAS@@LITTLE ROCK, AR - MULO",232,232,946881.5,0,2022-01-09,2026-06-14,0,0.0,1,0,1|0
"SUBCATEGORY_OTHER-VEGETABLES_PEAS@@LOS ANGELES, CA - MULO",232,232,23588597.22,0,2022-01-09,2026-06-14,0,0.0,7,0,7|0
"SUBCATEGORY_OTHER-VEGETABLES_PEAS@@LOUISVILLE, KY - MULO",232,232,2183759.2,0,2022-01-09,2026-06-14,0,0.0,2,0,2|0
"SUBCATEGORY_OTHER-VEGETABLES_PEAS@@MEMPHIS, TN - MULO",232,232,936699.4400000001,0,2022-01-09,2026-06-14,0,0.0,1,0,1|0
"SUBCATEGORY_OTHER-VEGETABLES_PEAS@@MIAMI/FT. LAUDERDALE, FL - MULO",232,232,10415669.95,0,2022-01-09,2026-06-14,0,0.0,6,0,6|0
"SUBCATEGORY_OTHER-VEGETABLES_PEAS@@MILWAUKEE, WI - MULO",232,232,9485009.52,0,2022-01-09,2026-06-14,0,0.0,5,0,5|0
"SUBCATEGORY_OTHER-VEGETABLES_PEAS@@MINNEAPOLIS/ST. PAUL, MN - MULO",232,232,15252806.62,0,2022-01-09,2026-06-14,0,0.0,6,0,6|0
SUBCATEGORY_OTHER-VEGETABLES_PEAS@@MISSISSIPPI - MULO,232,232,1267558.13,0,2022-01-09,2026-06-14,0,0.0,2,0,2|0
"SUBCATEGORY_OTHER-VEGETABLES_PEAS@@NASHVILLE, TN - MULO",232,232,4072959.26,0,2022-01-09,2026-06-14,0,0.0,4,0,4|0
SUBCATEGORY_OTHER-VEGETABLES_PEAS@@NEW ENGLAND - MULO,232,232,14733824.87,0,2022-01-09,2026-06-14,0,0.0,6,0,6|0
"SUBCATEGORY_OTHER-VEGETABLES_PEAS@@NEW ORLEANS, LA/MOBILE, AL - MULO",232,232,3764187.1,0,2022-01-09,2026-06-14,0,0.0,3,0,3|0
"SUBCATEGORY_OTHER-VEGETABLES_PEAS@@NEW YORK, NY - MULO",232,232,21034256.31,0,2022-01-09,2026-06-14,0,0.0,7,0,7|0
"SUBCATEGORY_OTHER-VEGETABLES_PEAS@@OKLAHOMA CITY, OK - MULO",232,232,1938556.17,0,2022-01-09,2026-06-14,0,0.0,2,0,2|0
"SUBCATEGORY_OTHER-VEGETABLES_PEAS@@OMAHA, NE - MULO",232,232,3167590.46,0,2022-01-09,2026-06-14,0,0.0,3,0,3|0
"SUBCATEGORY_OTHER-VEGETABLES_PEAS@@ORLANDO, FL - MULO",232,232,8460397.7,0,2022-01-09,2026-06-14,0,0.0,5,0,5|0
"SUBCATEGORY_OTHER-VEGETABLES_PEAS@@PEORIA/SPRINGFIELD, IL - MULO",232,232,2978212.35,0,2022-01-09,2026-06-14,0,0.0,3,0,3|0
"SUBCATEGORY_OTHER-VEGETABLES_PEAS@@PHILADELPHIA, PA - MULO",232,232,11951744.13,0,2022-01-09,2026-06-14,0,0.0,6,0,6|0
"SUBCATEGORY_OTHER-VEGETABLES_PEAS@@PHOENIX/TUCSON, AZ - MULO",232,232,12803542.43,0,2022-01-09,2026-06-14,0,0.0,6,0,6|0
"SUBCATEGORY_OTHER-VEGETABLES_PEAS@@PITTSBURGH, PA - MULO",232,232,3886934.13,0,2022-01-09,2026-06-14,0,0.0,3,0,3|0
"SUBCATEGORY_OTHER-VEGETABLES_PEAS@@PORTLAND, OR - MULO",232,232,12118290.99,0,2022-01-09,2026-06-14,0,0.0,6,0,6|0
"SUBCATEGORY_OTHER-VEGETABLES_PEAS@@PROVIDENCE, RI - MULO",232,232,1695868.53,0,2022-01-09,2026-06-14,0,0.0,2,0,2|0
"SUBCATEGORY_OTHER-VEGETABLES_PEAS@@RALEIGH/GREENSBORO, NC - MULO",232,232,6419860.04,0,2022-01-09,2026-06-14,0,0.0,5,0,5|0
"SUBCATEGORY_OTHER-VEGETABLES_PEAS@@RICHMOND/NORFOLK, VA - MULO",232,232,6524508.6,0,2022-01-09,2026-06-14,0,0.0,5,0,5|0
"SUBCATEGORY_OTHER-VEGETABLES_PEAS@@ROANOKE, VA - MULO",232,232,4263273.74,0,2022-01-09,2026-06-14,0,0.0,4,0,4|0
"SUBCATEGORY_OTHER-VEGETABLES_PEAS@@SACRAMENTO, CA - MULO",232,232,6600801.49,0,2022-01-09,2026-06-14,0,0.0,5,0,5|0
"SUBCATEGORY_OTHER-VEGETABLES_PEAS@@SALT LAKE CITY, UT - MULO",232,232,7872397.94,0,2022-01-09,2026-06-14,0,0.0,5,0,5|0
"SUBCATEGORY_OTHER-VEGETABLES_PEAS@@SAN DIEGO, CA - MULO",232,232,7261471.93,0,2022-01-09,2026-06-14,0,0.0,5,0,5|0
"SUBCATEGORY_OTHER-VEGETABLES_PEAS@@SAN FRANCISCO/OAKLAND, CA - MULO",232,232,10476335.22,0,2022-01-09,2026-06-14,0,0.0,6,0,6|0
"SUBCATEGORY_OTHER-VEGETABLES_PEAS@@SEATTLE/TACOMA, WA - MULO",232,232,12889159.88,0,2022-01-09,2026-06-14,0,0.0,6,0,6|0
SUBCATEGORY_OTHER-VEGETABLES_PEAS@@SOUTH CAROLINA - MULO,232,232,9429915.91,0,2022-01-09,2026-06-14,0,0.0,5,0,5|0
"SUBCATEGORY_OTHER-VEGETABLES_PEAS@@SPOKANE, WA - MULO",232,232,2977251.93,0,2022-01-09,2026-06-14,0,0.0,3,0,3|0
"SUBCATEGORY_OTHER-VEGETABLES_PEAS@@ST. LOUIS, MO - MULO",232,232,3878995.01,0,2022-01-09,2026-06-14,0,0.0,3,0,3|0
"SUBCATEGORY_OTHER-VEGETABLES_PEAS@@SYRACUSE, NY - MULO",232,232,2564497.01,0,2022-01-09,2026-06-14,0,0.0,3,0,3|0
"SUBCATEGORY_OTHER-VEGETABLES_PEAS@@TAMPA/ST. PETERSBURG, FL - MULO",232,232,10557515.9,0,2022-01-09,2026-06-14,0,0.0,6,0,6|0
"SUBCATEGORY_OTHER-VEGETABLES_PEAS@@TOLEDO, OH - MULO",232,232,3627929.91,0,2022-01-09,2026-06-14,0,0.0,3,0,3|0
"SUBCATEGORY_OTHER-VEGETABLES_PEAS@@TULSA, OK - MULO",232,232,1637211.93,0,2022-01-09,2026-06-14,0,0.0,2,0,2|0
SUBCATEGORY_OTHER-VEGETABLES_PEAS@@WEST TEXAS/NEW MEXICO - MULO,232,232,9104087.13,0,2022-01-09,2026-06-14,0,0.0,5,0,5|0
"SUBCATEGORY_OTHER-VEGETABLES_PEAS@@WICHITA, KS - MULO",232,232,1506392.76,0,2022-01-09,2026-06-14,0,0.0,2,0,2|0
"SUBCATEGORY_OTHER-VEGETABLES_RADISHES@@ALBANY, NY - MULO",232,232,1843677.99,0,2022-01-09,2026-06-14,0,0.0,2,0,2|0
"SUBCATEGORY_OTHER-VEGETABLES_RADISHES@@ATLANTA, GA - MULO",232,232,4257897.67,0,2022-01-09,2026-06-14,0,0.0,4,0,4|0
"SUBCATEGORY_OTHER-VEGETABLES_RADISHES@@BALTIMORE, MD/WASHINGTON D.C. - MULO",232,232,11229385.46,0,2022-01-09,2026-06-14,0,0.0,6,0,6|0
"SUBCATEGORY_OTHER-VEGETABLES_RADISHES@@BIRMINGHAM/MONTGOMERY, AL - MULO",232,232,3781435.7,0,2022-01-09,2026-06-14,0,0.0,3,0,3|0
"SUBCATEGORY_OTHER-VEGETABLES_RADISHES@@BOISE, ID - MULO",232,232,346623.46,0,2022-01-09,2026-06-14,0,0.0,0,0,0|0
"SUBCATEGORY_OTHER-VEGETABLES_RADISHES@@BOSTON, MA - MULO",232,232,3800050.98,0,2022-01-09,2026-06-14,0,0.0,3,0,3|0
"SUBCATEGORY_OTHER-VEGETABLES_RADISHES@@BUFFALO/ROCHESTER, NY - MULO",232,232,3190580.46,0,2022-01-09,2026-06-14,0,0.0,3,0,3|0
"SUBCATEGORY_OTHER-VEGETABLES_RADISHES@@CHARLOTTE, NC - MULO",232,232,3529255.14,0,2022-01-09,2026-06-14,0,0.0,3,0,3|0
"SUBCATEGORY_OTHER-VEGETABLES_RADISHES@@CHICAGO, IL - MULO",232,232,7208066.63,0,2022-01-09,2026-06-14,0,0.0,5,0,5|0
"SUBCATEGORY_OTHER-VEGETABLES_RADISHES@@CINCINNATI/DAYTON, OH - MULO",232,232,2978823.52,0,2022-01-09,2026-06-14,0,0.0,3,0,3|0
"SUBCATEGORY_OTHER-VEGETABLES_RADISHES@@CLEVELAND, OH - MULO",232,232,2083182.4,0,2022-01-09,2026-06-14,0,0.0,2,0,2|0
"SUBCATEGORY_OTHER-VEGETABLES_RADISHES@@COLUMBUS, OH - MULO",232,232,2362038.67,0,2022-01-09,2026-06-14,0,0.0,3,0,3|0
"SUBCATEGORY_OTHER-VEGETABLES_RADISHES@@DALLAS/FT. WORTH, TX - MULO",232,232,7529799.83,0,2022-01-09,2026-06-14,0,0.0,5,0,5|0
"SUBCATEGORY_OTHER-VEGETABLES_RADISHES@@DENVER, CO - MULO",232,232,3983723.4,0,2022-01-09,2026-06-14,0,0.0,4,0,4|0
"SUBCATEGORY_OTHER-VEGETABLES_RADISHES@@DES MOINES, IA - MULO",232,232,2014714.99,0,2022-01-09,2026-06-14,0,0.0,2,0,2|0
"SUBCATEGORY_OTHER-VEGETABLES_RADISHES@@DETROIT, MI - MULO",232,232,4029724.18,0,2022-01-09,2026-06-14,0,0.0,4,0,4|0
"SUBCATEGORY_OTHER-VEGETABLES_RADISHES@@GRAND RAPIDS, MI - MULO",232,232,1584188.84,0,2022-01-09,2026-06-14,0,0.0,2,0,2|0
"SUBCATEGORY_OTHER-VEGETABLES_RADISHES@@GREEN BAY, WI - MULO",232,232,1522710.86,0,2022-01-09,2026-06-14,0,0.0,2,0,2|0
"SUBCATEGORY_OTHER-VEGETABLES_RADISHES@@HARRISBURG/SCRANTON, PA - MULO",232,232,5209483.35,0,2022-01-09,2026-06-14,0,0.0,4,0,4|0
"SUBCATEGORY_OTHER-VEGETABLES_RADISHES@@HARTFORD, CT/SPRINGFIELD, MA - MULO",232,232,4300748.61,0,2022-01-09,2026-06-14,0,0.0,4,0,4|0
"SUBCATEGORY_OTHER-VEGETABLES_RADISHES@@HOUSTON, TX - MULO",232,232,2734251.15,0,2022-01-09,2026-06-14,0,0.0,3,0,3|0
"SUBCATEGORY_OTHER-VEGETABLES_RADISHES@@INDIANAPOLIS, IN - MULO",232,232,2187692.34,0,2022-01-09,2026-06-14,0,0.0,2,0,2|0
"SUBCATEGORY_OTHER-VEGETABLES_RADISHES@@JACKSONVILLE, FL - MULO",232,232,2012496.96,0,2022-01-09,2026-06-14,0,0.0,2,0,2|0
"SUBCATEGORY_OTHER-VEGETABLES_RADISHES@@KANSAS CITY, KS - MULO",232,232,3602520.8,0,2022-01-09,2026-06-14,0,0.0,3,0,3|0
"SUBCATEGORY_OTHER-VEGETABLES_RADISHES@@KNOXVILLE, TN - MULO",232,232,1663242.15,0,2022-01-09,2026-06-14,0,0.0,2,0,2|0
"SUBCATEGORY_OTHER-VEGETABLES_RADISHES@@LAS VEGAS, NV - MULO",232,232,682243.76,0,2022-01-09,2026-06-14,0,0.0,1,0,1|0
"SUBCATEGORY_OTHER-VEGETABLES_RADISHES@@LITTLE ROCK, AR - MULO",232,232,701759.03,0,2022-01-09,2026-06-14,0,0.0,1,0,1|0
"SUBCATEGORY_OTHER-VEGETABLES_RADISHES@@LOS ANGELES, CA - MULO",232,232,2679700.56,0,2022-01-09,2026-06-14,0,0.0,3,0,3|0
"SUBCATEGORY_OTHER-VEGETABLES_RADISHES@@LOUISVILLE, KY - MULO",232,232,1406221.26,0,2022-01-09,2026-06-14,0,0.0,2,0,2|0
"SUBCATEGORY_OTHER-VEGETABLES_RADISHES@@MEMPHIS, TN - MULO",232,232,1206231.46,0,2022-01-09,2026-06-14,0,0.0,2,0,2|0
"SUBCATEGORY_OTHER-VEGETABLES_RADISHES@@MIAMI/FT. LAUDERDALE, FL - MULO",232,232,7212807.37,0,2022-01-09,2026-06-14,0,0.0,5,0,5|0
"SUBCATEGORY_OTHER-VEGETABLES_RADISHES@@MILWAUKEE, WI - MULO",232,232,3529425.37,0,2022-01-09,2026-06-14,0,0.0,3,0,3|0
"SUBCATEGORY_OTHER-VEGETABLES_RADISHES@@MINNEAPOLIS/ST. PAUL, MN - MULO",232,232,5700147.1,0,2022-01-09,2026-06-14,0,0.0,4,0,4|0
SUBCATEGORY_OTHER-VEGETABLES_RADISHES@@MISSISSIPPI - MULO,232,232,1612722.07,0,2022-01-09,2026-06-14,0,0.0,2,0,2|0
"SUBCATEGORY_OTHER-VEGETABLES_RADISHES@@NASHVILLE, TN - MULO",232,232,2452871.72,0,2022-01-09,2026-06-14,0,0.0,3,0,3|0
SUBCATEGORY_OTHER-VEGETABLES_RADISHES@@NEW ENGLAND - MULO,232,232,4930500.61,0,2022-01-09,2026-06-14,0,0.0,4,0,4|0
"SUBCATEGORY_OTHER-VEGETABLES_RADISHES@@NEW ORLEANS, LA/MOBILE, AL - MULO",232,232,2257603.12,0,2022-01-09,2026-06-14,0,0.0,2,0,2|0
"SUBCATEGORY_OTHER-VEGETABLES_RADISHES@@NEW YORK, NY - MULO",232,232,9963986.64,0,2022-01-09,2026-06-14,0,0.0,6,0,6|0
"SUBCATEGORY_OTHER-VEGETABLES_RADISHES@@OKLAHOMA CITY, OK - MULO",232,232,1417667.37,0,2022-01-09,2026-06-14,0,0.0,2,0,2|0
"SUBCATEGORY_OTHER-VEGETABLES_RADISHES@@OMAHA, NE - MULO",232,232,2282300.68,0,2022-01-09,2026-06-14,0,0.0,2,0,2|0
"SUBCATEGORY_OTHER-VEGETABLES_RADISHES@@ORLANDO, FL - MULO",232,232,4444758.6,0,2022-01-09,2026-06-14,0,0.0,4,0,4|0
"SUBCATEGORY_OTHER-VEGETABLES_RADISHES@@PEORIA/SPRINGFIELD, IL - MULO",232,232,2947601.33,0,2022-01-09,2026-06-14,0,0.0,3,0,3|0
"SUBCATEGORY_OTHER-VEGETABLES_RADISHES@@PHILADELPHIA, PA - MULO",232,232,5422241.38,0,2022-01-09,2026-06-14,0,0.0,4,0,4|0
"SUBCATEGORY_OTHER-VEGETABLES_RADISHES@@PHOENIX/TUCSON, AZ - MULO",232,232,3103655.0,0,2022-01-09,2026-06-14,0,0.0,3,0,3|0
"SUBCATEGORY_OTHER-VEGETABLES_RADISHES@@PITTSBURGH, PA - MULO",232,232,3997144.22,0,2022-01-09,2026-06-14,0,0.0,4,0,4|0
"SUBCATEGORY_OTHER-VEGETABLES_RADISHES@@PORTLAND, OR - MULO",232,232,797871.8,0,2022-01-09,2026-06-14,0,0.0,1,0,1|0
"SUBCATEGORY_OTHER-VEGETABLES_RADISHES@@PROVIDENCE, RI - MULO",232,232,1097531.8,0,2022-01-09,2026-06-14,0,0.0,1,0,1|0
"SUBCATEGORY_OTHER-VEGETABLES_RADISHES@@RALEIGH/GREENSBORO, NC - MULO",232,232,4005312.05,0,2022-01-09,2026-06-14,0,0.0,4,0,4|0
"SUBCATEGORY_OTHER-VEGETABLES_RADISHES@@RICHMOND/NORFOLK, VA - MULO",232,232,2674276.94,0,2022-01-09,2026-06-14,0,0.0,3,0,3|0
"SUBCATEGORY_OTHER-VEGETABLES_RADISHES@@ROANOKE, VA - MULO",232,232,2781175.82,0,2022-01-09,2026-06-14,0,0.0,3,0,3|0
"SUBCATEGORY_OTHER-VEGETABLES_RADISHES@@SACRAMENTO, CA - MULO",232,232,722637.21,0,2022-01-09,2026-06-14,0,0.0,1,0,1|0
"SUBCATEGORY_OTHER-VEGETABLES_RADISHES@@SALT LAKE CITY, UT - MULO",232,232,1084667.95,0,2022-01-09,2026-06-14,0,0.0,1,0,1|0
"SUBCATEGORY_OTHER-VEGETABLES_RADISHES@@SAN DIEGO, CA - MULO",232,232,667931.74,0,2022-01-09,2026-06-14,0,0.0,1,0,1|0
"SUBCATEGORY_OTHER-VEGETABLES_RADISHES@@SAN FRANCISCO/OAKLAND, CA - MULO",232,232,510970.73,0,2022-01-09,2026-06-14,0,0.0,1,0,1|0
"SUBCATEGORY_OTHER-VEGETABLES_RADISHES@@SEATTLE/TACOMA, WA - MULO",232,232,1293845.87,0,2022-01-09,2026-06-14,0,0.0,2,0,2|0
SUBCATEGORY_OTHER-VEGETABLES_RADISHES@@SOUTH CAROLINA - MULO,232,232,5251185.14,0,2022-01-09,2026-06-14,0,0.0,4,0,4|0
"SUBCATEGORY_OTHER-VEGETABLES_RADISHES@@SPOKANE, WA - MULO",232,232,237432.83000000002,0,2022-01-09,2026-06-14,0,0.0,0,0,0|0
"SUBCATEGORY_OTHER-VEGETABLES_RADISHES@@ST. LOUIS, MO - MULO",232,232,3064366.24,0,2022-01-09,2026-06-14,0,0.0,3,0,3|0
"SUBCATEGORY_OTHER-VEGETABLES_RADISHES@@SYRACUSE, NY - MULO",232,232,1574213.26,0,2022-01-09,2026-06-14,0,0.0,2,0,2|0
"SUBCATEGORY_OTHER-VEGETABLES_RADISHES@@TAMPA/ST. PETERSBURG, FL - MULO",232,232,5119231.07,0,2022-01-09,2026-06-14,0,0.0,4,0,4|0
"SUBCATEGORY_OTHER-VEGETABLES_RADISHES@@TOLEDO, OH - MULO",232,232,2368575.82,0,2022-01-09,2026-06-14,0,0.0,3,0,3|0
"SUBCATEGORY_OTHER-VEGETABLES_RADISHES@@TULSA, OK - MULO",232,232,1259890.77,0,2022-01-09,2026-06-14,0,0.0,2,0,2|0
SUBCATEGORY_OTHER-VEGETABLES_RADISHES@@WEST TEXAS/NEW MEXICO - MULO,232,232,3562154.62,0,2022-01-09,2026-06-14,0,0.0,3,0,3|0
"SUBCATEGORY_OTHER-VEGETABLES_RADISHES@@WICHITA, KS - MULO",232,232,951324.04,0,2022-01-09,2026-06-14,0,0.0,1,0,1|0
"SUBCATEGORY_OTHER-VEGETABLES_SPECIALTY-VEGETABLES@@ALBANY, NY - MULO",232,232,645788.3,0,2022-01-09,2026-06-14,0,0.0,1,0,1|0
"SUBCATEGORY_OTHER-VEGETABLES_SPECIALTY-VEGETABLES@@ATLANTA, GA - MULO",232,232,9982352.82,0,2022-01-09,2026-06-14,0,0.0,6,0,6|0
"SUBCATEGORY_OTHER-VEGETABLES_SPECIALTY-VEGETABLES@@BALTIMORE, MD/WASHINGTON D.C. - MULO",232,232,9409296.47,0,2022-01-09,2026-06-14,0,0.0,5,0,5|0
"SUBCATEGORY_OTHER-VEGETABLES_SPECIALTY-VEGETABLES@@BIRMINGHAM/MONTGOMERY, AL - MULO",232,232,6090306.51,0,2022-01-09,2026-06-14,0,0.0,4,0,4|0
"SUBCATEGORY_OTHER-VEGETABLES_SPECIALTY-VEGETABLES@@BOISE, ID - MULO",232,232,393422.21,0,2022-01-09,2026-06-14,0,0.0,0,0,0|0
"SUBCATEGORY_OTHER-VEGETABLES_SPECIALTY-VEGETABLES@@BOSTON, MA - MULO",232,232,4738948.56,0,2022-01-09,2026-06-14,0,0.0,4,0,4|0
"SUBCATEGORY_OTHER-VEGETABLES_SPECIALTY-VEGETABLES@@BUFFALO/ROCHESTER, NY - MULO",232,232,1317477.74,0,2022-01-09,2026-06-14,0,0.0,2,0,2|0
"SUBCATEGORY_OTHER-VEGETABLES_SPECIALTY-VEGETABLES@@CHARLOTTE, NC - MULO",232,232,4313128.1,0,2022-01-09,2026-06-14,0,0.0,4,0,4|0
"SUBCATEGORY_OTHER-VEGETABLES_SPECIALTY-VEGETABLES@@CHICAGO, IL - MULO",232,232,2764305.72,0,2022-01-09,2026-06-14,0,0.0,3,0,3|0
"SUBCATEGORY_OTHER-VEGETABLES_SPECIALTY-VEGETABLES@@CINCINNATI/DAYTON, OH - MULO",232,232,384838.58,0,2022-01-09,2026-06-14,0,0.0,0,0,0|0
"SUBCATEGORY_OTHER-VEGETABLES_SPECIALTY-VEGETABLES@@CLEVELAND, OH - MULO",232,232,752335.65,0,2022-01-09,2026-06-14,0,0.0,1,0,1|0
"SUBCATEGORY_OTHER-VEGETABLES_SPECIALTY-VEGETABLES@@COLUMBUS, OH - MULO",232,232,373442.85,0,2022-01-09,2026-06-14,0,0.0,0,0,0|0
"SUBCATEGORY_OTHER-VEGETABLES_SPECIALTY-VEGETABLES@@DALLAS/FT. WORTH, TX - MULO",232,232,6251216.86,0,2022-01-09,2026-06-14,0,0.0,4,0,4|0
"SUBCATEGORY_OTHER-VEGETABLES_SPECIALTY-VEGETABLES@@DENVER, CO - MULO",232,232,2453559.44,0,2022-01-09,2026-06-14,0,0.0,3,0,3|0
"SUBCATEGORY_OTHER-VEGETABLES_SPECIALTY-VEGETABLES@@DES MOINES, IA - MULO",232,232,547463.95,0,2022-01-09,2026-06-14,0,0.0,1,0,1|0
"SUBCATEGORY_OTHER-VEGETABLES_SPECIALTY-VEGETABLES@@DETROIT, MI - MULO",232,232,1115094.65,0,2022-01-09,2026-06-14,0,0.0,1,0,1|0
"SUBCATEGORY_OTHER-VEGETABLES_SPECIALTY-VEGETABLES@@GRAND RAPIDS, MI - MULO",232,232,820411.02,0,2022-01-09,2026-06-14,0,0.0,1,0,1|0
"SUBCATEGORY_OTHER-VEGETABLES_SPECIALTY-VEGETABLES@@GREEN BAY, WI - MULO",232,232,264547.25,0,2022-01-09,2026-06-14,0,0.0,0,0,0|0
"SUBCATEGORY_OTHER-VEGETABLES_SPECIALTY-VEGETABLES@@HARRISBURG/SCRANTON, PA - MULO",232,232,2622964.09,0,2022-01-09,2026-06-14,0,0.0,3,0,3|0
"SUBCATEGORY_OTHER-VEGETABLES_SPECIALTY-VEGETABLES@@HARTFORD, CT/SPRINGFIELD, MA - MULO",232,232,3606385.16,0,2022-01-09,2026-06-14,0,0.0,3,0,3|0
"SUBCATEGORY_OTHER-VEGETABLES_SPECIALTY-VEGETABLES@@HOUSTON, TX - MULO",232,232,2692039.48,0,2022-01-09,2026-06-14,0,0.0,3,0,3|0
"SUBCATEGORY_OTHER-VEGETABLES_SPECIALTY-VEGETABLES@@INDIANAPOLIS, IN - MULO",232,232,573952.71,0,2022-01-09,2026-06-14,0,0.0,1,0,1|0
"SUBCATEGORY_OTHER-VEGETABLES_SPECIALTY-VEGETABLES@@JACKSONVILLE, FL - MULO",232,232,4291452.55,0,2022-01-09,2026-06-14,0,0.0,4,0,4|0
"SUBCATEGORY_OTHER-VEGETABLES_SPECIALTY-VEGETABLES@@KANSAS CITY, KS - MULO",232,232,1135555.38,0,2022-01-09,2026-06-14,0,0.0,1,0,1|0
"SUBCATEGORY_OTHER-VEGETABLES_SPECIALTY-VEGETABLES@@KNOXVILLE, TN - MULO",232,232,765774.77,0,2022-01-09,2026-06-14,0,0.0,1,0,1|0
"SUBCATEGORY_OTHER-VEGETABLES_SPECIALTY-VEGETABLES@@LAS VEGAS, NV - MULO",232,232,845742.79,0,2022-01-09,2026-06-14,0,0.0,1,0,1|0
"SUBCATEGORY_OTHER-VEGETABLES_SPECIALTY-VEGETABLES@@LITTLE ROCK, AR - MULO",232,232,596558.98,0,2022-01-09,2026-06-14,0,0.0,1,0,1|0
"SUBCATEGORY_OTHER-VEGETABLES_SPECIALTY-VEGETABLES@@LOS ANGELES, CA - MULO",232,232,22998311.33,0,2022-01-09,2026-06-14,0,0.0,7,0,7|0
"SUBCATEGORY_OTHER-VEGETABLES_SPECIALTY-VEGETABLES@@LOUISVILLE, KY - MULO",232,232,244365.89,0,2022-01-09,2026-06-14,0,0.0,0,0,0|0
"SUBCATEGORY_OTHER-VEGETABLES_SPECIALTY-VEGETABLES@@MEMPHIS, TN - MULO",232,232,719464.0,0,2022-01-09,2026-06-14,0,0.0,1,0,1|0
"SUBCATEGORY_OTHER-VEGETABLES_SPECIALTY-VEGETABLES@@MIAMI/FT. LAUDERDALE, FL - MULO",232,232,17934923.78,0,2022-01-09,2026-06-14,0,0.0,7,0,7|0
"SUBCATEGORY_OTHER-VEGETABLES_SPECIALTY-VEGETABLES@@MILWAUKEE, WI - MULO",232,232,1173702.36,0,2022-01-09,2026-06-14,0,0.0,1,0,1|0
"SUBCATEGORY_OTHER-VEGETABLES_SPECIALTY-VEGETABLES@@MINNEAPOLIS/ST. PAUL, MN - MULO",232,232,1402315.49,0,2022-01-09,2026-06-14,0,0.0,2,0,2|0
SUBCATEGORY_OTHER-VEGETABLES_SPECIALTY-VEGETABLES@@MISSISSIPPI - MULO,232,232,1790249.24,0,2022-01-09,2026-06-14,0,0.0,2,0,2|0
"SUBCATEGORY_OTHER-VEGETABLES_SPECIALTY-VEGETABLES@@NASHVILLE, TN - MULO",232,232,2280879.45,0,2022-01-09,2026-06-14,0,0.0,2,0,2|0
SUBCATEGORY_OTHER-VEGETABLES_SPECIALTY-VEGETABLES@@NEW ENGLAND - MULO,232,232,3214903.47,0,2022-01-09,2026-06-14,0,0.0,3,0,3|0
"SUBCATEGORY_OTHER-VEGETABLES_SPECIALTY-VEGETABLES@@NEW ORLEANS, LA/MOBILE, AL - MULO",232,232,2511492.66,0,2022-01-09,2026-06-14,0,0.0,3,0,3|0
"SUBCATEGORY_OTHER-VEGETABLES_SPECIALTY-VEGETABLES@@NEW YORK, NY - MULO",232,232,12342191.44,0,2022-01-09,2026-06-14,0,0.0,6,0,6|0
"SUBCATEGORY_OTHER-VEGETABLES_SPECIALTY-VEGETABLES@@OKLAHOMA CITY, OK - MULO",232,232,844479.98,0,2022-01-09,2026-06-14,0,0.0,1,0,1|0
"SUBCATEGORY_OTHER-VEGETABLES_SPECIALTY-VEGETABLES@@OMAHA, NE - MULO",232,232,994906.22,0,2022-01-09,2026-06-14,0,0.0,1,0,1|0
"SUBCATEGORY_OTHER-VEGETABLES_SPECIALTY-VEGETABLES@@ORLANDO, FL - MULO",232,232,8390895.53,0,2022-01-09,2026-06-14,0,0.0,5,0,5|0
"SUBCATEGORY_OTHER-VEGETABLES_SPECIALTY-VEGETABLES@@PEORIA/SPRINGFIELD, IL - MULO",232,232,817200.35,0,2022-01-09,2026-06-14,0,0.0,1,0,1|0
"SUBCATEGORY_OTHER-VEGETABLES_SPECIALTY-VEGETABLES@@PHILADELPHIA, PA - MULO",232,232,3429984.74,0,2022-01-09,2026-06-14,0,0.0,3,0,3|0
"SUBCATEGORY_OTHER-VEGETABLES_SPECIALTY-VEGETABLES@@PHOENIX/TUCSON, AZ - MULO",232,232,2638292.73,0,2022-01-09,2026-06-14,0,0.0,3,0,3|0
"SUBCATEGORY_OTHER-VEGETABLES_SPECIALTY-VEGETABLES@@PITTSBURGH, PA - MULO",232,232,765289.72,0,2022-01-09,2026-06-14,0,0.0,1,0,1|0
"SUBCATEGORY_OTHER-VEGETABLES_SPECIALTY-VEGETABLES@@PORTLAND, OR - MULO",232,232,1429209.27,0,2022-01-09,2026-06-14,0,0.0,2,0,2|0
"SUBCATEGORY_OTHER-VEGETABLES_SPECIALTY-VEGETABLES@@PROVIDENCE, RI - MULO",232,232,687156.45,0,2022-01-09,2026-06-14,0,0.0,1,0,1|0
"SUBCATEGORY_OTHER-VEGETABLES_SPECIALTY-VEGETABLES@@RALEIGH/GREENSBORO, NC - MULO",232,232,4548018.34,0,2022-01-09,2026-06-14,0,0.0,4,0,4|0
"SUBCATEGORY_OTHER-VEGETABLES_SPECIALTY-VEGETABLES@@RICHMOND/NORFOLK, VA - MULO",232,232,2616797.62,0,2022-01-09,2026-06-14,0,0.0,3,0,3|0
"SUBCATEGORY_OTHER-VEGETABLES_SPECIALTY-VEGETABLES@@ROANOKE, VA - MULO",232,232,963999.78,0,2022-01-09,2026-06-14,0,0.0,1,0,1|0
"SUBCATEGORY_OTHER-VEGETABLES_SPECIALTY-VEGETABLES@@SACRAMENTO, CA - MULO",232,232,1513493.97,0,2022-01-09,2026-06-14,0,0.0,2,0,2|0
"SUBCATEGORY_OTHER-VEGETABLES_SPECIALTY-VEGETABLES@@SALT LAKE CITY, UT - MULO",232,232,872251.28,0,2022-01-09,2026-06-14,0,0.0,1,0,1|0
"SUBCATEGORY_OTHER-VEGETABLES_SPECIALTY-VEGETABLES@@SAN DIEGO, CA - MULO",232,232,3213477.84,0,2022-01-09,2026-06-14,0,0.0,3,0,3|0
"SUBCATEGORY_OTHER-VEGETABLES_SPECIALTY-VEGETABLES@@SAN FRANCISCO/OAKLAND, CA - MULO",232,232,3487010.6,0,2022-01-09,2026-06-14,0,0.0,3,0,3|0
"SUBCATEGORY_OTHER-VEGETABLES_SPECIALTY-VEGETABLES@@SEATTLE/TACOMA, WA - MULO",232,232,1476415.28,0,2022-01-09,2026-06-14,0,0.0,2,0,2|0
SUBCATEGORY_OTHER-VEGETABLES_SPECIALTY-VEGETABLES@@SOUTH CAROLINA - MULO,232,232,8919956.33,0,2022-01-09,2026-06-14,0,0.0,5,0,5|0
"SUBCATEGORY_OTHER-VEGETABLES_SPECIALTY-VEGETABLES@@SPOKANE, WA - MULO",232,232,208067.26,0,2022-01-09,2026-06-14,0,0.0,0,0,0|0
"SUBCATEGORY_OTHER-VEGETABLES_SPECIALTY-VEGETABLES@@ST. LOUIS, MO - MULO",232,232,1858046.84,0,2022-01-09,2026-06-14,0,0.0,2,0,2|0
"SUBCATEGORY_OTHER-VEGETABLES_SPECIALTY-VEGETABLES@@SYRACUSE, NY - MULO",232,232,551133.71,0,2022-01-09,2026-06-14,0,0.0,1,0,1|0
"SUBCATEGORY_OTHER-VEGETABLES_SPECIALTY-VEGETABLES@@TAMPA/ST. PETERSBURG, FL - MULO",232,232,9231224.74,0,2022-01-09,2026-06-14,0,0.0,5,0,5|0
"SUBCATEGORY_OTHER-VEGETABLES_SPECIALTY-VEGETABLES@@TOLEDO, OH - MULO",232,232,403706.55,0,2022-01-09,2026-06-14,0,0.0,0,0,0|0
"SUBCATEGORY_OTHER-VEGETABLES_SPECIALTY-VEGETABLES@@TULSA, OK - MULO",232,232,558832.9,0,2022-01-09,2026-06-14,0,0.0,1,0,1|0
SUBCATEGORY_OTHER-VEGETABLES_SPECIALTY-VEGETABLES@@WEST TEXAS/NEW MEXICO - MULO,232,232,2771084.89,0,2022-01-09,2026-06-14,0,0.0,3,0,3|0
"SUBCATEGORY_OTHER-VEGETABLES_SPECIALTY-VEGETABLES@@WICHITA, KS - MULO",232,232,271635.33,0,2022-01-09,2026-06-14,0,0.0,0,0,0|0
"SUBCATEGORY_OTHER-VEGETABLES_SPROUTS@@ALBANY, NY - MULO",232,232,640320.46,0,2022-01-09,2026-06-14,0,0.0,1,0,1|0
"SUBCATEGORY_OTHER-VEGETABLES_SPROUTS@@ATLANTA, GA - MULO",232,232,1942394.23,0,2022-01-09,2026-06-14,0,0.0,2,0,2|0
"SUBCATEGORY_OTHER-VEGETABLES_SPROUTS@@BALTIMORE, MD/WASHINGTON D.C. - MULO",232,232,4100693.31,0,2022-01-09,2026-06-14,0,0.0,4,0,4|0
"SUBCATEGORY_OTHER-VEGETABLES_SPROUTS@@BIRMINGHAM/MONTGOMERY, AL - MULO",232,232,689374.31,0,2022-01-09,2026-06-14,0,0.0,1,0,1|0
"SUBCATEGORY_OTHER-VEGETABLES_SPROUTS@@BOISE, ID - MULO",232,232,553281.36,0,2022-01-09,2026-06-14,0,0.0,1,0,1|0
"SUBCATEGORY_OTHER-VEGETABLES_SPROUTS@@BOSTON, MA - MULO",232,232,2993701.72,0,2022-01-09,2026-06-14,0,0.0,3,0,3|0
"SUBCATEGORY_OTHER-VEGETABLES_SPROUTS@@BUFFALO/ROCHESTER, NY - MULO",232,232,2095626.7,0,2022-01-09,2026-06-14,0,0.0,2,0,2|0
"SUBCATEGORY_OTHER-VEGETABLES_SPROUTS@@CHARLOTTE, NC - MULO",232,232,1687633.58,0,2022-01-09,2026-06-14,0,0.0,2,0,2|0
"SUBCATEGORY_OTHER-VEGETABLES_SPROUTS@@CHICAGO, IL - MULO",232,232,3173169.59,0,2022-01-09,2026-06-14,0,0.0,3,0,3|0
"SUBCATEGORY_OTHER-VEGETABLES_SPROUTS@@CINCINNATI/DAYTON, OH - MULO",232,232,1502309.37,0,2022-01-09,2026-06-14,0,0.0,2,0,2|0
"SUBCATEGORY_OTHER-VEGETABLES_SPROUTS@@CLEVELAND, OH - MULO",232,232,1037930.76,0,2022-01-09,2026-06-14,0,0.0,1,0,1|0
"SUBCATEGORY_OTHER-VEGETABLES_SPROUTS@@COLUMBUS, OH - MULO",232,232,1319793.68,0,2022-01-09,2026-06-14,0,0.0,2,0,2|0
"SUBCATEGORY_OTHER-VEGETABLES_SPROUTS@@DALLAS/FT. WORTH, TX - MULO",232,232,2132193.6,0,2022-01-09,2026-06-14,0,0.0,2,0,2|0
"SUBCATEGORY_OTHER-VEGETABLES_SPROUTS@@DENVER, CO - MULO",232,232,3526154.33,0,2022-01-09,2026-06-14,0,0.0,3,0,3|0
"SUBCATEGORY_OTHER-VEGETABLES_SPROUTS@@DES MOINES, IA - MULO",208,232,63279.21,3,2022-01-09,2026-06-14,24,0.014423076923076924,0,0,0|0
"SUBCATEGORY_OTHER-VEGETABLES_SPROUTS@@DETROIT, MI - MULO",232,232,2423249.25,0,2022-01-09,2026-06-14,0,0.0,3,0,3|0
"SUBCATEGORY_OTHER-VEGETABLES_SPROUTS@@GRAND RAPIDS, MI - MULO",232,232,664070.89,0,2022-01-09,2026-06-14,0,0.0,1,0,1|0
"SUBCATEGORY_OTHER-VEGETABLES_SPROUTS@@GREEN BAY, WI - MULO",232,232,248145.39,0,2022-01-09,2026-06-14,0,0.0,0,0,0|0
"SUBCATEGORY_OTHER-VEGETABLES_SPROUTS@@HARRISBURG/SCRANTON, PA - MULO",232,232,1530561.53,0,2022-01-09,2026-06-14,0,0.0,2,0,2|0
"SUBCATEGORY_OTHER-VEGETABLES_SPROUTS@@HARTFORD, CT/SPRINGFIELD, MA - MULO",232,232,1698972.21,0,2022-01-09,2026-06-14,0,0.0,2,0,2|0
"SUBCATEGORY_OTHER-VEGETABLES_SPROUTS@@HOUSTON, TX - MULO",232,232,1057313.89,0,2022-01-09,2026-06-14,0,0.0,1,0,1|0
"SUBCATEGORY_OTHER-VEGETABLES_SPROUTS@@INDIANAPOLIS, IN - MULO",232,232,887535.75,0,2022-01-09,2026-06-14,0,0.0,1,0,1|0
"SUBCATEGORY_OTHER-VEGETABLES_SPROUTS@@JACKSONVILLE, FL - MULO",232,232,917803.91,0,2022-01-09,2026-06-14,0,0.0,1,0,1|0
"SUBCATEGORY_OTHER-VEGETABLES_SPROUTS@@KANSAS CITY, KS - MULO",232,232,241559.48,0,2022-01-09,2026-06-14,0,0.0,0,0,0|0
"SUBCATEGORY_OTHER-VEGETABLES_SPROUTS@@KNOXVILLE, TN - MULO",232,232,421374.41,0,2022-01-09,2026-06-14,0,0.0,0,0,0|0
"SUBCATEGORY_OTHER-VEGETABLES_SPROUTS@@LAS VEGAS, NV - MULO",232,232,1421942.7,0,2022-01-09,2026-06-14,0,0.0,2,0,2|0
"SUBCATEGORY_OTHER-VEGETABLES_SPROUTS@@LITTLE ROCK, AR - MULO",232,232,135035.99,0,2022-01-09,2026-06-14,0,0.0,0,0,0|0
"SUBCATEGORY_OTHER-VEGETABLES_SPROUTS@@LOS ANGELES, CA - MULO",232,232,14726025.38,0,2022-01-09,2026-06-14,0,0.0,6,0,6|0
"SUBCATEGORY_OTHER-VEGETABLES_SPROUTS@@LOUISVILLE, KY - MULO",232,232,472792.62,0,2022-01-09,2026-06-14,0,0.0,1,0,1|0
"SUBCATEGORY_OTHER-VEGETABLES_SPROUTS@@MEMPHIS, TN - MULO",232,232,223531.81,0,2022-01-09,2026-06-14,0,0.0,0,0,0|0
"SUBCATEGORY_OTHER-VEGETABLES_SPROUTS@@MIAMI/FT. LAUDERDALE, FL - MULO",232,232,5149736.86,0,2022-01-09,2026-06-14,0,0.0,4,0,4|0
"SUBCATEGORY_OTHER-VEGETABLES_SPROUTS@@MILWAUKEE, WI - MULO",232,232,898600.76,0,2022-01-09,2026-06-14,0,0.0,1,0,1|0
"SUBCATEGORY_OTHER-VEGETABLES_SPROUTS@@MINNEAPOLIS/ST. PAUL, MN - MULO",232,232,1695905.24,0,2022-01-09,2026-06-14,0,0.0,2,0,2|0
SUBCATEGORY_OTHER-VEGETABLES_SPROUTS@@MISSISSIPPI - MULO,232,232,175587.43,0,2022-01-09,2026-06-14,0,0.0,0,0,0|0
"SUBCATEGORY_OTHER-VEGETABLES_SPROUTS@@NASHVILLE, TN - MULO",232,232,936216.16,0,2022-01-09,2026-06-14,0,0.0,1,0,1|0
SUBCATEGORY_OTHER-VEGETABLES_SPROUTS@@NEW ENGLAND - MULO,232,232,4504817.22,0,2022-01-09,2026-06-14,0,0.0,4,0,4|0
"SUBCATEGORY_OTHER-VEGETABLES_SPROUTS@@NEW ORLEANS, LA/MOBILE, AL - MULO",232,232,532139.58,0,2022-01-09,2026-06-14,0,0.0,1,0,1|0
"SUBCATEGORY_OTHER-VEGETABLES_SPROUTS@@NEW YORK, NY - MULO",232,232,4784092.86,0,2022-01-09,2026-06-14,0,0.0,4,0,4|0
"SUBCATEGORY_OTHER-VEGETABLES_SPROUTS@@OKLAHOMA CITY, OK - MULO",232,232,272188.27,0,2022-01-09,2026-06-14,0,0.0,0,0,0|0
"SUBCATEGORY_OTHER-VEGETABLES_SPROUTS@@OMAHA, NE - MULO",232,232,185545.21,0,2022-01-09,2026-06-14,0,0.0,0,0,0|0
"SUBCATEGORY_OTHER-VEGETABLES_SPROUTS@@ORLANDO, FL - MULO",232,232,1992487.0,0,2022-01-09,2026-06-14,0,0.0,2,0,2|0
"SUBCATEGORY_OTHER-VEGETABLES_SPROUTS@@PEORIA/SPRINGFIELD, IL - MULO",232,232,286025.73,0,2022-01-09,2026-06-14,0,0.0,0,0,0|0
"SUBCATEGORY_OTHER-VEGETABLES_SPROUTS@@PHILADELPHIA, PA - MULO",232,232,2223557.34,0,2022-01-09,2026-06-14,0,0.0,2,0,2|0
"SUBCATEGORY_OTHER-VEGETABLES_SPROUTS@@PHOENIX/TUCSON, AZ - MULO",232,232,4256964.23,0,2022-01-09,2026-06-14,0,0.0,4,0,4|0
"SUBCATEGORY_OTHER-VEGETABLES_SPROUTS@@PITTSBURGH, PA - MULO",232,232,458449.08,0,2022-01-09,2026-06-14,0,0.0,1,0,1|0
"SUBCATEGORY_OTHER-VEGETABLES_SPROUTS@@PORTLAND, OR - MULO",232,232,4465617.99,0,2022-01-09,2026-06-14,0,0.0,4,0,4|0
"SUBCATEGORY_OTHER-VEGETABLES_SPROUTS@@PROVIDENCE, RI - MULO",232,232,540970.06,0,2022-01-09,2026-06-14,0,0.0,1,0,1|0
"SUBCATEGORY_OTHER-VEGETABLES_SPROUTS@@RALEIGH/GREENSBORO, NC - MULO",232,232,2180267.91,0,2022-01-09,2026-06-14,0,0.0,2,0,2|0
"SUBCATEGORY_OTHER-VEGETABLES_SPROUTS@@RICHMOND/NORFOLK, VA - MULO",232,232,1573556.52,0,2022-01-09,2026-06-14,0,0.0,2,0,2|0
"SUBCATEGORY_OTHER-VEGETABLES_SPROUTS@@ROANOKE, VA - MULO",232,232,759048.08,0,2022-01-09,2026-06-14,0,0.0,1,0,1|0
"SUBCATEGORY_OTHER-VEGETABLES_SPROUTS@@SACRAMENTO, CA - MULO",232,232,3841669.79,0,2022-01-09,2026-06-14,0,0.0,3,0,3|0
"SUBCATEGORY_OTHER-VEGETABLES_SPROUTS@@SALT LAKE CITY, UT - MULO",232,232,1845002.33,0,2022-01-09,2026-06-14,0,0.0,2,0,2|0
"SUBCATEGORY_OTHER-VEGETABLES_SPROUTS@@SAN DIEGO, CA - MULO",232,232,4329754.51,0,2022-01-09,2026-06-14,0,0.0,4,0,4|0
"SUBCATEGORY_OTHER-VEGETABLES_SPROUTS@@SAN FRANCISCO/OAKLAND, CA - MULO",232,232,8215791.32,0,2022-01-09,2026-06-14,0,0.0,5,0,5|0
"SUBCATEGORY_OTHER-VEGETABLES_SPROUTS@@SEATTLE/TACOMA, WA - MULO",232,232,5372127.85,0,2022-01-09,2026-06-14,0,0.0,4,0,4|0
SUBCATEGORY_OTHER-VEGETABLES_SPROUTS@@SOUTH CAROLINA - MULO,232,232,2702456.74,0,2022-01-09,2026-06-14,0,0.0,3,0,3|0
"SUBCATEGORY_OTHER-VEGETABLES_SPROUTS@@SPOKANE, WA - MULO",232,232,1259895.32,0,2022-01-09,2026-06-14,0,0.0,2,0,2|0
"SUBCATEGORY_OTHER-VEGETABLES_SPROUTS@@ST. LOUIS, MO - MULO",232,232,679308.89,0,2022-01-09,2026-06-14,0,0.0,1,0,1|0
"SUBCATEGORY_OTHER-VEGETABLES_SPROUTS@@SYRACUSE, NY - MULO",232,232,706441.06,0,2022-01-09,2026-06-14,0,0.0,1,0,1|0
"SUBCATEGORY_OTHER-VEGETABLES_SPROUTS@@TAMPA/ST. PETERSBURG, FL - MULO",232,232,2189103.0,0,2022-01-09,2026-06-14,0,0.0,2,0,2|0
"SUBCATEGORY_OTHER-VEGETABLES_SPROUTS@@TOLEDO, OH - MULO",232,232,669490.81,0,2022-01-09,2026-06-14,0,0.0,1,0,1|0
"SUBCATEGORY_OTHER-VEGETABLES_SPROUTS@@TULSA, OK - MULO",207,232,60250.01,0,2022-01-09,2026-06-14,25,0.0,0,0,0|0
SUBCATEGORY_OTHER-VEGETABLES_SPROUTS@@WEST TEXAS/NEW MEXICO - MULO,232,232,2160157.59,0,2022-01-09,2026-06-14,0,0.0,2,0,2|0
"SUBCATEGORY_OTHER-VEGETABLES_SPROUTS@@WICHITA, KS - MULO",232,232,179204.01,0,2022-01-09,2026-06-14,0,0.0,0,0,0|0
"SUBCATEGORY_PEARS_ANJOU-PEARS@@ALBANY, NY - MULO",229,232,330190.51,10,2022-01-09,2026-06-14,3,0.043668122270742356,0,0,0|0
"SUBCATEGORY_PEARS_ANJOU-PEARS@@ATLANTA, GA - MULO",232,232,1507735.35,8,2022-01-09,2026-06-14,0,0.034482758620689655,2,0,2|0
"SUBCATEGORY_PEARS_ANJOU-PEARS@@BALTIMORE, MD/WASHINGTON D.C. - MULO",232,232,7292686.97,0,2022-01-09,2026-06-14,0,0.0,5,0,5|0
"SUBCATEGORY_PEARS_ANJOU-PEARS@@BIRMINGHAM/MONTGOMERY, AL - MULO",230,232,716569.76,13,2022-01-09,2026-06-14,2,0.05652173913043478,1,1,1|1
"SUBCATEGORY_PEARS_ANJOU-PEARS@@BOISE, ID - MULO",209,232,76385.23,32,2022-01-09,2026-06-14,23,0.15311004784688995,0,1,0|1
"SUBCATEGORY_PEARS_ANJOU-PEARS@@BOSTON, MA - MULO",229,232,2024815.54,3,2022-01-09,2026-06-14,3,0.013100436681222707,2,0,2|0
"SUBCATEGORY_PEARS_ANJOU-PEARS@@BUFFALO/ROCHESTER, NY - MULO",231,232,1109187.88,0,2022-01-09,2026-06-14,1,0.0,1,0,1|0
"SUBCATEGORY_PEARS_ANJOU-PEARS@@CHARLOTTE, NC - MULO",232,232,1417692.33,5,2022-01-09,2026-06-14,0,0.021551724137931036,2,0,2|0
"SUBCATEGORY_PEARS_ANJOU-PEARS@@CHICAGO, IL - MULO",230,232,6285143.86,7,2022-01-09,2026-06-14,2,0.030434782608695653,4,0,4|0
"SUBCATEGORY_PEARS_ANJOU-PEARS@@CINCINNATI/DAYTON, OH - MULO",223,232,917905.9,9,2022-01-09,2026-06-14,9,0.04035874439461883,1,0,1|0
"SUBCATEGORY_PEARS_ANJOU-PEARS@@CLEVELAND, OH - MULO",232,232,999087.15,11,2022-01-09,2026-06-14,0,0.04741379310344827,1,0,1|0
"SUBCATEGORY_PEARS_ANJOU-PEARS@@COLUMBUS, OH - MULO",232,232,993255.66,8,2022-01-09,2026-06-14,0,0.034482758620689655,1,0,1|0
"SUBCATEGORY_PEARS_ANJOU-PEARS@@DALLAS/FT. WORTH, TX - MULO",215,232,2800754.97,11,2022-01-09,2026-06-14,17,0.05116279069767442,3,1,3|1
"SUBCATEGORY_PEARS_ANJOU-PEARS@@DENVER, CO - MULO",223,232,914821.82,16,2022-01-09,2026-06-14,9,0.07174887892376682,1,1,1|1
"SUBCATEGORY_PEARS_ANJOU-PEARS@@DES MOINES, IA - MULO",221,232,397663.57,38,2022-01-09,2026-06-14,11,0.17194570135746606,0,1,0|1
"SUBCATEGORY_PEARS_ANJOU-PEARS@@DETROIT, MI - MULO",232,232,1801204.68,6,2022-01-09,2026-06-14,0,0.02586206896551724,2,0,2|0
"SUBCATEGORY_PEARS_ANJOU-PEARS@@GRAND RAPIDS, MI - MULO",212,232,985747.58,22,2022-01-09,2026-06-14,20,0.10377358490566038,1,1,1|1
"SUBCATEGORY_PEARS_ANJOU-PEARS@@GREEN BAY, WI - MULO",219,232,456294.85,30,2022-01-09,2026-06-14,13,0.136986301369863,1,1,1|1
"SUBCATEGORY_PEARS_ANJOU-PEARS@@HARRISBURG/SCRANTON, PA - MULO",232,232,1863973.73,1,2022-01-09,2026-06-14,0,0.004310344827586207,2,0,2|0
"SUBCATEGORY_PEARS_ANJOU-PEARS@@HARTFORD, CT/SPRINGFIELD, MA - MULO",230,232,980346.85,10,2022-01-09,2026-06-14,2,0.043478260869565216,1,0,1|0
"SUBCATEGORY_PEARS_ANJOU-PEARS@@HOUSTON, TX - MULO",213,228,475321.92,51,2022-02-06,2026-06-14,15,0.23943661971830985,1,2,1|2
"SUBCATEGORY_PEARS_ANJOU-PEARS@@INDIANAPOLIS, IN - MULO",231,232,721730.38,10,2022-01-09,2026-06-14,1,0.04329004329004329,1,0,1|0
"SUBCATEGORY_PEARS_ANJOU-PEARS@@JACKSONVILLE, FL - MULO",231,232,542120.93,7,2022-01-09,2026-06-14,1,0.030303030303030304,1,0,1|0
"SUBCATEGORY_PEARS_ANJOU-PEARS@@KANSAS CITY, KS - MULO",216,232,674304.36,18,2022-01-09,2026-06-14,16,0.08333333333333333,1,1,1|1
"SUBCATEGORY_PEARS_ANJOU-PEARS@@KNOXVILLE, TN - MULO",231,232,138879.39,14,2022-01-09,2026-06-14,1,0.06060606060606061,0,1,0|1
"SUBCATEGORY_PEARS_ANJOU-PEARS@@LAS VEGAS, NV - MULO",221,232,499664.78,17,2022-01-09,2026-06-14,11,0.07692307692307693,1,1,1|1
"SUBCATEGORY_PEARS_ANJOU-PEARS@@LITTLE ROCK, AR - MULO",212,232,175828.13,43,2022-01-09,2026-06-14,20,0.2028301886792453,0,2,0|2
"SUBCATEGORY_PEARS_ANJOU-PEARS@@LOS ANGELES, CA - MULO",225,232,3553892.02,5,2022-01-09,2026-06-14,7,0.022222222222222223,3,0,3|0
"SUBCATEGORY_PEARS_ANJOU-PEARS@@LOUISVILLE, KY - MULO",230,232,424613.02,16,2022-01-09,2026-06-14,2,0.06956521739130435,0,1,0|1
"SUBCATEGORY_PEARS_ANJOU-PEARS@@MEMPHIS, TN - MULO",198,226,330906.92,18,2022-02-20,2026-06-14,28,0.09090909090909091,0,1,0|1
"SUBCATEGORY_PEARS_ANJOU-PEARS@@MIAMI/FT. LAUDERDALE, FL - MULO",231,232,2409400.26,4,2022-01-09,2026-06-14,1,0.017316017316017316,3,0,3|0
"SUBCATEGORY_PEARS_ANJOU-PEARS@@MILWAUKEE, WI - MULO",220,232,1365488.49,18,2022-01-09,2026-06-14,12,0.08181818181818182,2,1,2|1
"SUBCATEGORY_PEARS_ANJOU-PEARS@@MINNEAPOLIS/ST. PAUL, MN - MULO",225,232,1826107.41,36,2022-01-09,2026-06-14,7,0.16,2,1,2|1
SUBCATEGORY_PEARS_ANJOU-PEARS@@MISSISSIPPI - MULO,216,232,315141.23,13,2022-01-09,2026-06-14,16,0.06018518518518518,0,1,0|1
"SUBCATEGORY_PEARS_ANJOU-PEARS@@NASHVILLE, TN - MULO",231,231,596309.83,14,2022-01-16,2026-06-14,0,0.06060606060606061,1,1,1|1
SUBCATEGORY_PEARS_ANJOU-PEARS@@NEW ENGLAND - MULO,229,232,584698.65,5,2022-01-09,2026-06-14,3,0.021834061135371178,1,0,1|0
"SUBCATEGORY_PEARS_ANJOU-PEARS@@NEW ORLEANS, LA/MOBILE, AL - MULO",226,232,532660.68,34,2022-01-09,2026-06-14,6,0.1504424778761062,1,1,1|1
"SUBCATEGORY_PEARS_ANJOU-PEARS@@NEW YORK, NY - MULO",232,232,5429531.96,0,2022-01-09,2026-06-14,0,0.0,4,0,4|0
"SUBCATEGORY_PEARS_ANJOU-PEARS@@OKLAHOMA CITY, OK - MULO",216,230,807335.62,31,2022-01-23,2026-06-14,14,0.14351851851851852,1,1,1|1
"SUBCATEGORY_PEARS_ANJOU-PEARS@@OMAHA, NE - MULO",224,232,508958.67,30,2022-01-09,2026-06-14,8,0.13392857142857142,1,1,1|1
"SUBCATEGORY_PEARS_ANJOU-PEARS@@ORLANDO, FL - MULO",232,232,1239275.44,6,2022-01-09,2026-06-14,0,0.02586206896551724,2,0,2|0
"SUBCATEGORY_PEARS_ANJOU-PEARS@@PEORIA/SPRINGFIELD, IL - MULO",227,232,864062.55,19,2022-01-09,2026-06-14,5,0.08370044052863436,1,1,1|1
"SUBCATEGORY_PEARS_ANJOU-PEARS@@PHILADELPHIA, PA - MULO",232,232,1983068.13,1,2022-01-09,2026-06-14,0,0.004310344827586207,2,0,2|0
"SUBCATEGORY_PEARS_ANJOU-PEARS@@PHOENIX/TUCSON, AZ - MULO",227,230,1046907.29,6,2022-01-23,2026-06-14,3,0.02643171806167401,1,0,1|0
"SUBCATEGORY_PEARS_ANJOU-PEARS@@PITTSBURGH, PA - MULO",232,232,1431491.62,10,2022-01-09,2026-06-14,0,0.04310344827586207,2,0,2|0
"SUBCATEGORY_PEARS_ANJOU-PEARS@@PORTLAND, OR - MULO",224,232,543209.22,20,2022-01-09,2026-06-14,8,0.08928571428571429,1,1,1|1
"SUBCATEGORY_PEARS_ANJOU-PEARS@@PROVIDENCE, RI - MULO",228,232,244231.3,8,2022-01-09,2026-06-14,4,0.03508771929824561,0,0,0|0
"SUBCATEGORY_PEARS_ANJOU-PEARS@@RALEIGH/GREENSBORO, NC - MULO",232,232,1553871.18,0,2022-01-09,2026-06-14,0,0.0,2,0,2|0
"SUBCATEGORY_PEARS_ANJOU-PEARS@@RICHMOND/NORFOLK, VA - MULO",232,232,1077223.22,0,2022-01-09,2026-06-14,0,0.0,1,0,1|0
"SUBCATEGORY_PEARS_ANJOU-PEARS@@ROANOKE, VA - MULO",230,232,642488.01,9,2022-01-09,2026-06-14,2,0.0391304347826087,1,0,1|0
"SUBCATEGORY_PEARS_ANJOU-PEARS@@SACRAMENTO, CA - MULO",222,232,458476.19,46,2022-01-09,2026-06-14,10,0.2072072072072072,1,2,1|2
"SUBCATEGORY_PEARS_ANJOU-PEARS@@SALT LAKE CITY, UT - MULO",222,232,434127.4,19,2022-01-09,2026-06-14,10,0.08558558558558559,0,1,0|1
"SUBCATEGORY_PEARS_ANJOU-PEARS@@SAN DIEGO, CA - MULO",225,232,686836.77,14,2022-01-09,2026-06-14,7,0.06222222222222222,1,1,1|1
"SUBCATEGORY_PEARS_ANJOU-PEARS@@SAN FRANCISCO/OAKLAND, CA - MULO",216,232,196404.57,47,2022-01-09,2026-06-14,16,0.2175925925925926,0,2,0|2
"SUBCATEGORY_PEARS_ANJOU-PEARS@@SEATTLE/TACOMA, WA - MULO",191,232,188638.45,42,2022-01-09,2026-06-14,41,0.2198952879581152,0,2,0|2
SUBCATEGORY_PEARS_ANJOU-PEARS@@SOUTH CAROLINA - MULO,232,232,1676202.53,1,2022-01-09,2026-06-14,0,0.004310344827586207,2,0,2|0
"SUBCATEGORY_PEARS_ANJOU-PEARS@@SPOKANE, WA - MULO",205,232,64548.57,31,2022-01-09,2026-06-14,27,0.15121951219512195,0,1,0|1
"SUBCATEGORY_PEARS_ANJOU-PEARS@@ST. LOUIS, MO - MULO",221,232,898474.91,49,2022-01-09,2026-06-14,11,0.22171945701357465,1,2,1|2
"SUBCATEGORY_PEARS_ANJOU-PEARS@@SYRACUSE, NY - MULO",230,232,412998.75,6,2022-01-09,2026-06-14,2,0.02608695652173913,0,0,0|0
"SUBCATEGORY_PEARS_ANJOU-PEARS@@TAMPA/ST. PETERSBURG, FL - MULO",231,232,1104960.69,6,2022-01-09,2026-06-14,1,0.025974025974025976,1,0,1|0
"SUBCATEGORY_PEARS_ANJOU-PEARS@@TOLEDO, OH - MULO",231,232,523239.87,13,2022-01-09,2026-06-14,1,0.05627705627705628,1,1,1|1
"SUBCATEGORY_PEARS_ANJOU-PEARS@@TULSA, OK - MULO",221,232,310557.0,60,2022-01-09,2026-06-14,11,0.27149321266968324,0,2,0|2
SUBCATEGORY_PEARS_ANJOU-PEARS@@WEST TEXAS/NEW MEXICO - MULO,226,232,1556443.81,26,2022-01-09,2026-06-14,6,0.11504424778761062,2,1,2|1
"SUBCATEGORY_PEARS_ANJOU-PEARS@@WICHITA, KS - MULO",219,232,221758.51,25,2022-01-09,2026-06-14,13,0.1141552511415525,0,1,0|1
"SUBCATEGORY_PEARS_BARTLETT-PEARS@@ALBANY, NY - MULO",232,232,1406737.6199999999,0,2022-01-09,2026-06-14,0,0.0,2,0,2|0
"SUBCATEGORY_PEARS_BARTLETT-PEARS@@ATLANTA, GA - MULO",232,232,8049400.5,0,2022-01-09,2026-06-14,0,0.0,5,0,5|0
"SUBCATEGORY_PEARS_BARTLETT-PEARS@@BALTIMORE, MD/WASHINGTON D.C. - MULO",232,232,7422694.44,0,2022-01-09,2026-06-14,0,0.0,5,0,5|0
"SUBCATEGORY_PEARS_BARTLETT-PEARS@@BIRMINGHAM/MONTGOMERY, AL - MULO",232,232,5125026.82,0,2022-01-09,2026-06-14,0,0.0,4,0,4|0
"SUBCATEGORY_PEARS_BARTLETT-PEARS@@BOISE, ID - MULO",232,232,482480.42,0,2022-01-09,2026-06-14,0,0.0,1,0,1|0
"SUBCATEGORY_PEARS_BARTLETT-PEARS@@BOSTON, MA - MULO",232,232,4017745.26,0,2022-01-09,2026-06-14,0,0.0,4,0,4|0
"SUBCATEGORY_PEARS_BARTLETT-PEARS@@BUFFALO/ROCHESTER, NY - MULO",232,232,5824689.26,0,2022-01-09,2026-06-14,0,0.0,4,0,4|0
"SUBCATEGORY_PEARS_BARTLETT-PEARS@@CHARLOTTE, NC - MULO",232,232,2793876.53,0,2022-01-09,2026-06-14,0,0.0,3,0,3|0
"SUBCATEGORY_PEARS_BARTLETT-PEARS@@CHICAGO, IL - MULO",232,232,5502999.29,0,2022-01-09,2026-06-14,0,0.0,4,0,4|0
"SUBCATEGORY_PEARS_BARTLETT-PEARS@@CINCINNATI/DAYTON, OH - MULO",232,232,3524917.65,0,2022-01-09,2026-06-14,0,0.0,3,0,3|0
"SUBCATEGORY_PEARS_BARTLETT-PEARS@@CLEVELAND, OH - MULO",232,232,3413063.22,0,2022-01-09,2026-06-14,0,0.0,3,0,3|0
"SUBCATEGORY_PEARS_BARTLETT-PEARS@@COLUMBUS, OH - MULO",232,232,3216155.31,0,2022-01-09,2026-06-14,0,0.0,3,0,3|0
"SUBCATEGORY_PEARS_BARTLETT-PEARS@@DALLAS/FT. WORTH, TX - MULO",232,232,10241856.27,0,2022-01-09,2026-06-14,0,0.0,6,0,6|0
"SUBCATEGORY_PEARS_BARTLETT-PEARS@@DENVER, CO - MULO",232,232,5005080.86,0,2022-01-09,2026-06-14,0,0.0,4,0,4|0
"SUBCATEGORY_PEARS_BARTLETT-PEARS@@DES MOINES, IA - MULO",232,232,1026226.42,6,2022-01-09,2026-06-14,0,0.02586206896551724,1,0,1|0
"SUBCATEGORY_PEARS_BARTLETT-PEARS@@DETROIT, MI - MULO",232,232,4480216.67,2,2022-01-09,2026-06-14,0,0.008620689655172414,4,0,4|0
"SUBCATEGORY_PEARS_BARTLETT-PEARS@@GRAND RAPIDS, MI - MULO",232,232,1960371.82,2,2022-01-09,2026-06-14,0,0.008620689655172414,2,0,2|0
"SUBCATEGORY_PEARS_BARTLETT-PEARS@@GREEN BAY, WI - MULO",232,232,636473.12,0,2022-01-09,2026-06-14,0,0.0,1,0,1|0
"SUBCATEGORY_PEARS_BARTLETT-PEARS@@HARRISBURG/SCRANTON, PA - MULO",232,232,4494074.15,0,2022-01-09,2026-06-14,0,0.0,4,0,4|0
"SUBCATEGORY_PEARS_BARTLETT-PEARS@@HARTFORD, CT/SPRINGFIELD, MA - MULO",232,232,4121771.98,0,2022-01-09,2026-06-14,0,0.0,4,0,4|0
"SUBCATEGORY_PEARS_BARTLETT-PEARS@@HOUSTON, TX - MULO",232,232,6481827.01,0,2022-01-09,2026-06-14,0,0.0,5,0,5|0
"SUBCATEGORY_PEARS_BARTLETT-PEARS@@INDIANAPOLIS, IN - MULO",232,232,2807285.27,0,2022-01-09,2026-06-14,0,0.0,3,0,3|0
"SUBCATEGORY_PEARS_BARTLETT-PEARS@@JACKSONVILLE, FL - MULO",232,232,3450276.0,0,2022-01-09,2026-06-14,0,0.0,3,0,3|0
"SUBCATEGORY_PEARS_BARTLETT-PEARS@@KANSAS CITY, KS - MULO",232,232,3092145.53,0,2022-01-09,2026-06-14,0,0.0,3,0,3|0
"SUBCATEGORY_PEARS_BARTLETT-PEARS@@KNOXVILLE, TN - MULO",232,232,1240851.19,0,2022-01-09,2026-06-14,0,0.0,2,0,2|0
"SUBCATEGORY_PEARS_BARTLETT-PEARS@@LAS VEGAS, NV - MULO",232,232,2014997.69,0,2022-01-09,2026-06-14,0,0.0,2,0,2|0
"SUBCATEGORY_PEARS_BARTLETT-PEARS@@LITTLE ROCK, AR - MULO",232,232,795745.74,0,2022-01-09,2026-06-14,0,0.0,1,0,1|0
"SUBCATEGORY_PEARS_BARTLETT-PEARS@@LOS ANGELES, CA - MULO",232,232,7124788.01,0,2022-01-09,2026-06-14,0,0.0,5,0,5|0
"SUBCATEGORY_PEARS_BARTLETT-PEARS@@LOUISVILLE, KY - MULO",232,232,1507193.8,0,2022-01-09,2026-06-14,0,0.0,2,0,2|0
"SUBCATEGORY_PEARS_BARTLETT-PEARS@@MEMPHIS, TN - MULO",232,232,1768178.7,0,2022-01-09,2026-06-14,0,0.0,2,0,2|0
"SUBCATEGORY_PEARS_BARTLETT-PEARS@@MIAMI/FT. LAUDERDALE, FL - MULO",232,232,12522449.54,0,2022-01-09,2026-06-14,0,0.0,6,0,6|0
"SUBCATEGORY_PEARS_BARTLETT-PEARS@@MILWAUKEE, WI - MULO",232,232,1756126.9,1,2022-01-09,2026-06-14,0,0.004310344827586207,2,0,2|0
"SUBCATEGORY_PEARS_BARTLETT-PEARS@@MINNEAPOLIS/ST. PAUL, MN - MULO",232,232,4438291.84,0,2022-01-09,2026-06-14,0,0.0,4,0,4|0
SUBCATEGORY_PEARS_BARTLETT-PEARS@@MISSISSIPPI - MULO,232,232,1864477.98,0,2022-01-09,2026-06-14,0,0.0,2,0,2|0
"SUBCATEGORY_PEARS_BARTLETT-PEARS@@NASHVILLE, TN - MULO",232,232,3344203.13,0,2022-01-09,2026-06-14,0,0.0,3,0,3|0
SUBCATEGORY_PEARS_BARTLETT-PEARS@@NEW ENGLAND - MULO,232,232,2568911.07,0,2022-01-09,2026-06-14,0,0.0,3,0,3|0
"SUBCATEGORY_PEARS_BARTLETT-PEARS@@NEW ORLEANS, LA/MOBILE, AL - MULO",232,232,4012400.48,0,2022-01-09,2026-06-14,0,0.0,4,0,4|0
"SUBCATEGORY_PEARS_BARTLETT-PEARS@@NEW YORK, NY - MULO",232,232,15148266.81,0,2022-01-09,2026-06-14,0,0.0,6,0,6|0
"SUBCATEGORY_PEARS_BARTLETT-PEARS@@OKLAHOMA CITY, OK - MULO",232,232,1851354.47,2,2022-01-09,2026-06-14,0,0.008620689655172414,2,0,2|0
"SUBCATEGORY_PEARS_BARTLETT-PEARS@@OMAHA, NE - MULO",232,232,1791531.38,0,2022-01-09,2026-06-14,0,0.0,2,0,2|0
"SUBCATEGORY_PEARS_BARTLETT-PEARS@@ORLANDO, FL - MULO",232,232,9328194.49,0,2022-01-09,2026-06-14,0,0.0,5,0,5|0
"SUBCATEGORY_PEARS_BARTLETT-PEARS@@PEORIA/SPRINGFIELD, IL - MULO",232,232,1276249.89,0,2022-01-09,2026-06-14,0,0.0,2,0,2|0
"SUBCATEGORY_PEARS_BARTLETT-PEARS@@PHILADELPHIA, PA - MULO",232,232,7576335.46,0,2022-01-09,2026-06-14,0,0.0,5,0,5|0
"SUBCATEGORY_PEARS_BARTLETT-PEARS@@PHOENIX/TUCSON, AZ - MULO",232,232,4469718.99,0,2022-01-09,2026-06-14,0,0.0,4,0,4|0
"SUBCATEGORY_PEARS_BARTLETT-PEARS@@PITTSBURGH, PA - MULO",232,232,3449704.32,0,2022-01-09,2026-06-14,0,0.0,3,0,3|0
"SUBCATEGORY_PEARS_BARTLETT-PEARS@@PORTLAND, OR - MULO",232,232,3142085.4,0,2022-01-09,2026-06-14,0,0.0,3,0,3|0
"SUBCATEGORY_PEARS_BARTLETT-PEARS@@PROVIDENCE, RI - MULO",232,232,983185.88,0,2022-01-09,2026-06-14,0,0.0,1,0,1|0
"SUBCATEGORY_PEARS_BARTLETT-PEARS@@RALEIGH/GREENSBORO, NC - MULO",232,232,3996626.0300000003,0,2022-01-09,2026-06-14,0,0.0,4,0,4|0
"SUBCATEGORY_PEARS_BARTLETT-PEARS@@RICHMOND/NORFOLK, VA - MULO",232,232,2945200.9,0,2022-01-09,2026-06-14,0,0.0,3,0,3|0
"SUBCATEGORY_PEARS_BARTLETT-PEARS@@ROANOKE, VA - MULO",232,232,2177000.09,0,2022-01-09,2026-06-14,0,0.0,2,0,2|0
"SUBCATEGORY_PEARS_BARTLETT-PEARS@@SACRAMENTO, CA - MULO",232,232,1813907.92,0,2022-01-09,2026-06-14,0,0.0,2,0,2|0
"SUBCATEGORY_PEARS_BARTLETT-PEARS@@SALT LAKE CITY, UT - MULO",232,232,2090979.66,0,2022-01-09,2026-06-14,0,0.0,2,0,2|0
"SUBCATEGORY_PEARS_BARTLETT-PEARS@@SAN DIEGO, CA - MULO",232,232,1272231.82,0,2022-01-09,2026-06-14,0,0.0,2,0,2|0
"SUBCATEGORY_PEARS_BARTLETT-PEARS@@SAN FRANCISCO/OAKLAND, CA - MULO",232,232,1175411.53,0,2022-01-09,2026-06-14,0,0.0,1,0,1|0
"SUBCATEGORY_PEARS_BARTLETT-PEARS@@SEATTLE/TACOMA, WA - MULO",232,232,1486565.55,0,2022-01-09,2026-06-14,0,0.0,2,0,2|0
SUBCATEGORY_PEARS_BARTLETT-PEARS@@SOUTH CAROLINA - MULO,232,232,5403067.46,0,2022-01-09,2026-06-14,0,0.0,4,0,4|0
"SUBCATEGORY_PEARS_BARTLETT-PEARS@@SPOKANE, WA - MULO",232,232,308232.58,0,2022-01-09,2026-06-14,0,0.0,0,0,0|0
"SUBCATEGORY_PEARS_BARTLETT-PEARS@@ST. LOUIS, MO - MULO",232,232,4044026.45,1,2022-01-09,2026-06-14,0,0.004310344827586207,4,0,4|0
"SUBCATEGORY_PEARS_BARTLETT-PEARS@@SYRACUSE, NY - MULO",232,232,2230776.81,0,2022-01-09,2026-06-14,0,0.0,2,0,2|0
"SUBCATEGORY_PEARS_BARTLETT-PEARS@@TAMPA/ST. PETERSBURG, FL - MULO",232,232,8425545.83,0,2022-01-09,2026-06-14,0,0.0,5,0,5|0
"SUBCATEGORY_PEARS_BARTLETT-PEARS@@TOLEDO, OH - MULO",232,232,1927988.8800000001,0,2022-01-09,2026-06-14,0,0.0,2,0,2|0
"SUBCATEGORY_PEARS_BARTLETT-PEARS@@TULSA, OK - MULO",232,232,1178655.89,13,2022-01-09,2026-06-14,0,0.05603448275862069,1,1,1|1
SUBCATEGORY_PEARS_BARTLETT-PEARS@@WEST TEXAS/NEW MEXICO - MULO,232,232,4987252.33,0,2022-01-09,2026-06-14,0,0.0,4,0,4|0
"SUBCATEGORY_PEARS_BARTLETT-PEARS@@WICHITA, KS - MULO",232,232,1038116.55,0,2022-01-09,2026-06-14,0,0.0,1,0,1|0
"SUBCATEGORY_PEARS_BOSC-PEARS@@ALBANY, NY - MULO",182,232,196780.33,0,2022-01-09,2026-06-14,50,0.0,0,0,0|0
"SUBCATEGORY_PEARS_BOSC-PEARS@@ATLANTA, GA - MULO",231,232,1776908.49,0,2022-01-09,2026-06-14,1,0.0,2,0,2|0
"SUBCATEGORY_PEARS_BOSC-PEARS@@BALTIMORE, MD/WASHINGTON D.C. - MULO",227,232,1525758.53,0,2022-01-09,2026-06-14,5,0.0,2,0,2|0
"SUBCATEGORY_PEARS_BOSC-PEARS@@BIRMINGHAM/MONTGOMERY, AL - MULO",231,232,872757.05,0,2022-01-09,2026-06-14,1,0.0,1,0,1|0
"SUBCATEGORY_PEARS_BOSC-PEARS@@BOISE, ID - MULO",220,232,64795.36,2,2022-01-09,2026-06-14,12,0.00909090909090909,0,0,0|0
"SUBCATEGORY_PEARS_BOSC-PEARS@@BOSTON, MA - MULO",206,232,803021.9,0,2022-01-09,2026-06-14,26,0.0,1,0,1|0
"SUBCATEGORY_PEARS_BOSC-PEARS@@BUFFALO/ROCHESTER, NY - MULO",190,232,310718.72,0,2022-01-09,2026-06-14,42,0.0,0,0,0|0
"SUBCATEGORY_PEARS_BOSC-PEARS@@CHARLOTTE, NC - MULO",216,232,611097.81,0,2022-01-09,2026-06-14,16,0.0,1,0,1|0
"SUBCATEGORY_PEARS_BOSC-PEARS@@CHICAGO, IL - MULO",217,232,1310932.52,0,2022-01-09,2026-06-14,15,0.0,2,0,2|0
"SUBCATEGORY_PEARS_BOSC-PEARS@@CINCINNATI/DAYTON, OH - MULO",220,232,408129.44,0,2022-01-09,2026-06-14,12,0.0,0,0,0|0
"SUBCATEGORY_PEARS_BOSC-PEARS@@CLEVELAND, OH - MULO",222,232,325910.61,0,2022-01-09,2026-06-14,10,0.0,0,0,0|0
"SUBCATEGORY_PEARS_BOSC-PEARS@@COLUMBUS, OH - MULO",228,232,369922.02,0,2022-01-09,2026-06-14,4,0.0,0,0,0|0
"SUBCATEGORY_PEARS_BOSC-PEARS@@DALLAS/FT. WORTH, TX - MULO",229,232,1492182.95,0,2022-01-09,2026-06-14,3,0.0,2,0,2|0
"SUBCATEGORY_PEARS_BOSC-PEARS@@DENVER, CO - MULO",219,232,577311.89,0,2022-01-09,2026-06-14,13,0.0,1,0,1|0
"SUBCATEGORY_PEARS_BOSC-PEARS@@DETROIT, MI - MULO",219,232,600474.99,1,2022-01-09,2026-06-14,13,0.0045662100456621,1,0,1|0
"SUBCATEGORY_PEARS_BOSC-PEARS@@GRAND RAPIDS, MI - MULO",187,232,115303.62,14,2022-01-09,2026-06-14,45,0.0748663101604278,0,1,0|1
"SUBCATEGORY_PEARS_BOSC-PEARS@@GREEN BAY, WI - MULO",203,232,69669.8,1,2022-01-09,2026-06-14,29,0.0049261083743842365,0,0,0|0
"SUBCATEGORY_PEARS_BOSC-PEARS@@HARRISBURG/SCRANTON, PA - MULO",222,232,527889.95,0,2022-01-09,2026-06-14,10,0.0,1,0,1|0
"SUBCATEGORY_PEARS_BOSC-PEARS@@HARTFORD, CT/SPRINGFIELD, MA - MULO",198,232,494225.46,0,2022-01-09,2026-06-14,34,0.0,1,0,1|0
"SUBCATEGORY_PEARS_BOSC-PEARS@@HOUSTON, TX - MULO",226,232,852847.0,0,2022-01-09,2026-06-14,6,0.0,1,0,1|0
"SUBCATEGORY_PEARS_BOSC-PEARS@@INDIANAPOLIS, IN - MULO",221,232,352547.04,0,2022-01-09,2026-06-14,11,0.0,0,0,0|0
"SUBCATEGORY_PEARS_BOSC-PEARS@@JACKSONVILLE, FL - MULO",223,232,561321.63,0,2022-01-09,2026-06-14,9,0.0,1,0,1|0
"SUBCATEGORY_PEARS_BOSC-PEARS@@KANSAS CITY, KS - MULO",199,232,239516.58,2,2022-01-09,2026-06-14,33,0.010050251256281407,0,0,0|0
"SUBCATEGORY_PEARS_BOSC-PEARS@@KNOXVILLE, TN - MULO",225,232,209194.49,0,2022-01-09,2026-06-14,7,0.0,0,0,0|0
"SUBCATEGORY_PEARS_BOSC-PEARS@@LAS VEGAS, NV - MULO",215,232,376461.25,0,2022-01-09,2026-06-14,17,0.0,0,0,0|0
"SUBCATEGORY_PEARS_BOSC-PEARS@@LITTLE ROCK, AR - MULO",219,232,159172.29,0,2022-01-09,2026-06-14,13,0.0,0,0,0|0
"SUBCATEGORY_PEARS_BOSC-PEARS@@LOS ANGELES, CA - MULO",230,232,1484158.46,0,2022-01-09,2026-06-14,2,0.0,2,0,2|0
"SUBCATEGORY_PEARS_BOSC-PEARS@@LOUISVILLE, KY - MULO",219,232,246510.31,0,2022-01-09,2026-06-14,13,0.0,0,0,0|0
"SUBCATEGORY_PEARS_BOSC-PEARS@@MIAMI/FT. LAUDERDALE, FL - MULO",229,232,2419194.14,0,2022-01-09,2026-06-14,3,0.0,3,0,3|0
"SUBCATEGORY_PEARS_BOSC-PEARS@@MILWAUKEE, WI - MULO",211,232,363748.35,0,2022-01-09,2026-06-14,21,0.0,0,0,0|0
"SUBCATEGORY_PEARS_BOSC-PEARS@@MINNEAPOLIS/ST. PAUL, MN - MULO",188,232,220977.93,2,2022-01-09,2026-06-14,44,0.010638297872340425,0,0,0|0
SUBCATEGORY_PEARS_BOSC-PEARS@@MISSISSIPPI - MULO,222,232,330371.25,0,2022-01-09,2026-06-14,10,0.0,0,0,0|0
"SUBCATEGORY_PEARS_BOSC-PEARS@@NASHVILLE, TN - MULO",230,232,556452.0,0,2022-01-09,2026-06-14,2,0.0,1,0,1|0
SUBCATEGORY_PEARS_BOSC-PEARS@@NEW ENGLAND - MULO,206,232,325698.87,0,2022-01-09,2026-06-14,26,0.0,0,0,0|0
"SUBCATEGORY_PEARS_BOSC-PEARS@@NEW ORLEANS, LA/MOBILE, AL - MULO",217,232,486191.69,0,2022-01-09,2026-06-14,15,0.0,1,0,1|0
"SUBCATEGORY_PEARS_BOSC-PEARS@@NEW YORK, NY - MULO",231,232,3189116.43,0,2022-01-09,2026-06-14,1,0.0,3,0,3|0
"SUBCATEGORY_PEARS_BOSC-PEARS@@OKLAHOMA CITY, OK - MULO",190,232,151224.98,8,2022-01-09,2026-06-14,42,0.042105263157894736,0,0,0|0
"SUBCATEGORY_PEARS_BOSC-PEARS@@OMAHA, NE - MULO",211,232,171500.71,0,2022-01-09,2026-06-14,21,0.0,0,0,0|0
"SUBCATEGORY_PEARS_BOSC-PEARS@@ORLANDO, FL - MULO",218,232,1392506.3699999999,0,2022-01-09,2026-06-14,14,0.0,2,0,2|0
"SUBCATEGORY_PEARS_BOSC-PEARS@@PEORIA/SPRINGFIELD, IL - MULO",220,232,200122.38,0,2022-01-09,2026-06-14,12,0.0,0,0,0|0
"SUBCATEGORY_PEARS_BOSC-PEARS@@PHILADELPHIA, PA - MULO",223,232,1035173.42,0,2022-01-09,2026-06-14,9,0.0,1,0,1|0
"SUBCATEGORY_PEARS_BOSC-PEARS@@PHOENIX/TUCSON, AZ - MULO",213,232,643808.23,0,2022-01-09,2026-06-14,19,0.0,1,0,1|0
"SUBCATEGORY_PEARS_BOSC-PEARS@@PITTSBURGH, PA - MULO",220,232,484585.46,0,2022-01-09,2026-06-14,12,0.0,1,0,1|0
"SUBCATEGORY_PEARS_BOSC-PEARS@@PORTLAND, OR - MULO",232,232,350851.06,0,2022-01-09,2026-06-14,0,0.0,0,0,0|0
"SUBCATEGORY_PEARS_BOSC-PEARS@@PROVIDENCE, RI - MULO",199,232,109016.93,2,2022-01-09,2026-06-14,33,0.010050251256281407,0,0,0|0
"SUBCATEGORY_PEARS_BOSC-PEARS@@RALEIGH/GREENSBORO, NC - MULO",213,232,818489.81,0,2022-01-09,2026-06-14,19,0.0,1,0,1|0
"SUBCATEGORY_PEARS_BOSC-PEARS@@RICHMOND/NORFOLK, VA - MULO",226,232,689522.69,0,2022-01-09,2026-06-14,6,0.0,1,0,1|0
"SUBCATEGORY_PEARS_BOSC-PEARS@@ROANOKE, VA - MULO",224,232,396939.59,0,2022-01-09,2026-06-14,8,0.0,0,0,0|0
"SUBCATEGORY_PEARS_BOSC-PEARS@@SACRAMENTO, CA - MULO",205,232,246170.72,0,2022-01-09,2026-06-14,27,0.0,0,0,0|0
"SUBCATEGORY_PEARS_BOSC-PEARS@@SALT LAKE CITY, UT - MULO",222,232,241998.8,2,2022-01-09,2026-06-14,10,0.009009009009009009,0,0,0|0
"SUBCATEGORY_PEARS_BOSC-PEARS@@SAN DIEGO, CA - MULO",216,232,298969.01,0,2022-01-09,2026-06-14,16,0.0,0,0,0|0
"SUBCATEGORY_PEARS_BOSC-PEARS@@SAN FRANCISCO/OAKLAND, CA - MULO",206,232,207375.53,0,2022-01-09,2026-06-14,26,0.0,0,0,0|0
"SUBCATEGORY_PEARS_BOSC-PEARS@@SEATTLE/TACOMA, WA - MULO",220,232,422898.72000000003,0,2022-01-09,2026-06-14,12,0.0,0,0,0|0
SUBCATEGORY_PEARS_BOSC-PEARS@@SOUTH CAROLINA - MULO,229,232,1269379.83,0,2022-01-09,2026-06-14,3,0.0,2,0,2|0
"SUBCATEGORY_PEARS_BOSC-PEARS@@SPOKANE, WA - MULO",215,232,50706.409999999996,0,2022-01-09,2026-06-14,17,0.0,0,0,0|0
"SUBCATEGORY_PEARS_BOSC-PEARS@@ST. LOUIS, MO - MULO",202,232,316867.25,2,2022-01-09,2026-06-14,30,0.009900990099009901,0,0,0|0
"SUBCATEGORY_PEARS_BOSC-PEARS@@SYRACUSE, NY - MULO",188,232,132787.06,0,2022-01-09,2026-06-14,44,0.0,0,0,0|0
"SUBCATEGORY_PEARS_BOSC-PEARS@@TAMPA/ST. PETERSBURG, FL - MULO",220,232,1352943.85,0,2022-01-09,2026-06-14,12,0.0,2,0,2|0
"SUBCATEGORY_PEARS_BOSC-PEARS@@TOLEDO, OH - MULO",221,232,185686.78,0,2022-01-09,2026-06-14,11,0.0,0,0,0|0
"SUBCATEGORY_PEARS_BOSC-PEARS@@TULSA, OK - MULO",185,232,144415.74,9,2022-01-09,2026-06-14,47,0.04864864864864865,0,0,0|0
SUBCATEGORY_PEARS_BOSC-PEARS@@WEST TEXAS/NEW MEXICO - MULO,214,232,740134.32,0,2022-01-09,2026-06-14,18,0.0,1,0,1|0
"SUBCATEGORY_PEARS_BOSC-PEARS@@WICHITA, KS - MULO",214,232,138534.64,0,2022-01-09,2026-06-14,18,0.0,0,0,0|0
"SUBCATEGORY_PEARS_OTHER-PEARS@@ALBANY, NY - MULO",231,232,854571.78,0,2022-01-09,2026-06-14,1,0.0,1,0,1|0
"SUBCATEGORY_PEARS_OTHER-PEARS@@ATLANTA, GA - MULO",232,232,6598264.19,0,2022-01-09,2026-06-14,0,0.0,5,0,5|0
"SUBCATEGORY_PEARS_OTHER-PEARS@@BALTIMORE, MD/WASHINGTON D.C. - MULO",232,232,10722717.65,0,2022-01-09,2026-06-14,0,0.0,6,0,6|0
"SUBCATEGORY_PEARS_OTHER-PEARS@@BIRMINGHAM/MONTGOMERY, AL - MULO",232,232,2829761.13,0,2022-01-09,2026-06-14,0,0.0,3,0,3|0
"SUBCATEGORY_PEARS_OTHER-PEARS@@BOISE, ID - MULO",231,232,119857.76,0,2022-01-09,2026-06-14,1,0.0,0,0,0|0
"SUBCATEGORY_PEARS_OTHER-PEARS@@BOSTON, MA - MULO",232,232,1632266.68,0,2022-01-09,2026-06-14,0,0.0,2,0,2|0
"SUBCATEGORY_PEARS_OTHER-PEARS@@BUFFALO/ROCHESTER, NY - MULO",232,232,3178545.13,0,2022-01-09,2026-06-14,0,0.0,3,0,3|0
"SUBCATEGORY_PEARS_OTHER-PEARS@@CHARLOTTE, NC - MULO",232,232,3492401.3,0,2022-01-09,2026-06-14,0,0.0,3,0,3|0
"SUBCATEGORY_PEARS_OTHER-PEARS@@CHICAGO, IL - MULO",232,232,9448304.31,0,2022-01-09,2026-06-14,0,0.0,5,0,5|0
"SUBCATEGORY_PEARS_OTHER-PEARS@@CINCINNATI/DAYTON, OH - MULO",232,232,1492410.36,0,2022-01-09,2026-06-14,0,0.0,2,0,2|0
"SUBCATEGORY_PEARS_OTHER-PEARS@@CLEVELAND, OH - MULO",229,232,488993.08,2,2022-01-09,2026-06-14,3,0.008733624454148471,1,0,1|0
"SUBCATEGORY_PEARS_OTHER-PEARS@@COLUMBUS, OH - MULO",232,232,887423.3,0,2022-01-09,2026-06-14,0,0.0,1,0,1|0
"SUBCATEGORY_PEARS_OTHER-PEARS@@DALLAS/FT. WORTH, TX - MULO",232,232,6180245.07,0,2022-01-09,2026-06-14,0,0.0,4,0,4|0
"SUBCATEGORY_PEARS_OTHER-PEARS@@DENVER, CO - MULO",232,232,3344826.59,0,2022-01-09,2026-06-14,0,0.0,3,0,3|0
"SUBCATEGORY_PEARS_OTHER-PEARS@@DES MOINES, IA - MULO",232,232,511355.02999999997,1,2022-01-09,2026-06-14,0,0.004310344827586207,1,0,1|0
"SUBCATEGORY_PEARS_OTHER-PEARS@@DETROIT, MI - MULO",232,232,3688126.59,0,2022-01-09,2026-06-14,0,0.0,3,0,3|0
"SUBCATEGORY_PEARS_OTHER-PEARS@@GRAND RAPIDS, MI - MULO",230,232,1368844.1,0,2022-01-09,2026-06-14,2,0.0,2,0,2|0
"SUBCATEGORY_PEARS_OTHER-PEARS@@GREEN BAY, WI - MULO",232,232,868261.29,0,2022-01-09,2026-06-14,0,0.0,1,0,1|0
"SUBCATEGORY_PEARS_OTHER-PEARS@@HARRISBURG/SCRANTON, PA - MULO",232,232,3711096.07,0,2022-01-09,2026-06-14,0,0.0,3,0,3|0
"SUBCATEGORY_PEARS_OTHER-PEARS@@HARTFORD, CT/SPRINGFIELD, MA - MULO",232,232,2232269.44,0,2022-01-09,2026-06-14,0,0.0,2,0,2|0
"SUBCATEGORY_PEARS_OTHER-PEARS@@HOUSTON, TX - MULO",232,232,5382780.05,0,2022-01-09,2026-06-14,0,0.0,4,0,4|0
"SUBCATEGORY_PEARS_OTHER-PEARS@@INDIANAPOLIS, IN - MULO",232,232,1715205.21,0,2022-01-09,2026-06-14,0,0.0,2,0,2|0
"SUBCATEGORY_PEARS_OTHER-PEARS@@JACKSONVILLE, FL - MULO",232,232,1795356.15,0,2022-01-09,2026-06-14,0,0.0,2,0,2|0
"SUBCATEGORY_PEARS_OTHER-PEARS@@KANSAS CITY, KS - MULO",232,232,1592076.68,0,2022-01-09,2026-06-14,0,0.0,2,0,2|0
"SUBCATEGORY_PEARS_OTHER-PEARS@@KNOXVILLE, TN - MULO",232,232,748647.05,0,2022-01-09,2026-06-14,0,0.0,1,0,1|0
"SUBCATEGORY_PEARS_OTHER-PEARS@@LAS VEGAS, NV - MULO",232,232,1432362.44,0,2022-01-09,2026-06-14,0,0.0,2,0,2|0
"SUBCATEGORY_PEARS_OTHER-PEARS@@LITTLE ROCK, AR - MULO",232,232,390101.46,0,2022-01-09,2026-06-14,0,0.0,0,0,0|0
"SUBCATEGORY_PEARS_OTHER-PEARS@@LOS ANGELES, CA - MULO",232,232,8724389.28,0,2022-01-09,2026-06-14,0,0.0,5,0,5|0
"SUBCATEGORY_PEARS_OTHER-PEARS@@LOUISVILLE, KY - MULO",232,232,1025098.04,0,2022-01-09,2026-06-14,0,0.0,1,0,1|0
"SUBCATEGORY_PEARS_OTHER-PEARS@@MEMPHIS, TN - MULO",232,232,1192181.64,0,2022-01-09,2026-06-14,0,0.0,1,0,1|0
"SUBCATEGORY_PEARS_OTHER-PEARS@@MIAMI/FT. LAUDERDALE, FL - MULO",232,232,6305524.82,0,2022-01-09,2026-06-14,0,0.0,4,0,4|0
"SUBCATEGORY_PEARS_OTHER-PEARS@@MILWAUKEE, WI - MULO",232,232,2605228.47,0,2022-01-09,2026-06-14,0,0.0,3,0,3|0
"SUBCATEGORY_PEARS_OTHER-PEARS@@MINNEAPOLIS/ST. PAUL, MN - MULO",232,232,3681675.95,0,2022-01-09,2026-06-14,0,0.0,3,0,3|0
SUBCATEGORY_PEARS_OTHER-PEARS@@MISSISSIPPI - MULO,232,232,1186244.2,0,2022-01-09,2026-06-14,0,0.0,1,0,1|0
"SUBCATEGORY_PEARS_OTHER-PEARS@@NASHVILLE, TN - MULO",232,232,1772767.42,0,2022-01-09,2026-06-14,0,0.0,2,0,2|0
SUBCATEGORY_PEARS_OTHER-PEARS@@NEW ENGLAND - MULO,232,232,1883552.7,0,2022-01-09,2026-06-14,0,0.0,2,0,2|0
"SUBCATEGORY_PEARS_OTHER-PEARS@@NEW ORLEANS, LA/MOBILE, AL - MULO",232,232,2462061.39,0,2022-01-09,2026-06-14,0,0.0,3,0,3|0
"SUBCATEGORY_PEARS_OTHER-PEARS@@NEW YORK, NY - MULO",232,232,10112469.83,0,2022-01-09,2026-06-14,0,0.0,6,0,6|0
"SUBCATEGORY_PEARS_OTHER-PEARS@@OKLAHOMA CITY, OK - MULO",232,232,817676.33,0,2022-01-09,2026-06-14,0,0.0,1,0,1|0
"SUBCATEGORY_PEARS_OTHER-PEARS@@OMAHA, NE - MULO",232,232,768115.27,0,2022-01-09,2026-06-14,0,0.0,1,0,1|0
"SUBCATEGORY_PEARS_OTHER-PEARS@@ORLANDO, FL - MULO",232,232,4812485.77,0,2022-01-09,2026-06-14,0,0.0,4,0,4|0
"SUBCATEGORY_PEARS_OTHER-PEARS@@PEORIA/SPRINGFIELD, IL - MULO",232,232,1471785.71,0,2022-01-09,2026-06-14,0,0.0,2,0,2|0
"SUBCATEGORY_PEARS_OTHER-PEARS@@PHILADELPHIA, PA - MULO",232,232,4901931.07,0,2022-01-09,2026-06-14,0,0.0,4,0,4|0
"SUBCATEGORY_PEARS_OTHER-PEARS@@PHOENIX/TUCSON, AZ - MULO",232,232,2258486.27,0,2022-01-09,2026-06-14,0,0.0,2,0,2|0
"SUBCATEGORY_PEARS_OTHER-PEARS@@PITTSBURGH, PA - MULO",231,232,2342722.83,0,2022-01-09,2026-06-14,1,0.0,3,0,3|0
"SUBCATEGORY_PEARS_OTHER-PEARS@@PORTLAND, OR - MULO",232,232,1143767.87,0,2022-01-09,2026-06-14,0,0.0,1,0,1|0
"SUBCATEGORY_PEARS_OTHER-PEARS@@PROVIDENCE, RI - MULO",232,232,460886.55,0,2022-01-09,2026-06-14,0,0.0,1,0,1|0
"SUBCATEGORY_PEARS_OTHER-PEARS@@RALEIGH/GREENSBORO, NC - MULO",232,232,4067671.82,0,2022-01-09,2026-06-14,0,0.0,4,0,4|0
"SUBCATEGORY_PEARS_OTHER-PEARS@@RICHMOND/NORFOLK, VA - MULO",232,232,3158280.1,0,2022-01-09,2026-06-14,0,0.0,3,0,3|0
"SUBCATEGORY_PEARS_OTHER-PEARS@@ROANOKE, VA - MULO",232,232,1479535.13,0,2022-01-09,2026-06-14,0,0.0,2,0,2|0
"SUBCATEGORY_PEARS_OTHER-PEARS@@SACRAMENTO, CA - MULO",229,232,1118736.88,0,2022-01-09,2026-06-14,3,0.0,1,0,1|0
"SUBCATEGORY_PEARS_OTHER-PEARS@@SALT LAKE CITY, UT - MULO",232,232,991101.33,0,2022-01-09,2026-06-14,0,0.0,1,0,1|0
"SUBCATEGORY_PEARS_OTHER-PEARS@@SAN DIEGO, CA - MULO",232,232,1441995.5,0,2022-01-09,2026-06-14,0,0.0,2,0,2|0
"SUBCATEGORY_PEARS_OTHER-PEARS@@SAN FRANCISCO/OAKLAND, CA - MULO",231,232,1734547.78,0,2022-01-09,2026-06-14,1,0.0,2,0,2|0
"SUBCATEGORY_PEARS_OTHER-PEARS@@SEATTLE/TACOMA, WA - MULO",232,232,1375621.62,0,2022-01-09,2026-06-14,0,0.0,2,0,2|0
SUBCATEGORY_PEARS_OTHER-PEARS@@SOUTH CAROLINA - MULO,232,232,4783073.54,0,2022-01-09,2026-06-14,0,0.0,4,0,4|0
"SUBCATEGORY_PEARS_OTHER-PEARS@@SPOKANE, WA - MULO",232,232,141139.13999999998,0,2022-01-09,2026-06-14,0,0.0,0,0,0|0
"SUBCATEGORY_PEARS_OTHER-PEARS@@ST. LOUIS, MO - MULO",232,232,2274330.0,0,2022-01-09,2026-06-14,0,0.0,2,0,2|0
"SUBCATEGORY_PEARS_OTHER-PEARS@@SYRACUSE, NY - MULO",232,232,1174893.56,0,2022-01-09,2026-06-14,0,0.0,1,0,1|0
"SUBCATEGORY_PEARS_OTHER-PEARS@@TAMPA/ST. PETERSBURG, FL - MULO",232,232,4422239.48,0,2022-01-09,2026-06-14,0,0.0,4,0,4|0
"SUBCATEGORY_PEARS_OTHER-PEARS@@TOLEDO, OH - MULO",232,232,434877.07,0,2022-01-09,2026-06-14,0,0.0,0,0,0|0
"SUBCATEGORY_PEARS_OTHER-PEARS@@TULSA, OK - MULO",232,232,566000.14,0,2022-01-09,2026-06-14,0,0.0,1,0,1|0
SUBCATEGORY_PEARS_OTHER-PEARS@@WEST TEXAS/NEW MEXICO - MULO,232,232,3885233.62,0,2022-01-09,2026-06-14,0,0.0,3,0,3|0
"SUBCATEGORY_PEARS_OTHER-PEARS@@WICHITA, KS - MULO",232,232,539797.9,0,2022-01-09,2026-06-14,0,0.0,1,0,1|0
"SUBCATEGORY_PEPPERS_CHILI-PEPPERS@@ALBANY, NY - MULO",232,232,2192636.34,0,2022-01-09,2026-06-14,0,0.0,2,0,2|0
"SUBCATEGORY_PEPPERS_CHILI-PEPPERS@@ATLANTA, GA - MULO",232,232,7672666.76,0,2022-01-09,2026-06-14,0,0.0,5,0,5|0
"SUBCATEGORY_PEPPERS_CHILI-PEPPERS@@BALTIMORE, MD/WASHINGTON D.C. - MULO",232,232,15053839.52,0,2022-01-09,2026-06-14,0,0.0,6,0,6|0
"SUBCATEGORY_PEPPERS_CHILI-PEPPERS@@BIRMINGHAM/MONTGOMERY, AL - MULO",232,232,7620266.22,0,2022-01-09,2026-06-14,0,0.0,5,0,5|0
"SUBCATEGORY_PEPPERS_CHILI-PEPPERS@@BOISE, ID - MULO",232,232,545852.27,0,2022-01-09,2026-06-14,0,0.0,1,0,1|0
"SUBCATEGORY_PEPPERS_CHILI-PEPPERS@@BOSTON, MA - MULO",232,232,4551487.56,0,2022-01-09,2026-06-14,0,0.0,4,0,4|0
"SUBCATEGORY_PEPPERS_CHILI-PEPPERS@@BUFFALO/ROCHESTER, NY - MULO",232,232,3770775.17,0,2022-01-09,2026-06-14,0,0.0,3,0,3|0
"SUBCATEGORY_PEPPERS_CHILI-PEPPERS@@CHARLOTTE, NC - MULO",232,232,5593506.92,0,2022-01-09,2026-06-14,0,0.0,4,0,4|0
"SUBCATEGORY_PEPPERS_CHILI-PEPPERS@@CHICAGO, IL - MULO",232,232,8774379.35,0,2022-01-09,2026-06-14,0,0.0,5,0,5|0
"SUBCATEGORY_PEPPERS_CHILI-PEPPERS@@CINCINNATI/DAYTON, OH - MULO",232,232,2053073.07,0,2022-01-09,2026-06-14,0,0.0,2,0,2|0
"SUBCATEGORY_PEPPERS_CHILI-PEPPERS@@CLEVELAND, OH - MULO",232,232,3925843.64,0,2022-01-09,2026-06-14,0,0.0,3,0,3|0
"SUBCATEGORY_PEPPERS_CHILI-PEPPERS@@COLUMBUS, OH - MULO",232,232,3153882.95,0,2022-01-09,2026-06-14,0,0.0,3,0,3|0
"SUBCATEGORY_PEPPERS_CHILI-PEPPERS@@DALLAS/FT. WORTH, TX - MULO",232,232,20413016.73,0,2022-01-09,2026-06-14,0,0.0,7,0,7|0
"SUBCATEGORY_PEPPERS_CHILI-PEPPERS@@DENVER, CO - MULO",232,232,7437613.69,0,2022-01-09,2026-06-14,0,0.0,5,0,5|0
"SUBCATEGORY_PEPPERS_CHILI-PEPPERS@@DES MOINES, IA - MULO",232,232,1424366.52,0,2022-01-09,2026-06-14,0,0.0,2,0,2|0
"SUBCATEGORY_PEPPERS_CHILI-PEPPERS@@DETROIT, MI - MULO",232,232,2933445.93,0,2022-01-09,2026-06-14,0,0.0,3,0,3|0
"SUBCATEGORY_PEPPERS_CHILI-PEPPERS@@GRAND RAPIDS, MI - MULO",232,232,1899404.61,0,2022-01-09,2026-06-14,0,0.0,2,0,2|0
"SUBCATEGORY_PEPPERS_CHILI-PEPPERS@@GREEN BAY, WI - MULO",232,232,882972.15,0,2022-01-09,2026-06-14,0,0.0,1,0,1|0
"SUBCATEGORY_PEPPERS_CHILI-PEPPERS@@HARRISBURG/SCRANTON, PA - MULO",232,232,6767091.57,0,2022-01-09,2026-06-14,0,0.0,5,0,5|0
"SUBCATEGORY_PEPPERS_CHILI-PEPPERS@@HARTFORD, CT/SPRINGFIELD, MA - MULO",232,232,4258327.28,0,2022-01-09,2026-06-14,0,0.0,4,0,4|0
"SUBCATEGORY_PEPPERS_CHILI-PEPPERS@@HOUSTON, TX - MULO",232,232,6232992.06,0,2022-01-09,2026-06-14,0,0.0,4,0,4|0
"SUBCATEGORY_PEPPERS_CHILI-PEPPERS@@INDIANAPOLIS, IN - MULO",232,232,2667079.53,0,2022-01-09,2026-06-14,0,0.0,3,0,3|0
"SUBCATEGORY_PEPPERS_CHILI-PEPPERS@@JACKSONVILLE, FL - MULO",232,232,3033275.87,0,2022-01-09,2026-06-14,0,0.0,3,0,3|0
"SUBCATEGORY_PEPPERS_CHILI-PEPPERS@@KANSAS CITY, KS - MULO",232,232,3036650.57,0,2022-01-09,2026-06-14,0,0.0,3,0,3|0
"SUBCATEGORY_PEPPERS_CHILI-PEPPERS@@KNOXVILLE, TN - MULO",232,232,1825600.27,0,2022-01-09,2026-06-14,0,0.0,2,0,2|0
"SUBCATEGORY_PEPPERS_CHILI-PEPPERS@@LAS VEGAS, NV - MULO",232,232,2225239.79,0,2022-01-09,2026-06-14,0,0.0,2,0,2|0
"SUBCATEGORY_PEPPERS_CHILI-PEPPERS@@LITTLE ROCK, AR - MULO",232,232,1136124.96,0,2022-01-09,2026-06-14,0,0.0,1,0,1|0
"SUBCATEGORY_PEPPERS_CHILI-PEPPERS@@LOS ANGELES, CA - MULO",232,232,18105075.92,0,2022-01-09,2026-06-14,0,0.0,7,0,7|0
"SUBCATEGORY_PEPPERS_CHILI-PEPPERS@@LOUISVILLE, KY - MULO",232,232,1263431.49,0,2022-01-09,2026-06-14,0,0.0,2,0,2|0
"SUBCATEGORY_PEPPERS_CHILI-PEPPERS@@MEMPHIS, TN - MULO",232,232,1897733.3,0,2022-01-09,2026-06-14,0,0.0,2,0,2|0
"SUBCATEGORY_PEPPERS_CHILI-PEPPERS@@MIAMI/FT. LAUDERDALE, FL - MULO",232,232,13420783.54,0,2022-01-09,2026-06-14,0,0.0,6,0,6|0
"SUBCATEGORY_PEPPERS_CHILI-PEPPERS@@MILWAUKEE, WI - MULO",232,232,2083832.43,0,2022-01-09,2026-06-14,0,0.0,2,0,2|0
"SUBCATEGORY_PEPPERS_CHILI-PEPPERS@@MINNEAPOLIS/ST. PAUL, MN - MULO",232,232,6197464.72,0,2022-01-09,2026-06-14,0,0.0,4,0,4|0
SUBCATEGORY_PEPPERS_CHILI-PEPPERS@@MISSISSIPPI - MULO,232,232,3184887.34,0,2022-01-09,2026-06-14,0,0.0,3,0,3|0
"SUBCATEGORY_PEPPERS_CHILI-PEPPERS@@NASHVILLE, TN - MULO",232,232,4653933.13,0,2022-01-09,2026-06-14,0,0.0,4,0,4|0
SUBCATEGORY_PEPPERS_CHILI-PEPPERS@@NEW ENGLAND - MULO,232,232,6277197.09,0,2022-01-09,2026-06-14,0,0.0,4,0,4|0
"SUBCATEGORY_PEPPERS_CHILI-PEPPERS@@NEW ORLEANS, LA/MOBILE, AL - MULO",232,232,5685728.07,0,2022-01-09,2026-06-14,0,0.0,4,0,4|0
"SUBCATEGORY_PEPPERS_CHILI-PEPPERS@@NEW YORK, NY - MULO",232,232,14293938.45,0,2022-01-09,2026-06-14,0,0.0,6,0,6|0
"SUBCATEGORY_PEPPERS_CHILI-PEPPERS@@OKLAHOMA CITY, OK - MULO",232,232,3548411.7,0,2022-01-09,2026-06-14,0,0.0,3,0,3|0
"SUBCATEGORY_PEPPERS_CHILI-PEPPERS@@OMAHA, NE - MULO",232,232,1876447.05,0,2022-01-09,2026-06-14,0,0.0,2,0,2|0
"SUBCATEGORY_PEPPERS_CHILI-PEPPERS@@ORLANDO, FL - MULO",232,232,6881907.56,0,2022-01-09,2026-06-14,0,0.0,5,0,5|0
"SUBCATEGORY_PEPPERS_CHILI-PEPPERS@@PEORIA/SPRINGFIELD, IL - MULO",232,232,1955670.8800000001,0,2022-01-09,2026-06-14,0,0.0,2,0,2|0
"SUBCATEGORY_PEPPERS_CHILI-PEPPERS@@PHILADELPHIA, PA - MULO",232,232,6565825.78,0,2022-01-09,2026-06-14,0,0.0,5,0,5|0
"SUBCATEGORY_PEPPERS_CHILI-PEPPERS@@PHOENIX/TUCSON, AZ - MULO",232,232,9044661.47,0,2022-01-09,2026-06-14,0,0.0,5,0,5|0
"SUBCATEGORY_PEPPERS_CHILI-PEPPERS@@PITTSBURGH, PA - MULO",232,232,6141396.89,0,2022-01-09,2026-06-14,0,0.0,4,0,4|0
"SUBCATEGORY_PEPPERS_CHILI-PEPPERS@@PORTLAND, OR - MULO",232,232,2704838.63,0,2022-01-09,2026-06-14,0,0.0,3,0,3|0
"SUBCATEGORY_PEPPERS_CHILI-PEPPERS@@PROVIDENCE, RI - MULO",232,232,1022746.1,0,2022-01-09,2026-06-14,0,0.0,1,0,1|0
"SUBCATEGORY_PEPPERS_CHILI-PEPPERS@@RALEIGH/GREENSBORO, NC - MULO",232,232,7408843.01,0,2022-01-09,2026-06-14,0,0.0,5,0,5|0
"SUBCATEGORY_PEPPERS_CHILI-PEPPERS@@RICHMOND/NORFOLK, VA - MULO",232,232,4338421.67,0,2022-01-09,2026-06-14,0,0.0,4,0,4|0
"SUBCATEGORY_PEPPERS_CHILI-PEPPERS@@ROANOKE, VA - MULO",232,232,2819086.8,0,2022-01-09,2026-06-14,0,0.0,3,0,3|0
"SUBCATEGORY_PEPPERS_CHILI-PEPPERS@@SACRAMENTO, CA - MULO",232,232,3088165.52,0,2022-01-09,2026-06-14,0,0.0,3,0,3|0
"SUBCATEGORY_PEPPERS_CHILI-PEPPERS@@SALT LAKE CITY, UT - MULO",232,232,2300725.73,0,2022-01-09,2026-06-14,0,0.0,2,0,2|0
"SUBCATEGORY_PEPPERS_CHILI-PEPPERS@@SAN DIEGO, CA - MULO",232,232,3481085.43,0,2022-01-09,2026-06-14,0,0.0,3,0,3|0
"SUBCATEGORY_PEPPERS_CHILI-PEPPERS@@SAN FRANCISCO/OAKLAND, CA - MULO",232,232,3684205.18,0,2022-01-09,2026-06-14,0,0.0,3,0,3|0
"SUBCATEGORY_PEPPERS_CHILI-PEPPERS@@SEATTLE/TACOMA, WA - MULO",232,232,2897943.32,0,2022-01-09,2026-06-14,0,0.0,3,0,3|0
SUBCATEGORY_PEPPERS_CHILI-PEPPERS@@SOUTH CAROLINA - MULO,232,232,10444232.46,0,2022-01-09,2026-06-14,0,0.0,6,0,6|0
"SUBCATEGORY_PEPPERS_CHILI-PEPPERS@@SPOKANE, WA - MULO",232,232,432744.93,0,2022-01-09,2026-06-14,0,0.0,0,0,0|0
"SUBCATEGORY_PEPPERS_CHILI-PEPPERS@@ST. LOUIS, MO - MULO",232,232,3438017.76,0,2022-01-09,2026-06-14,0,0.0,3,0,3|0
"SUBCATEGORY_PEPPERS_CHILI-PEPPERS@@SYRACUSE, NY - MULO",232,232,2147933.59,0,2022-01-09,2026-06-14,0,0.0,2,0,2|0
"SUBCATEGORY_PEPPERS_CHILI-PEPPERS@@TAMPA/ST. PETERSBURG, FL - MULO",232,232,7600230.41,0,2022-01-09,2026-06-14,0,0.0,5,0,5|0
"SUBCATEGORY_PEPPERS_CHILI-PEPPERS@@TOLEDO, OH - MULO",232,232,1636507.67,0,2022-01-09,2026-06-14,0,0.0,2,0,2|0
"SUBCATEGORY_PEPPERS_CHILI-PEPPERS@@TULSA, OK - MULO",232,232,1759393.25,0,2022-01-09,2026-06-14,0,0.0,2,0,2|0
SUBCATEGORY_PEPPERS_CHILI-PEPPERS@@WEST TEXAS/NEW MEXICO - MULO,232,232,15233366.77,0,2022-01-09,2026-06-14,0,0.0,6,0,6|0
"SUBCATEGORY_PEPPERS_CHILI-PEPPERS@@WICHITA, KS - MULO",232,232,1186950.62,0,2022-01-09,2026-06-14,0,0.0,1,0,1|0
"SUBCATEGORY_PEPPERS_SWEET-PEPPERS@@ALBANY, NY - MULO",232,232,18960217.88,0,2022-01-09,2026-06-14,0,0.0,7,0,7|0
"SUBCATEGORY_PEPPERS_SWEET-PEPPERS@@ATLANTA, GA - MULO",232,232,72707441.49,0,2022-01-09,2026-06-14,0,0.0,9,0,9|0
"SUBCATEGORY_PEPPERS_SWEET-PEPPERS@@BALTIMORE, MD/WASHINGTON D.C. - MULO",232,232,124260401.81,0,2022-01-09,2026-06-14,0,0.0,9,0,9|0
"SUBCATEGORY_PEPPERS_SWEET-PEPPERS@@BIRMINGHAM/MONTGOMERY, AL - MULO",232,232,34906920.22,0,2022-01-09,2026-06-14,0,0.0,8,0,8|0
"SUBCATEGORY_PEPPERS_SWEET-PEPPERS@@BOISE, ID - MULO",232,232,5336804.52,0,2022-01-09,2026-06-14,0,0.0,4,0,4|0
"SUBCATEGORY_PEPPERS_SWEET-PEPPERS@@BOSTON, MA - MULO",232,232,47952307.92,0,2022-01-09,2026-06-14,0,0.0,8,0,8|0
"SUBCATEGORY_PEPPERS_SWEET-PEPPERS@@BUFFALO/ROCHESTER, NY - MULO",232,232,62327270.51,0,2022-01-09,2026-06-14,0,0.0,9,0,9|0
"SUBCATEGORY_PEPPERS_SWEET-PEPPERS@@CHARLOTTE, NC - MULO",232,232,44274629.13,0,2022-01-09,2026-06-14,0,0.0,8,0,8|0
"SUBCATEGORY_PEPPERS_SWEET-PEPPERS@@CHICAGO, IL - MULO",232,232,75427300.42,0,2022-01-09,2026-06-14,0,0.0,9,0,9|0
"SUBCATEGORY_PEPPERS_SWEET-PEPPERS@@CINCINNATI/DAYTON, OH - MULO",232,232,39675696.86,0,2022-01-09,2026-06-14,0,0.0,8,0,8|0
"SUBCATEGORY_PEPPERS_SWEET-PEPPERS@@CLEVELAND, OH - MULO",232,232,36157129.45,0,2022-01-09,2026-06-14,0,0.0,8,0,8|0
"SUBCATEGORY_PEPPERS_SWEET-PEPPERS@@COLUMBUS, OH - MULO",232,232,31325393.07,0,2022-01-09,2026-06-14,0,0.0,8,0,8|0
"SUBCATEGORY_PEPPERS_SWEET-PEPPERS@@DALLAS/FT. WORTH, TX - MULO",232,232,64889202.12,0,2022-01-09,2026-06-14,0,0.0,9,0,9|0
"SUBCATEGORY_PEPPERS_SWEET-PEPPERS@@DENVER, CO - MULO",232,232,50486904.38,0,2022-01-09,2026-06-14,0,0.0,8,0,8|0
"SUBCATEGORY_PEPPERS_SWEET-PEPPERS@@DES MOINES, IA - MULO",232,232,8786021.57,0,2022-01-09,2026-06-14,0,0.0,5,0,5|0
"SUBCATEGORY_PEPPERS_SWEET-PEPPERS@@DETROIT, MI - MULO",232,232,50302893.87,0,2022-01-09,2026-06-14,0,0.0,8,0,8|0
"SUBCATEGORY_PEPPERS_SWEET-PEPPERS@@GRAND RAPIDS, MI - MULO",232,232,12355463.26,0,2022-01-09,2026-06-14,0,0.0,6,0,6|0
"SUBCATEGORY_PEPPERS_SWEET-PEPPERS@@GREEN BAY, WI - MULO",232,232,8836550.55,0,2022-01-09,2026-06-14,0,0.0,5,0,5|0
"SUBCATEGORY_PEPPERS_SWEET-PEPPERS@@HARRISBURG/SCRANTON, PA - MULO",232,232,48482731.79,0,2022-01-09,2026-06-14,0,0.0,8,0,8|0
"SUBCATEGORY_PEPPERS_SWEET-PEPPERS@@HARTFORD, CT/SPRINGFIELD, MA - MULO",232,232,35879462.39,0,2022-01-09,2026-06-14,0,0.0,8,0,8|0
"SUBCATEGORY_PEPPERS_SWEET-PEPPERS@@HOUSTON, TX - MULO",232,232,32883921.03,0,2022-01-09,2026-06-14,0,0.0,8,0,8|0
"SUBCATEGORY_PEPPERS_SWEET-PEPPERS@@INDIANAPOLIS, IN - MULO",232,232,34829541.03,0,2022-01-09,2026-06-14,0,0.0,8,0,8|0
"SUBCATEGORY_PEPPERS_SWEET-PEPPERS@@JACKSONVILLE, FL - MULO",232,232,25258046.28,0,2022-01-09,2026-06-14,0,0.0,7,0,7|0
"SUBCATEGORY_PEPPERS_SWEET-PEPPERS@@KANSAS CITY, KS - MULO",232,232,24320082.98,0,2022-01-09,2026-06-14,0,0.0,7,0,7|0
"SUBCATEGORY_PEPPERS_SWEET-PEPPERS@@KNOXVILLE, TN - MULO",232,232,11668301.64,0,2022-01-09,2026-06-14,0,0.0,6,0,6|0
"SUBCATEGORY_PEPPERS_SWEET-PEPPERS@@LAS VEGAS, NV - MULO",232,232,18206905.09,0,2022-01-09,2026-06-14,0,0.0,7,0,7|0
"SUBCATEGORY_PEPPERS_SWEET-PEPPERS@@LITTLE ROCK, AR - MULO",232,232,8058561.16,0,2022-01-09,2026-06-14,0,0.0,5,0,5|0
"SUBCATEGORY_PEPPERS_SWEET-PEPPERS@@LOS ANGELES, CA - MULO",232,232,111488602.03,0,2022-01-09,2026-06-14,0,0.0,9,0,9|0
"SUBCATEGORY_PEPPERS_SWEET-PEPPERS@@LOUISVILLE, KY - MULO",232,232,14803741.82,0,2022-01-09,2026-06-14,0,0.0,6,0,6|0
"SUBCATEGORY_PEPPERS_SWEET-PEPPERS@@MEMPHIS, TN - MULO",232,232,10406203.26,0,2022-01-09,2026-06-14,0,0.0,6,0,6|0
"SUBCATEGORY_PEPPERS_SWEET-PEPPERS@@MIAMI/FT. LAUDERDALE, FL - MULO",232,232,82903989.25,0,2022-01-09,2026-06-14,0,0.0,9,0,9|0
"SUBCATEGORY_PEPPERS_SWEET-PEPPERS@@MILWAUKEE, WI - MULO",232,232,32827633.88,0,2022-01-09,2026-06-14,0,0.0,8,0,8|0
"SUBCATEGORY_PEPPERS_SWEET-PEPPERS@@MINNEAPOLIS/ST. PAUL, MN - MULO",232,232,40015042.83,0,2022-01-09,2026-06-14,0,0.0,8,0,8|0
SUBCATEGORY_PEPPERS_SWEET-PEPPERS@@MISSISSIPPI - MULO,232,232,14568272.95,0,2022-01-09,2026-06-14,0,0.0,6,0,6|0
"SUBCATEGORY_PEPPERS_SWEET-PEPPERS@@NASHVILLE, TN - MULO",232,232,26315060.55,0,2022-01-09,2026-06-14,0,0.0,7,0,7|0
SUBCATEGORY_PEPPERS_SWEET-PEPPERS@@NEW ENGLAND - MULO,232,232,44954081.08,0,2022-01-09,2026-06-14,0,0.0,8,0,8|0
"SUBCATEGORY_PEPPERS_SWEET-PEPPERS@@NEW ORLEANS, LA/MOBILE, AL - MULO",232,232,25951930.36,0,2022-01-09,2026-06-14,0,0.0,7,0,7|0
"SUBCATEGORY_PEPPERS_SWEET-PEPPERS@@NEW YORK, NY - MULO",232,232,171938572.43,0,2022-01-09,2026-06-14,0,0.0,9,0,9|0
"SUBCATEGORY_PEPPERS_SWEET-PEPPERS@@OKLAHOMA CITY, OK - MULO",232,232,12134312.55,0,2022-01-09,2026-06-14,0,0.0,6,0,6|0
"SUBCATEGORY_PEPPERS_SWEET-PEPPERS@@OMAHA, NE - MULO",232,232,11773882.8,0,2022-01-09,2026-06-14,0,0.0,6,0,6|0
"SUBCATEGORY_PEPPERS_SWEET-PEPPERS@@ORLANDO, FL - MULO",232,232,56193130.32,0,2022-01-09,2026-06-14,0,0.0,8,0,8|0
"SUBCATEGORY_PEPPERS_SWEET-PEPPERS@@PEORIA/SPRINGFIELD, IL - MULO",232,232,19840195.29,0,2022-01-09,2026-06-14,0,0.0,7,0,7|0
"SUBCATEGORY_PEPPERS_SWEET-PEPPERS@@PHILADELPHIA, PA - MULO",232,232,86544494.77,0,2022-01-09,2026-06-14,0,0.0,9,0,9|0
"SUBCATEGORY_PEPPERS_SWEET-PEPPERS@@PHOENIX/TUCSON, AZ - MULO",232,232,51533623.18,0,2022-01-09,2026-06-14,0,0.0,8,0,8|0
"SUBCATEGORY_PEPPERS_SWEET-PEPPERS@@PITTSBURGH, PA - MULO",232,232,38863272.91,0,2022-01-09,2026-06-14,0,0.0,8,0,8|0
"SUBCATEGORY_PEPPERS_SWEET-PEPPERS@@PORTLAND, OR - MULO",232,232,30096448.22,0,2022-01-09,2026-06-14,0,0.0,8,0,8|0
"SUBCATEGORY_PEPPERS_SWEET-PEPPERS@@PROVIDENCE, RI - MULO",232,232,7719070.63,0,2022-01-09,2026-06-14,0,0.0,5,0,5|0
"SUBCATEGORY_PEPPERS_SWEET-PEPPERS@@RALEIGH/GREENSBORO, NC - MULO",232,232,54520922.66,0,2022-01-09,2026-06-14,0,0.0,8,0,8|0
"SUBCATEGORY_PEPPERS_SWEET-PEPPERS@@RICHMOND/NORFOLK, VA - MULO",232,232,42775783.2,0,2022-01-09,2026-06-14,0,0.0,8,0,8|0
"SUBCATEGORY_PEPPERS_SWEET-PEPPERS@@ROANOKE, VA - MULO",232,232,26706466.9,0,2022-01-09,2026-06-14,0,0.0,7,0,7|0
"SUBCATEGORY_PEPPERS_SWEET-PEPPERS@@SACRAMENTO, CA - MULO",232,232,17845373.23,0,2022-01-09,2026-06-14,0,0.0,7,0,7|0
"SUBCATEGORY_PEPPERS_SWEET-PEPPERS@@SALT LAKE CITY, UT - MULO",232,232,20163394.58,0,2022-01-09,2026-06-14,0,0.0,7,0,7|0
"SUBCATEGORY_PEPPERS_SWEET-PEPPERS@@SAN DIEGO, CA - MULO",232,232,23526868.88,0,2022-01-09,2026-06-14,0,0.0,7,0,7|0
"SUBCATEGORY_PEPPERS_SWEET-PEPPERS@@SAN FRANCISCO/OAKLAND, CA - MULO",232,232,33405007.78,0,2022-01-09,2026-06-14,0,0.0,8,0,8|0
"SUBCATEGORY_PEPPERS_SWEET-PEPPERS@@SEATTLE/TACOMA, WA - MULO",232,232,40069873.53,0,2022-01-09,2026-06-14,0,0.0,8,0,8|0
SUBCATEGORY_PEPPERS_SWEET-PEPPERS@@SOUTH CAROLINA - MULO,232,232,74289520.66,0,2022-01-09,2026-06-14,0,0.0,9,0,9|0
"SUBCATEGORY_PEPPERS_SWEET-PEPPERS@@SPOKANE, WA - MULO",232,232,5852144.02,0,2022-01-09,2026-06-14,0,0.0,4,0,4|0
"SUBCATEGORY_PEPPERS_SWEET-PEPPERS@@ST. LOUIS, MO - MULO",232,232,44847468.56,0,2022-01-09,2026-06-14,0,0.0,8,0,8|0
"SUBCATEGORY_PEPPERS_SWEET-PEPPERS@@SYRACUSE, NY - MULO",232,232,24101318.36,0,2022-01-09,2026-06-14,0,0.0,7,0,7|0
"SUBCATEGORY_PEPPERS_SWEET-PEPPERS@@TAMPA/ST. PETERSBURG, FL - MULO",232,232,55687704.02,0,2022-01-09,2026-06-14,0,0.0,8,0,8|0
"SUBCATEGORY_PEPPERS_SWEET-PEPPERS@@TOLEDO, OH - MULO",232,232,21016259.63,0,2022-01-09,2026-06-14,0,0.0,7,0,7|0
"SUBCATEGORY_PEPPERS_SWEET-PEPPERS@@TULSA, OK - MULO",232,232,10261030.27,0,2022-01-09,2026-06-14,0,0.0,6,0,6|0
SUBCATEGORY_PEPPERS_SWEET-PEPPERS@@WEST TEXAS/NEW MEXICO - MULO,232,232,27619675.1,0,2022-01-09,2026-06-14,0,0.0,8,0,8|0
"SUBCATEGORY_PEPPERS_SWEET-PEPPERS@@WICHITA, KS - MULO",232,232,10306520.47,0,2022-01-09,2026-06-14,0,0.0,6,0,6|0
"SUBCATEGORY_POTATOES_BAKING-&-RUSSET-POTATOES@@ALBANY, NY - MULO",232,232,21325745.45,0,2022-01-09,2026-06-14,0,0.0,7,0,7|0
"SUBCATEGORY_POTATOES_BAKING-&-RUSSET-POTATOES@@ATLANTA, GA - MULO",232,232,133961442.58,0,2022-01-09,2026-06-14,0,0.0,9,0,9|0
"SUBCATEGORY_POTATOES_BAKING-&-RUSSET-POTATOES@@BALTIMORE, MD/WASHINGTON D.C. - MULO",232,232,137443775.44,0,2022-01-09,2026-06-14,0,0.0,9,0,9|0
"SUBCATEGORY_POTATOES_BAKING-&-RUSSET-POTATOES@@BIRMINGHAM/MONTGOMERY, AL - MULO",232,232,132228511.77,0,2022-01-09,2026-06-14,0,0.0,9,0,9|0
"SUBCATEGORY_POTATOES_BAKING-&-RUSSET-POTATOES@@BOISE, ID - MULO",232,232,10808958.23,0,2022-01-09,2026-06-14,0,0.0,6,0,6|0
"SUBCATEGORY_POTATOES_BAKING-&-RUSSET-POTATOES@@BOSTON, MA - MULO",232,232,62598086.55,0,2022-01-09,2026-06-14,0,0.0,9,0,9|0
"SUBCATEGORY_POTATOES_BAKING-&-RUSSET-POTATOES@@BUFFALO/ROCHESTER, NY - MULO",232,232,43880788.66,0,2022-01-09,2026-06-14,0,0.0,8,0,8|0
"SUBCATEGORY_POTATOES_BAKING-&-RUSSET-POTATOES@@CHARLOTTE, NC - MULO",232,232,82719638.08,0,2022-01-09,2026-06-14,0,0.0,9,0,9|0
"SUBCATEGORY_POTATOES_BAKING-&-RUSSET-POTATOES@@CHICAGO, IL - MULO",232,232,132094863.83,0,2022-01-09,2026-06-14,0,0.0,9,0,9|0
"SUBCATEGORY_POTATOES_BAKING-&-RUSSET-POTATOES@@CINCINNATI/DAYTON, OH - MULO",232,232,102992122.3,0,2022-01-09,2026-06-14,0,0.0,9,0,9|0
"SUBCATEGORY_POTATOES_BAKING-&-RUSSET-POTATOES@@CLEVELAND, OH - MULO",232,232,50096163.42,0,2022-01-09,2026-06-14,0,0.0,8,0,8|0
"SUBCATEGORY_POTATOES_BAKING-&-RUSSET-POTATOES@@COLUMBUS, OH - MULO",232,232,65312562.76,0,2022-01-09,2026-06-14,0,0.0,9,0,9|0
"SUBCATEGORY_POTATOES_BAKING-&-RUSSET-POTATOES@@DALLAS/FT. WORTH, TX - MULO",232,232,129213870.07,0,2022-01-09,2026-06-14,0,0.0,9,0,9|0
"SUBCATEGORY_POTATOES_BAKING-&-RUSSET-POTATOES@@DENVER, CO - MULO",232,232,93859607.9,0,2022-01-09,2026-06-14,0,0.0,9,0,9|0
"SUBCATEGORY_POTATOES_BAKING-&-RUSSET-POTATOES@@DES MOINES, IA - MULO",232,232,21455225.73,0,2022-01-09,2026-06-14,0,0.0,7,0,7|0
"SUBCATEGORY_POTATOES_BAKING-&-RUSSET-POTATOES@@DETROIT, MI - MULO",232,232,103376767.0,0,2022-01-09,2026-06-14,0,0.0,9,0,9|0
"SUBCATEGORY_POTATOES_BAKING-&-RUSSET-POTATOES@@GRAND RAPIDS, MI - MULO",232,232,48065715.83,0,2022-01-09,2026-06-14,0,0.0,8,0,8|0
"SUBCATEGORY_POTATOES_BAKING-&-RUSSET-POTATOES@@GREEN BAY, WI - MULO",232,232,15002211.23,0,2022-01-09,2026-06-14,0,0.0,6,0,6|0
"SUBCATEGORY_POTATOES_BAKING-&-RUSSET-POTATOES@@HARRISBURG/SCRANTON, PA - MULO",232,232,108213119.89,0,2022-01-09,2026-06-14,0,0.0,9,0,9|0
"SUBCATEGORY_POTATOES_BAKING-&-RUSSET-POTATOES@@HARTFORD, CT/SPRINGFIELD, MA - MULO",232,232,61580494.0,0,2022-01-09,2026-06-14,0,0.0,9,0,9|0
"SUBCATEGORY_POTATOES_BAKING-&-RUSSET-POTATOES@@HOUSTON, TX - MULO",232,232,57228393.88,0,2022-01-09,2026-06-14,0,0.0,9,0,9|0
"SUBCATEGORY_POTATOES_BAKING-&-RUSSET-POTATOES@@INDIANAPOLIS, IN - MULO",232,232,82980356.87,0,2022-01-09,2026-06-14,0,0.0,9,0,9|0
"SUBCATEGORY_POTATOES_BAKING-&-RUSSET-POTATOES@@JACKSONVILLE, FL - MULO",232,232,48564414.75,0,2022-01-09,2026-06-14,0,0.0,8,0,8|0
"SUBCATEGORY_POTATOES_BAKING-&-RUSSET-POTATOES@@KANSAS CITY, KS - MULO",232,232,57819244.77,0,2022-01-09,2026-06-14,0,0.0,9,0,9|0
"SUBCATEGORY_POTATOES_BAKING-&-RUSSET-POTATOES@@KNOXVILLE, TN - MULO",232,232,50032937.05,0,2022-01-09,2026-06-14,0,0.0,8,0,8|0
"SUBCATEGORY_POTATOES_BAKING-&-RUSSET-POTATOES@@LAS VEGAS, NV - MULO",232,232,38451402.41,0,2022-01-09,2026-06-14,0,0.0,8,0,8|0
"SUBCATEGORY_POTATOES_BAKING-&-RUSSET-POTATOES@@LITTLE ROCK, AR - MULO",232,232,24607775.27,0,2022-01-09,2026-06-14,0,0.0,7,0,7|0
"SUBCATEGORY_POTATOES_BAKING-&-RUSSET-POTATOES@@LOS ANGELES, CA - MULO",232,232,229901071.42,0,2022-01-09,2026-06-14,0,0.0,9,0,9|0
"SUBCATEGORY_POTATOES_BAKING-&-RUSSET-POTATOES@@LOUISVILLE, KY - MULO",232,232,49532670.76,0,2022-01-09,2026-06-14,0,0.0,8,0,8|0
"SUBCATEGORY_POTATOES_BAKING-&-RUSSET-POTATOES@@MEMPHIS, TN - MULO",232,232,35448349.53,0,2022-01-09,2026-06-14,0,0.0,8,0,8|0
"SUBCATEGORY_POTATOES_BAKING-&-RUSSET-POTATOES@@MIAMI/FT. LAUDERDALE, FL - MULO",232,232,133075266.99,0,2022-01-09,2026-06-14,0,0.0,9,0,9|0
"SUBCATEGORY_POTATOES_BAKING-&-RUSSET-POTATOES@@MILWAUKEE, WI - MULO",232,232,42795733.07,0,2022-01-09,2026-06-14,0,0.0,8,0,8|0
"SUBCATEGORY_POTATOES_BAKING-&-RUSSET-POTATOES@@MINNEAPOLIS/ST. PAUL, MN - MULO",232,232,55435175.29,0,2022-01-09,2026-06-14,0,0.0,8,0,8|0
SUBCATEGORY_POTATOES_BAKING-&-RUSSET-POTATOES@@MISSISSIPPI - MULO,232,232,79758046.36,0,2022-01-09,2026-06-14,0,0.0,9,0,9|0
"SUBCATEGORY_POTATOES_BAKING-&-RUSSET-POTATOES@@NASHVILLE, TN - MULO",232,232,71326375.71,0,2022-01-09,2026-06-14,0,0.0,9,0,9|0
SUBCATEGORY_POTATOES_BAKING-&-RUSSET-POTATOES@@NEW ENGLAND - MULO,232,232,52198884.76,0,2022-01-09,2026-06-14,0,0.0,8,0,8|0
"SUBCATEGORY_POTATOES_BAKING-&-RUSSET-POTATOES@@NEW ORLEANS, LA/MOBILE, AL - MULO",232,232,80875159.05,0,2022-01-09,2026-06-14,0,0.0,9,0,9|0
"SUBCATEGORY_POTATOES_BAKING-&-RUSSET-POTATOES@@NEW YORK, NY - MULO",232,232,271461090.16,0,2022-01-09,2026-06-14,0,0.0,9,0,9|0
"SUBCATEGORY_POTATOES_BAKING-&-RUSSET-POTATOES@@OKLAHOMA CITY, OK - MULO",232,232,40732666.95,0,2022-01-09,2026-06-14,0,0.0,8,0,8|0
"SUBCATEGORY_POTATOES_BAKING-&-RUSSET-POTATOES@@OMAHA, NE - MULO",232,232,30614698.89,0,2022-01-09,2026-06-14,0,0.0,8,0,8|0
"SUBCATEGORY_POTATOES_BAKING-&-RUSSET-POTATOES@@ORLANDO, FL - MULO",232,232,105585899.63,0,2022-01-09,2026-06-14,0,0.0,9,0,9|0
"SUBCATEGORY_POTATOES_BAKING-&-RUSSET-POTATOES@@PEORIA/SPRINGFIELD, IL - MULO",232,232,52779958.08,0,2022-01-09,2026-06-14,0,0.0,8,0,8|0
"SUBCATEGORY_POTATOES_BAKING-&-RUSSET-POTATOES@@PHILADELPHIA, PA - MULO",232,232,105160277.88,0,2022-01-09,2026-06-14,0,0.0,9,0,9|0
"SUBCATEGORY_POTATOES_BAKING-&-RUSSET-POTATOES@@PHOENIX/TUCSON, AZ - MULO",232,232,134405630.96,0,2022-01-09,2026-06-14,0,0.0,9,0,9|0
"SUBCATEGORY_POTATOES_BAKING-&-RUSSET-POTATOES@@PITTSBURGH, PA - MULO",232,232,74415713.27,0,2022-01-09,2026-06-14,0,0.0,9,0,9|0
"SUBCATEGORY_POTATOES_BAKING-&-RUSSET-POTATOES@@PORTLAND, OR - MULO",232,232,39599767.87,0,2022-01-09,2026-06-14,0,0.0,8,0,8|0
"SUBCATEGORY_POTATOES_BAKING-&-RUSSET-POTATOES@@PROVIDENCE, RI - MULO",232,232,15108448.99,0,2022-01-09,2026-06-14,0,0.0,6,0,6|0
"SUBCATEGORY_POTATOES_BAKING-&-RUSSET-POTATOES@@RALEIGH/GREENSBORO, NC - MULO",232,232,92812655.84,0,2022-01-09,2026-06-14,0,0.0,9,0,9|0
"SUBCATEGORY_POTATOES_BAKING-&-RUSSET-POTATOES@@RICHMOND/NORFOLK, VA - MULO",232,232,71860440.49,0,2022-01-09,2026-06-14,0,0.0,9,0,9|0
"SUBCATEGORY_POTATOES_BAKING-&-RUSSET-POTATOES@@ROANOKE, VA - MULO",232,232,106484300.22,0,2022-01-09,2026-06-14,0,0.0,9,0,9|0
"SUBCATEGORY_POTATOES_BAKING-&-RUSSET-POTATOES@@SACRAMENTO, CA - MULO",232,232,46060969.99,0,2022-01-09,2026-06-14,0,0.0,8,0,8|0
"SUBCATEGORY_POTATOES_BAKING-&-RUSSET-POTATOES@@SALT LAKE CITY, UT - MULO",232,232,41215934.3,0,2022-01-09,2026-06-14,0,0.0,8,0,8|0
"SUBCATEGORY_POTATOES_BAKING-&-RUSSET-POTATOES@@SAN DIEGO, CA - MULO",232,232,42878561.61,0,2022-01-09,2026-06-14,0,0.0,8,0,8|0
"SUBCATEGORY_POTATOES_BAKING-&-RUSSET-POTATOES@@SAN FRANCISCO/OAKLAND, CA - MULO",232,232,55283078.16,0,2022-01-09,2026-06-14,0,0.0,8,0,8|0
"SUBCATEGORY_POTATOES_BAKING-&-RUSSET-POTATOES@@SEATTLE/TACOMA, WA - MULO",232,232,37060707.31,0,2022-01-09,2026-06-14,0,0.0,8,0,8|0
SUBCATEGORY_POTATOES_BAKING-&-RUSSET-POTATOES@@SOUTH CAROLINA - MULO,232,232,163949649.4,0,2022-01-09,2026-06-14,0,0.0,9,0,9|0
"SUBCATEGORY_POTATOES_BAKING-&-RUSSET-POTATOES@@SPOKANE, WA - MULO",232,232,9844295.5,0,2022-01-09,2026-06-14,0,0.0,6,0,6|0
"SUBCATEGORY_POTATOES_BAKING-&-RUSSET-POTATOES@@ST. LOUIS, MO - MULO",232,232,62954058.6,0,2022-01-09,2026-06-14,0,0.0,9,0,9|0
"SUBCATEGORY_POTATOES_BAKING-&-RUSSET-POTATOES@@SYRACUSE, NY - MULO",232,232,21419629.02,0,2022-01-09,2026-06-14,0,0.0,7,0,7|0
"SUBCATEGORY_POTATOES_BAKING-&-RUSSET-POTATOES@@TAMPA/ST. PETERSBURG, FL - MULO",232,232,104217025.3,0,2022-01-09,2026-06-14,0,0.0,9,0,9|0
"SUBCATEGORY_POTATOES_BAKING-&-RUSSET-POTATOES@@TOLEDO, OH - MULO",232,232,65517523.71,0,2022-01-09,2026-06-14,0,0.0,9,0,9|0
"SUBCATEGORY_POTATOES_BAKING-&-RUSSET-POTATOES@@TULSA, OK - MULO",232,232,36823127.33,0,2022-01-09,2026-06-14,0,0.0,8,0,8|0
SUBCATEGORY_POTATOES_BAKING-&-RUSSET-POTATOES@@WEST TEXAS/NEW MEXICO - MULO,232,232,135408669.21,0,2022-01-09,2026-06-14,0,0.0,9,0,9|0
"SUBCATEGORY_POTATOES_BAKING-&-RUSSET-POTATOES@@WICHITA, KS - MULO",232,232,28879112.89,0,2022-01-09,2026-06-14,0,0.0,8,0,8|0
"SUBCATEGORY_POTATOES_OTHER-POTATOES@@ALBANY, NY - MULO",232,232,777760.77,0,2022-01-09,2026-06-14,0,0.0,1,0,1|0
"SUBCATEGORY_POTATOES_OTHER-POTATOES@@ATLANTA, GA - MULO",232,232,19195361.52,0,2022-01-09,2026-06-14,0,0.0,7,0,7|0
"SUBCATEGORY_POTATOES_OTHER-POTATOES@@BALTIMORE, MD/WASHINGTON D.C. - MULO",232,232,7523355.11,0,2022-01-09,2026-06-14,0,0.0,5,0,5|0
"SUBCATEGORY_POTATOES_OTHER-POTATOES@@BIRMINGHAM/MONTGOMERY, AL - MULO",232,232,4398921.75,0,2022-01-09,2026-06-14,0,0.0,4,0,4|0
"SUBCATEGORY_POTATOES_OTHER-POTATOES@@BOISE, ID - MULO",232,232,2762322.91,0,2022-01-09,2026-06-14,0,0.0,3,0,3|0
"SUBCATEGORY_POTATOES_OTHER-POTATOES@@BOSTON, MA - MULO",232,232,2161732.69,0,2022-01-09,2026-06-14,0,0.0,2,0,2|0
"SUBCATEGORY_POTATOES_OTHER-POTATOES@@BUFFALO/ROCHESTER, NY - MULO",232,232,2332818.97,0,2022-01-09,2026-06-14,0,0.0,3,0,3|0
"SUBCATEGORY_POTATOES_OTHER-POTATOES@@CHARLOTTE, NC - MULO",232,232,6909310.69,0,2022-01-09,2026-06-14,0,0.0,5,0,5|0
"SUBCATEGORY_POTATOES_OTHER-POTATOES@@CHICAGO, IL - MULO",232,232,13022114.66,0,2022-01-09,2026-06-14,0,0.0,6,0,6|0
"SUBCATEGORY_POTATOES_OTHER-POTATOES@@CINCINNATI/DAYTON, OH - MULO",232,232,25964901.84,0,2022-01-09,2026-06-14,0,0.0,7,0,7|0
"SUBCATEGORY_POTATOES_OTHER-POTATOES@@CLEVELAND, OH - MULO",232,232,3024831.34,0,2022-01-09,2026-06-14,0,0.0,3,0,3|0
"SUBCATEGORY_POTATOES_OTHER-POTATOES@@COLUMBUS, OH - MULO",232,232,14793411.11,0,2022-01-09,2026-06-14,0,0.0,6,0,6|0
"SUBCATEGORY_POTATOES_OTHER-POTATOES@@DALLAS/FT. WORTH, TX - MULO",232,232,25309706.52,0,2022-01-09,2026-06-14,0,0.0,7,0,7|0
"SUBCATEGORY_POTATOES_OTHER-POTATOES@@DENVER, CO - MULO",232,232,40463079.66,0,2022-01-09,2026-06-14,0,0.0,8,0,8|0
"SUBCATEGORY_POTATOES_OTHER-POTATOES@@DES MOINES, IA - MULO",219,232,36915.07,15,2022-01-09,2026-06-14,13,0.0684931506849315,0,1,0|1
"SUBCATEGORY_POTATOES_OTHER-POTATOES@@DETROIT, MI - MULO",232,232,20803237.48,0,2022-01-09,2026-06-14,0,0.0,7,0,7|0
"SUBCATEGORY_POTATOES_OTHER-POTATOES@@GRAND RAPIDS, MI - MULO",232,232,358195.65,0,2022-01-09,2026-06-14,0,0.0,0,0,0|0
"SUBCATEGORY_POTATOES_OTHER-POTATOES@@GREEN BAY, WI - MULO",232,232,2006069.73,0,2022-01-09,2026-06-14,0,0.0,2,0,2|0
"SUBCATEGORY_POTATOES_OTHER-POTATOES@@HARRISBURG/SCRANTON, PA - MULO",232,232,3106807.77,0,2022-01-09,2026-06-14,0,0.0,3,0,3|0
"SUBCATEGORY_POTATOES_OTHER-POTATOES@@HARTFORD, CT/SPRINGFIELD, MA - MULO",232,232,2970398.98,0,2022-01-09,2026-06-14,0,0.0,3,0,3|0
"SUBCATEGORY_POTATOES_OTHER-POTATOES@@HOUSTON, TX - MULO",232,232,19441316.84,0,2022-01-09,2026-06-14,0,0.0,7,0,7|0
"SUBCATEGORY_POTATOES_OTHER-POTATOES@@INDIANAPOLIS, IN - MULO",232,232,12505022.61,0,2022-01-09,2026-06-14,0,0.0,6,0,6|0
"SUBCATEGORY_POTATOES_OTHER-POTATOES@@JACKSONVILLE, FL - MULO",232,232,961347.85,0,2022-01-09,2026-06-14,0,0.0,1,0,1|0
"SUBCATEGORY_POTATOES_OTHER-POTATOES@@KANSAS CITY, KS - MULO",232,232,3345462.79,0,2022-01-09,2026-06-14,0,0.0,3,0,3|0
"SUBCATEGORY_POTATOES_OTHER-POTATOES@@KNOXVILLE, TN - MULO",232,232,5766347.46,0,2022-01-09,2026-06-14,0,0.0,4,0,4|0
"SUBCATEGORY_POTATOES_OTHER-POTATOES@@LAS VEGAS, NV - MULO",232,232,8418988.709999999,0,2022-01-09,2026-06-14,0,0.0,5,0,5|0
"SUBCATEGORY_POTATOES_OTHER-POTATOES@@LITTLE ROCK, AR - MULO",232,232,4122288.42,0,2022-01-09,2026-06-14,0,0.0,4,0,4|0
"SUBCATEGORY_POTATOES_OTHER-POTATOES@@LOS ANGELES, CA - MULO",232,232,45196508.65,0,2022-01-09,2026-06-14,0,0.0,8,0,8|0
"SUBCATEGORY_POTATOES_OTHER-POTATOES@@LOUISVILLE, KY - MULO",232,232,9630445.62,0,2022-01-09,2026-06-14,0,0.0,5,0,5|0
"SUBCATEGORY_POTATOES_OTHER-POTATOES@@MEMPHIS, TN - MULO",232,232,6046357.37,0,2022-01-09,2026-06-14,0,0.0,4,0,4|0
"SUBCATEGORY_POTATOES_OTHER-POTATOES@@MIAMI/FT. LAUDERDALE, FL - MULO",232,232,1165906.65,0,2022-01-09,2026-06-14,0,0.0,1,0,1|0
"SUBCATEGORY_POTATOES_OTHER-POTATOES@@MILWAUKEE, WI - MULO",232,232,12055724.64,0,2022-01-09,2026-06-14,0,0.0,6,0,6|0
"SUBCATEGORY_POTATOES_OTHER-POTATOES@@MINNEAPOLIS/ST. PAUL, MN - MULO",225,232,87755.12,2,2022-01-09,2026-06-14,7,0.008888888888888889,0,0,0|0
SUBCATEGORY_POTATOES_OTHER-POTATOES@@MISSISSIPPI - MULO,232,232,5533304.07,0,2022-01-09,2026-06-14,0,0.0,4,0,4|0
"SUBCATEGORY_POTATOES_OTHER-POTATOES@@NASHVILLE, TN - MULO",232,232,11262296.7,0,2022-01-09,2026-06-14,0,0.0,6,0,6|0
SUBCATEGORY_POTATOES_OTHER-POTATOES@@NEW ENGLAND - MULO,232,232,2222976.41,0,2022-01-09,2026-06-14,0,0.0,2,0,2|0
"SUBCATEGORY_POTATOES_OTHER-POTATOES@@NEW ORLEANS, LA/MOBILE, AL - MULO",232,232,1209191.16,0,2022-01-09,2026-06-14,0,0.0,2,0,2|0
"SUBCATEGORY_POTATOES_OTHER-POTATOES@@NEW YORK, NY - MULO",232,232,18176755.79,0,2022-01-09,2026-06-14,0,0.0,7,0,7|0
"SUBCATEGORY_POTATOES_OTHER-POTATOES@@OKLAHOMA CITY, OK - MULO",232,232,1438907.95,0,2022-01-09,2026-06-14,0,0.0,2,0,2|0
"SUBCATEGORY_POTATOES_OTHER-POTATOES@@OMAHA, NE - MULO",232,232,3035166.45,0,2022-01-09,2026-06-14,0,0.0,3,0,3|0
"SUBCATEGORY_POTATOES_OTHER-POTATOES@@ORLANDO, FL - MULO",232,232,1655535.7,0,2022-01-09,2026-06-14,0,0.0,2,0,2|0
"SUBCATEGORY_POTATOES_OTHER-POTATOES@@PEORIA/SPRINGFIELD, IL - MULO",232,232,2864607.9,0,2022-01-09,2026-06-14,0,0.0,3,0,3|0
"SUBCATEGORY_POTATOES_OTHER-POTATOES@@PHILADELPHIA, PA - MULO",232,232,7810588.0,0,2022-01-09,2026-06-14,0,0.0,5,0,5|0
"SUBCATEGORY_POTATOES_OTHER-POTATOES@@PHOENIX/TUCSON, AZ - MULO",232,232,29682150.6,0,2022-01-09,2026-06-14,0,0.0,8,0,8|0
"SUBCATEGORY_POTATOES_OTHER-POTATOES@@PITTSBURGH, PA - MULO",232,232,4306593.7,0,2022-01-09,2026-06-14,0,0.0,4,0,4|0
"SUBCATEGORY_POTATOES_OTHER-POTATOES@@PORTLAND, OR - MULO",232,232,14443851.55,0,2022-01-09,2026-06-14,0,0.0,6,0,6|0
"SUBCATEGORY_POTATOES_OTHER-POTATOES@@PROVIDENCE, RI - MULO",232,232,348582.44,0,2022-01-09,2026-06-14,0,0.0,0,0,0|0
"SUBCATEGORY_POTATOES_OTHER-POTATOES@@RALEIGH/GREENSBORO, NC - MULO",232,232,7259732.43,0,2022-01-09,2026-06-14,0,0.0,5,0,5|0
"SUBCATEGORY_POTATOES_OTHER-POTATOES@@RICHMOND/NORFOLK, VA - MULO",232,232,11336693.42,0,2022-01-09,2026-06-14,0,0.0,6,0,6|0
"SUBCATEGORY_POTATOES_OTHER-POTATOES@@ROANOKE, VA - MULO",232,232,10349429.27,0,2022-01-09,2026-06-14,0,0.0,6,0,6|0
"SUBCATEGORY_POTATOES_OTHER-POTATOES@@SACRAMENTO, CA - MULO",232,232,1630551.5,0,2022-01-09,2026-06-14,0,0.0,2,0,2|0
"SUBCATEGORY_POTATOES_OTHER-POTATOES@@SALT LAKE CITY, UT - MULO",232,232,11909223.88,0,2022-01-09,2026-06-14,0,0.0,6,0,6|0
"SUBCATEGORY_POTATOES_OTHER-POTATOES@@SAN DIEGO, CA - MULO",232,232,7785455.45,0,2022-01-09,2026-06-14,0,0.0,5,0,5|0
"SUBCATEGORY_POTATOES_OTHER-POTATOES@@SAN FRANCISCO/OAKLAND, CA - MULO",232,232,4026275.72,0,2022-01-09,2026-06-14,0,0.0,4,0,4|0
"SUBCATEGORY_POTATOES_OTHER-POTATOES@@SEATTLE/TACOMA, WA - MULO",232,232,15871607.22,0,2022-01-09,2026-06-14,0,0.0,7,0,7|0
SUBCATEGORY_POTATOES_OTHER-POTATOES@@SOUTH CAROLINA - MULO,232,232,11649579.12,0,2022-01-09,2026-06-14,0,0.0,6,0,6|0
"SUBCATEGORY_POTATOES_OTHER-POTATOES@@SPOKANE, WA - MULO",232,232,1610692.61,0,2022-01-09,2026-06-14,0,0.0,2,0,2|0
"SUBCATEGORY_POTATOES_OTHER-POTATOES@@ST. LOUIS, MO - MULO",232,232,647346.96,0,2022-01-09,2026-06-14,0,0.0,1,0,1|0
"SUBCATEGORY_POTATOES_OTHER-POTATOES@@SYRACUSE, NY - MULO",232,232,5983382.8,0,2022-01-09,2026-06-14,0,0.0,4,0,4|0
"SUBCATEGORY_POTATOES_OTHER-POTATOES@@TAMPA/ST. PETERSBURG, FL - MULO",232,232,1473053.68,0,2022-01-09,2026-06-14,0,0.0,2,0,2|0
"SUBCATEGORY_POTATOES_OTHER-POTATOES@@TOLEDO, OH - MULO",232,232,7098146.23,0,2022-01-09,2026-06-14,0,0.0,5,0,5|0
"SUBCATEGORY_POTATOES_OTHER-POTATOES@@TULSA, OK - MULO",219,232,1088653.33,8,2022-01-09,2026-06-14,13,0.0365296803652968,1,0,1|0
SUBCATEGORY_POTATOES_OTHER-POTATOES@@WEST TEXAS/NEW MEXICO - MULO,232,232,12010285.49,0,2022-01-09,2026-06-14,0,0.0,6,0,6|0
"SUBCATEGORY_POTATOES_OTHER-POTATOES@@WICHITA, KS - MULO",232,232,5974896.5,0,2022-01-09,2026-06-14,0,0.0,4,0,4|0
"SUBCATEGORY_POTATOES_PETITE-POTATOES@@ALBANY, NY - MULO",232,232,15904621.62,0,2022-01-09,2026-06-14,0,0.0,7,0,7|0
"SUBCATEGORY_POTATOES_PETITE-POTATOES@@ATLANTA, GA - MULO",232,232,35800372.98,0,2022-01-09,2026-06-14,0,0.0,8,0,8|0
"SUBCATEGORY_POTATOES_PETITE-POTATOES@@BALTIMORE, MD/WASHINGTON D.C. - MULO",232,232,83480281.05,0,2022-01-09,2026-06-14,0,0.0,9,0,9|0
"SUBCATEGORY_POTATOES_PETITE-POTATOES@@BIRMINGHAM/MONTGOMERY, AL - MULO",232,232,36529470.92,0,2022-01-09,2026-06-14,0,0.0,8,0,8|0
"SUBCATEGORY_POTATOES_PETITE-POTATOES@@BOISE, ID - MULO",232,232,3163665.0,0,2022-01-09,2026-06-14,0,0.0,3,0,3|0
"SUBCATEGORY_POTATOES_PETITE-POTATOES@@BOSTON, MA - MULO",232,232,49196518.35,0,2022-01-09,2026-06-14,0,0.0,8,0,8|0
"SUBCATEGORY_POTATOES_PETITE-POTATOES@@BUFFALO/ROCHESTER, NY - MULO",232,232,35274960.39,0,2022-01-09,2026-06-14,0,0.0,8,0,8|0
"SUBCATEGORY_POTATOES_PETITE-POTATOES@@CHARLOTTE, NC - MULO",232,232,27305774.99,0,2022-01-09,2026-06-14,0,0.0,8,0,8|0
"SUBCATEGORY_POTATOES_PETITE-POTATOES@@CHICAGO, IL - MULO",232,232,59765023.96,0,2022-01-09,2026-06-14,0,0.0,9,0,9|0
"SUBCATEGORY_POTATOES_PETITE-POTATOES@@CINCINNATI/DAYTON, OH - MULO",232,232,14036904.28,0,2022-01-09,2026-06-14,0,0.0,6,0,6|0
"SUBCATEGORY_POTATOES_PETITE-POTATOES@@CLEVELAND, OH - MULO",232,232,20260752.11,0,2022-01-09,2026-06-14,0,0.0,7,0,7|0
"SUBCATEGORY_POTATOES_PETITE-POTATOES@@COLUMBUS, OH - MULO",232,232,14123433.95,0,2022-01-09,2026-06-14,0,0.0,6,0,6|0
"SUBCATEGORY_POTATOES_PETITE-POTATOES@@DALLAS/FT. WORTH, TX - MULO",232,232,43009306.09,0,2022-01-09,2026-06-14,0,0.0,8,0,8|0
"SUBCATEGORY_POTATOES_PETITE-POTATOES@@DENVER, CO - MULO",232,232,25731610.39,0,2022-01-09,2026-06-14,0,0.0,7,0,7|0
"SUBCATEGORY_POTATOES_PETITE-POTATOES@@DES MOINES, IA - MULO",232,232,8738628.56,0,2022-01-09,2026-06-14,0,0.0,5,0,5|0
"SUBCATEGORY_POTATOES_PETITE-POTATOES@@DETROIT, MI - MULO",232,232,36155054.91,0,2022-01-09,2026-06-14,0,0.0,8,0,8|0
"SUBCATEGORY_POTATOES_PETITE-POTATOES@@GRAND RAPIDS, MI - MULO",232,232,23304913.27,0,2022-01-09,2026-06-14,0,0.0,7,0,7|0
"SUBCATEGORY_POTATOES_PETITE-POTATOES@@GREEN BAY, WI - MULO",232,232,6402879.56,0,2022-01-09,2026-06-14,0,0.0,5,0,5|0
"SUBCATEGORY_POTATOES_PETITE-POTATOES@@HARRISBURG/SCRANTON, PA - MULO",232,232,42663719.21,0,2022-01-09,2026-06-14,0,0.0,8,0,8|0
"SUBCATEGORY_POTATOES_PETITE-POTATOES@@HARTFORD, CT/SPRINGFIELD, MA - MULO",232,232,42797120.01,0,2022-01-09,2026-06-14,0,0.0,8,0,8|0
"SUBCATEGORY_POTATOES_PETITE-POTATOES@@HOUSTON, TX - MULO",232,232,12460581.09,0,2022-01-09,2026-06-14,0,0.0,6,0,6|0
"SUBCATEGORY_POTATOES_PETITE-POTATOES@@INDIANAPOLIS, IN - MULO",232,232,17259727.61,0,2022-01-09,2026-06-14,0,0.0,7,0,7|0
"SUBCATEGORY_POTATOES_PETITE-POTATOES@@JACKSONVILLE, FL - MULO",232,232,22202101.82,0,2022-01-09,2026-06-14,0,0.0,7,0,7|0
"SUBCATEGORY_POTATOES_PETITE-POTATOES@@KANSAS CITY, KS - MULO",232,232,20619535.43,0,2022-01-09,2026-06-14,0,0.0,7,0,7|0
"SUBCATEGORY_POTATOES_PETITE-POTATOES@@KNOXVILLE, TN - MULO",232,232,9401147.75,0,2022-01-09,2026-06-14,0,0.0,5,0,5|0
"SUBCATEGORY_POTATOES_PETITE-POTATOES@@LAS VEGAS, NV - MULO",232,232,11612631.2,0,2022-01-09,2026-06-14,0,0.0,6,0,6|0
"SUBCATEGORY_POTATOES_PETITE-POTATOES@@LITTLE ROCK, AR - MULO",232,232,3404208.35,0,2022-01-09,2026-06-14,0,0.0,3,0,3|0
"SUBCATEGORY_POTATOES_PETITE-POTATOES@@LOS ANGELES, CA - MULO",232,232,86261199.32000001,0,2022-01-09,2026-06-14,0,0.0,9,0,9|0
"SUBCATEGORY_POTATOES_PETITE-POTATOES@@LOUISVILLE, KY - MULO",232,232,7058082.94,0,2022-01-09,2026-06-14,0,0.0,5,0,5|0
"SUBCATEGORY_POTATOES_PETITE-POTATOES@@MEMPHIS, TN - MULO",232,232,5272794.05,0,2022-01-09,2026-06-14,0,0.0,4,0,4|0
"SUBCATEGORY_POTATOES_PETITE-POTATOES@@MIAMI/FT. LAUDERDALE, FL - MULO",232,232,57927345.53,0,2022-01-09,2026-06-14,0,0.0,9,0,9|0
"SUBCATEGORY_POTATOES_PETITE-POTATOES@@MILWAUKEE, WI - MULO",232,232,16743619.02,0,2022-01-09,2026-06-14,0,0.0,7,0,7|0
"SUBCATEGORY_POTATOES_PETITE-POTATOES@@MINNEAPOLIS/ST. PAUL, MN - MULO",232,232,35712893.25,0,2022-01-09,2026-06-14,0,0.0,8,0,8|0
SUBCATEGORY_POTATOES_PETITE-POTATOES@@MISSISSIPPI - MULO,232,232,14281394.39,0,2022-01-09,2026-06-14,0,0.0,6,0,6|0
"SUBCATEGORY_POTATOES_PETITE-POTATOES@@NASHVILLE, TN - MULO",232,232,16996791.07,0,2022-01-09,2026-06-14,0,0.0,7,0,7|0
SUBCATEGORY_POTATOES_PETITE-POTATOES@@NEW ENGLAND - MULO,232,232,30441262.99,0,2022-01-09,2026-06-14,0,0.0,8,0,8|0
"SUBCATEGORY_POTATOES_PETITE-POTATOES@@NEW ORLEANS, LA/MOBILE, AL - MULO",232,232,27654039.43,0,2022-01-09,2026-06-14,0,0.0,8,0,8|0
"SUBCATEGORY_POTATOES_PETITE-POTATOES@@NEW YORK, NY - MULO",232,232,123487209.19,0,2022-01-09,2026-06-14,0,0.0,9,0,9|0
"SUBCATEGORY_POTATOES_PETITE-POTATOES@@OKLAHOMA CITY, OK - MULO",232,232,13034789.08,0,2022-01-09,2026-06-14,0,0.0,6,0,6|0
"SUBCATEGORY_POTATOES_PETITE-POTATOES@@OMAHA, NE - MULO",232,232,10956940.09,0,2022-01-09,2026-06-14,0,0.0,6,0,6|0
"SUBCATEGORY_POTATOES_PETITE-POTATOES@@ORLANDO, FL - MULO",232,232,50020931.21,0,2022-01-09,2026-06-14,0,0.0,8,0,8|0
"SUBCATEGORY_POTATOES_PETITE-POTATOES@@PEORIA/SPRINGFIELD, IL - MULO",232,232,17065986.69,0,2022-01-09,2026-06-14,0,0.0,7,0,7|0
"SUBCATEGORY_POTATOES_PETITE-POTATOES@@PHILADELPHIA, PA - MULO",232,232,56685383.13,0,2022-01-09,2026-06-14,0,0.0,9,0,9|0
"SUBCATEGORY_POTATOES_PETITE-POTATOES@@PHOENIX/TUCSON, AZ - MULO",232,232,30717354.42,0,2022-01-09,2026-06-14,0,0.0,8,0,8|0
"SUBCATEGORY_POTATOES_PETITE-POTATOES@@PITTSBURGH, PA - MULO",232,232,25525399.44,0,2022-01-09,2026-06-14,0,0.0,7,0,7|0
"SUBCATEGORY_POTATOES_PETITE-POTATOES@@PORTLAND, OR - MULO",232,232,19438999.51,0,2022-01-09,2026-06-14,0,0.0,7,0,7|0
"SUBCATEGORY_POTATOES_PETITE-POTATOES@@PROVIDENCE, RI - MULO",232,232,11183713.38,0,2022-01-09,2026-06-14,0,0.0,6,0,6|0
"SUBCATEGORY_POTATOES_PETITE-POTATOES@@RALEIGH/GREENSBORO, NC - MULO",232,232,32307668.75,0,2022-01-09,2026-06-14,0,0.0,8,0,8|0
"SUBCATEGORY_POTATOES_PETITE-POTATOES@@RICHMOND/NORFOLK, VA - MULO",232,232,26803613.55,0,2022-01-09,2026-06-14,0,0.0,8,0,8|0
"SUBCATEGORY_POTATOES_PETITE-POTATOES@@ROANOKE, VA - MULO",232,232,17178864.73,0,2022-01-09,2026-06-14,0,0.0,7,0,7|0
"SUBCATEGORY_POTATOES_PETITE-POTATOES@@SACRAMENTO, CA - MULO",232,232,21816763.21,0,2022-01-09,2026-06-14,0,0.0,7,0,7|0
"SUBCATEGORY_POTATOES_PETITE-POTATOES@@SALT LAKE CITY, UT - MULO",232,232,6206174.68,0,2022-01-09,2026-06-14,0,0.0,4,0,4|0
"SUBCATEGORY_POTATOES_PETITE-POTATOES@@SAN DIEGO, CA - MULO",232,232,22245351.3,0,2022-01-09,2026-06-14,0,0.0,7,0,7|0
"SUBCATEGORY_POTATOES_PETITE-POTATOES@@SAN FRANCISCO/OAKLAND, CA - MULO",232,232,38338641.19,0,2022-01-09,2026-06-14,0,0.0,8,0,8|0
"SUBCATEGORY_POTATOES_PETITE-POTATOES@@SEATTLE/TACOMA, WA - MULO",232,232,19394576.4,0,2022-01-09,2026-06-14,0,0.0,7,0,7|0
SUBCATEGORY_POTATOES_PETITE-POTATOES@@SOUTH CAROLINA - MULO,232,232,52292049.57,0,2022-01-09,2026-06-14,0,0.0,8,0,8|0
"SUBCATEGORY_POTATOES_PETITE-POTATOES@@SPOKANE, WA - MULO",232,232,3992648.31,0,2022-01-09,2026-06-14,0,0.0,4,0,4|0
"SUBCATEGORY_POTATOES_PETITE-POTATOES@@ST. LOUIS, MO - MULO",232,232,28378999.03,0,2022-01-09,2026-06-14,0,0.0,8,0,8|0
"SUBCATEGORY_POTATOES_PETITE-POTATOES@@SYRACUSE, NY - MULO",232,232,17801624.18,0,2022-01-09,2026-06-14,0,0.0,7,0,7|0
"SUBCATEGORY_POTATOES_PETITE-POTATOES@@TAMPA/ST. PETERSBURG, FL - MULO",232,232,52731996.0,0,2022-01-09,2026-06-14,0,0.0,8,0,8|0
"SUBCATEGORY_POTATOES_PETITE-POTATOES@@TOLEDO, OH - MULO",232,232,14020975.36,0,2022-01-09,2026-06-14,0,0.0,6,0,6|0
"SUBCATEGORY_POTATOES_PETITE-POTATOES@@TULSA, OK - MULO",232,232,10183639.05,0,2022-01-09,2026-06-14,0,0.0,6,0,6|0
SUBCATEGORY_POTATOES_PETITE-POTATOES@@WEST TEXAS/NEW MEXICO - MULO,232,232,26182852.44,0,2022-01-09,2026-06-14,0,0.0,7,0,7|0
"SUBCATEGORY_POTATOES_PETITE-POTATOES@@WICHITA, KS - MULO",232,232,4133667.57,0,2022-01-09,2026-06-14,0,0.0,4,0,4|0
"SUBCATEGORY_POTATOES_RED-POTATOES@@ALBANY, NY - MULO",232,232,10392705.68,0,2022-01-09,2026-06-14,0,0.0,6,0,6|0
"SUBCATEGORY_POTATOES_RED-POTATOES@@ATLANTA, GA - MULO",232,232,37449214.4,0,2022-01-09,2026-06-14,0,0.0,8,0,8|0
"SUBCATEGORY_POTATOES_RED-POTATOES@@BALTIMORE, MD/WASHINGTON D.C. - MULO",232,232,52703481.22,0,2022-01-09,2026-06-14,0,0.0,8,0,8|0
"SUBCATEGORY_POTATOES_RED-POTATOES@@BIRMINGHAM/MONTGOMERY, AL - MULO",232,232,35201033.56,0,2022-01-09,2026-06-14,0,0.0,8,0,8|0
"SUBCATEGORY_POTATOES_RED-POTATOES@@BOISE, ID - MULO",232,232,2732730.0,0,2022-01-09,2026-06-14,0,0.0,3,0,3|0
"SUBCATEGORY_POTATOES_RED-POTATOES@@BOSTON, MA - MULO",232,232,19804895.68,0,2022-01-09,2026-06-14,0,0.0,7,0,7|0
"SUBCATEGORY_POTATOES_RED-POTATOES@@BUFFALO/ROCHESTER, NY - MULO",232,232,16299396.13,0,2022-01-09,2026-06-14,0,0.0,7,0,7|0
"SUBCATEGORY_POTATOES_RED-POTATOES@@CHARLOTTE, NC - MULO",232,232,24208275.6,0,2022-01-09,2026-06-14,0,0.0,7,0,7|0
"SUBCATEGORY_POTATOES_RED-POTATOES@@CHICAGO, IL - MULO",232,232,46315663.98,0,2022-01-09,2026-06-14,0,0.0,8,0,8|0
"SUBCATEGORY_POTATOES_RED-POTATOES@@CINCINNATI/DAYTON, OH - MULO",232,232,17082899.92,0,2022-01-09,2026-06-14,0,0.0,7,0,7|0
"SUBCATEGORY_POTATOES_RED-POTATOES@@CLEVELAND, OH - MULO",232,232,13848382.35,0,2022-01-09,2026-06-14,0,0.0,6,0,6|0
"SUBCATEGORY_POTATOES_RED-POTATOES@@COLUMBUS, OH - MULO",232,232,13913797.32,0,2022-01-09,2026-06-14,0,0.0,6,0,6|0
"SUBCATEGORY_POTATOES_RED-POTATOES@@DALLAS/FT. WORTH, TX - MULO",232,232,38539345.69,0,2022-01-09,2026-06-14,0,0.0,8,0,8|0
"SUBCATEGORY_POTATOES_RED-POTATOES@@DENVER, CO - MULO",232,232,20087137.29,0,2022-01-09,2026-06-14,0,0.0,7,0,7|0
"SUBCATEGORY_POTATOES_RED-POTATOES@@DES MOINES, IA - MULO",232,232,3942664.79,0,2022-01-09,2026-06-14,0,0.0,4,0,4|0
"SUBCATEGORY_POTATOES_RED-POTATOES@@DETROIT, MI - MULO",232,232,25521013.65,0,2022-01-09,2026-06-14,0,0.0,7,0,7|0
"SUBCATEGORY_POTATOES_RED-POTATOES@@GRAND RAPIDS, MI - MULO",232,232,14320494.92,0,2022-01-09,2026-06-14,0,0.0,6,0,6|0
"SUBCATEGORY_POTATOES_RED-POTATOES@@GREEN BAY, WI - MULO",232,232,6393572.34,0,2022-01-09,2026-06-14,0,0.0,5,0,5|0
"SUBCATEGORY_POTATOES_RED-POTATOES@@HARRISBURG/SCRANTON, PA - MULO",232,232,44558639.05,0,2022-01-09,2026-06-14,0,0.0,8,0,8|0
"SUBCATEGORY_POTATOES_RED-POTATOES@@HARTFORD, CT/SPRINGFIELD, MA - MULO",232,232,21210533.38,0,2022-01-09,2026-06-14,0,0.0,7,0,7|0
"SUBCATEGORY_POTATOES_RED-POTATOES@@HOUSTON, TX - MULO",232,232,22081583.62,0,2022-01-09,2026-06-14,0,0.0,7,0,7|0
"SUBCATEGORY_POTATOES_RED-POTATOES@@INDIANAPOLIS, IN - MULO",232,232,12385563.65,0,2022-01-09,2026-06-14,0,0.0,6,0,6|0
"SUBCATEGORY_POTATOES_RED-POTATOES@@JACKSONVILLE, FL - MULO",232,232,20846844.79,0,2022-01-09,2026-06-14,0,0.0,7,0,7|0
"SUBCATEGORY_POTATOES_RED-POTATOES@@KANSAS CITY, KS - MULO",232,232,10682525.73,0,2022-01-09,2026-06-14,0,0.0,6,0,6|0
"SUBCATEGORY_POTATOES_RED-POTATOES@@KNOXVILLE, TN - MULO",232,232,7394255.96,0,2022-01-09,2026-06-14,0,0.0,5,0,5|0
"SUBCATEGORY_POTATOES_RED-POTATOES@@LAS VEGAS, NV - MULO",232,232,7894965.15,0,2022-01-09,2026-06-14,0,0.0,5,0,5|0
"SUBCATEGORY_POTATOES_RED-POTATOES@@LITTLE ROCK, AR - MULO",232,232,7167701.29,0,2022-01-09,2026-06-14,0,0.0,5,0,5|0
"SUBCATEGORY_POTATOES_RED-POTATOES@@LOS ANGELES, CA - MULO",232,232,39619979.53,0,2022-01-09,2026-06-14,0,0.0,8,0,8|0
"SUBCATEGORY_POTATOES_RED-POTATOES@@LOUISVILLE, KY - MULO",232,232,7776499.46,0,2022-01-09,2026-06-14,0,0.0,5,0,5|0
"SUBCATEGORY_POTATOES_RED-POTATOES@@MEMPHIS, TN - MULO",232,232,8183556.29,0,2022-01-09,2026-06-14,0,0.0,5,0,5|0
"SUBCATEGORY_POTATOES_RED-POTATOES@@MIAMI/FT. LAUDERDALE, FL - MULO",232,232,67053366.19,0,2022-01-09,2026-06-14,0,0.0,9,0,9|0
"SUBCATEGORY_POTATOES_RED-POTATOES@@MILWAUKEE, WI - MULO",232,232,14639072.67,0,2022-01-09,2026-06-14,0,0.0,6,0,6|0
"SUBCATEGORY_POTATOES_RED-POTATOES@@MINNEAPOLIS/ST. PAUL, MN - MULO",232,232,22684280.08,0,2022-01-09,2026-06-14,0,0.0,7,0,7|0
SUBCATEGORY_POTATOES_RED-POTATOES@@MISSISSIPPI - MULO,232,232,26646195.56,0,2022-01-09,2026-06-14,0,0.0,7,0,7|0
"SUBCATEGORY_POTATOES_RED-POTATOES@@NASHVILLE, TN - MULO",232,232,14483579.99,0,2022-01-09,2026-06-14,0,0.0,6,0,6|0
SUBCATEGORY_POTATOES_RED-POTATOES@@NEW ENGLAND - MULO,232,232,31034508.01,0,2022-01-09,2026-06-14,0,0.0,8,0,8|0
"SUBCATEGORY_POTATOES_RED-POTATOES@@NEW ORLEANS, LA/MOBILE, AL - MULO",232,232,34185706.44,0,2022-01-09,2026-06-14,0,0.0,8,0,8|0
"SUBCATEGORY_POTATOES_RED-POTATOES@@NEW YORK, NY - MULO",232,232,94074961.0,0,2022-01-09,2026-06-14,0,0.0,9,0,9|0
"SUBCATEGORY_POTATOES_RED-POTATOES@@OKLAHOMA CITY, OK - MULO",232,232,7307809.31,0,2022-01-09,2026-06-14,0,0.0,5,0,5|0
"SUBCATEGORY_POTATOES_RED-POTATOES@@OMAHA, NE - MULO",232,232,6705668.15,0,2022-01-09,2026-06-14,0,0.0,5,0,5|0
"SUBCATEGORY_POTATOES_RED-POTATOES@@ORLANDO, FL - MULO",232,232,39548119.1,0,2022-01-09,2026-06-14,0,0.0,8,0,8|0
"SUBCATEGORY_POTATOES_RED-POTATOES@@PEORIA/SPRINGFIELD, IL - MULO",232,232,13706564.99,0,2022-01-09,2026-06-14,0,0.0,6,0,6|0
"SUBCATEGORY_POTATOES_RED-POTATOES@@PHILADELPHIA, PA - MULO",232,232,49742168.75,0,2022-01-09,2026-06-14,0,0.0,8,0,8|0
"SUBCATEGORY_POTATOES_RED-POTATOES@@PHOENIX/TUCSON, AZ - MULO",232,232,21222235.71,0,2022-01-09,2026-06-14,0,0.0,7,0,7|0
"SUBCATEGORY_POTATOES_RED-POTATOES@@PITTSBURGH, PA - MULO",232,232,20514128.38,0,2022-01-09,2026-06-14,0,0.0,7,0,7|0
"SUBCATEGORY_POTATOES_RED-POTATOES@@PORTLAND, OR - MULO",232,232,13219385.82,0,2022-01-09,2026-06-14,0,0.0,6,0,6|0
"SUBCATEGORY_POTATOES_RED-POTATOES@@PROVIDENCE, RI - MULO",232,232,5514958.97,0,2022-01-09,2026-06-14,0,0.0,4,0,4|0
"SUBCATEGORY_POTATOES_RED-POTATOES@@RALEIGH/GREENSBORO, NC - MULO",232,232,32285739.28,0,2022-01-09,2026-06-14,0,0.0,8,0,8|0
"SUBCATEGORY_POTATOES_RED-POTATOES@@RICHMOND/NORFOLK, VA - MULO",232,232,22743056.22,0,2022-01-09,2026-06-14,0,0.0,7,0,7|0
"SUBCATEGORY_POTATOES_RED-POTATOES@@ROANOKE, VA - MULO",232,232,14114973.56,0,2022-01-09,2026-06-14,0,0.0,6,0,6|0
"SUBCATEGORY_POTATOES_RED-POTATOES@@SACRAMENTO, CA - MULO",232,232,10431695.75,0,2022-01-09,2026-06-14,0,0.0,6,0,6|0
"SUBCATEGORY_POTATOES_RED-POTATOES@@SALT LAKE CITY, UT - MULO",232,232,10632717.94,0,2022-01-09,2026-06-14,0,0.0,6,0,6|0
"SUBCATEGORY_POTATOES_RED-POTATOES@@SAN DIEGO, CA - MULO",232,232,7365072.2,0,2022-01-09,2026-06-14,0,0.0,5,0,5|0
"SUBCATEGORY_POTATOES_RED-POTATOES@@SAN FRANCISCO/OAKLAND, CA - MULO",232,232,7900466.42,0,2022-01-09,2026-06-14,0,0.0,5,0,5|0
"SUBCATEGORY_POTATOES_RED-POTATOES@@SEATTLE/TACOMA, WA - MULO",232,232,12217882.24,0,2022-01-09,2026-06-14,0,0.0,6,0,6|0
SUBCATEGORY_POTATOES_RED-POTATOES@@SOUTH CAROLINA - MULO,232,232,52928647.52,0,2022-01-09,2026-06-14,0,0.0,8,0,8|0
"SUBCATEGORY_POTATOES_RED-POTATOES@@SPOKANE, WA - MULO",232,232,3253863.01,0,2022-01-09,2026-06-14,0,0.0,3,0,3|0
"SUBCATEGORY_POTATOES_RED-POTATOES@@ST. LOUIS, MO - MULO",232,232,16282894.82,0,2022-01-09,2026-06-14,0,0.0,7,0,7|0
"SUBCATEGORY_POTATOES_RED-POTATOES@@SYRACUSE, NY - MULO",232,232,8025603.52,0,2022-01-09,2026-06-14,0,0.0,5,0,5|0
"SUBCATEGORY_POTATOES_RED-POTATOES@@TAMPA/ST. PETERSBURG, FL - MULO",232,232,41806974.46,0,2022-01-09,2026-06-14,0,0.0,8,0,8|0
"SUBCATEGORY_POTATOES_RED-POTATOES@@TOLEDO, OH - MULO",232,232,12457769.15,0,2022-01-09,2026-06-14,0,0.0,6,0,6|0
"SUBCATEGORY_POTATOES_RED-POTATOES@@TULSA, OK - MULO",232,232,7145652.39,0,2022-01-09,2026-06-14,0,0.0,5,0,5|0
SUBCATEGORY_POTATOES_RED-POTATOES@@WEST TEXAS/NEW MEXICO - MULO,232,232,22485331.86,0,2022-01-09,2026-06-14,0,0.0,7,0,7|0
"SUBCATEGORY_POTATOES_RED-POTATOES@@WICHITA, KS - MULO",232,232,4268903.87,0,2022-01-09,2026-06-14,0,0.0,4,0,4|0
"SUBCATEGORY_POTATOES_SWEET-POTATOES-&-YAMS@@ALBANY, NY - MULO",232,232,5537508.62,0,2022-01-09,2026-06-14,0,0.0,4,0,4|0
"SUBCATEGORY_POTATOES_SWEET-POTATOES-&-YAMS@@ATLANTA, GA - MULO",232,232,19754071.24,0,2022-01-09,2026-06-14,0,0.0,7,0,7|0
"SUBCATEGORY_POTATOES_SWEET-POTATOES-&-YAMS@@BALTIMORE, MD/WASHINGTON D.C. - MULO",232,232,37458643.45,0,2022-01-09,2026-06-14,0,0.0,8,0,8|0
"SUBCATEGORY_POTATOES_SWEET-POTATOES-&-YAMS@@BIRMINGHAM/MONTGOMERY, AL - MULO",232,232,14342996.62,0,2022-01-09,2026-06-14,0,0.0,6,0,6|0
"SUBCATEGORY_POTATOES_SWEET-POTATOES-&-YAMS@@BOISE, ID - MULO",232,232,911673.15,0,2022-01-09,2026-06-14,0,0.0,1,0,1|0
"SUBCATEGORY_POTATOES_SWEET-POTATOES-&-YAMS@@BOSTON, MA - MULO",232,232,15647729.36,0,2022-01-09,2026-06-14,0,0.0,7,0,7|0
"SUBCATEGORY_POTATOES_SWEET-POTATOES-&-YAMS@@BUFFALO/ROCHESTER, NY - MULO",232,232,14645212.65,0,2022-01-09,2026-06-14,0,0.0,6,0,6|0
"SUBCATEGORY_POTATOES_SWEET-POTATOES-&-YAMS@@CHARLOTTE, NC - MULO",232,232,15435369.41,0,2022-01-09,2026-06-14,0,0.0,6,0,6|0
"SUBCATEGORY_POTATOES_SWEET-POTATOES-&-YAMS@@CHICAGO, IL - MULO",232,232,11202128.0,0,2022-01-09,2026-06-14,0,0.0,6,0,6|0
"SUBCATEGORY_POTATOES_SWEET-POTATOES-&-YAMS@@CINCINNATI/DAYTON, OH - MULO",232,232,10399582.41,0,2022-01-09,2026-06-14,0,0.0,6,0,6|0
"SUBCATEGORY_POTATOES_SWEET-POTATOES-&-YAMS@@CLEVELAND, OH - MULO",232,232,10497769.04,0,2022-01-09,2026-06-14,0,0.0,6,0,6|0
"SUBCATEGORY_POTATOES_SWEET-POTATOES-&-YAMS@@COLUMBUS, OH - MULO",232,232,9179093.26,0,2022-01-09,2026-06-14,0,0.0,5,0,5|0
"SUBCATEGORY_POTATOES_SWEET-POTATOES-&-YAMS@@DALLAS/FT. WORTH, TX - MULO",232,232,24101504.5,0,2022-01-09,2026-06-14,0,0.0,7,0,7|0
"SUBCATEGORY_POTATOES_SWEET-POTATOES-&-YAMS@@DENVER, CO - MULO",232,232,10183843.59,0,2022-01-09,2026-06-14,0,0.0,6,0,6|0
"SUBCATEGORY_POTATOES_SWEET-POTATOES-&-YAMS@@DES MOINES, IA - MULO",232,232,1718614.54,0,2022-01-09,2026-06-14,0,0.0,2,0,2|0
"SUBCATEGORY_POTATOES_SWEET-POTATOES-&-YAMS@@DETROIT, MI - MULO",232,232,12919634.61,0,2022-01-09,2026-06-14,0,0.0,6,0,6|0
"SUBCATEGORY_POTATOES_SWEET-POTATOES-&-YAMS@@GRAND RAPIDS, MI - MULO",232,232,6472743.95,0,2022-01-09,2026-06-14,0,0.0,5,0,5|0
"SUBCATEGORY_POTATOES_SWEET-POTATOES-&-YAMS@@GREEN BAY, WI - MULO",232,232,876653.11,0,2022-01-09,2026-06-14,0,0.0,1,0,1|0
"SUBCATEGORY_POTATOES_SWEET-POTATOES-&-YAMS@@HARRISBURG/SCRANTON, PA - MULO",232,232,20840654.66,0,2022-01-09,2026-06-14,0,0.0,7,0,7|0
"SUBCATEGORY_POTATOES_SWEET-POTATOES-&-YAMS@@HARTFORD, CT/SPRINGFIELD, MA - MULO",232,232,16655169.53,0,2022-01-09,2026-06-14,0,0.0,7,0,7|0
"SUBCATEGORY_POTATOES_SWEET-POTATOES-&-YAMS@@HOUSTON, TX - MULO",232,232,11118708.77,0,2022-01-09,2026-06-14,0,0.0,6,0,6|0
"SUBCATEGORY_POTATOES_SWEET-POTATOES-&-YAMS@@INDIANAPOLIS, IN - MULO",232,232,8970533.22,0,2022-01-09,2026-06-14,0,0.0,5,0,5|0
"SUBCATEGORY_POTATOES_SWEET-POTATOES-&-YAMS@@JACKSONVILLE, FL - MULO",232,232,7308727.63,0,2022-01-09,2026-06-14,0,0.0,5,0,5|0
"SUBCATEGORY_POTATOES_SWEET-POTATOES-&-YAMS@@KANSAS CITY, KS - MULO",232,232,5220826.91,0,2022-01-09,2026-06-14,0,0.0,4,0,4|0
"SUBCATEGORY_POTATOES_SWEET-POTATOES-&-YAMS@@KNOXVILLE, TN - MULO",232,232,4450146.9,0,2022-01-09,2026-06-14,0,0.0,4,0,4|0
"SUBCATEGORY_POTATOES_SWEET-POTATOES-&-YAMS@@LAS VEGAS, NV - MULO",232,232,5040990.92,0,2022-01-09,2026-06-14,0,0.0,4,0,4|0
"SUBCATEGORY_POTATOES_SWEET-POTATOES-&-YAMS@@LITTLE ROCK, AR - MULO",232,232,3205296.97,0,2022-01-09,2026-06-14,0,0.0,3,0,3|0
"SUBCATEGORY_POTATOES_SWEET-POTATOES-&-YAMS@@LOS ANGELES, CA - MULO",232,232,22619102.83,0,2022-01-09,2026-06-14,0,0.0,7,0,7|0
"SUBCATEGORY_POTATOES_SWEET-POTATOES-&-YAMS@@LOUISVILLE, KY - MULO",232,232,5142546.57,0,2022-01-09,2026-06-14,0,0.0,4,0,4|0
"SUBCATEGORY_POTATOES_SWEET-POTATOES-&-YAMS@@MEMPHIS, TN - MULO",232,232,4695558.49,0,2022-01-09,2026-06-14,0,0.0,4,0,4|0
"SUBCATEGORY_POTATOES_SWEET-POTATOES-&-YAMS@@MIAMI/FT. LAUDERDALE, FL - MULO",232,232,29038044.65,0,2022-01-09,2026-06-14,0,0.0,8,0,8|0
"SUBCATEGORY_POTATOES_SWEET-POTATOES-&-YAMS@@MILWAUKEE, WI - MULO",232,232,2934923.86,0,2022-01-09,2026-06-14,0,0.0,3,0,3|0
"SUBCATEGORY_POTATOES_SWEET-POTATOES-&-YAMS@@MINNEAPOLIS/ST. PAUL, MN - MULO",232,232,6393931.78,0,2022-01-09,2026-06-14,0,0.0,5,0,5|0
SUBCATEGORY_POTATOES_SWEET-POTATOES-&-YAMS@@MISSISSIPPI - MULO,232,232,7079604.77,0,2022-01-09,2026-06-14,0,0.0,5,0,5|0
"SUBCATEGORY_POTATOES_SWEET-POTATOES-&-YAMS@@NASHVILLE, TN - MULO",232,232,9001978.9,0,2022-01-09,2026-06-14,0,0.0,5,0,5|0
SUBCATEGORY_POTATOES_SWEET-POTATOES-&-YAMS@@NEW ENGLAND - MULO,232,232,9085968.33,0,2022-01-09,2026-06-14,0,0.0,5,0,5|0
"SUBCATEGORY_POTATOES_SWEET-POTATOES-&-YAMS@@NEW ORLEANS, LA/MOBILE, AL - MULO",232,232,11016921.26,0,2022-01-09,2026-06-14,0,0.0,6,0,6|0
"SUBCATEGORY_POTATOES_SWEET-POTATOES-&-YAMS@@NEW YORK, NY - MULO",232,232,79523974.98,0,2022-01-09,2026-06-14,0,0.0,9,0,9|0
"SUBCATEGORY_POTATOES_SWEET-POTATOES-&-YAMS@@OKLAHOMA CITY, OK - MULO",232,232,5519903.51,0,2022-01-09,2026-06-14,0,0.0,4,0,4|0
"SUBCATEGORY_POTATOES_SWEET-POTATOES-&-YAMS@@OMAHA, NE - MULO",232,232,2915042.56,0,2022-01-09,2026-06-14,0,0.0,3,0,3|0
"SUBCATEGORY_POTATOES_SWEET-POTATOES-&-YAMS@@ORLANDO, FL - MULO",232,232,19635963.39,0,2022-01-09,2026-06-14,0,0.0,7,0,7|0
"SUBCATEGORY_POTATOES_SWEET-POTATOES-&-YAMS@@PEORIA/SPRINGFIELD, IL - MULO",232,232,5025037.81,0,2022-01-09,2026-06-14,0,0.0,4,0,4|0
"SUBCATEGORY_POTATOES_SWEET-POTATOES-&-YAMS@@PHILADELPHIA, PA - MULO",232,232,37240646.29,0,2022-01-09,2026-06-14,0,0.0,8,0,8|0
"SUBCATEGORY_POTATOES_SWEET-POTATOES-&-YAMS@@PHOENIX/TUCSON, AZ - MULO",232,232,11205992.69,0,2022-01-09,2026-06-14,0,0.0,6,0,6|0
"SUBCATEGORY_POTATOES_SWEET-POTATOES-&-YAMS@@PITTSBURGH, PA - MULO",232,232,16053297.02,0,2022-01-09,2026-06-14,0,0.0,7,0,7|0
"SUBCATEGORY_POTATOES_SWEET-POTATOES-&-YAMS@@PORTLAND, OR - MULO",232,232,2941836.18,0,2022-01-09,2026-06-14,0,0.0,3,0,3|0
"SUBCATEGORY_POTATOES_SWEET-POTATOES-&-YAMS@@PROVIDENCE, RI - MULO",232,232,3946589.0100000002,0,2022-01-09,2026-06-14,0,0.0,4,0,4|0
"SUBCATEGORY_POTATOES_SWEET-POTATOES-&-YAMS@@RALEIGH/GREENSBORO, NC - MULO",232,232,18605655.26,0,2022-01-09,2026-06-14,0,0.0,7,0,7|0
"SUBCATEGORY_POTATOES_SWEET-POTATOES-&-YAMS@@RICHMOND/NORFOLK, VA - MULO",232,232,14898518.17,0,2022-01-09,2026-06-14,0,0.0,6,0,6|0
"SUBCATEGORY_POTATOES_SWEET-POTATOES-&-YAMS@@ROANOKE, VA - MULO",232,232,10230158.95,0,2022-01-09,2026-06-14,0,0.0,6,0,6|0
"SUBCATEGORY_POTATOES_SWEET-POTATOES-&-YAMS@@SACRAMENTO, CA - MULO",232,232,4008404.44,0,2022-01-09,2026-06-14,0,0.0,4,0,4|0
"SUBCATEGORY_POTATOES_SWEET-POTATOES-&-YAMS@@SALT LAKE CITY, UT - MULO",232,232,4496308.09,0,2022-01-09,2026-06-14,0,0.0,4,0,4|0
"SUBCATEGORY_POTATOES_SWEET-POTATOES-&-YAMS@@SAN DIEGO, CA - MULO",232,232,4398269.63,0,2022-01-09,2026-06-14,0,0.0,4,0,4|0
"SUBCATEGORY_POTATOES_SWEET-POTATOES-&-YAMS@@SAN FRANCISCO/OAKLAND, CA - MULO",232,232,3294979.2,0,2022-01-09,2026-06-14,0,0.0,3,0,3|0
"SUBCATEGORY_POTATOES_SWEET-POTATOES-&-YAMS@@SEATTLE/TACOMA, WA - MULO",232,232,3434442.12,0,2022-01-09,2026-06-14,0,0.0,3,0,3|0
SUBCATEGORY_POTATOES_SWEET-POTATOES-&-YAMS@@SOUTH CAROLINA - MULO,232,232,23084323.81,0,2022-01-09,2026-06-14,0,0.0,7,0,7|0
"SUBCATEGORY_POTATOES_SWEET-POTATOES-&-YAMS@@SPOKANE, WA - MULO",232,232,685292.5,0,2022-01-09,2026-06-14,0,0.0,1,0,1|0
"SUBCATEGORY_POTATOES_SWEET-POTATOES-&-YAMS@@ST. LOUIS, MO - MULO",232,232,10954120.29,0,2022-01-09,2026-06-14,0,0.0,6,0,6|0
"SUBCATEGORY_POTATOES_SWEET-POTATOES-&-YAMS@@SYRACUSE, NY - MULO",232,232,6740985.44,0,2022-01-09,2026-06-14,0,0.0,5,0,5|0
"SUBCATEGORY_POTATOES_SWEET-POTATOES-&-YAMS@@TAMPA/ST. PETERSBURG, FL - MULO",232,232,16007665.52,0,2022-01-09,2026-06-14,0,0.0,7,0,7|0
"SUBCATEGORY_POTATOES_SWEET-POTATOES-&-YAMS@@TOLEDO, OH - MULO",232,232,5556926.47,0,2022-01-09,2026-06-14,0,0.0,4,0,4|0
"SUBCATEGORY_POTATOES_SWEET-POTATOES-&-YAMS@@TULSA, OK - MULO",232,232,3393995.06,0,2022-01-09,2026-06-14,0,0.0,3,0,3|0
SUBCATEGORY_POTATOES_SWEET-POTATOES-&-YAMS@@WEST TEXAS/NEW MEXICO - MULO,232,232,8244651.75,0,2022-01-09,2026-06-14,0,0.0,5,0,5|0
"SUBCATEGORY_POTATOES_SWEET-POTATOES-&-YAMS@@WICHITA, KS - MULO",232,232,2312301.65,0,2022-01-09,2026-06-14,0,0.0,2,0,2|0
"SUBCATEGORY_POTATOES_WHITE-POTATOES@@ALBANY, NY - MULO",232,232,7599597.57,0,2022-01-09,2026-06-14,0,0.0,5,0,5|0
"SUBCATEGORY_POTATOES_WHITE-POTATOES@@ATLANTA, GA - MULO",232,232,5419445.12,0,2022-01-09,2026-06-14,0,0.0,4,0,4|0
"SUBCATEGORY_POTATOES_WHITE-POTATOES@@BALTIMORE, MD/WASHINGTON D.C. - MULO",232,232,21979615.29,0,2022-01-09,2026-06-14,0,0.0,7,0,7|0
"SUBCATEGORY_POTATOES_WHITE-POTATOES@@BIRMINGHAM/MONTGOMERY, AL - MULO",232,232,3068315.23,0,2022-01-09,2026-06-14,0,0.0,3,0,3|0
"SUBCATEGORY_POTATOES_WHITE-POTATOES@@BOSTON, MA - MULO",232,232,14000816.35,0,2022-01-09,2026-06-14,0,0.0,6,0,6|0
"SUBCATEGORY_POTATOES_WHITE-POTATOES@@BUFFALO/ROCHESTER, NY - MULO",232,232,23200857.01,0,2022-01-09,2026-06-14,0,0.0,7,0,7|0
"SUBCATEGORY_POTATOES_WHITE-POTATOES@@CHARLOTTE, NC - MULO",232,232,6506584.54,0,2022-01-09,2026-06-14,0,0.0,5,0,5|0
"SUBCATEGORY_POTATOES_WHITE-POTATOES@@CLEVELAND, OH - MULO",232,232,1046614.6,0,2022-01-09,2026-06-14,0,0.0,1,0,1|0
"SUBCATEGORY_POTATOES_WHITE-POTATOES@@DALLAS/FT. WORTH, TX - MULO",232,232,39213791.22,0,2022-01-09,2026-06-14,0,0.0,8,0,8|0
"SUBCATEGORY_POTATOES_WHITE-POTATOES@@DENVER, CO - MULO",196,232,524451.7,146,2022-01-09,2026-06-14,36,0.7448979591836735,1,2,1|2
"SUBCATEGORY_POTATOES_WHITE-POTATOES@@DETROIT, MI - MULO",232,232,2414195.48,0,2022-01-09,2026-06-14,0,0.0,3,0,3|0
"SUBCATEGORY_POTATOES_WHITE-POTATOES@@GRAND RAPIDS, MI - MULO",232,232,1545734.35,0,2022-01-09,2026-06-14,0,0.0,2,0,2|0
"SUBCATEGORY_POTATOES_WHITE-POTATOES@@HARRISBURG/SCRANTON, PA - MULO",232,232,21536100.71,0,2022-01-09,2026-06-14,0,0.0,7,0,7|0
"SUBCATEGORY_POTATOES_WHITE-POTATOES@@HARTFORD, CT/SPRINGFIELD, MA - MULO",232,232,11120781.39,0,2022-01-09,2026-06-14,0,0.0,6,0,6|0
"SUBCATEGORY_POTATOES_WHITE-POTATOES@@HOUSTON, TX - MULO",232,232,19555594.05,0,2022-01-09,2026-06-14,0,0.0,7,0,7|0
"SUBCATEGORY_POTATOES_WHITE-POTATOES@@JACKSONVILLE, FL - MULO",232,232,4487707.6899999995,0,2022-01-09,2026-06-14,0,0.0,4,0,4|0
"SUBCATEGORY_POTATOES_WHITE-POTATOES@@KANSAS CITY, KS - MULO",180,197,1310.08,154,2022-09-11,2026-06-14,17,0.8555555555555555,0,2,0|2
"SUBCATEGORY_POTATOES_WHITE-POTATOES@@KNOXVILLE, TN - MULO",232,232,382967.88,0,2022-01-09,2026-06-14,0,0.0,0,0,0|0
"SUBCATEGORY_POTATOES_WHITE-POTATOES@@LAS VEGAS, NV - MULO",232,232,2264531.41,0,2022-01-09,2026-06-14,0,0.0,2,0,2|0
"SUBCATEGORY_POTATOES_WHITE-POTATOES@@LOS ANGELES, CA - MULO",232,232,7526106.4799999995,0,2022-01-09,2026-06-14,0,0.0,5,0,5|0
"SUBCATEGORY_POTATOES_WHITE-POTATOES@@MIAMI/FT. LAUDERDALE, FL - MULO",232,232,15229075.15,0,2022-01-09,2026-06-14,0,0.0,6,0,6|0
SUBCATEGORY_POTATOES_WHITE-POTATOES@@MISSISSIPPI - MULO,231,232,373761.13,0,2022-01-09,2026-06-14,1,0.0,0,0,0|0
"SUBCATEGORY_POTATOES_WHITE-POTATOES@@NASHVILLE, TN - MULO",232,232,1670673.31,0,2022-01-09,2026-06-14,0,0.0,2,0,2|0
SUBCATEGORY_POTATOES_WHITE-POTATOES@@NEW ENGLAND - MULO,232,232,24066146.05,0,2022-01-09,2026-06-14,0,0.0,7,0,7|0
"SUBCATEGORY_POTATOES_WHITE-POTATOES@@NEW ORLEANS, LA/MOBILE, AL - MULO",232,232,1261516.12,0,2022-01-09,2026-06-14,0,0.0,2,0,2|0
"SUBCATEGORY_POTATOES_WHITE-POTATOES@@NEW YORK, NY - MULO",232,232,26783146.89,0,2022-01-09,2026-06-14,0,0.0,7,0,7|0
"SUBCATEGORY_POTATOES_WHITE-POTATOES@@OKLAHOMA CITY, OK - MULO",232,232,3646085.28,0,2022-01-09,2026-06-14,0,0.0,3,0,3|0
"SUBCATEGORY_POTATOES_WHITE-POTATOES@@OMAHA, NE - MULO",180,232,132037.82,92,2022-01-09,2026-06-14,52,0.5111111111111111,0,2,0|2
"SUBCATEGORY_POTATOES_WHITE-POTATOES@@ORLANDO, FL - MULO",232,232,11166853.26,0,2022-01-09,2026-06-14,0,0.0,6,0,6|0
"SUBCATEGORY_POTATOES_WHITE-POTATOES@@PEORIA/SPRINGFIELD, IL - MULO",230,232,533998.78,0,2022-01-09,2026-06-14,2,0.0,1,0,1|0
"SUBCATEGORY_POTATOES_WHITE-POTATOES@@PHILADELPHIA, PA - MULO",232,232,9828290.83,0,2022-01-09,2026-06-14,0,0.0,6,0,6|0
"SUBCATEGORY_POTATOES_WHITE-POTATOES@@PHOENIX/TUCSON, AZ - MULO",232,232,4817549.78,0,2022-01-09,2026-06-14,0,0.0,4,0,4|0
"SUBCATEGORY_POTATOES_WHITE-POTATOES@@PITTSBURGH, PA - MULO",232,232,1112728.27,0,2022-01-09,2026-06-14,0,0.0,1,0,1|0
"SUBCATEGORY_POTATOES_WHITE-POTATOES@@PROVIDENCE, RI - MULO",232,232,3438950.47,0,2022-01-09,2026-06-14,0,0.0,3,0,3|0
"SUBCATEGORY_POTATOES_WHITE-POTATOES@@RALEIGH/GREENSBORO, NC - MULO",232,232,10614464.07,0,2022-01-09,2026-06-14,0,0.0,6,0,6|0
"SUBCATEGORY_POTATOES_WHITE-POTATOES@@RICHMOND/NORFOLK, VA - MULO",232,232,8622133.68,0,2022-01-09,2026-06-14,0,0.0,5,0,5|0
"SUBCATEGORY_POTATOES_WHITE-POTATOES@@ROANOKE, VA - MULO",232,232,4019940.15,0,2022-01-09,2026-06-14,0,0.0,4,0,4|0
"SUBCATEGORY_POTATOES_WHITE-POTATOES@@SACRAMENTO, CA - MULO",232,232,1744372.97,0,2022-01-09,2026-06-14,0,0.0,2,0,2|0
"SUBCATEGORY_POTATOES_WHITE-POTATOES@@SAN DIEGO, CA - MULO",232,232,538894.64,0,2022-01-09,2026-06-14,0,0.0,1,0,1|0
"SUBCATEGORY_POTATOES_WHITE-POTATOES@@SAN FRANCISCO/OAKLAND, CA - MULO",232,232,1460101.47,0,2022-01-09,2026-06-14,0,0.0,2,0,2|0
"SUBCATEGORY_POTATOES_WHITE-POTATOES@@SEATTLE/TACOMA, WA - MULO",199,210,1794.16,179,2022-06-12,2026-06-14,11,0.8994974874371859,0,2,0|2
SUBCATEGORY_POTATOES_WHITE-POTATOES@@SOUTH CAROLINA - MULO,232,232,9429140.72,0,2022-01-09,2026-06-14,0,0.0,5,0,5|0
"SUBCATEGORY_POTATOES_WHITE-POTATOES@@ST. LOUIS, MO - MULO",220,232,83409.53,3,2022-01-09,2026-06-14,12,0.013636363636363636,0,0,0|0
"SUBCATEGORY_POTATOES_WHITE-POTATOES@@SYRACUSE, NY - MULO",232,232,12176732.54,0,2022-01-09,2026-06-14,0,0.0,6,0,6|0
"SUBCATEGORY_POTATOES_WHITE-POTATOES@@TAMPA/ST. PETERSBURG, FL - MULO",232,232,11522643.69,0,2022-01-09,2026-06-14,0,0.0,6,0,6|0
"SUBCATEGORY_POTATOES_WHITE-POTATOES@@TOLEDO, OH - MULO",232,232,944281.31,0,2022-01-09,2026-06-14,0,0.0,1,0,1|0
SUBCATEGORY_POTATOES_WHITE-POTATOES@@WEST TEXAS/NEW MEXICO - MULO,232,232,5208392.38,0,2022-01-09,2026-06-14,0,0.0,4,0,4|0
"SUBCATEGORY_POTATOES_YELLOW-POTATOES@@ALBANY, NY - MULO",232,232,14229358.63,0,2022-01-09,2026-06-14,0,0.0,6,0,6|0
"SUBCATEGORY_POTATOES_YELLOW-POTATOES@@ATLANTA, GA - MULO",232,232,44798147.11,0,2022-01-09,2026-06-14,0,0.0,8,0,8|0
"SUBCATEGORY_POTATOES_YELLOW-POTATOES@@BALTIMORE, MD/WASHINGTON D.C. - MULO",232,232,80715020.08,0,2022-01-09,2026-06-14,0,0.0,9,0,9|0
"SUBCATEGORY_POTATOES_YELLOW-POTATOES@@BIRMINGHAM/MONTGOMERY, AL - MULO",232,232,33775081.14,0,2022-01-09,2026-06-14,0,0.0,8,0,8|0
"SUBCATEGORY_POTATOES_YELLOW-POTATOES@@BOISE, ID - MULO",232,232,3948004.59,0,2022-01-09,2026-06-14,0,0.0,4,0,4|0
"SUBCATEGORY_POTATOES_YELLOW-POTATOES@@BOSTON, MA - MULO",232,232,37673678.13,0,2022-01-09,2026-06-14,0,0.0,8,0,8|0
"SUBCATEGORY_POTATOES_YELLOW-POTATOES@@BUFFALO/ROCHESTER, NY - MULO",232,232,26573363.93,0,2022-01-09,2026-06-14,0,0.0,7,0,7|0
"SUBCATEGORY_POTATOES_YELLOW-POTATOES@@CHARLOTTE, NC - MULO",232,232,39608935.12,0,2022-01-09,2026-06-14,0,0.0,8,0,8|0
"SUBCATEGORY_POTATOES_YELLOW-POTATOES@@CHICAGO, IL - MULO",232,232,87370580.47,0,2022-01-09,2026-06-14,0,0.0,9,0,9|0
"SUBCATEGORY_POTATOES_YELLOW-POTATOES@@CINCINNATI/DAYTON, OH - MULO",232,232,24796931.24,0,2022-01-09,2026-06-14,0,0.0,7,0,7|0
"SUBCATEGORY_POTATOES_YELLOW-POTATOES@@CLEVELAND, OH - MULO",232,232,19947929.16,0,2022-01-09,2026-06-14,0,0.0,7,0,7|0
"SUBCATEGORY_POTATOES_YELLOW-POTATOES@@COLUMBUS, OH - MULO",232,232,21663681.26,0,2022-01-09,2026-06-14,0,0.0,7,0,7|0
"SUBCATEGORY_POTATOES_YELLOW-POTATOES@@DALLAS/FT. WORTH, TX - MULO",232,232,50217548.32,0,2022-01-09,2026-06-14,0,0.0,8,0,8|0
"SUBCATEGORY_POTATOES_YELLOW-POTATOES@@DENVER, CO - MULO",232,232,36435680.08,0,2022-01-09,2026-06-14,0,0.0,8,0,8|0
"SUBCATEGORY_POTATOES_YELLOW-POTATOES@@DES MOINES, IA - MULO",232,232,8864273.28,0,2022-01-09,2026-06-14,0,0.0,5,0,5|0
"SUBCATEGORY_POTATOES_YELLOW-POTATOES@@DETROIT, MI - MULO",232,232,46003705.22,0,2022-01-09,2026-06-14,0,0.0,8,0,8|0
"SUBCATEGORY_POTATOES_YELLOW-POTATOES@@GRAND RAPIDS, MI - MULO",232,232,18721652.07,0,2022-01-09,2026-06-14,0,0.0,7,0,7|0
"SUBCATEGORY_POTATOES_YELLOW-POTATOES@@GREEN BAY, WI - MULO",232,232,7290247.64,0,2022-01-09,2026-06-14,0,0.0,5,0,5|0
"SUBCATEGORY_POTATOES_YELLOW-POTATOES@@HARRISBURG/SCRANTON, PA - MULO",232,232,48686787.18,0,2022-01-09,2026-06-14,0,0.0,8,0,8|0
"SUBCATEGORY_POTATOES_YELLOW-POTATOES@@HARTFORD, CT/SPRINGFIELD, MA - MULO",232,232,37502349.57,0,2022-01-09,2026-06-14,0,0.0,8,0,8|0
"SUBCATEGORY_POTATOES_YELLOW-POTATOES@@HOUSTON, TX - MULO",232,232,29923065.77,0,2022-01-09,2026-06-14,0,0.0,8,0,8|0
"SUBCATEGORY_POTATOES_YELLOW-POTATOES@@INDIANAPOLIS, IN - MULO",232,232,21713199.66,0,2022-01-09,2026-06-14,0,0.0,7,0,7|0
"SUBCATEGORY_POTATOES_YELLOW-POTATOES@@JACKSONVILLE, FL - MULO",232,232,21570706.69,0,2022-01-09,2026-06-14,0,0.0,7,0,7|0
"SUBCATEGORY_POTATOES_YELLOW-POTATOES@@KANSAS CITY, KS - MULO",232,232,19261483.03,0,2022-01-09,2026-06-14,0,0.0,7,0,7|0
"SUBCATEGORY_POTATOES_YELLOW-POTATOES@@KNOXVILLE, TN - MULO",232,232,12011779.72,0,2022-01-09,2026-06-14,0,0.0,6,0,6|0
"SUBCATEGORY_POTATOES_YELLOW-POTATOES@@LAS VEGAS, NV - MULO",232,232,13199174.91,0,2022-01-09,2026-06-14,0,0.0,6,0,6|0
"SUBCATEGORY_POTATOES_YELLOW-POTATOES@@LITTLE ROCK, AR - MULO",232,232,4971338.04,0,2022-01-09,2026-06-14,0,0.0,4,0,4|0
"SUBCATEGORY_POTATOES_YELLOW-POTATOES@@LOS ANGELES, CA - MULO",232,232,66099248.35,0,2022-01-09,2026-06-14,0,0.0,9,0,9|0
"SUBCATEGORY_POTATOES_YELLOW-POTATOES@@LOUISVILLE, KY - MULO",232,232,12308391.31,0,2022-01-09,2026-06-14,0,0.0,6,0,6|0
"SUBCATEGORY_POTATOES_YELLOW-POTATOES@@MEMPHIS, TN - MULO",232,232,8396764.39,0,2022-01-09,2026-06-14,0,0.0,5,0,5|0
"SUBCATEGORY_POTATOES_YELLOW-POTATOES@@MIAMI/FT. LAUDERDALE, FL - MULO",232,232,64776093.17,0,2022-01-09,2026-06-14,0,0.0,9,0,9|0
"SUBCATEGORY_POTATOES_YELLOW-POTATOES@@MILWAUKEE, WI - MULO",232,232,23348135.39,0,2022-01-09,2026-06-14,0,0.0,7,0,7|0
"SUBCATEGORY_POTATOES_YELLOW-POTATOES@@MINNEAPOLIS/ST. PAUL, MN - MULO",232,232,34217260.37,0,2022-01-09,2026-06-14,0,0.0,8,0,8|0
SUBCATEGORY_POTATOES_YELLOW-POTATOES@@MISSISSIPPI - MULO,232,232,17156385.34,0,2022-01-09,2026-06-14,0,0.0,7,0,7|0
"SUBCATEGORY_POTATOES_YELLOW-POTATOES@@NASHVILLE, TN - MULO",232,232,22098625.74,0,2022-01-09,2026-06-14,0,0.0,7,0,7|0
SUBCATEGORY_POTATOES_YELLOW-POTATOES@@NEW ENGLAND - MULO,232,232,41189887.78,0,2022-01-09,2026-06-14,0,0.0,8,0,8|0
"SUBCATEGORY_POTATOES_YELLOW-POTATOES@@NEW ORLEANS, LA/MOBILE, AL - MULO",232,232,26498853.09,0,2022-01-09,2026-06-14,0,0.0,7,0,7|0
"SUBCATEGORY_POTATOES_YELLOW-POTATOES@@NEW YORK, NY - MULO",232,232,145017236.75,0,2022-01-09,2026-06-14,0,0.0,9,0,9|0
"SUBCATEGORY_POTATOES_YELLOW-POTATOES@@OKLAHOMA CITY, OK - MULO",232,232,10196833.93,0,2022-01-09,2026-06-14,0,0.0,6,0,6|0
"SUBCATEGORY_POTATOES_YELLOW-POTATOES@@OMAHA, NE - MULO",232,232,11103060.04,0,2022-01-09,2026-06-14,0,0.0,6,0,6|0
"SUBCATEGORY_POTATOES_YELLOW-POTATOES@@ORLANDO, FL - MULO",232,232,46648644.04,0,2022-01-09,2026-06-14,0,0.0,8,0,8|0
"SUBCATEGORY_POTATOES_YELLOW-POTATOES@@PEORIA/SPRINGFIELD, IL - MULO",232,232,17784279.14,0,2022-01-09,2026-06-14,0,0.0,7,0,7|0
"SUBCATEGORY_POTATOES_YELLOW-POTATOES@@PHILADELPHIA, PA - MULO",232,232,61107644.96,0,2022-01-09,2026-06-14,0,0.0,9,0,9|0
"SUBCATEGORY_POTATOES_YELLOW-POTATOES@@PHOENIX/TUCSON, AZ - MULO",232,232,25752205.74,0,2022-01-09,2026-06-14,0,0.0,7,0,7|0
"SUBCATEGORY_POTATOES_YELLOW-POTATOES@@PITTSBURGH, PA - MULO",232,232,24563663.1,0,2022-01-09,2026-06-14,0,0.0,7,0,7|0
"SUBCATEGORY_POTATOES_YELLOW-POTATOES@@PORTLAND, OR - MULO",232,232,27508442.92,0,2022-01-09,2026-06-14,0,0.0,8,0,8|0
"SUBCATEGORY_POTATOES_YELLOW-POTATOES@@PROVIDENCE, RI - MULO",232,232,8895519.78,0,2022-01-09,2026-06-14,0,0.0,5,0,5|0
"SUBCATEGORY_POTATOES_YELLOW-POTATOES@@RALEIGH/GREENSBORO, NC - MULO",232,232,46137271.01,0,2022-01-09,2026-06-14,0,0.0,8,0,8|0
"SUBCATEGORY_POTATOES_YELLOW-POTATOES@@RICHMOND/NORFOLK, VA - MULO",232,232,34901138.07,0,2022-01-09,2026-06-14,0,0.0,8,0,8|0
"SUBCATEGORY_POTATOES_YELLOW-POTATOES@@ROANOKE, VA - MULO",232,232,23470378.82,0,2022-01-09,2026-06-14,0,0.0,7,0,7|0
"SUBCATEGORY_POTATOES_YELLOW-POTATOES@@SACRAMENTO, CA - MULO",232,232,12886052.39,0,2022-01-09,2026-06-14,0,0.0,6,0,6|0
"SUBCATEGORY_POTATOES_YELLOW-POTATOES@@SALT LAKE CITY, UT - MULO",232,232,10492875.04,0,2022-01-09,2026-06-14,0,0.0,6,0,6|0
"SUBCATEGORY_POTATOES_YELLOW-POTATOES@@SAN DIEGO, CA - MULO",232,232,12627405.07,0,2022-01-09,2026-06-14,0,0.0,6,0,6|0
"SUBCATEGORY_POTATOES_YELLOW-POTATOES@@SAN FRANCISCO/OAKLAND, CA - MULO",232,232,15015558.78,0,2022-01-09,2026-06-14,0,0.0,6,0,6|0
"SUBCATEGORY_POTATOES_YELLOW-POTATOES@@SEATTLE/TACOMA, WA - MULO",232,232,30504018.24,0,2022-01-09,2026-06-14,0,0.0,8,0,8|0
SUBCATEGORY_POTATOES_YELLOW-POTATOES@@SOUTH CAROLINA - MULO,232,232,57656417.99,0,2022-01-09,2026-06-14,0,0.0,9,0,9|0
"SUBCATEGORY_POTATOES_YELLOW-POTATOES@@SPOKANE, WA - MULO",232,232,4984685.21,0,2022-01-09,2026-06-14,0,0.0,4,0,4|0
"SUBCATEGORY_POTATOES_YELLOW-POTATOES@@ST. LOUIS, MO - MULO",232,232,21629272.67,0,2022-01-09,2026-06-14,0,0.0,7,0,7|0
"SUBCATEGORY_POTATOES_YELLOW-POTATOES@@SYRACUSE, NY - MULO",232,232,14067787.02,0,2022-01-09,2026-06-14,0,0.0,6,0,6|0
"SUBCATEGORY_POTATOES_YELLOW-POTATOES@@TAMPA/ST. PETERSBURG, FL - MULO",232,232,44690046.34,0,2022-01-09,2026-06-14,0,0.0,8,0,8|0
"SUBCATEGORY_POTATOES_YELLOW-POTATOES@@TOLEDO, OH - MULO",232,232,17291058.86,0,2022-01-09,2026-06-14,0,0.0,7,0,7|0
"SUBCATEGORY_POTATOES_YELLOW-POTATOES@@TULSA, OK - MULO",232,232,8372301.93,0,2022-01-09,2026-06-14,0,0.0,5,0,5|0
SUBCATEGORY_POTATOES_YELLOW-POTATOES@@WEST TEXAS/NEW MEXICO - MULO,232,232,23863677.72,0,2022-01-09,2026-06-14,0,0.0,7,0,7|0
"SUBCATEGORY_POTATOES_YELLOW-POTATOES@@WICHITA, KS - MULO",232,232,6621014.94,0,2022-01-09,2026-06-14,0,0.0,5,0,5|0
"SUBCATEGORY_SALADS_PACKAGED-GREENS@@ALBANY, NY - MULO",232,232,12614455.66,0,2022-01-09,2026-06-14,0,0.0,6,0,6|0
"SUBCATEGORY_SALADS_PACKAGED-GREENS@@ATLANTA, GA - MULO",232,232,81896743.31,0,2022-01-09,2026-06-14,0,0.0,9,0,9|0
"SUBCATEGORY_SALADS_PACKAGED-GREENS@@BALTIMORE, MD/WASHINGTON D.C. - MULO",232,232,113801188.5,0,2022-01-09,2026-06-14,0,0.0,9,0,9|0
"SUBCATEGORY_SALADS_PACKAGED-GREENS@@BIRMINGHAM/MONTGOMERY, AL - MULO",232,232,36821577.34,0,2022-01-09,2026-06-14,0,0.0,8,0,8|0
"SUBCATEGORY_SALADS_PACKAGED-GREENS@@BOISE, ID - MULO",232,232,4284012.07,0,2022-01-09,2026-06-14,0,0.0,4,0,4|0
"SUBCATEGORY_SALADS_PACKAGED-GREENS@@BOSTON, MA - MULO",232,232,44035936.81,0,2022-01-09,2026-06-14,0,0.0,8,0,8|0
"SUBCATEGORY_SALADS_PACKAGED-GREENS@@BUFFALO/ROCHESTER, NY - MULO",232,232,27543526.19,0,2022-01-09,2026-06-14,0,0.0,8,0,8|0
"SUBCATEGORY_SALADS_PACKAGED-GREENS@@CHARLOTTE, NC - MULO",232,232,31705210.1,0,2022-01-09,2026-06-14,0,0.0,8,0,8|0
"SUBCATEGORY_SALADS_PACKAGED-GREENS@@CHICAGO, IL - MULO",232,232,72646566.39,0,2022-01-09,2026-06-14,0,0.0,9,0,9|0
"SUBCATEGORY_SALADS_PACKAGED-GREENS@@CINCINNATI/DAYTON, OH - MULO",232,232,22814580.04,0,2022-01-09,2026-06-14,0,0.0,7,0,7|0
"SUBCATEGORY_SALADS_PACKAGED-GREENS@@CLEVELAND, OH - MULO",232,232,20374261.85,0,2022-01-09,2026-06-14,0,0.0,7,0,7|0
"SUBCATEGORY_SALADS_PACKAGED-GREENS@@COLUMBUS, OH - MULO",232,232,20393408.47,0,2022-01-09,2026-06-14,0,0.0,7,0,7|0
"SUBCATEGORY_SALADS_PACKAGED-GREENS@@DALLAS/FT. WORTH, TX - MULO",232,232,70684497.39,0,2022-01-09,2026-06-14,0,0.0,9,0,9|0
"SUBCATEGORY_SALADS_PACKAGED-GREENS@@DENVER, CO - MULO",232,232,40225827.96,0,2022-01-09,2026-06-14,0,0.0,8,0,8|0
"SUBCATEGORY_SALADS_PACKAGED-GREENS@@DES MOINES, IA - MULO",232,232,5788923.95,0,2022-01-09,2026-06-14,0,0.0,4,0,4|0
"SUBCATEGORY_SALADS_PACKAGED-GREENS@@DETROIT, MI - MULO",232,232,32792657.02,0,2022-01-09,2026-06-14,0,0.0,8,0,8|0
"SUBCATEGORY_SALADS_PACKAGED-GREENS@@GRAND RAPIDS, MI - MULO",232,232,10487283.47,0,2022-01-09,2026-06-14,0,0.0,6,0,6|0
"SUBCATEGORY_SALADS_PACKAGED-GREENS@@GREEN BAY, WI - MULO",232,232,4076673.14,0,2022-01-09,2026-06-14,0,0.0,4,0,4|0
"SUBCATEGORY_SALADS_PACKAGED-GREENS@@HARRISBURG/SCRANTON, PA - MULO",232,232,30990919.71,0,2022-01-09,2026-06-14,0,0.0,8,0,8|0
"SUBCATEGORY_SALADS_PACKAGED-GREENS@@HARTFORD, CT/SPRINGFIELD, MA - MULO",232,232,32904917.15,0,2022-01-09,2026-06-14,0,0.0,8,0,8|0
"SUBCATEGORY_SALADS_PACKAGED-GREENS@@HOUSTON, TX - MULO",232,232,35588646.46,0,2022-01-09,2026-06-14,0,0.0,8,0,8|0
"SUBCATEGORY_SALADS_PACKAGED-GREENS@@INDIANAPOLIS, IN - MULO",232,232,18963643.38,0,2022-01-09,2026-06-14,0,0.0,7,0,7|0
"SUBCATEGORY_SALADS_PACKAGED-GREENS@@JACKSONVILLE, FL - MULO",232,232,29325684.66,0,2022-01-09,2026-06-14,0,0.0,8,0,8|0
"SUBCATEGORY_SALADS_PACKAGED-GREENS@@KANSAS CITY, KS - MULO",232,232,18266191.91,0,2022-01-09,2026-06-14,0,0.0,7,0,7|0
"SUBCATEGORY_SALADS_PACKAGED-GREENS@@KNOXVILLE, TN - MULO",232,232,8763618.61,0,2022-01-09,2026-06-14,0,0.0,5,0,5|0
"SUBCATEGORY_SALADS_PACKAGED-GREENS@@LAS VEGAS, NV - MULO",232,232,16753454.040000001,0,2022-01-09,2026-06-14,0,0.0,7,0,7|0
"SUBCATEGORY_SALADS_PACKAGED-GREENS@@LITTLE ROCK, AR - MULO",232,232,5031148.4,0,2022-01-09,2026-06-14,0,0.0,4,0,4|0
"SUBCATEGORY_SALADS_PACKAGED-GREENS@@LOS ANGELES, CA - MULO",232,232,111005077.54,0,2022-01-09,2026-06-14,0,0.0,9,0,9|0
"SUBCATEGORY_SALADS_PACKAGED-GREENS@@LOUISVILLE, KY - MULO",232,232,10325923.68,0,2022-01-09,2026-06-14,0,0.0,6,0,6|0
"SUBCATEGORY_SALADS_PACKAGED-GREENS@@MEMPHIS, TN - MULO",232,232,11954920.01,0,2022-01-09,2026-06-14,0,0.0,6,0,6|0
"SUBCATEGORY_SALADS_PACKAGED-GREENS@@MIAMI/FT. LAUDERDALE, FL - MULO",232,232,84601931.87,0,2022-01-09,2026-06-14,0,0.0,9,0,9|0
"SUBCATEGORY_SALADS_PACKAGED-GREENS@@MILWAUKEE, WI - MULO",232,232,16084668.57,0,2022-01-09,2026-06-14,0,0.0,7,0,7|0
"SUBCATEGORY_SALADS_PACKAGED-GREENS@@MINNEAPOLIS/ST. PAUL, MN - MULO",232,232,32265854.75,0,2022-01-09,2026-06-14,0,0.0,8,0,8|0
SUBCATEGORY_SALADS_PACKAGED-GREENS@@MISSISSIPPI - MULO,232,232,10336734.83,0,2022-01-09,2026-06-14,0,0.0,6,0,6|0
"SUBCATEGORY_SALADS_PACKAGED-GREENS@@NASHVILLE, TN - MULO",232,232,24567840.65,0,2022-01-09,2026-06-14,0,0.0,7,0,7|0
SUBCATEGORY_SALADS_PACKAGED-GREENS@@NEW ENGLAND - MULO,232,232,32364072.24,0,2022-01-09,2026-06-14,0,0.0,8,0,8|0
"SUBCATEGORY_SALADS_PACKAGED-GREENS@@NEW ORLEANS, LA/MOBILE, AL - MULO",232,232,20535327.2,0,2022-01-09,2026-06-14,0,0.0,7,0,7|0
"SUBCATEGORY_SALADS_PACKAGED-GREENS@@NEW YORK, NY - MULO",232,232,154880351.65,0,2022-01-09,2026-06-14,0,0.0,9,0,9|0
"SUBCATEGORY_SALADS_PACKAGED-GREENS@@OKLAHOMA CITY, OK - MULO",232,232,8371095.72,0,2022-01-09,2026-06-14,0,0.0,5,0,5|0
"SUBCATEGORY_SALADS_PACKAGED-GREENS@@OMAHA, NE - MULO",232,232,8311124.98,0,2022-01-09,2026-06-14,0,0.0,5,0,5|0
"SUBCATEGORY_SALADS_PACKAGED-GREENS@@ORLANDO, FL - MULO",232,232,59055149.11,0,2022-01-09,2026-06-14,0,0.0,9,0,9|0
"SUBCATEGORY_SALADS_PACKAGED-GREENS@@PEORIA/SPRINGFIELD, IL - MULO",232,232,11819283.13,0,2022-01-09,2026-06-14,0,0.0,6,0,6|0
"SUBCATEGORY_SALADS_PACKAGED-GREENS@@PHILADELPHIA, PA - MULO",232,232,68587260.89,0,2022-01-09,2026-06-14,0,0.0,9,0,9|0
"SUBCATEGORY_SALADS_PACKAGED-GREENS@@PHOENIX/TUCSON, AZ - MULO",232,232,42252278.6,0,2022-01-09,2026-06-14,0,0.0,8,0,8|0
"SUBCATEGORY_SALADS_PACKAGED-GREENS@@PITTSBURGH, PA - MULO",232,232,24031614.58,0,2022-01-09,2026-06-14,0,0.0,7,0,7|0
"SUBCATEGORY_SALADS_PACKAGED-GREENS@@PORTLAND, OR - MULO",232,232,26889263.95,0,2022-01-09,2026-06-14,0,0.0,8,0,8|0
"SUBCATEGORY_SALADS_PACKAGED-GREENS@@PROVIDENCE, RI - MULO",232,232,9787554.17,0,2022-01-09,2026-06-14,0,0.0,5,0,5|0
"SUBCATEGORY_SALADS_PACKAGED-GREENS@@RALEIGH/GREENSBORO, NC - MULO",232,232,35625144.95,0,2022-01-09,2026-06-14,0,0.0,8,0,8|0
"SUBCATEGORY_SALADS_PACKAGED-GREENS@@RICHMOND/NORFOLK, VA - MULO",232,232,32414732.25,0,2022-01-09,2026-06-14,0,0.0,8,0,8|0
"SUBCATEGORY_SALADS_PACKAGED-GREENS@@ROANOKE, VA - MULO",232,232,15144337.23,0,2022-01-09,2026-06-14,0,0.0,6,0,6|0
"SUBCATEGORY_SALADS_PACKAGED-GREENS@@SACRAMENTO, CA - MULO",232,232,18722882.2,0,2022-01-09,2026-06-14,0,0.0,7,0,7|0
"SUBCATEGORY_SALADS_PACKAGED-GREENS@@SALT LAKE CITY, UT - MULO",232,232,13862016.64,0,2022-01-09,2026-06-14,0,0.0,6,0,6|0
"SUBCATEGORY_SALADS_PACKAGED-GREENS@@SAN DIEGO, CA - MULO",232,232,23774703.32,0,2022-01-09,2026-06-14,0,0.0,7,0,7|0
"SUBCATEGORY_SALADS_PACKAGED-GREENS@@SAN FRANCISCO/OAKLAND, CA - MULO",232,232,37998075.85,0,2022-01-09,2026-06-14,0,0.0,8,0,8|0
"SUBCATEGORY_SALADS_PACKAGED-GREENS@@SEATTLE/TACOMA, WA - MULO",232,232,34371807.7,0,2022-01-09,2026-06-14,0,0.0,8,0,8|0
SUBCATEGORY_SALADS_PACKAGED-GREENS@@SOUTH CAROLINA - MULO,232,232,60243386.08,0,2022-01-09,2026-06-14,0,0.0,9,0,9|0
"SUBCATEGORY_SALADS_PACKAGED-GREENS@@SPOKANE, WA - MULO",232,232,4260089.5,0,2022-01-09,2026-06-14,0,0.0,4,0,4|0
"SUBCATEGORY_SALADS_PACKAGED-GREENS@@ST. LOUIS, MO - MULO",232,232,26074610.03,0,2022-01-09,2026-06-14,0,0.0,7,0,7|0
"SUBCATEGORY_SALADS_PACKAGED-GREENS@@SYRACUSE, NY - MULO",232,232,11172237.17,0,2022-01-09,2026-06-14,0,0.0,6,0,6|0
"SUBCATEGORY_SALADS_PACKAGED-GREENS@@TAMPA/ST. PETERSBURG, FL - MULO",232,232,60049481.92,0,2022-01-09,2026-06-14,0,0.0,9,0,9|0
"SUBCATEGORY_SALADS_PACKAGED-GREENS@@TOLEDO, OH - MULO",232,232,11291493.97,0,2022-01-09,2026-06-14,0,0.0,6,0,6|0
"SUBCATEGORY_SALADS_PACKAGED-GREENS@@TULSA, OK - MULO",232,232,5972637.58,0,2022-01-09,2026-06-14,0,0.0,4,0,4|0
SUBCATEGORY_SALADS_PACKAGED-GREENS@@WEST TEXAS/NEW MEXICO - MULO,232,232,23286426.91,0,2022-01-09,2026-06-14,0,0.0,7,0,7|0
"SUBCATEGORY_SALADS_PACKAGED-GREENS@@WICHITA, KS - MULO",232,232,5417007.91,0,2022-01-09,2026-06-14,0,0.0,4,0,4|0
"SUBCATEGORY_SALADS_PACKAGED-MICROGREENS@@ALBANY, NY - MULO",231,232,216481.16,0,2022-01-09,2026-06-14,1,0.0,0,0,0|0
"SUBCATEGORY_SALADS_PACKAGED-MICROGREENS@@ATLANTA, GA - MULO",208,212,141411.26,0,2022-05-29,2026-06-14,4,0.0,0,0,0|0
"SUBCATEGORY_SALADS_PACKAGED-MICROGREENS@@BALTIMORE, MD/WASHINGTON D.C. - MULO",232,232,2574173.4,0,2022-01-09,2026-06-14,0,0.0,3,0,3|0
"SUBCATEGORY_SALADS_PACKAGED-MICROGREENS@@BOSTON, MA - MULO",232,232,1955806.29,0,2022-01-09,2026-06-14,0,0.0,2,0,2|0
"SUBCATEGORY_SALADS_PACKAGED-MICROGREENS@@BUFFALO/ROCHESTER, NY - MULO",162,162,58477.979999999996,21,2023-05-14,2026-06-14,0,0.12962962962962962,0,1,0|1
"SUBCATEGORY_SALADS_PACKAGED-MICROGREENS@@CHARLOTTE, NC - MULO",211,211,506855.86,0,2022-06-05,2026-06-14,0,0.0,1,0,1|0
"SUBCATEGORY_SALADS_PACKAGED-MICROGREENS@@CHICAGO, IL - MULO",221,221,1100734.35,0,2022-03-27,2026-06-14,0,0.0,1,0,1|0
"SUBCATEGORY_SALADS_PACKAGED-MICROGREENS@@CINCINNATI/DAYTON, OH - MULO",217,222,131404.01,0,2022-03-20,2026-06-14,5,0.0,0,0,0|0
"SUBCATEGORY_SALADS_PACKAGED-MICROGREENS@@CLEVELAND, OH - MULO",232,232,316165.71,0,2022-01-09,2026-06-14,0,0.0,0,0,0|0
"SUBCATEGORY_SALADS_PACKAGED-MICROGREENS@@COLUMBUS, OH - MULO",232,232,224167.25,0,2022-01-09,2026-06-14,0,0.0,0,0,0|0
"SUBCATEGORY_SALADS_PACKAGED-MICROGREENS@@DALLAS/FT. WORTH, TX - MULO",206,211,228641.68,1,2022-06-05,2026-06-14,5,0.0048543689320388345,0,0,0|0
"SUBCATEGORY_SALADS_PACKAGED-MICROGREENS@@DENVER, CO - MULO",232,232,527507.15,0,2022-01-09,2026-06-14,0,0.0,1,0,1|0
"SUBCATEGORY_SALADS_PACKAGED-MICROGREENS@@DETROIT, MI - MULO",170,222,167475.97,35,2022-03-20,2026-06-14,52,0.20588235294117646,0,2,0|2
"SUBCATEGORY_SALADS_PACKAGED-MICROGREENS@@GRAND RAPIDS, MI - MULO",186,222,168229.27,0,2022-03-20,2026-06-14,36,0.0,0,0,0|0
"SUBCATEGORY_SALADS_PACKAGED-MICROGREENS@@GREEN BAY, WI - MULO",172,221,42673.0,0,2022-03-27,2026-06-14,49,0.0,0,0,0|0
"SUBCATEGORY_SALADS_PACKAGED-MICROGREENS@@HARRISBURG/SCRANTON, PA - MULO",231,232,440310.17,0,2022-01-09,2026-06-14,1,0.0,1,0,1|0
"SUBCATEGORY_SALADS_PACKAGED-MICROGREENS@@HARTFORD, CT/SPRINGFIELD, MA - MULO",232,232,1783522.27,0,2022-01-09,2026-06-14,0,0.0,2,0,2|0
"SUBCATEGORY_SALADS_PACKAGED-MICROGREENS@@HOUSTON, TX - MULO",206,211,69123.18,1,2022-06-05,2026-06-14,5,0.0048543689320388345,0,0,0|0
"SUBCATEGORY_SALADS_PACKAGED-MICROGREENS@@INDIANAPOLIS, IN - MULO",232,232,158042.7,0,2022-01-09,2026-06-14,0,0.0,0,0,0|0
"SUBCATEGORY_SALADS_PACKAGED-MICROGREENS@@KANSAS CITY, KS - MULO",176,176,48758.45,0,2023-02-05,2026-06-14,0,0.0,0,0,0|0
"SUBCATEGORY_SALADS_PACKAGED-MICROGREENS@@LAS VEGAS, NV - MULO",217,217,410771.63,0,2022-04-24,2026-06-14,0,0.0,0,0,0|0
"SUBCATEGORY_SALADS_PACKAGED-MICROGREENS@@LOS ANGELES, CA - MULO",232,232,4254727.41,0,2022-01-09,2026-06-14,0,0.0,4,0,4|0
"SUBCATEGORY_SALADS_PACKAGED-MICROGREENS@@LOUISVILLE, KY - MULO",170,222,12109.79,38,2022-03-20,2026-06-14,52,0.2235294117647059,0,2,0|2
"SUBCATEGORY_SALADS_PACKAGED-MICROGREENS@@MIAMI/FT. LAUDERDALE, FL - MULO",232,232,576315.42,2,2022-01-09,2026-06-14,0,0.008620689655172414,1,0,1|0
"SUBCATEGORY_SALADS_PACKAGED-MICROGREENS@@MILWAUKEE, WI - MULO",232,232,365326.0,0,2022-01-09,2026-06-14,0,0.0,0,0,0|0
"SUBCATEGORY_SALADS_PACKAGED-MICROGREENS@@MINNEAPOLIS/ST. PAUL, MN - MULO",232,232,270365.07,0,2022-01-09,2026-06-14,0,0.0,0,0,0|0
"SUBCATEGORY_SALADS_PACKAGED-MICROGREENS@@NASHVILLE, TN - MULO",204,211,63464.37,0,2022-06-05,2026-06-14,7,0.0,0,0,0|0
SUBCATEGORY_SALADS_PACKAGED-MICROGREENS@@NEW ENGLAND - MULO,232,232,1389868.38,0,2022-01-09,2026-06-14,0,0.0,2,0,2|0
"SUBCATEGORY_SALADS_PACKAGED-MICROGREENS@@NEW ORLEANS, LA/MOBILE, AL - MULO",160,178,141224.22,57,2023-01-22,2026-06-14,18,0.35625,0,2,0|2
"SUBCATEGORY_SALADS_PACKAGED-MICROGREENS@@NEW YORK, NY - MULO",232,232,5238709.31,0,2022-01-09,2026-06-14,0,0.0,4,0,4|0
"SUBCATEGORY_SALADS_PACKAGED-MICROGREENS@@OKLAHOMA CITY, OK - MULO",231,232,18728.28,0,2022-01-09,2026-06-14,1,0.0,0,0,0|0
"SUBCATEGORY_SALADS_PACKAGED-MICROGREENS@@OMAHA, NE - MULO",232,232,38155.42,0,2022-01-09,2026-06-14,0,0.0,0,0,0|0
"SUBCATEGORY_SALADS_PACKAGED-MICROGREENS@@ORLANDO, FL - MULO",232,232,182166.16,0,2022-01-09,2026-06-14,0,0.0,0,0,0|0
"SUBCATEGORY_SALADS_PACKAGED-MICROGREENS@@PEORIA/SPRINGFIELD, IL - MULO",232,232,60170.31,0,2022-01-09,2026-06-14,0,0.0,0,0,0|0
"SUBCATEGORY_SALADS_PACKAGED-MICROGREENS@@PHILADELPHIA, PA - MULO",232,232,524177.19,0,2022-01-09,2026-06-14,0,0.0,1,0,1|0
"SUBCATEGORY_SALADS_PACKAGED-MICROGREENS@@PHOENIX/TUCSON, AZ - MULO",232,232,1547330.8,0,2022-01-09,2026-06-14,0,0.0,2,0,2|0
"SUBCATEGORY_SALADS_PACKAGED-MICROGREENS@@PITTSBURGH, PA - MULO",232,232,335882.44,0,2022-01-09,2026-06-14,0,0.0,0,0,0|0
"SUBCATEGORY_SALADS_PACKAGED-MICROGREENS@@PORTLAND, OR - MULO",232,232,993790.35,0,2022-01-09,2026-06-14,0,0.0,1,0,1|0
"SUBCATEGORY_SALADS_PACKAGED-MICROGREENS@@PROVIDENCE, RI - MULO",232,232,534526.74,0,2022-01-09,2026-06-14,0,0.0,1,0,1|0
"SUBCATEGORY_SALADS_PACKAGED-MICROGREENS@@RALEIGH/GREENSBORO, NC - MULO",211,211,474076.72000000003,0,2022-06-05,2026-06-14,0,0.0,1,0,1|0
"SUBCATEGORY_SALADS_PACKAGED-MICROGREENS@@RICHMOND/NORFOLK, VA - MULO",232,232,669854.02,0,2022-01-09,2026-06-14,0,0.0,1,0,1|0
"SUBCATEGORY_SALADS_PACKAGED-MICROGREENS@@ROANOKE, VA - MULO",200,232,97786.16,23,2022-01-09,2026-06-14,32,0.115,0,1,0|1
"SUBCATEGORY_SALADS_PACKAGED-MICROGREENS@@SACRAMENTO, CA - MULO",232,232,1680251.02,0,2022-01-09,2026-06-14,0,0.0,2,0,2|0
"SUBCATEGORY_SALADS_PACKAGED-MICROGREENS@@SALT LAKE CITY, UT - MULO",232,232,256445.53,1,2022-01-09,2026-06-14,0,0.004310344827586207,0,0,0|0
"SUBCATEGORY_SALADS_PACKAGED-MICROGREENS@@SAN DIEGO, CA - MULO",232,232,1338499.9,0,2022-01-09,2026-06-14,0,0.0,2,0,2|0
"SUBCATEGORY_SALADS_PACKAGED-MICROGREENS@@SAN FRANCISCO/OAKLAND, CA - MULO",232,232,2818584.57,0,2022-01-09,2026-06-14,0,0.0,3,0,3|0
"SUBCATEGORY_SALADS_PACKAGED-MICROGREENS@@SEATTLE/TACOMA, WA - MULO",232,232,1008995.95,0,2022-01-09,2026-06-14,0,0.0,1,0,1|0
SUBCATEGORY_SALADS_PACKAGED-MICROGREENS@@SOUTH CAROLINA - MULO,204,232,463458.65,10,2022-01-09,2026-06-14,28,0.049019607843137254,1,0,1|0
"SUBCATEGORY_SALADS_PACKAGED-MICROGREENS@@SPOKANE, WA - MULO",232,232,146019.01,0,2022-01-09,2026-06-14,0,0.0,0,0,0|0
"SUBCATEGORY_SALADS_PACKAGED-MICROGREENS@@SYRACUSE, NY - MULO",230,232,53864.42,0,2022-01-09,2026-06-14,2,0.0,0,0,0|0
"SUBCATEGORY_SALADS_PACKAGED-MICROGREENS@@TAMPA/ST. PETERSBURG, FL - MULO",214,214,557770.78,0,2022-05-15,2026-06-14,0,0.0,1,0,1|0
"SUBCATEGORY_SALADS_PACKAGED-MICROGREENS@@TOLEDO, OH - MULO",226,232,65342.58,0,2022-01-09,2026-06-14,6,0.0,0,0,0|0
SUBCATEGORY_SALADS_PACKAGED-MICROGREENS@@WEST TEXAS/NEW MEXICO - MULO,188,212,85945.33,53,2022-05-29,2026-06-14,24,0.28191489361702127,0,2,0|2
"SUBCATEGORY_SALADS_SALAD-KITS-SINGLES@@ALBANY, NY - MULO",232,232,22120402.22,0,2022-01-09,2026-06-14,0,0.0,7,0,7|0
"SUBCATEGORY_SALADS_SALAD-KITS-SINGLES@@ATLANTA, GA - MULO",232,232,114388029.13,0,2022-01-09,2026-06-14,0,0.0,9,0,9|0
"SUBCATEGORY_SALADS_SALAD-KITS-SINGLES@@BALTIMORE, MD/WASHINGTON D.C. - MULO",232,232,176481755.53,0,2022-01-09,2026-06-14,0,0.0,9,0,9|0
"SUBCATEGORY_SALADS_SALAD-KITS-SINGLES@@BIRMINGHAM/MONTGOMERY, AL - MULO",232,232,89934580.55,0,2022-01-09,2026-06-14,0,0.0,9,0,9|0
"SUBCATEGORY_SALADS_SALAD-KITS-SINGLES@@BOISE, ID - MULO",232,232,14613112.45,0,2022-01-09,2026-06-14,0,0.0,6,0,6|0
"SUBCATEGORY_SALADS_SALAD-KITS-SINGLES@@BOSTON, MA - MULO",232,232,73129680.7,0,2022-01-09,2026-06-14,0,0.0,9,0,9|0
"SUBCATEGORY_SALADS_SALAD-KITS-SINGLES@@BUFFALO/ROCHESTER, NY - MULO",232,232,39502210.93,0,2022-01-09,2026-06-14,0,0.0,8,0,8|0
"SUBCATEGORY_SALADS_SALAD-KITS-SINGLES@@CHARLOTTE, NC - MULO",232,232,76652307.37,0,2022-01-09,2026-06-14,0,0.0,9,0,9|0
"SUBCATEGORY_SALADS_SALAD-KITS-SINGLES@@CHICAGO, IL - MULO",232,232,163865717.85,0,2022-01-09,2026-06-14,0,0.0,9,0,9|0
"SUBCATEGORY_SALADS_SALAD-KITS-SINGLES@@CINCINNATI/DAYTON, OH - MULO",232,232,70715324.56,0,2022-01-09,2026-06-14,0,0.0,9,0,9|0
"SUBCATEGORY_SALADS_SALAD-KITS-SINGLES@@CLEVELAND, OH - MULO",232,232,37529540.97,0,2022-01-09,2026-06-14,0,0.0,8,0,8|0
"SUBCATEGORY_SALADS_SALAD-KITS-SINGLES@@COLUMBUS, OH - MULO",232,232,46317831.99,0,2022-01-09,2026-06-14,0,0.0,8,0,8|0
"SUBCATEGORY_SALADS_SALAD-KITS-SINGLES@@DALLAS/FT. WORTH, TX - MULO",232,232,126100812.13,0,2022-01-09,2026-06-14,0,0.0,9,0,9|0
"SUBCATEGORY_SALADS_SALAD-KITS-SINGLES@@DENVER, CO - MULO",232,232,81259801.77,0,2022-01-09,2026-06-14,0,0.0,9,0,9|0
"SUBCATEGORY_SALADS_SALAD-KITS-SINGLES@@DES MOINES, IA - MULO",232,232,13859415.92,0,2022-01-09,2026-06-14,0,0.0,6,0,6|0
"SUBCATEGORY_SALADS_SALAD-KITS-SINGLES@@DETROIT, MI - MULO",232,232,82934437.88,0,2022-01-09,2026-06-14,0,0.0,9,0,9|0
"SUBCATEGORY_SALADS_SALAD-KITS-SINGLES@@GRAND RAPIDS, MI - MULO",232,232,38521210.13,0,2022-01-09,2026-06-14,0,0.0,8,0,8|0
"SUBCATEGORY_SALADS_SALAD-KITS-SINGLES@@GREEN BAY, WI - MULO",232,232,10403189.8,0,2022-01-09,2026-06-14,0,0.0,6,0,6|0
"SUBCATEGORY_SALADS_SALAD-KITS-SINGLES@@HARRISBURG/SCRANTON, PA - MULO",232,232,99099277.18,0,2022-01-09,2026-06-14,0,0.0,9,0,9|0
"SUBCATEGORY_SALADS_SALAD-KITS-SINGLES@@HARTFORD, CT/SPRINGFIELD, MA - MULO",232,232,54912475.46,0,2022-01-09,2026-06-14,0,0.0,8,0,8|0
"SUBCATEGORY_SALADS_SALAD-KITS-SINGLES@@HOUSTON, TX - MULO",232,232,64248646.67,0,2022-01-09,2026-06-14,0,0.0,9,0,9|0
"SUBCATEGORY_SALADS_SALAD-KITS-SINGLES@@INDIANAPOLIS, IN - MULO",232,232,55449222.11,0,2022-01-09,2026-06-14,0,0.0,8,0,8|0
"SUBCATEGORY_SALADS_SALAD-KITS-SINGLES@@JACKSONVILLE, FL - MULO",232,232,48544363.68,0,2022-01-09,2026-06-14,0,0.0,8,0,8|0
"SUBCATEGORY_SALADS_SALAD-KITS-SINGLES@@KANSAS CITY, KS - MULO",232,232,36455500.54,0,2022-01-09,2026-06-14,0,0.0,8,0,8|0
"SUBCATEGORY_SALADS_SALAD-KITS-SINGLES@@KNOXVILLE, TN - MULO",232,232,22872325.88,0,2022-01-09,2026-06-14,0,0.0,7,0,7|0
"SUBCATEGORY_SALADS_SALAD-KITS-SINGLES@@LAS VEGAS, NV - MULO",232,232,47823267.13,0,2022-01-09,2026-06-14,0,0.0,8,0,8|0
"SUBCATEGORY_SALADS_SALAD-KITS-SINGLES@@LITTLE ROCK, AR - MULO",232,232,17145029.33,0,2022-01-09,2026-06-14,0,0.0,7,0,7|0
"SUBCATEGORY_SALADS_SALAD-KITS-SINGLES@@LOS ANGELES, CA - MULO",232,232,370831908.26,0,2022-01-09,2026-06-14,0,0.0,9,0,9|0
"SUBCATEGORY_SALADS_SALAD-KITS-SINGLES@@LOUISVILLE, KY - MULO",232,232,29541976.18,0,2022-01-09,2026-06-14,0,0.0,8,0,8|0
"SUBCATEGORY_SALADS_SALAD-KITS-SINGLES@@MEMPHIS, TN - MULO",232,232,28687751.67,0,2022-01-09,2026-06-14,0,0.0,8,0,8|0
"SUBCATEGORY_SALADS_SALAD-KITS-SINGLES@@MIAMI/FT. LAUDERDALE, FL - MULO",232,232,120137668.51,0,2022-01-09,2026-06-14,0,0.0,9,0,9|0
"SUBCATEGORY_SALADS_SALAD-KITS-SINGLES@@MILWAUKEE, WI - MULO",232,232,44973651.12,0,2022-01-09,2026-06-14,0,0.0,8,0,8|0
"SUBCATEGORY_SALADS_SALAD-KITS-SINGLES@@MINNEAPOLIS/ST. PAUL, MN - MULO",232,232,43637431.27,0,2022-01-09,2026-06-14,0,0.0,8,0,8|0
SUBCATEGORY_SALADS_SALAD-KITS-SINGLES@@MISSISSIPPI - MULO,232,232,40378963.59,0,2022-01-09,2026-06-14,0,0.0,8,0,8|0
"SUBCATEGORY_SALADS_SALAD-KITS-SINGLES@@NASHVILLE, TN - MULO",232,232,50705513.27,0,2022-01-09,2026-06-14,0,0.0,8,0,8|0
SUBCATEGORY_SALADS_SALAD-KITS-SINGLES@@NEW ENGLAND - MULO,232,232,91754338.54,0,2022-01-09,2026-06-14,0,0.0,9,0,9|0
"SUBCATEGORY_SALADS_SALAD-KITS-SINGLES@@NEW ORLEANS, LA/MOBILE, AL - MULO",232,232,59348807.81,0,2022-01-09,2026-06-14,0,0.0,9,0,9|0
"SUBCATEGORY_SALADS_SALAD-KITS-SINGLES@@NEW YORK, NY - MULO",232,232,230352270.13,0,2022-01-09,2026-06-14,0,0.0,9,0,9|0
"SUBCATEGORY_SALADS_SALAD-KITS-SINGLES@@OKLAHOMA CITY, OK - MULO",232,232,23544527.96,0,2022-01-09,2026-06-14,0,0.0,7,0,7|0
"SUBCATEGORY_SALADS_SALAD-KITS-SINGLES@@OMAHA, NE - MULO",232,232,20161953.26,0,2022-01-09,2026-06-14,0,0.0,7,0,7|0
"SUBCATEGORY_SALADS_SALAD-KITS-SINGLES@@ORLANDO, FL - MULO",232,232,100001651.46,0,2022-01-09,2026-06-14,0,0.0,9,0,9|0
"SUBCATEGORY_SALADS_SALAD-KITS-SINGLES@@PEORIA/SPRINGFIELD, IL - MULO",232,232,40885299.53,0,2022-01-09,2026-06-14,0,0.0,8,0,8|0
"SUBCATEGORY_SALADS_SALAD-KITS-SINGLES@@PHILADELPHIA, PA - MULO",232,232,138836037.79,0,2022-01-09,2026-06-14,0,0.0,9,0,9|0
"SUBCATEGORY_SALADS_SALAD-KITS-SINGLES@@PHOENIX/TUCSON, AZ - MULO",232,232,106034288.33,0,2022-01-09,2026-06-14,0,0.0,9,0,9|0
"SUBCATEGORY_SALADS_SALAD-KITS-SINGLES@@PITTSBURGH, PA - MULO",232,232,41363725.95,0,2022-01-09,2026-06-14,0,0.0,8,0,8|0
"SUBCATEGORY_SALADS_SALAD-KITS-SINGLES@@PORTLAND, OR - MULO",232,232,76053743.62,0,2022-01-09,2026-06-14,0,0.0,9,0,9|0
"SUBCATEGORY_SALADS_SALAD-KITS-SINGLES@@PROVIDENCE, RI - MULO",232,232,14817330.85,0,2022-01-09,2026-06-14,0,0.0,6,0,6|0
"SUBCATEGORY_SALADS_SALAD-KITS-SINGLES@@RALEIGH/GREENSBORO, NC - MULO",232,232,86436607.46,0,2022-01-09,2026-06-14,0,0.0,9,0,9|0
"SUBCATEGORY_SALADS_SALAD-KITS-SINGLES@@RICHMOND/NORFOLK, VA - MULO",232,232,82248351.81,0,2022-01-09,2026-06-14,0,0.0,9,0,9|0
"SUBCATEGORY_SALADS_SALAD-KITS-SINGLES@@ROANOKE, VA - MULO",232,232,52942458.12,0,2022-01-09,2026-06-14,0,0.0,8,0,8|0
"SUBCATEGORY_SALADS_SALAD-KITS-SINGLES@@SACRAMENTO, CA - MULO",232,232,81871984.25,0,2022-01-09,2026-06-14,0,0.0,9,0,9|0
"SUBCATEGORY_SALADS_SALAD-KITS-SINGLES@@SALT LAKE CITY, UT - MULO",232,232,26843971.83,0,2022-01-09,2026-06-14,0,0.0,8,0,8|0
"SUBCATEGORY_SALADS_SALAD-KITS-SINGLES@@SAN DIEGO, CA - MULO",232,232,95320553.67999999,0,2022-01-09,2026-06-14,0,0.0,9,0,9|0
"SUBCATEGORY_SALADS_SALAD-KITS-SINGLES@@SAN FRANCISCO/OAKLAND, CA - MULO",232,232,136057687.34,0,2022-01-09,2026-06-14,0,0.0,9,0,9|0
"SUBCATEGORY_SALADS_SALAD-KITS-SINGLES@@SEATTLE/TACOMA, WA - MULO",232,232,92960750.9,0,2022-01-09,2026-06-14,0,0.0,9,0,9|0
SUBCATEGORY_SALADS_SALAD-KITS-SINGLES@@SOUTH CAROLINA - MULO,232,232,134226457.06,0,2022-01-09,2026-06-14,0,0.0,9,0,9|0
"SUBCATEGORY_SALADS_SALAD-KITS-SINGLES@@SPOKANE, WA - MULO",232,232,18109971.67,0,2022-01-09,2026-06-14,0,0.0,7,0,7|0
"SUBCATEGORY_SALADS_SALAD-KITS-SINGLES@@ST. LOUIS, MO - MULO",232,232,73877455.02,0,2022-01-09,2026-06-14,0,0.0,9,0,9|0
"SUBCATEGORY_SALADS_SALAD-KITS-SINGLES@@SYRACUSE, NY - MULO",232,232,19240532.56,0,2022-01-09,2026-06-14,0,0.0,7,0,7|0
"SUBCATEGORY_SALADS_SALAD-KITS-SINGLES@@TAMPA/ST. PETERSBURG, FL - MULO",232,232,108745758.71,0,2022-01-09,2026-06-14,0,0.0,9,0,9|0
"SUBCATEGORY_SALADS_SALAD-KITS-SINGLES@@TOLEDO, OH - MULO",232,232,38110070.87,0,2022-01-09,2026-06-14,0,0.0,8,0,8|0
"SUBCATEGORY_SALADS_SALAD-KITS-SINGLES@@TULSA, OK - MULO",232,232,19084940.32,0,2022-01-09,2026-06-14,0,0.0,7,0,7|0
SUBCATEGORY_SALADS_SALAD-KITS-SINGLES@@WEST TEXAS/NEW MEXICO - MULO,232,232,57487579.85,0,2022-01-09,2026-06-14,0,0.0,9,0,9|0
"SUBCATEGORY_SALADS_SALAD-KITS-SINGLES@@WICHITA, KS - MULO",232,232,14943675.35,0,2022-01-09,2026-06-14,0,0.0,6,0,6|0
"SUBCATEGORY_SALADS_SALAD-KITS@@ALBANY, NY - MULO",232,232,39015474.3,0,2022-01-09,2026-06-14,0,0.0,8,0,8|0
"SUBCATEGORY_SALADS_SALAD-KITS@@ATLANTA, GA - MULO",232,232,258794995.59,0,2022-01-09,2026-06-14,0,0.0,9,0,9|0
"SUBCATEGORY_SALADS_SALAD-KITS@@BALTIMORE, MD/WASHINGTON D.C. - MULO",232,232,336511530.7,0,2022-01-09,2026-06-14,0,0.0,9,0,9|0
"SUBCATEGORY_SALADS_SALAD-KITS@@BIRMINGHAM/MONTGOMERY, AL - MULO",232,232,159183553.27,0,2022-01-09,2026-06-14,0,0.0,9,0,9|0
"SUBCATEGORY_SALADS_SALAD-KITS@@BOISE, ID - MULO",232,232,41163857.91,0,2022-01-09,2026-06-14,0,0.0,8,0,8|0
"SUBCATEGORY_SALADS_SALAD-KITS@@BOSTON, MA - MULO",232,232,127809230.63,0,2022-01-09,2026-06-14,0,0.0,9,0,9|0
"SUBCATEGORY_SALADS_SALAD-KITS@@BUFFALO/ROCHESTER, NY - MULO",232,232,109243567.86,0,2022-01-09,2026-06-14,0,0.0,9,0,9|0
"SUBCATEGORY_SALADS_SALAD-KITS@@CHARLOTTE, NC - MULO",232,232,123496648.03,0,2022-01-09,2026-06-14,0,0.0,9,0,9|0
"SUBCATEGORY_SALADS_SALAD-KITS@@CHICAGO, IL - MULO",232,232,350658490.7,0,2022-01-09,2026-06-14,0,0.0,9,0,9|0
"SUBCATEGORY_SALADS_SALAD-KITS@@CINCINNATI/DAYTON, OH - MULO",232,232,173802903.6,0,2022-01-09,2026-06-14,0,0.0,9,0,9|0
"SUBCATEGORY_SALADS_SALAD-KITS@@CLEVELAND, OH - MULO",232,232,82338921.57000001,0,2022-01-09,2026-06-14,0,0.0,9,0,9|0
"SUBCATEGORY_SALADS_SALAD-KITS@@COLUMBUS, OH - MULO",232,232,118245239.16,0,2022-01-09,2026-06-14,0,0.0,9,0,9|0
"SUBCATEGORY_SALADS_SALAD-KITS@@DALLAS/FT. WORTH, TX - MULO",232,232,345223342.25,0,2022-01-09,2026-06-14,0,0.0,9,0,9|0
"SUBCATEGORY_SALADS_SALAD-KITS@@DENVER, CO - MULO",232,232,267929146.54,0,2022-01-09,2026-06-14,0,0.0,9,0,9|0
"SUBCATEGORY_SALADS_SALAD-KITS@@DES MOINES, IA - MULO",232,232,45992088.67,0,2022-01-09,2026-06-14,0,0.0,8,0,8|0
"SUBCATEGORY_SALADS_SALAD-KITS@@DETROIT, MI - MULO",232,232,210600440.62,0,2022-01-09,2026-06-14,0,0.0,9,0,9|0
"SUBCATEGORY_SALADS_SALAD-KITS@@GRAND RAPIDS, MI - MULO",232,232,80935028.08,0,2022-01-09,2026-06-14,0,0.0,9,0,9|0
"SUBCATEGORY_SALADS_SALAD-KITS@@GREEN BAY, WI - MULO",232,232,34135053.74,0,2022-01-09,2026-06-14,0,0.0,8,0,8|0
"SUBCATEGORY_SALADS_SALAD-KITS@@HARRISBURG/SCRANTON, PA - MULO",232,232,143232150.27,0,2022-01-09,2026-06-14,0,0.0,9,0,9|0
"SUBCATEGORY_SALADS_SALAD-KITS@@HARTFORD, CT/SPRINGFIELD, MA - MULO",232,232,104145124.47,0,2022-01-09,2026-06-14,0,0.0,9,0,9|0
"SUBCATEGORY_SALADS_SALAD-KITS@@HOUSTON, TX - MULO",232,232,177747877.66,0,2022-01-09,2026-06-14,0,0.0,9,0,9|0
"SUBCATEGORY_SALADS_SALAD-KITS@@INDIANAPOLIS, IN - MULO",232,232,141421952.7,0,2022-01-09,2026-06-14,0,0.0,9,0,9|0
"SUBCATEGORY_SALADS_SALAD-KITS@@JACKSONVILLE, FL - MULO",232,232,92274883.64,0,2022-01-09,2026-06-14,0,0.0,9,0,9|0
"SUBCATEGORY_SALADS_SALAD-KITS@@KANSAS CITY, KS - MULO",232,232,124233173.29,0,2022-01-09,2026-06-14,0,0.0,9,0,9|0
"SUBCATEGORY_SALADS_SALAD-KITS@@KNOXVILLE, TN - MULO",232,232,48501547.96,0,2022-01-09,2026-06-14,0,0.0,8,0,8|0
"SUBCATEGORY_SALADS_SALAD-KITS@@LAS VEGAS, NV - MULO",232,232,115993355.67,0,2022-01-09,2026-06-14,0,0.0,9,0,9|0
"SUBCATEGORY_SALADS_SALAD-KITS@@LITTLE ROCK, AR - MULO",232,232,37312420.96,0,2022-01-09,2026-06-14,0,0.0,8,0,8|0
"SUBCATEGORY_SALADS_SALAD-KITS@@LOS ANGELES, CA - MULO",232,232,637727976.1,0,2022-01-09,2026-06-14,0,0.0,9,0,9|0
"SUBCATEGORY_SALADS_SALAD-KITS@@LOUISVILLE, KY - MULO",232,232,76711615.4,0,2022-01-09,2026-06-14,0,0.0,9,0,9|0
"SUBCATEGORY_SALADS_SALAD-KITS@@MEMPHIS, TN - MULO",232,232,57865487.85,0,2022-01-09,2026-06-14,0,0.0,9,0,9|0
"SUBCATEGORY_SALADS_SALAD-KITS@@MIAMI/FT. LAUDERDALE, FL - MULO",232,232,250299986.42,0,2022-01-09,2026-06-14,0,0.0,9,0,9|0
"SUBCATEGORY_SALADS_SALAD-KITS@@MILWAUKEE, WI - MULO",232,232,130933686.85,0,2022-01-09,2026-06-14,0,0.0,9,0,9|0
"SUBCATEGORY_SALADS_SALAD-KITS@@MINNEAPOLIS/ST. PAUL, MN - MULO",232,232,204569674.38,0,2022-01-09,2026-06-14,0,0.0,9,0,9|0
SUBCATEGORY_SALADS_SALAD-KITS@@MISSISSIPPI - MULO,232,232,74106210.61,0,2022-01-09,2026-06-14,0,0.0,9,0,9|0
"SUBCATEGORY_SALADS_SALAD-KITS@@NASHVILLE, TN - MULO",232,232,115450320.59,0,2022-01-09,2026-06-14,0,0.0,9,0,9|0
SUBCATEGORY_SALADS_SALAD-KITS@@NEW ENGLAND - MULO,232,232,112525425.38,0,2022-01-09,2026-06-14,0,0.0,9,0,9|0
"SUBCATEGORY_SALADS_SALAD-KITS@@NEW ORLEANS, LA/MOBILE, AL - MULO",232,232,135547985.97,0,2022-01-09,2026-06-14,0,0.0,9,0,9|0
"SUBCATEGORY_SALADS_SALAD-KITS@@NEW YORK, NY - MULO",232,232,412645805.1,0,2022-01-09,2026-06-14,0,0.0,9,0,9|0
"SUBCATEGORY_SALADS_SALAD-KITS@@OKLAHOMA CITY, OK - MULO",232,232,64312606.44,0,2022-01-09,2026-06-14,0,0.0,9,0,9|0
"SUBCATEGORY_SALADS_SALAD-KITS@@OMAHA, NE - MULO",232,232,67009486.160000004,0,2022-01-09,2026-06-14,0,0.0,9,0,9|0
"SUBCATEGORY_SALADS_SALAD-KITS@@ORLANDO, FL - MULO",232,232,213974872.04,0,2022-01-09,2026-06-14,0,0.0,9,0,9|0
"SUBCATEGORY_SALADS_SALAD-KITS@@PEORIA/SPRINGFIELD, IL - MULO",232,232,89887321.69,0,2022-01-09,2026-06-14,0,0.0,9,0,9|0
"SUBCATEGORY_SALADS_SALAD-KITS@@PHILADELPHIA, PA - MULO",232,232,226990944.14,0,2022-01-09,2026-06-14,0,0.0,9,0,9|0
"SUBCATEGORY_SALADS_SALAD-KITS@@PHOENIX/TUCSON, AZ - MULO",232,232,310860058.81,0,2022-01-09,2026-06-14,0,0.0,9,0,9|0
"SUBCATEGORY_SALADS_SALAD-KITS@@PITTSBURGH, PA - MULO",232,232,110848677.65,0,2022-01-09,2026-06-14,0,0.0,9,0,9|0
"SUBCATEGORY_SALADS_SALAD-KITS@@PORTLAND, OR - MULO",232,232,202679482.91,0,2022-01-09,2026-06-14,0,0.0,9,0,9|0
"SUBCATEGORY_SALADS_SALAD-KITS@@PROVIDENCE, RI - MULO",232,232,25359499.97,0,2022-01-09,2026-06-14,0,0.0,7,0,7|0
"SUBCATEGORY_SALADS_SALAD-KITS@@RALEIGH/GREENSBORO, NC - MULO",232,232,139007956.61,0,2022-01-09,2026-06-14,0,0.0,9,0,9|0
"SUBCATEGORY_SALADS_SALAD-KITS@@RICHMOND/NORFOLK, VA - MULO",232,232,165163145.4,0,2022-01-09,2026-06-14,0,0.0,9,0,9|0
"SUBCATEGORY_SALADS_SALAD-KITS@@ROANOKE, VA - MULO",232,232,106554780.61,0,2022-01-09,2026-06-14,0,0.0,9,0,9|0
"SUBCATEGORY_SALADS_SALAD-KITS@@SACRAMENTO, CA - MULO",232,232,145202808.29,0,2022-01-09,2026-06-14,0,0.0,9,0,9|0
"SUBCATEGORY_SALADS_SALAD-KITS@@SALT LAKE CITY, UT - MULO",232,232,119336885.07000001,0,2022-01-09,2026-06-14,0,0.0,9,0,9|0
"SUBCATEGORY_SALADS_SALAD-KITS@@SAN DIEGO, CA - MULO",232,232,152138952.51,0,2022-01-09,2026-06-14,0,0.0,9,0,9|0
"SUBCATEGORY_SALADS_SALAD-KITS@@SAN FRANCISCO/OAKLAND, CA - MULO",232,232,215894352.3,0,2022-01-09,2026-06-14,0,0.0,9,0,9|0
"SUBCATEGORY_SALADS_SALAD-KITS@@SEATTLE/TACOMA, WA - MULO",232,232,217296535.06,0,2022-01-09,2026-06-14,0,0.0,9,0,9|0
SUBCATEGORY_SALADS_SALAD-KITS@@SOUTH CAROLINA - MULO,232,232,241091258.71,0,2022-01-09,2026-06-14,0,0.0,9,0,9|0
"SUBCATEGORY_SALADS_SALAD-KITS@@SPOKANE, WA - MULO",232,232,42375695.79,0,2022-01-09,2026-06-14,0,0.0,8,0,8|0
"SUBCATEGORY_SALADS_SALAD-KITS@@ST. LOUIS, MO - MULO",232,232,161297656.93,0,2022-01-09,2026-06-14,0,0.0,9,0,9|0
"SUBCATEGORY_SALADS_SALAD-KITS@@SYRACUSE, NY - MULO",232,232,47916926.26,0,2022-01-09,2026-06-14,0,0.0,8,0,8|0
"SUBCATEGORY_SALADS_SALAD-KITS@@TAMPA/ST. PETERSBURG, FL - MULO",232,232,220000373.14,0,2022-01-09,2026-06-14,0,0.0,9,0,9|0
"SUBCATEGORY_SALADS_SALAD-KITS@@TOLEDO, OH - MULO",232,232,88697379.67,0,2022-01-09,2026-06-14,0,0.0,9,0,9|0
"SUBCATEGORY_SALADS_SALAD-KITS@@TULSA, OK - MULO",232,232,53457625.75,0,2022-01-09,2026-06-14,0,0.0,8,0,8|0
SUBCATEGORY_SALADS_SALAD-KITS@@WEST TEXAS/NEW MEXICO - MULO,232,232,164952645.41,0,2022-01-09,2026-06-14,0,0.0,9,0,9|0
"SUBCATEGORY_SALADS_SALAD-KITS@@WICHITA, KS - MULO",232,232,52175591.06,0,2022-01-09,2026-06-14,0,0.0,8,0,8|0
"SUBCATEGORY_SALADS_SALADS@@ALBANY, NY - MULO",232,232,108841693.38,0,2022-01-09,2026-06-14,0,0.0,9,0,9|0
"SUBCATEGORY_SALADS_SALADS@@ATLANTA, GA - MULO",232,232,393760591.4,0,2022-01-09,2026-06-14,0,0.0,9,0,9|0
"SUBCATEGORY_SALADS_SALADS@@BALTIMORE, MD/WASHINGTON D.C. - MULO",232,232,607571425.9,0,2022-01-09,2026-06-14,0,0.0,9,0,9|0
"SUBCATEGORY_SALADS_SALADS@@BIRMINGHAM/MONTGOMERY, AL - MULO",232,232,218952923.25,0,2022-01-09,2026-06-14,0,0.0,9,0,9|0
"SUBCATEGORY_SALADS_SALADS@@BOISE, ID - MULO",232,232,36667950.17,0,2022-01-09,2026-06-14,0,0.0,8,0,8|0
"SUBCATEGORY_SALADS_SALADS@@BOSTON, MA - MULO",232,232,334762844.6,0,2022-01-09,2026-06-14,0,0.0,9,0,9|0
"SUBCATEGORY_SALADS_SALADS@@BUFFALO/ROCHESTER, NY - MULO",232,232,198255520.43,0,2022-01-09,2026-06-14,0,0.0,9,0,9|0
"SUBCATEGORY_SALADS_SALADS@@CHARLOTTE, NC - MULO",232,232,219312618.29,0,2022-01-09,2026-06-14,0,0.0,9,0,9|0
"SUBCATEGORY_SALADS_SALADS@@CHICAGO, IL - MULO",232,232,474282561.5,0,2022-01-09,2026-06-14,0,0.0,9,0,9|0
"SUBCATEGORY_SALADS_SALADS@@CINCINNATI/DAYTON, OH - MULO",232,232,196862935.27,0,2022-01-09,2026-06-14,0,0.0,9,0,9|0
"SUBCATEGORY_SALADS_SALADS@@CLEVELAND, OH - MULO",232,232,137807007.35999998,0,2022-01-09,2026-06-14,0,0.0,9,0,9|0
"SUBCATEGORY_SALADS_SALADS@@COLUMBUS, OH - MULO",232,232,136360329.1,0,2022-01-09,2026-06-14,0,0.0,9,0,9|0
"SUBCATEGORY_SALADS_SALADS@@DALLAS/FT. WORTH, TX - MULO",232,232,307949939.06,0,2022-01-09,2026-06-14,0,0.0,9,0,9|0
"SUBCATEGORY_SALADS_SALADS@@DENVER, CO - MULO",232,232,289950144.4,0,2022-01-09,2026-06-14,0,0.0,9,0,9|0
"SUBCATEGORY_SALADS_SALADS@@DES MOINES, IA - MULO",232,232,56111563.61,0,2022-01-09,2026-06-14,0,0.0,8,0,8|0
"SUBCATEGORY_SALADS_SALADS@@DETROIT, MI - MULO",232,232,283679949.7,0,2022-01-09,2026-06-14,0,0.0,9,0,9|0
"SUBCATEGORY_SALADS_SALADS@@GRAND RAPIDS, MI - MULO",232,232,105565178.55,0,2022-01-09,2026-06-14,0,0.0,9,0,9|0
"SUBCATEGORY_SALADS_SALADS@@GREEN BAY, WI - MULO",232,232,44884156.76,0,2022-01-09,2026-06-14,0,0.0,8,0,8|0
"SUBCATEGORY_SALADS_SALADS@@HARRISBURG/SCRANTON, PA - MULO",232,232,304477329.54,0,2022-01-09,2026-06-14,0,0.0,9,0,9|0
"SUBCATEGORY_SALADS_SALADS@@HARTFORD, CT/SPRINGFIELD, MA - MULO",232,232,276530680.9,0,2022-01-09,2026-06-14,0,0.0,9,0,9|0
"SUBCATEGORY_SALADS_SALADS@@HOUSTON, TX - MULO",232,232,132206539.03,0,2022-01-09,2026-06-14,0,0.0,9,0,9|0
"SUBCATEGORY_SALADS_SALADS@@INDIANAPOLIS, IN - MULO",232,232,130064666.08,0,2022-01-09,2026-06-14,0,0.0,9,0,9|0
"SUBCATEGORY_SALADS_SALADS@@JACKSONVILLE, FL - MULO",232,232,151106213.11,0,2022-01-09,2026-06-14,0,0.0,9,0,9|0
"SUBCATEGORY_SALADS_SALADS@@KANSAS CITY, KS - MULO",232,232,115973122.34,0,2022-01-09,2026-06-14,0,0.0,9,0,9|0
"SUBCATEGORY_SALADS_SALADS@@KNOXVILLE, TN - MULO",232,232,61423293.01,0,2022-01-09,2026-06-14,0,0.0,9,0,9|0
"SUBCATEGORY_SALADS_SALADS@@LAS VEGAS, NV - MULO",232,232,98763835.45,0,2022-01-09,2026-06-14,0,0.0,9,0,9|0
"SUBCATEGORY_SALADS_SALADS@@LITTLE ROCK, AR - MULO",232,232,34547824.47,0,2022-01-09,2026-06-14,0,0.0,8,0,8|0
"SUBCATEGORY_SALADS_SALADS@@LOS ANGELES, CA - MULO",232,232,679191372.5,0,2022-01-09,2026-06-14,0,0.0,9,0,9|0
"SUBCATEGORY_SALADS_SALADS@@LOUISVILLE, KY - MULO",232,232,68886306.71,0,2022-01-09,2026-06-14,0,0.0,9,0,9|0
"SUBCATEGORY_SALADS_SALADS@@MEMPHIS, TN - MULO",232,232,53295188.83,0,2022-01-09,2026-06-14,0,0.0,8,0,8|0
"SUBCATEGORY_SALADS_SALADS@@MIAMI/FT. LAUDERDALE, FL - MULO",232,232,472287787.6,0,2022-01-09,2026-06-14,0,0.0,9,0,9|0
"SUBCATEGORY_SALADS_SALADS@@MILWAUKEE, WI - MULO",232,232,163952784.98,0,2022-01-09,2026-06-14,0,0.0,9,0,9|0
"SUBCATEGORY_SALADS_SALADS@@MINNEAPOLIS/ST. PAUL, MN - MULO",232,232,218358043.23,0,2022-01-09,2026-06-14,0,0.0,9,0,9|0
SUBCATEGORY_SALADS_SALADS@@MISSISSIPPI - MULO,232,232,83573846.11,0,2022-01-09,2026-06-14,0,0.0,9,0,9|0
"SUBCATEGORY_SALADS_SALADS@@NASHVILLE, TN - MULO",232,232,137632635.7,0,2022-01-09,2026-06-14,0,0.0,9,0,9|0
SUBCATEGORY_SALADS_SALADS@@NEW ENGLAND - MULO,232,232,324432503.2,0,2022-01-09,2026-06-14,0,0.0,9,0,9|0
"SUBCATEGORY_SALADS_SALADS@@NEW ORLEANS, LA/MOBILE, AL - MULO",232,232,150985182.08,0,2022-01-09,2026-06-14,0,0.0,9,0,9|0
"SUBCATEGORY_SALADS_SALADS@@NEW YORK, NY - MULO",232,232,1060116435.7,0,2022-01-09,2026-06-14,0,0.0,9,0,9|0
"SUBCATEGORY_SALADS_SALADS@@OKLAHOMA CITY, OK - MULO",232,232,50534853.28,0,2022-01-09,2026-06-14,0,0.0,8,0,8|0
"SUBCATEGORY_SALADS_SALADS@@OMAHA, NE - MULO",232,232,68998163.32,0,2022-01-09,2026-06-14,0,0.0,9,0,9|0
"SUBCATEGORY_SALADS_SALADS@@ORLANDO, FL - MULO",232,232,309522078.0,0,2022-01-09,2026-06-14,0,0.0,9,0,9|0
"SUBCATEGORY_SALADS_SALADS@@PEORIA/SPRINGFIELD, IL - MULO",232,232,94308881.74,0,2022-01-09,2026-06-14,0,0.0,9,0,9|0
"SUBCATEGORY_SALADS_SALADS@@PHILADELPHIA, PA - MULO",232,232,441736138.3,0,2022-01-09,2026-06-14,0,0.0,9,0,9|0
"SUBCATEGORY_SALADS_SALADS@@PHOENIX/TUCSON, AZ - MULO",232,232,276008438.54,0,2022-01-09,2026-06-14,0,0.0,9,0,9|0
"SUBCATEGORY_SALADS_SALADS@@PITTSBURGH, PA - MULO",232,232,152738471.07,0,2022-01-09,2026-06-14,0,0.0,9,0,9|0
"SUBCATEGORY_SALADS_SALADS@@PORTLAND, OR - MULO",232,232,203747480.08,0,2022-01-09,2026-06-14,0,0.0,9,0,9|0
"SUBCATEGORY_SALADS_SALADS@@PROVIDENCE, RI - MULO",232,232,68669791.39,0,2022-01-09,2026-06-14,0,0.0,9,0,9|0
"SUBCATEGORY_SALADS_SALADS@@RALEIGH/GREENSBORO, NC - MULO",232,232,276525233.05,0,2022-01-09,2026-06-14,0,0.0,9,0,9|0
"SUBCATEGORY_SALADS_SALADS@@RICHMOND/NORFOLK, VA - MULO",232,232,231131407.55,0,2022-01-09,2026-06-14,0,0.0,9,0,9|0
"SUBCATEGORY_SALADS_SALADS@@ROANOKE, VA - MULO",232,232,128891534.82,0,2022-01-09,2026-06-14,0,0.0,9,0,9|0
"SUBCATEGORY_SALADS_SALADS@@SACRAMENTO, CA - MULO",232,232,151122497.1,0,2022-01-09,2026-06-14,0,0.0,9,0,9|0
"SUBCATEGORY_SALADS_SALADS@@SALT LAKE CITY, UT - MULO",232,232,101321508.53,0,2022-01-09,2026-06-14,0,0.0,9,0,9|0
"SUBCATEGORY_SALADS_SALADS@@SAN DIEGO, CA - MULO",232,232,158070897.61,0,2022-01-09,2026-06-14,0,0.0,9,0,9|0
"SUBCATEGORY_SALADS_SALADS@@SAN FRANCISCO/OAKLAND, CA - MULO",232,232,290637726.91,0,2022-01-09,2026-06-14,0,0.0,9,0,9|0
"SUBCATEGORY_SALADS_SALADS@@SEATTLE/TACOMA, WA - MULO",232,232,226089307.96,0,2022-01-09,2026-06-14,0,0.0,9,0,9|0
SUBCATEGORY_SALADS_SALADS@@SOUTH CAROLINA - MULO,232,232,384706812.2,0,2022-01-09,2026-06-14,0,0.0,9,0,9|0
"SUBCATEGORY_SALADS_SALADS@@SPOKANE, WA - MULO",232,232,37763004.72,0,2022-01-09,2026-06-14,0,0.0,8,0,8|0
"SUBCATEGORY_SALADS_SALADS@@ST. LOUIS, MO - MULO",232,232,149782934.89,0,2022-01-09,2026-06-14,0,0.0,9,0,9|0
"SUBCATEGORY_SALADS_SALADS@@SYRACUSE, NY - MULO",232,232,83092620.37,0,2022-01-09,2026-06-14,0,0.0,9,0,9|0
"SUBCATEGORY_SALADS_SALADS@@TAMPA/ST. PETERSBURG, FL - MULO",232,232,335764483.4,0,2022-01-09,2026-06-14,0,0.0,9,0,9|0
"SUBCATEGORY_SALADS_SALADS@@TOLEDO, OH - MULO",232,232,99413539.07,0,2022-01-09,2026-06-14,0,0.0,9,0,9|0
"SUBCATEGORY_SALADS_SALADS@@TULSA, OK - MULO",232,232,42196413.7,0,2022-01-09,2026-06-14,0,0.0,8,0,8|0
SUBCATEGORY_SALADS_SALADS@@WEST TEXAS/NEW MEXICO - MULO,232,232,158270603.17,0,2022-01-09,2026-06-14,0,0.0,9,0,9|0
"SUBCATEGORY_SALADS_SALADS@@WICHITA, KS - MULO",232,232,35996105.4,0,2022-01-09,2026-06-14,0,0.0,8,0,8|0
"SUBCATEGORY_SALADS_SLAWS@@ALBANY, NY - MULO",232,232,5270025.91,0,2022-01-09,2026-06-14,0,0.0,4,0,4|0
"SUBCATEGORY_SALADS_SLAWS@@ATLANTA, GA - MULO",232,232,25260325.95,0,2022-01-09,2026-06-14,0,0.0,7,0,7|0
"SUBCATEGORY_SALADS_SLAWS@@BALTIMORE, MD/WASHINGTON D.C. - MULO",232,232,26720200.44,0,2022-01-09,2026-06-14,0,0.0,7,0,7|0
"SUBCATEGORY_SALADS_SLAWS@@BIRMINGHAM/MONTGOMERY, AL - MULO",232,232,21729835.95,0,2022-01-09,2026-06-14,0,0.0,7,0,7|0
"SUBCATEGORY_SALADS_SLAWS@@BOISE, ID - MULO",232,232,2780641.06,0,2022-01-09,2026-06-14,0,0.0,3,0,3|0
"SUBCATEGORY_SALADS_SLAWS@@BOSTON, MA - MULO",232,232,10368937.56,0,2022-01-09,2026-06-14,0,0.0,6,0,6|0
"SUBCATEGORY_SALADS_SLAWS@@BUFFALO/ROCHESTER, NY - MULO",232,232,8612098.17,0,2022-01-09,2026-06-14,0,0.0,5,0,5|0
"SUBCATEGORY_SALADS_SLAWS@@CHARLOTTE, NC - MULO",232,232,16369231.27,0,2022-01-09,2026-06-14,0,0.0,7,0,7|0
"SUBCATEGORY_SALADS_SLAWS@@CHICAGO, IL - MULO",232,232,18250423.87,0,2022-01-09,2026-06-14,0,0.0,7,0,7|0
"SUBCATEGORY_SALADS_SLAWS@@CINCINNATI/DAYTON, OH - MULO",232,232,12283411.39,0,2022-01-09,2026-06-14,0,0.0,6,0,6|0
"SUBCATEGORY_SALADS_SLAWS@@CLEVELAND, OH - MULO",232,232,7071884.18,0,2022-01-09,2026-06-14,0,0.0,5,0,5|0
"SUBCATEGORY_SALADS_SLAWS@@COLUMBUS, OH - MULO",232,232,8401145.97,0,2022-01-09,2026-06-14,0,0.0,5,0,5|0
"SUBCATEGORY_SALADS_SLAWS@@DALLAS/FT. WORTH, TX - MULO",232,232,21185783.12,0,2022-01-09,2026-06-14,0,0.0,7,0,7|0
"SUBCATEGORY_SALADS_SLAWS@@DENVER, CO - MULO",232,232,17048652.21,0,2022-01-09,2026-06-14,0,0.0,7,0,7|0
"SUBCATEGORY_SALADS_SLAWS@@DES MOINES, IA - MULO",232,232,3692366.33,0,2022-01-09,2026-06-14,0,0.0,3,0,3|0
"SUBCATEGORY_SALADS_SLAWS@@DETROIT, MI - MULO",232,232,16854010.1,0,2022-01-09,2026-06-14,0,0.0,7,0,7|0
"SUBCATEGORY_SALADS_SLAWS@@GRAND RAPIDS, MI - MULO",232,232,5203823.6,0,2022-01-09,2026-06-14,0,0.0,4,0,4|0
"SUBCATEGORY_SALADS_SLAWS@@GREEN BAY, WI - MULO",232,232,2553685.68,0,2022-01-09,2026-06-14,0,0.0,3,0,3|0
"SUBCATEGORY_SALADS_SLAWS@@HARRISBURG/SCRANTON, PA - MULO",232,232,12247274.3,0,2022-01-09,2026-06-14,0,0.0,6,0,6|0
"SUBCATEGORY_SALADS_SLAWS@@HARTFORD, CT/SPRINGFIELD, MA - MULO",232,232,11432235.69,0,2022-01-09,2026-06-14,0,0.0,6,0,6|0
"SUBCATEGORY_SALADS_SLAWS@@HOUSTON, TX - MULO",232,232,11385785.54,0,2022-01-09,2026-06-14,0,0.0,6,0,6|0
"SUBCATEGORY_SALADS_SLAWS@@INDIANAPOLIS, IN - MULO",232,232,7935427.89,0,2022-01-09,2026-06-14,0,0.0,5,0,5|0
"SUBCATEGORY_SALADS_SLAWS@@JACKSONVILLE, FL - MULO",232,232,10046490.53,0,2022-01-09,2026-06-14,0,0.0,6,0,6|0
"SUBCATEGORY_SALADS_SLAWS@@KANSAS CITY, KS - MULO",232,232,9371478.78,0,2022-01-09,2026-06-14,0,0.0,5,0,5|0
"SUBCATEGORY_SALADS_SLAWS@@KNOXVILLE, TN - MULO",232,232,5643602.66,0,2022-01-09,2026-06-14,0,0.0,4,0,4|0
"SUBCATEGORY_SALADS_SLAWS@@LAS VEGAS, NV - MULO",232,232,6113062.39,0,2022-01-09,2026-06-14,0,0.0,4,0,4|0
"SUBCATEGORY_SALADS_SLAWS@@LITTLE ROCK, AR - MULO",232,232,3357554.84,0,2022-01-09,2026-06-14,0,0.0,3,0,3|0
"SUBCATEGORY_SALADS_SLAWS@@LOS ANGELES, CA - MULO",232,232,28545968.87,0,2022-01-09,2026-06-14,0,0.0,8,0,8|0
"SUBCATEGORY_SALADS_SLAWS@@LOUISVILLE, KY - MULO",232,232,5387936.09,0,2022-01-09,2026-06-14,0,0.0,4,0,4|0
"SUBCATEGORY_SALADS_SLAWS@@MEMPHIS, TN - MULO",232,232,6348501.63,0,2022-01-09,2026-06-14,0,0.0,5,0,5|0
"SUBCATEGORY_SALADS_SLAWS@@MIAMI/FT. LAUDERDALE, FL - MULO",232,232,25314719.07,0,2022-01-09,2026-06-14,0,0.0,7,0,7|0
"SUBCATEGORY_SALADS_SLAWS@@MILWAUKEE, WI - MULO",232,232,8081101.96,0,2022-01-09,2026-06-14,0,0.0,5,0,5|0
"SUBCATEGORY_SALADS_SLAWS@@MINNEAPOLIS/ST. PAUL, MN - MULO",232,232,16611558.39,0,2022-01-09,2026-06-14,0,0.0,7,0,7|0
SUBCATEGORY_SALADS_SLAWS@@MISSISSIPPI - MULO,232,232,9954807.54,0,2022-01-09,2026-06-14,0,0.0,6,0,6|0
"SUBCATEGORY_SALADS_SLAWS@@NASHVILLE, TN - MULO",232,232,10431727.3,0,2022-01-09,2026-06-14,0,0.0,6,0,6|0
SUBCATEGORY_SALADS_SLAWS@@NEW ENGLAND - MULO,232,232,16653834.75,0,2022-01-09,2026-06-14,0,0.0,7,0,7|0
"SUBCATEGORY_SALADS_SLAWS@@NEW ORLEANS, LA/MOBILE, AL - MULO",232,232,11532013.11,0,2022-01-09,2026-06-14,0,0.0,6,0,6|0
"SUBCATEGORY_SALADS_SLAWS@@NEW YORK, NY - MULO",232,232,37133081.9,0,2022-01-09,2026-06-14,0,0.0,8,0,8|0
"SUBCATEGORY_SALADS_SLAWS@@OKLAHOMA CITY, OK - MULO",232,232,3969659.75,0,2022-01-09,2026-06-14,0,0.0,4,0,4|0
"SUBCATEGORY_SALADS_SLAWS@@OMAHA, NE - MULO",232,232,5317659.38,0,2022-01-09,2026-06-14,0,0.0,4,0,4|0
"SUBCATEGORY_SALADS_SLAWS@@ORLANDO, FL - MULO",232,232,19316510.98,0,2022-01-09,2026-06-14,0,0.0,7,0,7|0
"SUBCATEGORY_SALADS_SLAWS@@PEORIA/SPRINGFIELD, IL - MULO",232,232,6185559.5,0,2022-01-09,2026-06-14,0,0.0,4,0,4|0
"SUBCATEGORY_SALADS_SLAWS@@PHILADELPHIA, PA - MULO",232,232,16699667.12,0,2022-01-09,2026-06-14,0,0.0,7,0,7|0
"SUBCATEGORY_SALADS_SLAWS@@PHOENIX/TUCSON, AZ - MULO",232,232,19150203.7,0,2022-01-09,2026-06-14,0,0.0,7,0,7|0
"SUBCATEGORY_SALADS_SLAWS@@PITTSBURGH, PA - MULO",232,232,10541773.94,0,2022-01-09,2026-06-14,0,0.0,6,0,6|0
"SUBCATEGORY_SALADS_SLAWS@@PORTLAND, OR - MULO",232,232,13039138.790000001,0,2022-01-09,2026-06-14,0,0.0,6,0,6|0
"SUBCATEGORY_SALADS_SLAWS@@PROVIDENCE, RI - MULO",232,232,2180248.7,0,2022-01-09,2026-06-14,0,0.0,2,0,2|0
"SUBCATEGORY_SALADS_SLAWS@@RALEIGH/GREENSBORO, NC - MULO",232,232,17017879.81,0,2022-01-09,2026-06-14,0,0.0,7,0,7|0
"SUBCATEGORY_SALADS_SLAWS@@RICHMOND/NORFOLK, VA - MULO",232,232,13869820.01,0,2022-01-09,2026-06-14,0,0.0,6,0,6|0
"SUBCATEGORY_SALADS_SLAWS@@ROANOKE, VA - MULO",232,232,10309924.69,0,2022-01-09,2026-06-14,0,0.0,6,0,6|0
"SUBCATEGORY_SALADS_SLAWS@@SACRAMENTO, CA - MULO",232,232,8102936.3,0,2022-01-09,2026-06-14,0,0.0,5,0,5|0
"SUBCATEGORY_SALADS_SLAWS@@SALT LAKE CITY, UT - MULO",232,232,8048078.49,0,2022-01-09,2026-06-14,0,0.0,5,0,5|0
"SUBCATEGORY_SALADS_SLAWS@@SAN DIEGO, CA - MULO",232,232,6577695.63,0,2022-01-09,2026-06-14,0,0.0,5,0,5|0
"SUBCATEGORY_SALADS_SLAWS@@SAN FRANCISCO/OAKLAND, CA - MULO",232,232,10947508.37,0,2022-01-09,2026-06-14,0,0.0,6,0,6|0
"SUBCATEGORY_SALADS_SLAWS@@SEATTLE/TACOMA, WA - MULO",232,232,13634945.71,0,2022-01-09,2026-06-14,0,0.0,6,0,6|0
SUBCATEGORY_SALADS_SLAWS@@SOUTH CAROLINA - MULO,232,232,29204809.1,0,2022-01-09,2026-06-14,0,0.0,8,0,8|0
"SUBCATEGORY_SALADS_SLAWS@@SPOKANE, WA - MULO",232,232,2879753.52,0,2022-01-09,2026-06-14,0,0.0,3,0,3|0
"SUBCATEGORY_SALADS_SLAWS@@ST. LOUIS, MO - MULO",232,232,10241240.87,0,2022-01-09,2026-06-14,0,0.0,6,0,6|0
"SUBCATEGORY_SALADS_SLAWS@@SYRACUSE, NY - MULO",232,232,4383209.42,0,2022-01-09,2026-06-14,0,0.0,4,0,4|0
"SUBCATEGORY_SALADS_SLAWS@@TAMPA/ST. PETERSBURG, FL - MULO",232,232,22941249.28,0,2022-01-09,2026-06-14,0,0.0,7,0,7|0
"SUBCATEGORY_SALADS_SLAWS@@TOLEDO, OH - MULO",232,232,7149990.67,0,2022-01-09,2026-06-14,0,0.0,5,0,5|0
"SUBCATEGORY_SALADS_SLAWS@@TULSA, OK - MULO",232,232,3556805.84,0,2022-01-09,2026-06-14,0,0.0,3,0,3|0
SUBCATEGORY_SALADS_SLAWS@@WEST TEXAS/NEW MEXICO - MULO,232,232,11513950.6,0,2022-01-09,2026-06-14,0,0.0,6,0,6|0
"SUBCATEGORY_SALADS_SLAWS@@WICHITA, KS - MULO",232,232,3489281.46,0,2022-01-09,2026-06-14,0,0.0,3,0,3|0
"SUBCATEGORY_SHELF-STABLE-RICE-&-GRAINS_SS-RICE-&-GRAINS-DRY-PLAIN@@ALBANY, NY - MULO",232,232,42500086.28,0,2022-01-09,2026-06-14,0,0.0,8,0,8|0
"SUBCATEGORY_SHELF-STABLE-RICE-&-GRAINS_SS-RICE-&-GRAINS-DRY-PLAIN@@ATLANTA, GA - MULO",232,232,234280506.82,0,2022-01-09,2026-06-14,0,0.0,9,0,9|0
"SUBCATEGORY_SHELF-STABLE-RICE-&-GRAINS_SS-RICE-&-GRAINS-DRY-PLAIN@@BALTIMORE, MD/WASHINGTON D.C. - MULO",232,232,322264924.5,0,2022-01-09,2026-06-14,0,0.0,9,0,9|0
"SUBCATEGORY_SHELF-STABLE-RICE-&-GRAINS_SS-RICE-&-GRAINS-DRY-PLAIN@@BIRMINGHAM/MONTGOMERY, AL - MULO",232,232,120997953.24,0,2022-01-09,2026-06-14,0,0.0,9,0,9|0
"SUBCATEGORY_SHELF-STABLE-RICE-&-GRAINS_SS-RICE-&-GRAINS-DRY-PLAIN@@BOISE, ID - MULO",232,232,15332846.83,0,2022-01-09,2026-06-14,0,0.0,6,0,6|0
"SUBCATEGORY_SHELF-STABLE-RICE-&-GRAINS_SS-RICE-&-GRAINS-DRY-PLAIN@@BOSTON, MA - MULO",232,232,321795658.76,0,2022-01-09,2026-06-14,0,0.0,9,0,9|0
"SUBCATEGORY_SHELF-STABLE-RICE-&-GRAINS_SS-RICE-&-GRAINS-DRY-PLAIN@@BUFFALO/ROCHESTER, NY - MULO",232,232,86202436.95,0,2022-01-09,2026-06-14,0,0.0,9,0,9|0
"SUBCATEGORY_SHELF-STABLE-RICE-&-GRAINS_SS-RICE-&-GRAINS-DRY-PLAIN@@CHARLOTTE, NC - MULO",232,232,134212345.2,0,2022-01-09,2026-06-14,0,0.0,9,0,9|0
"SUBCATEGORY_SHELF-STABLE-RICE-&-GRAINS_SS-RICE-&-GRAINS-DRY-PLAIN@@CHICAGO, IL - MULO",232,232,248384215.44,0,2022-01-09,2026-06-14,0,0.0,9,0,9|0
"SUBCATEGORY_SHELF-STABLE-RICE-&-GRAINS_SS-RICE-&-GRAINS-DRY-PLAIN@@CINCINNATI/DAYTON, OH - MULO",232,232,82020751.19,0,2022-01-09,2026-06-14,0,0.0,9,0,9|0
"SUBCATEGORY_SHELF-STABLE-RICE-&-GRAINS_SS-RICE-&-GRAINS-DRY-PLAIN@@CLEVELAND, OH - MULO",232,232,55889332.78,0,2022-01-09,2026-06-14,0,0.0,8,0,8|0
"SUBCATEGORY_SHELF-STABLE-RICE-&-GRAINS_SS-RICE-&-GRAINS-DRY-PLAIN@@COLUMBUS, OH - MULO",232,232,77391975.46,0,2022-01-09,2026-06-14,0,0.0,9,0,9|0
"SUBCATEGORY_SHELF-STABLE-RICE-&-GRAINS_SS-RICE-&-GRAINS-DRY-PLAIN@@DALLAS/FT. WORTH, TX - MULO",232,232,280142777.15,0,2022-01-09,2026-06-14,0,0.0,9,0,9|0
"SUBCATEGORY_SHELF-STABLE-RICE-&-GRAINS_SS-RICE-&-GRAINS-DRY-PLAIN@@DENVER, CO - MULO",232,232,150400982.44,0,2022-01-09,2026-06-14,0,0.0,9,0,9|0
"SUBCATEGORY_SHELF-STABLE-RICE-&-GRAINS_SS-RICE-&-GRAINS-DRY-PLAIN@@DES MOINES, IA - MULO",232,232,28982018.12,0,2022-01-09,2026-06-14,0,0.0,8,0,8|0
"SUBCATEGORY_SHELF-STABLE-RICE-&-GRAINS_SS-RICE-&-GRAINS-DRY-PLAIN@@DETROIT, MI - MULO",232,232,112540956.43,0,2022-01-09,2026-06-14,0,0.0,9,0,9|0
"SUBCATEGORY_SHELF-STABLE-RICE-&-GRAINS_SS-RICE-&-GRAINS-DRY-PLAIN@@GRAND RAPIDS, MI - MULO",232,232,51664890.14,0,2022-01-09,2026-06-14,0,0.0,8,0,8|0
"SUBCATEGORY_SHELF-STABLE-RICE-&-GRAINS_SS-RICE-&-GRAINS-DRY-PLAIN@@GREEN BAY, WI - MULO",232,232,21450718.77,0,2022-01-09,2026-06-14,0,0.0,7,0,7|0
"SUBCATEGORY_SHELF-STABLE-RICE-&-GRAINS_SS-RICE-&-GRAINS-DRY-PLAIN@@HARRISBURG/SCRANTON, PA - MULO",232,232,184550798.36,0,2022-01-09,2026-06-14,0,0.0,9,0,9|0
"SUBCATEGORY_SHELF-STABLE-RICE-&-GRAINS_SS-RICE-&-GRAINS-DRY-PLAIN@@HARTFORD, CT/SPRINGFIELD, MA - MULO",232,232,155183496.1,0,2022-01-09,2026-06-14,0,0.0,9,0,9|0
"SUBCATEGORY_SHELF-STABLE-RICE-&-GRAINS_SS-RICE-&-GRAINS-DRY-PLAIN@@HOUSTON, TX - MULO",232,232,251291432.8,0,2022-01-09,2026-06-14,0,0.0,9,0,9|0
"SUBCATEGORY_SHELF-STABLE-RICE-&-GRAINS_SS-RICE-&-GRAINS-DRY-PLAIN@@INDIANAPOLIS, IN - MULO",232,232,81814341.76,0,2022-01-09,2026-06-14,0,0.0,9,0,9|0
"SUBCATEGORY_SHELF-STABLE-RICE-&-GRAINS_SS-RICE-&-GRAINS-DRY-PLAIN@@JACKSONVILLE, FL - MULO",232,232,95841600.87,0,2022-01-09,2026-06-14,0,0.0,9,0,9|0
"SUBCATEGORY_SHELF-STABLE-RICE-&-GRAINS_SS-RICE-&-GRAINS-DRY-PLAIN@@KANSAS CITY, KS - MULO",232,232,60878704.26,0,2022-01-09,2026-06-14,0,0.0,9,0,9|0
"SUBCATEGORY_SHELF-STABLE-RICE-&-GRAINS_SS-RICE-&-GRAINS-DRY-PLAIN@@KNOXVILLE, TN - MULO",232,232,30973231.78,0,2022-01-09,2026-06-14,0,0.0,8,0,8|0
"SUBCATEGORY_SHELF-STABLE-RICE-&-GRAINS_SS-RICE-&-GRAINS-DRY-PLAIN@@LAS VEGAS, NV - MULO",232,232,84020359.82,0,2022-01-09,2026-06-14,0,0.0,9,0,9|0
"SUBCATEGORY_SHELF-STABLE-RICE-&-GRAINS_SS-RICE-&-GRAINS-DRY-PLAIN@@LITTLE ROCK, AR - MULO",232,232,20532727.05,0,2022-01-09,2026-06-14,0,0.0,7,0,7|0
"SUBCATEGORY_SHELF-STABLE-RICE-&-GRAINS_SS-RICE-&-GRAINS-DRY-PLAIN@@LOS ANGELES, CA - MULO",232,232,499161052.7,0,2022-01-09,2026-06-14,0,0.0,9,0,9|0
"SUBCATEGORY_SHELF-STABLE-RICE-&-GRAINS_SS-RICE-&-GRAINS-DRY-PLAIN@@LOUISVILLE, KY - MULO",232,232,50657605.1,0,2022-01-09,2026-06-14,0,0.0,8,0,8|0
"SUBCATEGORY_SHELF-STABLE-RICE-&-GRAINS_SS-RICE-&-GRAINS-DRY-PLAIN@@MEMPHIS, TN - MULO",232,232,33301770.73,0,2022-01-09,2026-06-14,0,0.0,8,0,8|0
"SUBCATEGORY_SHELF-STABLE-RICE-&-GRAINS_SS-RICE-&-GRAINS-DRY-PLAIN@@MIAMI/FT. LAUDERDALE, FL - MULO",232,232,543587747.7,0,2022-01-09,2026-06-14,0,0.0,9,0,9|0
"SUBCATEGORY_SHELF-STABLE-RICE-&-GRAINS_SS-RICE-&-GRAINS-DRY-PLAIN@@MILWAUKEE, WI - MULO",232,232,74423296.35,0,2022-01-09,2026-06-14,0,0.0,9,0,9|0
"SUBCATEGORY_SHELF-STABLE-RICE-&-GRAINS_SS-RICE-&-GRAINS-DRY-PLAIN@@MINNEAPOLIS/ST. PAUL, MN - MULO",232,232,116154166.3,0,2022-01-09,2026-06-14,0,0.0,9,0,9|0
SUBCATEGORY_SHELF-STABLE-RICE-&-GRAINS_SS-RICE-&-GRAINS-DRY-PLAIN@@MISSISSIPPI - MULO,232,232,59816570.44,0,2022-01-09,2026-06-14,0,0.0,9,0,9|0
"SUBCATEGORY_SHELF-STABLE-RICE-&-GRAINS_SS-RICE-&-GRAINS-DRY-PLAIN@@NASHVILLE, TN - MULO",232,232,79370569.97,0,2022-01-09,2026-06-14,0,0.0,9,0,9|0
SUBCATEGORY_SHELF-STABLE-RICE-&-GRAINS_SS-RICE-&-GRAINS-DRY-PLAIN@@NEW ENGLAND - MULO,232,232,137232050.84,0,2022-01-09,2026-06-14,0,0.0,9,0,9|0
"SUBCATEGORY_SHELF-STABLE-RICE-&-GRAINS_SS-RICE-&-GRAINS-DRY-PLAIN@@NEW ORLEANS, LA/MOBILE, AL - MULO",232,232,135811910.1,0,2022-01-09,2026-06-14,0,0.0,9,0,9|0
"SUBCATEGORY_SHELF-STABLE-RICE-&-GRAINS_SS-RICE-&-GRAINS-DRY-PLAIN@@NEW YORK, NY - MULO",232,232,1025906523.4,0,2022-01-09,2026-06-14,0,0.0,9,0,9|0
"SUBCATEGORY_SHELF-STABLE-RICE-&-GRAINS_SS-RICE-&-GRAINS-DRY-PLAIN@@OKLAHOMA CITY, OK - MULO",232,232,39592150.72,0,2022-01-09,2026-06-14,0,0.0,8,0,8|0
"SUBCATEGORY_SHELF-STABLE-RICE-&-GRAINS_SS-RICE-&-GRAINS-DRY-PLAIN@@OMAHA, NE - MULO",232,232,42782671.16,0,2022-01-09,2026-06-14,0,0.0,8,0,8|0
"SUBCATEGORY_SHELF-STABLE-RICE-&-GRAINS_SS-RICE-&-GRAINS-DRY-PLAIN@@ORLANDO, FL - MULO",232,232,253343621.51,0,2022-01-09,2026-06-14,0,0.0,9,0,9|0
"SUBCATEGORY_SHELF-STABLE-RICE-&-GRAINS_SS-RICE-&-GRAINS-DRY-PLAIN@@PEORIA/SPRINGFIELD, IL - MULO",232,232,38621529.31,0,2022-01-09,2026-06-14,0,0.0,8,0,8|0
"SUBCATEGORY_SHELF-STABLE-RICE-&-GRAINS_SS-RICE-&-GRAINS-DRY-PLAIN@@PHILADELPHIA, PA - MULO",232,232,240046771.59,0,2022-01-09,2026-06-14,0,0.0,9,0,9|0
"SUBCATEGORY_SHELF-STABLE-RICE-&-GRAINS_SS-RICE-&-GRAINS-DRY-PLAIN@@PHOENIX/TUCSON, AZ - MULO",232,232,159904358.9,0,2022-01-09,2026-06-14,0,0.0,9,0,9|0
"SUBCATEGORY_SHELF-STABLE-RICE-&-GRAINS_SS-RICE-&-GRAINS-DRY-PLAIN@@PITTSBURGH, PA - MULO",232,232,62791860.97,0,2022-01-09,2026-06-14,0,0.0,9,0,9|0
"SUBCATEGORY_SHELF-STABLE-RICE-&-GRAINS_SS-RICE-&-GRAINS-DRY-PLAIN@@PORTLAND, OR - MULO",232,232,80645087.69,0,2022-01-09,2026-06-14,0,0.0,9,0,9|0
"SUBCATEGORY_SHELF-STABLE-RICE-&-GRAINS_SS-RICE-&-GRAINS-DRY-PLAIN@@PROVIDENCE, RI - MULO",232,232,38914352.5,0,2022-01-09,2026-06-14,0,0.0,8,0,8|0
"SUBCATEGORY_SHELF-STABLE-RICE-&-GRAINS_SS-RICE-&-GRAINS-DRY-PLAIN@@RALEIGH/GREENSBORO, NC - MULO",232,232,156655517.37,0,2022-01-09,2026-06-14,0,0.0,9,0,9|0
"SUBCATEGORY_SHELF-STABLE-RICE-&-GRAINS_SS-RICE-&-GRAINS-DRY-PLAIN@@RICHMOND/NORFOLK, VA - MULO",232,232,112466415.43,0,2022-01-09,2026-06-14,0,0.0,9,0,9|0
"SUBCATEGORY_SHELF-STABLE-RICE-&-GRAINS_SS-RICE-&-GRAINS-DRY-PLAIN@@ROANOKE, VA - MULO",232,232,53046549.22,0,2022-01-09,2026-06-14,0,0.0,8,0,8|0
"SUBCATEGORY_SHELF-STABLE-RICE-&-GRAINS_SS-RICE-&-GRAINS-DRY-PLAIN@@SACRAMENTO, CA - MULO",232,232,78786942.32,0,2022-01-09,2026-06-14,0,0.0,9,0,9|0
"SUBCATEGORY_SHELF-STABLE-RICE-&-GRAINS_SS-RICE-&-GRAINS-DRY-PLAIN@@SALT LAKE CITY, UT - MULO",232,232,68606146.36,0,2022-01-09,2026-06-14,0,0.0,9,0,9|0
"SUBCATEGORY_SHELF-STABLE-RICE-&-GRAINS_SS-RICE-&-GRAINS-DRY-PLAIN@@SAN DIEGO, CA - MULO",232,232,93492286.36,0,2022-01-09,2026-06-14,0,0.0,9,0,9|0
"SUBCATEGORY_SHELF-STABLE-RICE-&-GRAINS_SS-RICE-&-GRAINS-DRY-PLAIN@@SAN FRANCISCO/OAKLAND, CA - MULO",232,232,149394615.47,0,2022-01-09,2026-06-14,0,0.0,9,0,9|0
"SUBCATEGORY_SHELF-STABLE-RICE-&-GRAINS_SS-RICE-&-GRAINS-DRY-PLAIN@@SEATTLE/TACOMA, WA - MULO",232,232,104405372.2,0,2022-01-09,2026-06-14,0,0.0,9,0,9|0
SUBCATEGORY_SHELF-STABLE-RICE-&-GRAINS_SS-RICE-&-GRAINS-DRY-PLAIN@@SOUTH CAROLINA - MULO,232,232,264729764.5,0,2022-01-09,2026-06-14,0,0.0,9,0,9|0
"SUBCATEGORY_SHELF-STABLE-RICE-&-GRAINS_SS-RICE-&-GRAINS-DRY-PLAIN@@SPOKANE, WA - MULO",232,232,15982636.61,0,2022-01-09,2026-06-14,0,0.0,7,0,7|0
"SUBCATEGORY_SHELF-STABLE-RICE-&-GRAINS_SS-RICE-&-GRAINS-DRY-PLAIN@@ST. LOUIS, MO - MULO",232,232,61013474.61,0,2022-01-09,2026-06-14,0,0.0,9,0,9|0
"SUBCATEGORY_SHELF-STABLE-RICE-&-GRAINS_SS-RICE-&-GRAINS-DRY-PLAIN@@SYRACUSE, NY - MULO",232,232,37841819.15,0,2022-01-09,2026-06-14,0,0.0,8,0,8|0
"SUBCATEGORY_SHELF-STABLE-RICE-&-GRAINS_SS-RICE-&-GRAINS-DRY-PLAIN@@TAMPA/ST. PETERSBURG, FL - MULO",232,232,214928457.66,0,2022-01-09,2026-06-14,0,0.0,9,0,9|0
"SUBCATEGORY_SHELF-STABLE-RICE-&-GRAINS_SS-RICE-&-GRAINS-DRY-PLAIN@@TOLEDO, OH - MULO",232,232,36299078.2,0,2022-01-09,2026-06-14,0,0.0,8,0,8|0
"SUBCATEGORY_SHELF-STABLE-RICE-&-GRAINS_SS-RICE-&-GRAINS-DRY-PLAIN@@TULSA, OK - MULO",232,232,29641887.56,0,2022-01-09,2026-06-14,0,0.0,8,0,8|0
SUBCATEGORY_SHELF-STABLE-RICE-&-GRAINS_SS-RICE-&-GRAINS-DRY-PLAIN@@WEST TEXAS/NEW MEXICO - MULO,232,232,134671394.21,0,2022-01-09,2026-06-14,0,0.0,9,0,9|0
"SUBCATEGORY_SHELF-STABLE-RICE-&-GRAINS_SS-RICE-&-GRAINS-DRY-PLAIN@@WICHITA, KS - MULO",232,232,22838816.41,0,2022-01-09,2026-06-14,0,0.0,7,0,7|0
"SUBCATEGORY_SHELF-STABLE-RICE-&-GRAINS_SS-RICE-&-GRAINS-MIXES-&-CONVENIENCE@@ALBANY, NY - MULO",232,232,35221976.38,0,2022-01-09,2026-06-14,0,0.0,8,0,8|0
"SUBCATEGORY_SHELF-STABLE-RICE-&-GRAINS_SS-RICE-&-GRAINS-MIXES-&-CONVENIENCE@@ATLANTA, GA - MULO",232,232,144936398.59,0,2022-01-09,2026-06-14,0,0.0,9,0,9|0
"SUBCATEGORY_SHELF-STABLE-RICE-&-GRAINS_SS-RICE-&-GRAINS-MIXES-&-CONVENIENCE@@BALTIMORE, MD/WASHINGTON D.C. - MULO",232,232,218694817.62,0,2022-01-09,2026-06-14,0,0.0,9,0,9|0
"SUBCATEGORY_SHELF-STABLE-RICE-&-GRAINS_SS-RICE-&-GRAINS-MIXES-&-CONVENIENCE@@BIRMINGHAM/MONTGOMERY, AL - MULO",232,232,103920768.94,0,2022-01-09,2026-06-14,0,0.0,9,0,9|0
"SUBCATEGORY_SHELF-STABLE-RICE-&-GRAINS_SS-RICE-&-GRAINS-MIXES-&-CONVENIENCE@@BOISE, ID - MULO",232,232,14467866.8,0,2022-01-09,2026-06-14,0,0.0,6,0,6|0
"SUBCATEGORY_SHELF-STABLE-RICE-&-GRAINS_SS-RICE-&-GRAINS-MIXES-&-CONVENIENCE@@BOSTON, MA - MULO",232,232,174325150.26,0,2022-01-09,2026-06-14,0,0.0,9,0,9|0
"SUBCATEGORY_SHELF-STABLE-RICE-&-GRAINS_SS-RICE-&-GRAINS-MIXES-&-CONVENIENCE@@BUFFALO/ROCHESTER, NY - MULO",232,232,66313247.51,0,2022-01-09,2026-06-14,0,0.0,9,0,9|0
"SUBCATEGORY_SHELF-STABLE-RICE-&-GRAINS_SS-RICE-&-GRAINS-MIXES-&-CONVENIENCE@@CHARLOTTE, NC - MULO",232,232,88803965.36,0,2022-01-09,2026-06-14,0,0.0,9,0,9|0
"SUBCATEGORY_SHELF-STABLE-RICE-&-GRAINS_SS-RICE-&-GRAINS-MIXES-&-CONVENIENCE@@CHICAGO, IL - MULO",232,232,178232733.53,0,2022-01-09,2026-06-14,0,0.0,9,0,9|0
"SUBCATEGORY_SHELF-STABLE-RICE-&-GRAINS_SS-RICE-&-GRAINS-MIXES-&-CONVENIENCE@@CINCINNATI/DAYTON, OH - MULO",232,232,77006106.12,0,2022-01-09,2026-06-14,0,0.0,9,0,9|0
"SUBCATEGORY_SHELF-STABLE-RICE-&-GRAINS_SS-RICE-&-GRAINS-MIXES-&-CONVENIENCE@@CLEVELAND, OH - MULO",232,232,50443426.13,0,2022-01-09,2026-06-14,0,0.0,8,0,8|0
"SUBCATEGORY_SHELF-STABLE-RICE-&-GRAINS_SS-RICE-&-GRAINS-MIXES-&-CONVENIENCE@@COLUMBUS, OH - MULO",232,232,52291214.65,0,2022-01-09,2026-06-14,0,0.0,8,0,8|0
"SUBCATEGORY_SHELF-STABLE-RICE-&-GRAINS_SS-RICE-&-GRAINS-MIXES-&-CONVENIENCE@@DALLAS/FT. WORTH, TX - MULO",232,232,155472904.79,0,2022-01-09,2026-06-14,0,0.0,9,0,9|0
"SUBCATEGORY_SHELF-STABLE-RICE-&-GRAINS_SS-RICE-&-GRAINS-MIXES-&-CONVENIENCE@@DENVER, CO - MULO",232,232,100013063.7,0,2022-01-09,2026-06-14,0,0.0,9,0,9|0
"SUBCATEGORY_SHELF-STABLE-RICE-&-GRAINS_SS-RICE-&-GRAINS-MIXES-&-CONVENIENCE@@DES MOINES, IA - MULO",232,232,20858550.16,0,2022-01-09,2026-06-14,0,0.0,7,0,7|0
"SUBCATEGORY_SHELF-STABLE-RICE-&-GRAINS_SS-RICE-&-GRAINS-MIXES-&-CONVENIENCE@@DETROIT, MI - MULO",232,232,113657723.28,0,2022-01-09,2026-06-14,0,0.0,9,0,9|0
"SUBCATEGORY_SHELF-STABLE-RICE-&-GRAINS_SS-RICE-&-GRAINS-MIXES-&-CONVENIENCE@@GRAND RAPIDS, MI - MULO",232,232,44214107.24,0,2022-01-09,2026-06-14,0,0.0,8,0,8|0
"SUBCATEGORY_SHELF-STABLE-RICE-&-GRAINS_SS-RICE-&-GRAINS-MIXES-&-CONVENIENCE@@GREEN BAY, WI - MULO",232,232,16319365.74,0,2022-01-09,2026-06-14,0,0.0,7,0,7|0
"SUBCATEGORY_SHELF-STABLE-RICE-&-GRAINS_SS-RICE-&-GRAINS-MIXES-&-CONVENIENCE@@HARRISBURG/SCRANTON, PA - MULO",232,232,109963680.83,0,2022-01-09,2026-06-14,0,0.0,9,0,9|0
"SUBCATEGORY_SHELF-STABLE-RICE-&-GRAINS_SS-RICE-&-GRAINS-MIXES-&-CONVENIENCE@@HARTFORD, CT/SPRINGFIELD, MA - MULO",232,232,89103840.62,0,2022-01-09,2026-06-14,0,0.0,9,0,9|0
"SUBCATEGORY_SHELF-STABLE-RICE-&-GRAINS_SS-RICE-&-GRAINS-MIXES-&-CONVENIENCE@@HOUSTON, TX - MULO",232,232,130019694.78,0,2022-01-09,2026-06-14,0,0.0,9,0,9|0
"SUBCATEGORY_SHELF-STABLE-RICE-&-GRAINS_SS-RICE-&-GRAINS-MIXES-&-CONVENIENCE@@INDIANAPOLIS, IN - MULO",232,232,57221174.3,0,2022-01-09,2026-06-14,0,0.0,9,0,9|0
"SUBCATEGORY_SHELF-STABLE-RICE-&-GRAINS_SS-RICE-&-GRAINS-MIXES-&-CONVENIENCE@@JACKSONVILLE, FL - MULO",232,232,60918394.0,0,2022-01-09,2026-06-14,0,0.0,9,0,9|0
"SUBCATEGORY_SHELF-STABLE-RICE-&-GRAINS_SS-RICE-&-GRAINS-MIXES-&-CONVENIENCE@@KANSAS CITY, KS - MULO",232,232,51932842.089999996,0,2022-01-09,2026-06-14,0,0.0,8,0,8|0
"SUBCATEGORY_SHELF-STABLE-RICE-&-GRAINS_SS-RICE-&-GRAINS-MIXES-&-CONVENIENCE@@KNOXVILLE, TN - MULO",232,232,31075247.53,0,2022-01-09,2026-06-14,0,0.0,8,0,8|0
"SUBCATEGORY_SHELF-STABLE-RICE-&-GRAINS_SS-RICE-&-GRAINS-MIXES-&-CONVENIENCE@@LAS VEGAS, NV - MULO",232,232,42016725.9,0,2022-01-09,2026-06-14,0,0.0,8,0,8|0
"SUBCATEGORY_SHELF-STABLE-RICE-&-GRAINS_SS-RICE-&-GRAINS-MIXES-&-CONVENIENCE@@LITTLE ROCK, AR - MULO",232,232,17970250.94,0,2022-01-09,2026-06-14,0,0.0,7,0,7|0
"SUBCATEGORY_SHELF-STABLE-RICE-&-GRAINS_SS-RICE-&-GRAINS-MIXES-&-CONVENIENCE@@LOS ANGELES, CA - MULO",232,232,227785065.17,0,2022-01-09,2026-06-14,0,0.0,9,0,9|0
"SUBCATEGORY_SHELF-STABLE-RICE-&-GRAINS_SS-RICE-&-GRAINS-MIXES-&-CONVENIENCE@@LOUISVILLE, KY - MULO",232,232,33710301.73,0,2022-01-09,2026-06-14,0,0.0,8,0,8|0
"SUBCATEGORY_SHELF-STABLE-RICE-&-GRAINS_SS-RICE-&-GRAINS-MIXES-&-CONVENIENCE@@MEMPHIS, TN - MULO",232,232,25326815.26,0,2022-01-09,2026-06-14,0,0.0,7,0,7|0
"SUBCATEGORY_SHELF-STABLE-RICE-&-GRAINS_SS-RICE-&-GRAINS-MIXES-&-CONVENIENCE@@MIAMI/FT. LAUDERDALE, FL - MULO",232,232,130910653.9,0,2022-01-09,2026-06-14,0,0.0,9,0,9|0
"SUBCATEGORY_SHELF-STABLE-RICE-&-GRAINS_SS-RICE-&-GRAINS-MIXES-&-CONVENIENCE@@MILWAUKEE, WI - MULO",232,232,59447861.04,0,2022-01-09,2026-06-14,0,0.0,9,0,9|0
"SUBCATEGORY_SHELF-STABLE-RICE-&-GRAINS_SS-RICE-&-GRAINS-MIXES-&-CONVENIENCE@@MINNEAPOLIS/ST. PAUL, MN - MULO",232,232,74380934.83,0,2022-01-09,2026-06-14,0,0.0,9,0,9|0
SUBCATEGORY_SHELF-STABLE-RICE-&-GRAINS_SS-RICE-&-GRAINS-MIXES-&-CONVENIENCE@@MISSISSIPPI - MULO,232,232,56640626.08,0,2022-01-09,2026-06-14,0,0.0,9,0,9|0
"SUBCATEGORY_SHELF-STABLE-RICE-&-GRAINS_SS-RICE-&-GRAINS-MIXES-&-CONVENIENCE@@NASHVILLE, TN - MULO",232,232,56700152.9,0,2022-01-09,2026-06-14,0,0.0,9,0,9|0
SUBCATEGORY_SHELF-STABLE-RICE-&-GRAINS_SS-RICE-&-GRAINS-MIXES-&-CONVENIENCE@@NEW ENGLAND - MULO,232,232,135200026.46,0,2022-01-09,2026-06-14,0,0.0,9,0,9|0
"SUBCATEGORY_SHELF-STABLE-RICE-&-GRAINS_SS-RICE-&-GRAINS-MIXES-&-CONVENIENCE@@NEW ORLEANS, LA/MOBILE, AL - MULO",232,232,96344971.27,0,2022-01-09,2026-06-14,0,0.0,9,0,9|0
"SUBCATEGORY_SHELF-STABLE-RICE-&-GRAINS_SS-RICE-&-GRAINS-MIXES-&-CONVENIENCE@@NEW YORK, NY - MULO",232,232,383395055.7,0,2022-01-09,2026-06-14,0,0.0,9,0,9|0
"SUBCATEGORY_SHELF-STABLE-RICE-&-GRAINS_SS-RICE-&-GRAINS-MIXES-&-CONVENIENCE@@OKLAHOMA CITY, OK - MULO",232,232,30704633.0,0,2022-01-09,2026-06-14,0,0.0,8,0,8|0
"SUBCATEGORY_SHELF-STABLE-RICE-&-GRAINS_SS-RICE-&-GRAINS-MIXES-&-CONVENIENCE@@OMAHA, NE - MULO",232,232,29866809.36,0,2022-01-09,2026-06-14,0,0.0,8,0,8|0
"SUBCATEGORY_SHELF-STABLE-RICE-&-GRAINS_SS-RICE-&-GRAINS-MIXES-&-CONVENIENCE@@ORLANDO, FL - MULO",232,232,110011144.35,0,2022-01-09,2026-06-14,0,0.0,9,0,9|0
"SUBCATEGORY_SHELF-STABLE-RICE-&-GRAINS_SS-RICE-&-GRAINS-MIXES-&-CONVENIENCE@@PEORIA/SPRINGFIELD, IL - MULO",232,232,41351463.09,0,2022-01-09,2026-06-14,0,0.0,8,0,8|0
"SUBCATEGORY_SHELF-STABLE-RICE-&-GRAINS_SS-RICE-&-GRAINS-MIXES-&-CONVENIENCE@@PHILADELPHIA, PA - MULO",232,232,180965477.16,0,2022-01-09,2026-06-14,0,0.0,9,0,9|0
"SUBCATEGORY_SHELF-STABLE-RICE-&-GRAINS_SS-RICE-&-GRAINS-MIXES-&-CONVENIENCE@@PHOENIX/TUCSON, AZ - MULO",232,232,111618725.34,0,2022-01-09,2026-06-14,0,0.0,9,0,9|0
"SUBCATEGORY_SHELF-STABLE-RICE-&-GRAINS_SS-RICE-&-GRAINS-MIXES-&-CONVENIENCE@@PITTSBURGH, PA - MULO",232,232,66660449.25,0,2022-01-09,2026-06-14,0,0.0,9,0,9|0
"SUBCATEGORY_SHELF-STABLE-RICE-&-GRAINS_SS-RICE-&-GRAINS-MIXES-&-CONVENIENCE@@PORTLAND, OR - MULO",232,232,63750503.74,0,2022-01-09,2026-06-14,0,0.0,9,0,9|0
"SUBCATEGORY_SHELF-STABLE-RICE-&-GRAINS_SS-RICE-&-GRAINS-MIXES-&-CONVENIENCE@@PROVIDENCE, RI - MULO",232,232,26130597.28,0,2022-01-09,2026-06-14,0,0.0,7,0,7|0
"SUBCATEGORY_SHELF-STABLE-RICE-&-GRAINS_SS-RICE-&-GRAINS-MIXES-&-CONVENIENCE@@RALEIGH/GREENSBORO, NC - MULO",232,232,104076576.22,0,2022-01-09,2026-06-14,0,0.0,9,0,9|0
"SUBCATEGORY_SHELF-STABLE-RICE-&-GRAINS_SS-RICE-&-GRAINS-MIXES-&-CONVENIENCE@@RICHMOND/NORFOLK, VA - MULO",232,232,95555786.13,0,2022-01-09,2026-06-14,0,0.0,9,0,9|0
"SUBCATEGORY_SHELF-STABLE-RICE-&-GRAINS_SS-RICE-&-GRAINS-MIXES-&-CONVENIENCE@@ROANOKE, VA - MULO",232,232,59501531.26,0,2022-01-09,2026-06-14,0,0.0,9,0,9|0
"SUBCATEGORY_SHELF-STABLE-RICE-&-GRAINS_SS-RICE-&-GRAINS-MIXES-&-CONVENIENCE@@SACRAMENTO, CA - MULO",232,232,48742043.33,0,2022-01-09,2026-06-14,0,0.0,8,0,8|0
"SUBCATEGORY_SHELF-STABLE-RICE-&-GRAINS_SS-RICE-&-GRAINS-MIXES-&-CONVENIENCE@@SALT LAKE CITY, UT - MULO",232,232,38462525.68,0,2022-01-09,2026-06-14,0,0.0,8,0,8|0
"SUBCATEGORY_SHELF-STABLE-RICE-&-GRAINS_SS-RICE-&-GRAINS-MIXES-&-CONVENIENCE@@SAN DIEGO, CA - MULO",232,232,56464098.26,0,2022-01-09,2026-06-14,0,0.0,8,0,8|0
"SUBCATEGORY_SHELF-STABLE-RICE-&-GRAINS_SS-RICE-&-GRAINS-MIXES-&-CONVENIENCE@@SAN FRANCISCO/OAKLAND, CA - MULO",232,232,72056781.72,0,2022-01-09,2026-06-14,0,0.0,9,0,9|0
"SUBCATEGORY_SHELF-STABLE-RICE-&-GRAINS_SS-RICE-&-GRAINS-MIXES-&-CONVENIENCE@@SEATTLE/TACOMA, WA - MULO",232,232,67487997.69,0,2022-01-09,2026-06-14,0,0.0,9,0,9|0
SUBCATEGORY_SHELF-STABLE-RICE-&-GRAINS_SS-RICE-&-GRAINS-MIXES-&-CONVENIENCE@@SOUTH CAROLINA - MULO,232,232,177982000.85,0,2022-01-09,2026-06-14,0,0.0,9,0,9|0
"SUBCATEGORY_SHELF-STABLE-RICE-&-GRAINS_SS-RICE-&-GRAINS-MIXES-&-CONVENIENCE@@SPOKANE, WA - MULO",232,232,15042432.9,0,2022-01-09,2026-06-14,0,0.0,6,0,6|0
"SUBCATEGORY_SHELF-STABLE-RICE-&-GRAINS_SS-RICE-&-GRAINS-MIXES-&-CONVENIENCE@@ST. LOUIS, MO - MULO",232,232,68142668.45,0,2022-01-09,2026-06-14,0,0.0,9,0,9|0
"SUBCATEGORY_SHELF-STABLE-RICE-&-GRAINS_SS-RICE-&-GRAINS-MIXES-&-CONVENIENCE@@SYRACUSE, NY - MULO",232,232,31617970.22,0,2022-01-09,2026-06-14,0,0.0,8,0,8|0
"SUBCATEGORY_SHELF-STABLE-RICE-&-GRAINS_SS-RICE-&-GRAINS-MIXES-&-CONVENIENCE@@TAMPA/ST. PETERSBURG, FL - MULO",232,232,128206838.58,0,2022-01-09,2026-06-14,0,0.0,9,0,9|0
"SUBCATEGORY_SHELF-STABLE-RICE-&-GRAINS_SS-RICE-&-GRAINS-MIXES-&-CONVENIENCE@@TOLEDO, OH - MULO",232,232,42775836.31,0,2022-01-09,2026-06-14,0,0.0,8,0,8|0
"SUBCATEGORY_SHELF-STABLE-RICE-&-GRAINS_SS-RICE-&-GRAINS-MIXES-&-CONVENIENCE@@TULSA, OK - MULO",232,232,24562336.87,0,2022-01-09,2026-06-14,0,0.0,7,0,7|0
SUBCATEGORY_SHELF-STABLE-RICE-&-GRAINS_SS-RICE-&-GRAINS-MIXES-&-CONVENIENCE@@WEST TEXAS/NEW MEXICO - MULO,232,232,71751765.81,0,2022-01-09,2026-06-14,0,0.0,9,0,9|0
"SUBCATEGORY_SHELF-STABLE-RICE-&-GRAINS_SS-RICE-&-GRAINS-MIXES-&-CONVENIENCE@@WICHITA, KS - MULO",232,232,18336780.34,0,2022-01-09,2026-06-14,0,0.0,7,0,7|0
"SUBCATEGORY_SPECIALTY-FRUIT_COCONUTS@@ALBANY, NY - MULO",206,230,198110.91,22,2022-01-23,2026-06-14,24,0.10679611650485436,0,1,0|1
"SUBCATEGORY_SPECIALTY-FRUIT_COCONUTS@@ATLANTA, GA - MULO",232,232,1535710.42,0,2022-01-09,2026-06-14,0,0.0,2,0,2|0
"SUBCATEGORY_SPECIALTY-FRUIT_COCONUTS@@BALTIMORE, MD/WASHINGTON D.C. - MULO",232,232,3188920.07,0,2022-01-09,2026-06-14,0,0.0,3,0,3|0
"SUBCATEGORY_SPECIALTY-FRUIT_COCONUTS@@BIRMINGHAM/MONTGOMERY, AL - MULO",224,232,1094427.51,1,2022-01-09,2026-06-14,8,0.004464285714285714,1,0,1|0
"SUBCATEGORY_SPECIALTY-FRUIT_COCONUTS@@BOISE, ID - MULO",200,228,52660.01,4,2022-02-06,2026-06-14,28,0.02,0,0,0|0
"SUBCATEGORY_SPECIALTY-FRUIT_COCONUTS@@BOSTON, MA - MULO",232,232,1436924.44,0,2022-01-09,2026-06-14,0,0.0,2,0,2|0
"SUBCATEGORY_SPECIALTY-FRUIT_COCONUTS@@BUFFALO/ROCHESTER, NY - MULO",232,232,926648.35,0,2022-01-09,2026-06-14,0,0.0,1,0,1|0
"SUBCATEGORY_SPECIALTY-FRUIT_COCONUTS@@CHARLOTTE, NC - MULO",232,232,999739.86,0,2022-01-09,2026-06-14,0,0.0,1,0,1|0
"SUBCATEGORY_SPECIALTY-FRUIT_COCONUTS@@CHICAGO, IL - MULO",232,232,2095866.68,0,2022-01-09,2026-06-14,0,0.0,2,0,2|0
"SUBCATEGORY_SPECIALTY-FRUIT_COCONUTS@@CINCINNATI/DAYTON, OH - MULO",219,232,629430.69,0,2022-01-09,2026-06-14,13,0.0,1,0,1|0
"SUBCATEGORY_SPECIALTY-FRUIT_COCONUTS@@CLEVELAND, OH - MULO",230,230,589535.63,3,2022-01-23,2026-06-14,0,0.013043478260869565,1,0,1|0
"SUBCATEGORY_SPECIALTY-FRUIT_COCONUTS@@COLUMBUS, OH - MULO",232,232,612737.66,0,2022-01-09,2026-06-14,0,0.0,1,0,1|0
"SUBCATEGORY_SPECIALTY-FRUIT_COCONUTS@@DALLAS/FT. WORTH, TX - MULO",232,232,2594251.73,0,2022-01-09,2026-06-14,0,0.0,3,0,3|0
"SUBCATEGORY_SPECIALTY-FRUIT_COCONUTS@@DENVER, CO - MULO",232,232,1498087.36,0,2022-01-09,2026-06-14,0,0.0,2,0,2|0
"SUBCATEGORY_SPECIALTY-FRUIT_COCONUTS@@DES MOINES, IA - MULO",232,232,297801.88,0,2022-01-09,2026-06-14,0,0.0,0,0,0|0
"SUBCATEGORY_SPECIALTY-FRUIT_COCONUTS@@DETROIT, MI - MULO",211,230,1106517.17,1,2022-01-23,2026-06-14,19,0.004739336492890996,1,0,1|0
"SUBCATEGORY_SPECIALTY-FRUIT_COCONUTS@@GRAND RAPIDS, MI - MULO",228,232,524325.8,2,2022-01-09,2026-06-14,4,0.008771929824561403,1,0,1|0
"SUBCATEGORY_SPECIALTY-FRUIT_COCONUTS@@GREEN BAY, WI - MULO",192,227,204255.44,9,2022-02-13,2026-06-14,35,0.046875,0,0,0|0
"SUBCATEGORY_SPECIALTY-FRUIT_COCONUTS@@HARRISBURG/SCRANTON, PA - MULO",232,232,1617354.07,0,2022-01-09,2026-06-14,0,0.0,2,0,2|0
"SUBCATEGORY_SPECIALTY-FRUIT_COCONUTS@@HARTFORD, CT/SPRINGFIELD, MA - MULO",232,232,905482.52,0,2022-01-09,2026-06-14,0,0.0,1,0,1|0
"SUBCATEGORY_SPECIALTY-FRUIT_COCONUTS@@HOUSTON, TX - MULO",232,232,2005391.97,0,2022-01-09,2026-06-14,0,0.0,2,0,2|0
"SUBCATEGORY_SPECIALTY-FRUIT_COCONUTS@@INDIANAPOLIS, IN - MULO",231,232,572357.89,0,2022-01-09,2026-06-14,1,0.0,1,0,1|0
"SUBCATEGORY_SPECIALTY-FRUIT_COCONUTS@@JACKSONVILLE, FL - MULO",232,232,469513.04,3,2022-01-09,2026-06-14,0,0.01293103448275862,1,0,1|0
"SUBCATEGORY_SPECIALTY-FRUIT_COCONUTS@@KANSAS CITY, KS - MULO",232,232,684666.43,0,2022-01-09,2026-06-14,0,0.0,1,0,1|0
"SUBCATEGORY_SPECIALTY-FRUIT_COCONUTS@@KNOXVILLE, TN - MULO",220,232,358176.61,0,2022-01-09,2026-06-14,12,0.0,0,0,0|0
"SUBCATEGORY_SPECIALTY-FRUIT_COCONUTS@@LAS VEGAS, NV - MULO",232,232,899206.26,0,2022-01-09,2026-06-14,0,0.0,1,0,1|0
"SUBCATEGORY_SPECIALTY-FRUIT_COCONUTS@@LITTLE ROCK, AR - MULO",221,223,280745.12,0,2022-03-13,2026-06-14,2,0.0,0,0,0|0
"SUBCATEGORY_SPECIALTY-FRUIT_COCONUTS@@LOS ANGELES, CA - MULO",232,232,6431937.5,0,2022-01-09,2026-06-14,0,0.0,5,0,5|0
"SUBCATEGORY_SPECIALTY-FRUIT_COCONUTS@@LOUISVILLE, KY - MULO",221,232,478763.35,0,2022-01-09,2026-06-14,11,0.0,1,0,1|0
"SUBCATEGORY_SPECIALTY-FRUIT_COCONUTS@@MEMPHIS, TN - MULO",232,232,448069.32,6,2022-01-09,2026-06-14,0,0.02586206896551724,1,0,1|0
"SUBCATEGORY_SPECIALTY-FRUIT_COCONUTS@@MIAMI/FT. LAUDERDALE, FL - MULO",229,229,1062318.09,9,2022-01-30,2026-06-14,0,0.039301310043668124,1,0,1|0
"SUBCATEGORY_SPECIALTY-FRUIT_COCONUTS@@MILWAUKEE, WI - MULO",225,232,471567.54,1,2022-01-09,2026-06-14,7,0.0044444444444444444,1,0,1|0
"SUBCATEGORY_SPECIALTY-FRUIT_COCONUTS@@MINNEAPOLIS/ST. PAUL, MN - MULO",232,232,1246548.68,0,2022-01-09,2026-06-14,0,0.0,2,0,2|0
SUBCATEGORY_SPECIALTY-FRUIT_COCONUTS@@MISSISSIPPI - MULO,221,232,649174.61,4,2022-01-09,2026-06-14,11,0.01809954751131222,1,0,1|0
"SUBCATEGORY_SPECIALTY-FRUIT_COCONUTS@@NASHVILLE, TN - MULO",217,232,625991.6900000001,0,2022-01-09,2026-06-14,15,0.0,1,0,1|0
SUBCATEGORY_SPECIALTY-FRUIT_COCONUTS@@NEW ENGLAND - MULO,219,232,508131.5,0,2022-01-09,2026-06-14,13,0.0,1,0,1|0
"SUBCATEGORY_SPECIALTY-FRUIT_COCONUTS@@NEW ORLEANS, LA/MOBILE, AL - MULO",230,232,1439219.7,2,2022-01-09,2026-06-14,2,0.008695652173913044,2,0,2|0
"SUBCATEGORY_SPECIALTY-FRUIT_COCONUTS@@NEW YORK, NY - MULO",232,232,4245057.8,0,2022-01-09,2026-06-14,0,0.0,4,0,4|0
"SUBCATEGORY_SPECIALTY-FRUIT_COCONUTS@@OKLAHOMA CITY, OK - MULO",222,232,695155.18,24,2022-01-09,2026-06-14,10,0.10810810810810811,1,1,1|1
"SUBCATEGORY_SPECIALTY-FRUIT_COCONUTS@@OMAHA, NE - MULO",232,232,398318.5,0,2022-01-09,2026-06-14,0,0.0,0,0,0|0
"SUBCATEGORY_SPECIALTY-FRUIT_COCONUTS@@ORLANDO, FL - MULO",228,228,1162252.17,4,2022-02-06,2026-06-14,0,0.017543859649122806,1,0,1|0
"SUBCATEGORY_SPECIALTY-FRUIT_COCONUTS@@PEORIA/SPRINGFIELD, IL - MULO",232,232,650617.46,0,2022-01-09,2026-06-14,0,0.0,1,0,1|0
"SUBCATEGORY_SPECIALTY-FRUIT_COCONUTS@@PHILADELPHIA, PA - MULO",232,232,1606143.5,0,2022-01-09,2026-06-14,0,0.0,2,0,2|0
"SUBCATEGORY_SPECIALTY-FRUIT_COCONUTS@@PHOENIX/TUCSON, AZ - MULO",232,232,2035852.35,0,2022-01-09,2026-06-14,0,0.0,2,0,2|0
"SUBCATEGORY_SPECIALTY-FRUIT_COCONUTS@@PITTSBURGH, PA - MULO",230,230,1107742.93,3,2022-01-23,2026-06-14,0,0.013043478260869565,1,0,1|0
"SUBCATEGORY_SPECIALTY-FRUIT_COCONUTS@@PORTLAND, OR - MULO",228,228,467373.18,0,2022-02-06,2026-06-14,0,0.0,1,0,1|0
"SUBCATEGORY_SPECIALTY-FRUIT_COCONUTS@@PROVIDENCE, RI - MULO",232,232,204990.47,0,2022-01-09,2026-06-14,0,0.0,0,0,0|0
"SUBCATEGORY_SPECIALTY-FRUIT_COCONUTS@@RALEIGH/GREENSBORO, NC - MULO",232,232,1117222.22,0,2022-01-09,2026-06-14,0,0.0,1,0,1|0
"SUBCATEGORY_SPECIALTY-FRUIT_COCONUTS@@RICHMOND/NORFOLK, VA - MULO",232,232,1034168.33,0,2022-01-09,2026-06-14,0,0.0,1,0,1|0
"SUBCATEGORY_SPECIALTY-FRUIT_COCONUTS@@ROANOKE, VA - MULO",232,232,833728.34,0,2022-01-09,2026-06-14,0,0.0,1,0,1|0
"SUBCATEGORY_SPECIALTY-FRUIT_COCONUTS@@SACRAMENTO, CA - MULO",232,232,706647.81,0,2022-01-09,2026-06-14,0,0.0,1,0,1|0
"SUBCATEGORY_SPECIALTY-FRUIT_COCONUTS@@SALT LAKE CITY, UT - MULO",227,227,691848.08,5,2022-02-13,2026-06-14,0,0.022026431718061675,1,0,1|0
"SUBCATEGORY_SPECIALTY-FRUIT_COCONUTS@@SAN DIEGO, CA - MULO",232,232,988367.91,0,2022-01-09,2026-06-14,0,0.0,1,0,1|0
"SUBCATEGORY_SPECIALTY-FRUIT_COCONUTS@@SAN FRANCISCO/OAKLAND, CA - MULO",232,232,1441764.83,0,2022-01-09,2026-06-14,0,0.0,2,0,2|0
"SUBCATEGORY_SPECIALTY-FRUIT_COCONUTS@@SEATTLE/TACOMA, WA - MULO",232,232,609828.0599999999,0,2022-01-09,2026-06-14,0,0.0,1,0,1|0
SUBCATEGORY_SPECIALTY-FRUIT_COCONUTS@@SOUTH CAROLINA - MULO,232,232,1815113.18,0,2022-01-09,2026-06-14,0,0.0,2,0,2|0
"SUBCATEGORY_SPECIALTY-FRUIT_COCONUTS@@SPOKANE, WA - MULO",230,230,92403.39,0,2022-01-23,2026-06-14,0,0.0,0,0,0|0
"SUBCATEGORY_SPECIALTY-FRUIT_COCONUTS@@ST. LOUIS, MO - MULO",232,232,928465.16,1,2022-01-09,2026-06-14,0,0.004310344827586207,1,0,1|0
"SUBCATEGORY_SPECIALTY-FRUIT_COCONUTS@@SYRACUSE, NY - MULO",232,232,359200.78,0,2022-01-09,2026-06-14,0,0.0,0,0,0|0
"SUBCATEGORY_SPECIALTY-FRUIT_COCONUTS@@TAMPA/ST. PETERSBURG, FL - MULO",225,228,926565.43,20,2022-02-06,2026-06-14,3,0.08888888888888889,1,1,1|1
"SUBCATEGORY_SPECIALTY-FRUIT_COCONUTS@@TOLEDO, OH - MULO",225,232,404300.63,1,2022-01-09,2026-06-14,7,0.0044444444444444444,0,0,0|0
"SUBCATEGORY_SPECIALTY-FRUIT_COCONUTS@@TULSA, OK - MULO",213,223,434973.61,68,2022-03-13,2026-06-14,10,0.3192488262910798,0,2,0|2
SUBCATEGORY_SPECIALTY-FRUIT_COCONUTS@@WEST TEXAS/NEW MEXICO - MULO,232,232,1560937.58,0,2022-01-09,2026-06-14,0,0.0,2,0,2|0
"SUBCATEGORY_SPECIALTY-FRUIT_COCONUTS@@WICHITA, KS - MULO",207,232,258159.09,4,2022-01-09,2026-06-14,25,0.01932367149758454,0,0,0|0
"SUBCATEGORY_SPECIALTY-FRUIT_FIGS@@ALBANY, NY - MULO",216,231,179479.41,6,2022-01-16,2026-06-14,15,0.027777777777777776,0,0,0|0
"SUBCATEGORY_SPECIALTY-FRUIT_FIGS@@ATLANTA, GA - MULO",228,232,1491986.8800000001,0,2022-01-09,2026-06-14,4,0.0,2,0,2|0
"SUBCATEGORY_SPECIALTY-FRUIT_FIGS@@BALTIMORE, MD/WASHINGTON D.C. - MULO",232,232,3088592.51,0,2022-01-09,2026-06-14,0,0.0,3,0,3|0
"SUBCATEGORY_SPECIALTY-FRUIT_FIGS@@BIRMINGHAM/MONTGOMERY, AL - MULO",209,232,716053.89,2,2022-01-09,2026-06-14,23,0.009569377990430622,1,0,1|0
"SUBCATEGORY_SPECIALTY-FRUIT_FIGS@@BOISE, ID - MULO",220,232,20117.17,0,2022-01-09,2026-06-14,12,0.0,0,0,0|0
"SUBCATEGORY_SPECIALTY-FRUIT_FIGS@@BOSTON, MA - MULO",232,232,1390391.49,0,2022-01-09,2026-06-14,0,0.0,2,0,2|0
"SUBCATEGORY_SPECIALTY-FRUIT_FIGS@@BUFFALO/ROCHESTER, NY - MULO",231,232,771823.55,0,2022-01-09,2026-06-14,1,0.0,1,0,1|0
"SUBCATEGORY_SPECIALTY-FRUIT_FIGS@@CHARLOTTE, NC - MULO",222,232,575235.32,17,2022-01-09,2026-06-14,10,0.07657657657657657,1,1,1|1
"SUBCATEGORY_SPECIALTY-FRUIT_FIGS@@CHICAGO, IL - MULO",232,232,4377366.42,0,2022-01-09,2026-06-14,0,0.0,4,0,4|0
"SUBCATEGORY_SPECIALTY-FRUIT_FIGS@@CINCINNATI/DAYTON, OH - MULO",223,232,108052.99,0,2022-01-09,2026-06-14,9,0.0,0,0,0|0
"SUBCATEGORY_SPECIALTY-FRUIT_FIGS@@CLEVELAND, OH - MULO",206,217,314831.53,129,2022-04-24,2026-06-14,11,0.6262135922330098,0,2,0|2
"SUBCATEGORY_SPECIALTY-FRUIT_FIGS@@COLUMBUS, OH - MULO",222,232,50657.23,0,2022-01-09,2026-06-14,10,0.0,0,0,0|0
"SUBCATEGORY_SPECIALTY-FRUIT_FIGS@@DALLAS/FT. WORTH, TX - MULO",232,232,1719940.76,0,2022-01-09,2026-06-14,0,0.0,2,0,2|0
"SUBCATEGORY_SPECIALTY-FRUIT_FIGS@@DENVER, CO - MULO",227,232,262848.7,0,2022-01-09,2026-06-14,5,0.0,0,0,0|0
"SUBCATEGORY_SPECIALTY-FRUIT_FIGS@@DES MOINES, IA - MULO",176,209,20626.09,86,2022-06-19,2026-06-14,33,0.48863636363636365,0,2,0|2
"SUBCATEGORY_SPECIALTY-FRUIT_FIGS@@DETROIT, MI - MULO",218,232,415166.99,0,2022-01-09,2026-06-14,14,0.0,0,0,0|0
"SUBCATEGORY_SPECIALTY-FRUIT_FIGS@@GRAND RAPIDS, MI - MULO",205,232,75877.56,48,2022-01-09,2026-06-14,27,0.23414634146341465,0,2,0|2
"SUBCATEGORY_SPECIALTY-FRUIT_FIGS@@GREEN BAY, WI - MULO",225,232,35571.16,1,2022-01-09,2026-06-14,7,0.0044444444444444444,0,0,0|0
"SUBCATEGORY_SPECIALTY-FRUIT_FIGS@@HARRISBURG/SCRANTON, PA - MULO",231,232,1112524.27,0,2022-01-09,2026-06-14,1,0.0,1,0,1|0
"SUBCATEGORY_SPECIALTY-FRUIT_FIGS@@HARTFORD, CT/SPRINGFIELD, MA - MULO",231,232,1277740.47,1,2022-01-09,2026-06-14,1,0.004329004329004329,2,0,2|0
"SUBCATEGORY_SPECIALTY-FRUIT_FIGS@@HOUSTON, TX - MULO",230,232,1041757.41,0,2022-01-09,2026-06-14,2,0.0,1,0,1|0
"SUBCATEGORY_SPECIALTY-FRUIT_FIGS@@INDIANAPOLIS, IN - MULO",228,232,45789.49,0,2022-01-09,2026-06-14,4,0.0,0,0,0|0
"SUBCATEGORY_SPECIALTY-FRUIT_FIGS@@JACKSONVILLE, FL - MULO",206,232,888529.83,56,2022-01-09,2026-06-14,26,0.27184466019417475,1,2,1|2
"SUBCATEGORY_SPECIALTY-FRUIT_FIGS@@KANSAS CITY, KS - MULO",195,232,215726.72,40,2022-01-09,2026-06-14,37,0.20512820512820512,0,2,0|2
"SUBCATEGORY_SPECIALTY-FRUIT_FIGS@@KNOXVILLE, TN - MULO",208,232,86837.2,0,2022-01-09,2026-06-14,24,0.0,0,0,0|0
"SUBCATEGORY_SPECIALTY-FRUIT_FIGS@@LAS VEGAS, NV - MULO",230,232,579782.76,0,2022-01-09,2026-06-14,2,0.0,1,0,1|0
"SUBCATEGORY_SPECIALTY-FRUIT_FIGS@@LOS ANGELES, CA - MULO",232,232,5782988.44,0,2022-01-09,2026-06-14,0,0.0,4,0,4|0
"SUBCATEGORY_SPECIALTY-FRUIT_FIGS@@LOUISVILLE, KY - MULO",213,232,33545.63,0,2022-01-09,2026-06-14,19,0.0,0,0,0|0
"SUBCATEGORY_SPECIALTY-FRUIT_FIGS@@MIAMI/FT. LAUDERDALE, FL - MULO",232,232,3622680.05,14,2022-01-09,2026-06-14,0,0.0603448275862069,3,1,3|1
"SUBCATEGORY_SPECIALTY-FRUIT_FIGS@@MILWAUKEE, WI - MULO",231,232,242524.07,0,2022-01-09,2026-06-14,1,0.0,0,0,0|0
"SUBCATEGORY_SPECIALTY-FRUIT_FIGS@@MINNEAPOLIS/ST. PAUL, MN - MULO",178,218,62545.45,72,2022-04-17,2026-06-14,40,0.4044943820224719,0,2,0|2
SUBCATEGORY_SPECIALTY-FRUIT_FIGS@@MISSISSIPPI - MULO,231,232,27870.22,0,2022-01-09,2026-06-14,1,0.0,0,0,0|0
"SUBCATEGORY_SPECIALTY-FRUIT_FIGS@@NASHVILLE, TN - MULO",220,232,451419.32,0,2022-01-09,2026-06-14,12,0.0,1,0,1|0
SUBCATEGORY_SPECIALTY-FRUIT_FIGS@@NEW ENGLAND - MULO,220,232,370244.93,5,2022-01-09,2026-06-14,12,0.022727272727272728,0,0,0|0
"SUBCATEGORY_SPECIALTY-FRUIT_FIGS@@NEW ORLEANS, LA/MOBILE, AL - MULO",217,221,354493.06,6,2022-03-27,2026-06-14,4,0.027649769585253458,0,0,0|0
"SUBCATEGORY_SPECIALTY-FRUIT_FIGS@@NEW YORK, NY - MULO",232,232,11407221.76,0,2022-01-09,2026-06-14,0,0.0,6,0,6|0
"SUBCATEGORY_SPECIALTY-FRUIT_FIGS@@OKLAHOMA CITY, OK - MULO",186,218,222264.47,50,2022-04-17,2026-06-14,32,0.26881720430107525,0,2,0|2
"SUBCATEGORY_SPECIALTY-FRUIT_FIGS@@OMAHA, NE - MULO",208,232,103528.35,2,2022-01-09,2026-06-14,24,0.009615384615384616,0,0,0|0
"SUBCATEGORY_SPECIALTY-FRUIT_FIGS@@ORLANDO, FL - MULO",194,232,1651894.7,8,2022-01-09,2026-06-14,38,0.041237113402061855,2,0,2|0
"SUBCATEGORY_SPECIALTY-FRUIT_FIGS@@PEORIA/SPRINGFIELD, IL - MULO",231,232,79948.19,2,2022-01-09,2026-06-14,1,0.008658008658008658,0,0,0|0
"SUBCATEGORY_SPECIALTY-FRUIT_FIGS@@PHILADELPHIA, PA - MULO",232,232,2340376.92,0,2022-01-09,2026-06-14,0,0.0,3,0,3|0
"SUBCATEGORY_SPECIALTY-FRUIT_FIGS@@PHOENIX/TUCSON, AZ - MULO",232,232,630982.18,0,2022-01-09,2026-06-14,0,0.0,1,0,1|0
"SUBCATEGORY_SPECIALTY-FRUIT_FIGS@@PITTSBURGH, PA - MULO",196,230,54400.52,105,2022-01-23,2026-06-14,34,0.5357142857142857,0,2,0|2
"SUBCATEGORY_SPECIALTY-FRUIT_FIGS@@PORTLAND, OR - MULO",210,232,450994.76,0,2022-01-09,2026-06-14,22,0.0,1,0,1|0
"SUBCATEGORY_SPECIALTY-FRUIT_FIGS@@PROVIDENCE, RI - MULO",224,232,350704.87,2,2022-01-09,2026-06-14,8,0.008928571428571428,0,0,0|0
"SUBCATEGORY_SPECIALTY-FRUIT_FIGS@@RALEIGH/GREENSBORO, NC - MULO",229,232,676669.5,0,2022-01-09,2026-06-14,3,0.0,1,0,1|0
"SUBCATEGORY_SPECIALTY-FRUIT_FIGS@@RICHMOND/NORFOLK, VA - MULO",232,232,467511.25,0,2022-01-09,2026-06-14,0,0.0,1,0,1|0
"SUBCATEGORY_SPECIALTY-FRUIT_FIGS@@ROANOKE, VA - MULO",223,232,71788.14,0,2022-01-09,2026-06-14,9,0.0,0,0,0|0
"SUBCATEGORY_SPECIALTY-FRUIT_FIGS@@SACRAMENTO, CA - MULO",229,232,431578.96,25,2022-01-09,2026-06-14,3,0.1091703056768559,0,1,0|1
"SUBCATEGORY_SPECIALTY-FRUIT_FIGS@@SAN DIEGO, CA - MULO",227,232,856694.86,1,2022-01-09,2026-06-14,5,0.004405286343612335,1,0,1|0
"SUBCATEGORY_SPECIALTY-FRUIT_FIGS@@SAN FRANCISCO/OAKLAND, CA - MULO",230,232,1482670.72,19,2022-01-09,2026-06-14,2,0.08260869565217391,2,1,2|1
"SUBCATEGORY_SPECIALTY-FRUIT_FIGS@@SEATTLE/TACOMA, WA - MULO",211,232,198851.2,0,2022-01-09,2026-06-14,21,0.0,0,0,0|0
SUBCATEGORY_SPECIALTY-FRUIT_FIGS@@SOUTH CAROLINA - MULO,232,232,1204274.48,0,2022-01-09,2026-06-14,0,0.0,2,0,2|0
"SUBCATEGORY_SPECIALTY-FRUIT_FIGS@@ST. LOUIS, MO - MULO",231,231,206784.04,17,2022-01-16,2026-06-14,0,0.0735930735930736,0,1,0|1
"SUBCATEGORY_SPECIALTY-FRUIT_FIGS@@SYRACUSE, NY - MULO",228,232,249291.35,0,2022-01-09,2026-06-14,4,0.0,0,0,0|0
"SUBCATEGORY_SPECIALTY-FRUIT_FIGS@@TAMPA/ST. PETERSBURG, FL - MULO",218,232,1984619.35,104,2022-01-09,2026-06-14,14,0.47706422018348627,2,2,2|2
SUBCATEGORY_SPECIALTY-FRUIT_FIGS@@WEST TEXAS/NEW MEXICO - MULO,227,232,762286.14,0,2022-01-09,2026-06-14,5,0.0,1,0,1|0
"SUBCATEGORY_SPECIALTY-FRUIT_KIWI@@ALBANY, NY - MULO",232,232,5808948.58,0,2022-01-09,2026-06-14,0,0.0,4,0,4|0
"SUBCATEGORY_SPECIALTY-FRUIT_KIWI@@ATLANTA, GA - MULO",232,232,31548034.48,0,2022-01-09,2026-06-14,0,0.0,8,0,8|0
"SUBCATEGORY_SPECIALTY-FRUIT_KIWI@@BALTIMORE, MD/WASHINGTON D.C. - MULO",232,232,49506468.66,0,2022-01-09,2026-06-14,0,0.0,8,0,8|0
"SUBCATEGORY_SPECIALTY-FRUIT_KIWI@@BIRMINGHAM/MONTGOMERY, AL - MULO",232,232,15713374.22,0,2022-01-09,2026-06-14,0,0.0,7,0,7|0
"SUBCATEGORY_SPECIALTY-FRUIT_KIWI@@BOISE, ID - MULO",232,232,2908044.91,0,2022-01-09,2026-06-14,0,0.0,3,0,3|0
"SUBCATEGORY_SPECIALTY-FRUIT_KIWI@@BOSTON, MA - MULO",232,232,24866121.17,0,2022-01-09,2026-06-14,0,0.0,7,0,7|0
"SUBCATEGORY_SPECIALTY-FRUIT_KIWI@@BUFFALO/ROCHESTER, NY - MULO",232,232,12391592.55,0,2022-01-09,2026-06-14,0,0.0,6,0,6|0
"SUBCATEGORY_SPECIALTY-FRUIT_KIWI@@CHARLOTTE, NC - MULO",232,232,14194406.9,0,2022-01-09,2026-06-14,0,0.0,6,0,6|0
"SUBCATEGORY_SPECIALTY-FRUIT_KIWI@@CHICAGO, IL - MULO",232,232,43358415.17,0,2022-01-09,2026-06-14,0,0.0,8,0,8|0
"SUBCATEGORY_SPECIALTY-FRUIT_KIWI@@CINCINNATI/DAYTON, OH - MULO",232,232,15686227.38,0,2022-01-09,2026-06-14,0,0.0,7,0,7|0
"SUBCATEGORY_SPECIALTY-FRUIT_KIWI@@CLEVELAND, OH - MULO",232,232,9900766.58,0,2022-01-09,2026-06-14,0,0.0,6,0,6|0
"SUBCATEGORY_SPECIALTY-FRUIT_KIWI@@COLUMBUS, OH - MULO",232,232,12994715.18,0,2022-01-09,2026-06-14,0,0.0,6,0,6|0
"SUBCATEGORY_SPECIALTY-FRUIT_KIWI@@DALLAS/FT. WORTH, TX - MULO",232,232,39605135.93,0,2022-01-09,2026-06-14,0,0.0,8,0,8|0
"SUBCATEGORY_SPECIALTY-FRUIT_KIWI@@DENVER, CO - MULO",232,232,25911656.35,0,2022-01-09,2026-06-14,0,0.0,7,0,7|0
"SUBCATEGORY_SPECIALTY-FRUIT_KIWI@@DES MOINES, IA - MULO",232,232,4462839.54,0,2022-01-09,2026-06-14,0,0.0,4,0,4|0
"SUBCATEGORY_SPECIALTY-FRUIT_KIWI@@DETROIT, MI - MULO",232,232,24003624.07,0,2022-01-09,2026-06-14,0,0.0,7,0,7|0
"SUBCATEGORY_SPECIALTY-FRUIT_KIWI@@GRAND RAPIDS, MI - MULO",232,232,9231767.83,0,2022-01-09,2026-06-14,0,0.0,5,0,5|0
"SUBCATEGORY_SPECIALTY-FRUIT_KIWI@@GREEN BAY, WI - MULO",232,232,3964390.55,0,2022-01-09,2026-06-14,0,0.0,4,0,4|0
"SUBCATEGORY_SPECIALTY-FRUIT_KIWI@@HARRISBURG/SCRANTON, PA - MULO",232,232,19674265.28,0,2022-01-09,2026-06-14,0,0.0,7,0,7|0
"SUBCATEGORY_SPECIALTY-FRUIT_KIWI@@HARTFORD, CT/SPRINGFIELD, MA - MULO",232,232,16239911.02,0,2022-01-09,2026-06-14,0,0.0,7,0,7|0
"SUBCATEGORY_SPECIALTY-FRUIT_KIWI@@HOUSTON, TX - MULO",232,232,24945065.36,0,2022-01-09,2026-06-14,0,0.0,7,0,7|0
"SUBCATEGORY_SPECIALTY-FRUIT_KIWI@@INDIANAPOLIS, IN - MULO",232,232,13707953.37,0,2022-01-09,2026-06-14,0,0.0,6,0,6|0
"SUBCATEGORY_SPECIALTY-FRUIT_KIWI@@JACKSONVILLE, FL - MULO",232,232,9959091.09,0,2022-01-09,2026-06-14,0,0.0,6,0,6|0
"SUBCATEGORY_SPECIALTY-FRUIT_KIWI@@KANSAS CITY, KS - MULO",232,232,8546261.49,0,2022-01-09,2026-06-14,0,0.0,5,0,5|0
"SUBCATEGORY_SPECIALTY-FRUIT_KIWI@@KNOXVILLE, TN - MULO",232,232,5167246.71,0,2022-01-09,2026-06-14,0,0.0,4,0,4|0
"SUBCATEGORY_SPECIALTY-FRUIT_KIWI@@LAS VEGAS, NV - MULO",232,232,12834716.57,0,2022-01-09,2026-06-14,0,0.0,6,0,6|0
"SUBCATEGORY_SPECIALTY-FRUIT_KIWI@@LITTLE ROCK, AR - MULO",232,232,3498257.33,0,2022-01-09,2026-06-14,0,0.0,3,0,3|0
"SUBCATEGORY_SPECIALTY-FRUIT_KIWI@@LOS ANGELES, CA - MULO",232,232,75335911.05,0,2022-01-09,2026-06-14,0,0.0,9,0,9|0
"SUBCATEGORY_SPECIALTY-FRUIT_KIWI@@LOUISVILLE, KY - MULO",232,232,7287525.58,0,2022-01-09,2026-06-14,0,0.0,5,0,5|0
"SUBCATEGORY_SPECIALTY-FRUIT_KIWI@@MEMPHIS, TN - MULO",232,232,6214428.72,0,2022-01-09,2026-06-14,0,0.0,4,0,4|0
"SUBCATEGORY_SPECIALTY-FRUIT_KIWI@@MIAMI/FT. LAUDERDALE, FL - MULO",232,232,42147635.78,0,2022-01-09,2026-06-14,0,0.0,8,0,8|0
"SUBCATEGORY_SPECIALTY-FRUIT_KIWI@@MILWAUKEE, WI - MULO",232,232,12409423.03,0,2022-01-09,2026-06-14,0,0.0,6,0,6|0
"SUBCATEGORY_SPECIALTY-FRUIT_KIWI@@MINNEAPOLIS/ST. PAUL, MN - MULO",232,232,17081625.79,0,2022-01-09,2026-06-14,0,0.0,7,0,7|0
SUBCATEGORY_SPECIALTY-FRUIT_KIWI@@MISSISSIPPI - MULO,232,232,7906756.24,0,2022-01-09,2026-06-14,0,0.0,5,0,5|0
"SUBCATEGORY_SPECIALTY-FRUIT_KIWI@@NASHVILLE, TN - MULO",232,232,11880071.13,0,2022-01-09,2026-06-14,0,0.0,6,0,6|0
SUBCATEGORY_SPECIALTY-FRUIT_KIWI@@NEW ENGLAND - MULO,232,232,13229257.43,0,2022-01-09,2026-06-14,0,0.0,6,0,6|0
"SUBCATEGORY_SPECIALTY-FRUIT_KIWI@@NEW ORLEANS, LA/MOBILE, AL - MULO",232,232,14334885.29,0,2022-01-09,2026-06-14,0,0.0,6,0,6|0
"SUBCATEGORY_SPECIALTY-FRUIT_KIWI@@NEW YORK, NY - MULO",232,232,87109822.85,0,2022-01-09,2026-06-14,0,0.0,9,0,9|0
"SUBCATEGORY_SPECIALTY-FRUIT_KIWI@@OKLAHOMA CITY, OK - MULO",232,232,6534438.67,0,2022-01-09,2026-06-14,0,0.0,5,0,5|0
"SUBCATEGORY_SPECIALTY-FRUIT_KIWI@@OMAHA, NE - MULO",232,232,6220698.66,0,2022-01-09,2026-06-14,0,0.0,4,0,4|0
"SUBCATEGORY_SPECIALTY-FRUIT_KIWI@@ORLANDO, FL - MULO",232,232,25158623.34,0,2022-01-09,2026-06-14,0,0.0,7,0,7|0
"SUBCATEGORY_SPECIALTY-FRUIT_KIWI@@PEORIA/SPRINGFIELD, IL - MULO",232,232,8425535.2,0,2022-01-09,2026-06-14,0,0.0,5,0,5|0
"SUBCATEGORY_SPECIALTY-FRUIT_KIWI@@PHILADELPHIA, PA - MULO",232,232,29766647.84,0,2022-01-09,2026-06-14,0,0.0,8,0,8|0
"SUBCATEGORY_SPECIALTY-FRUIT_KIWI@@PHOENIX/TUCSON, AZ - MULO",232,232,24284999.45,0,2022-01-09,2026-06-14,0,0.0,7,0,7|0
"SUBCATEGORY_SPECIALTY-FRUIT_KIWI@@PITTSBURGH, PA - MULO",232,232,11840897.01,0,2022-01-09,2026-06-14,0,0.0,6,0,6|0
"SUBCATEGORY_SPECIALTY-FRUIT_KIWI@@PORTLAND, OR - MULO",232,232,12944571.55,0,2022-01-09,2026-06-14,0,0.0,6,0,6|0
"SUBCATEGORY_SPECIALTY-FRUIT_KIWI@@PROVIDENCE, RI - MULO",232,232,4355062.06,0,2022-01-09,2026-06-14,0,0.0,4,0,4|0
"SUBCATEGORY_SPECIALTY-FRUIT_KIWI@@RALEIGH/GREENSBORO, NC - MULO",232,232,16795427.76,0,2022-01-09,2026-06-14,0,0.0,7,0,7|0
"SUBCATEGORY_SPECIALTY-FRUIT_KIWI@@RICHMOND/NORFOLK, VA - MULO",232,232,15547840.33,0,2022-01-09,2026-06-14,0,0.0,7,0,7|0
"SUBCATEGORY_SPECIALTY-FRUIT_KIWI@@ROANOKE, VA - MULO",232,232,10795948.6,0,2022-01-09,2026-06-14,0,0.0,6,0,6|0
"SUBCATEGORY_SPECIALTY-FRUIT_KIWI@@SACRAMENTO, CA - MULO",232,232,10967253.44,0,2022-01-09,2026-06-14,0,0.0,6,0,6|0
"SUBCATEGORY_SPECIALTY-FRUIT_KIWI@@SALT LAKE CITY, UT - MULO",232,232,11198262.54,0,2022-01-09,2026-06-14,0,0.0,6,0,6|0
"SUBCATEGORY_SPECIALTY-FRUIT_KIWI@@SAN DIEGO, CA - MULO",232,232,14323477.48,0,2022-01-09,2026-06-14,0,0.0,6,0,6|0
"SUBCATEGORY_SPECIALTY-FRUIT_KIWI@@SAN FRANCISCO/OAKLAND, CA - MULO",232,232,17649355.64,0,2022-01-09,2026-06-14,0,0.0,7,0,7|0
"SUBCATEGORY_SPECIALTY-FRUIT_KIWI@@SEATTLE/TACOMA, WA - MULO",232,232,20542273.06,0,2022-01-09,2026-06-14,0,0.0,7,0,7|0
SUBCATEGORY_SPECIALTY-FRUIT_KIWI@@SOUTH CAROLINA - MULO,232,232,24983056.96,0,2022-01-09,2026-06-14,0,0.0,7,0,7|0
"SUBCATEGORY_SPECIALTY-FRUIT_KIWI@@SPOKANE, WA - MULO",232,232,2345770.3,0,2022-01-09,2026-06-14,0,0.0,3,0,3|0
"SUBCATEGORY_SPECIALTY-FRUIT_KIWI@@ST. LOUIS, MO - MULO",232,232,12678637.7,0,2022-01-09,2026-06-14,0,0.0,6,0,6|0
"SUBCATEGORY_SPECIALTY-FRUIT_KIWI@@SYRACUSE, NY - MULO",232,232,5423455.3,0,2022-01-09,2026-06-14,0,0.0,4,0,4|0
"SUBCATEGORY_SPECIALTY-FRUIT_KIWI@@TAMPA/ST. PETERSBURG, FL - MULO",232,232,21514573.98,0,2022-01-09,2026-06-14,0,0.0,7,0,7|0
"SUBCATEGORY_SPECIALTY-FRUIT_KIWI@@TOLEDO, OH - MULO",232,232,7773486.59,0,2022-01-09,2026-06-14,0,0.0,5,0,5|0
"SUBCATEGORY_SPECIALTY-FRUIT_KIWI@@TULSA, OK - MULO",232,232,3995262.28,0,2022-01-09,2026-06-14,0,0.0,4,0,4|0
SUBCATEGORY_SPECIALTY-FRUIT_KIWI@@WEST TEXAS/NEW MEXICO - MULO,232,232,18196507.85,0,2022-01-09,2026-06-14,0,0.0,7,0,7|0
"SUBCATEGORY_SPECIALTY-FRUIT_KIWI@@WICHITA, KS - MULO",232,232,3828379.96,0,2022-01-09,2026-06-14,0,0.0,3,0,3|0
"SUBCATEGORY_SPECIALTY-FRUIT_MANGOES@@ALBANY, NY - MULO",232,232,1947072.15,0,2022-01-09,2026-06-14,0,0.0,2,0,2|0
"SUBCATEGORY_SPECIALTY-FRUIT_MANGOES@@ATLANTA, GA - MULO",232,232,12797083.82,0,2022-01-09,2026-06-14,0,0.0,6,0,6|0
"SUBCATEGORY_SPECIALTY-FRUIT_MANGOES@@BALTIMORE, MD/WASHINGTON D.C. - MULO",232,232,23882112.64,0,2022-01-09,2026-06-14,0,0.0,7,0,7|0
"SUBCATEGORY_SPECIALTY-FRUIT_MANGOES@@BIRMINGHAM/MONTGOMERY, AL - MULO",232,232,5360589.9799999995,0,2022-01-09,2026-06-14,0,0.0,4,0,4|0
"SUBCATEGORY_SPECIALTY-FRUIT_MANGOES@@BOISE, ID - MULO",226,232,562360.8,0,2022-01-09,2026-06-14,6,0.0,1,0,1|0
"SUBCATEGORY_SPECIALTY-FRUIT_MANGOES@@BOSTON, MA - MULO",232,232,12459623.51,0,2022-01-09,2026-06-14,0,0.0,6,0,6|0
"SUBCATEGORY_SPECIALTY-FRUIT_MANGOES@@BUFFALO/ROCHESTER, NY - MULO",232,232,9261759.24,0,2022-01-09,2026-06-14,0,0.0,5,0,5|0
"SUBCATEGORY_SPECIALTY-FRUIT_MANGOES@@CHARLOTTE, NC - MULO",232,232,7965087.74,0,2022-01-09,2026-06-14,0,0.0,5,0,5|0
"SUBCATEGORY_SPECIALTY-FRUIT_MANGOES@@CHICAGO, IL - MULO",232,232,13188262.76,0,2022-01-09,2026-06-14,0,0.0,6,0,6|0
"SUBCATEGORY_SPECIALTY-FRUIT_MANGOES@@CINCINNATI/DAYTON, OH - MULO",232,232,5059319.93,0,2022-01-09,2026-06-14,0,0.0,4,0,4|0
"SUBCATEGORY_SPECIALTY-FRUIT_MANGOES@@CLEVELAND, OH - MULO",232,232,3758593.77,0,2022-01-09,2026-06-14,0,0.0,3,0,3|0
"SUBCATEGORY_SPECIALTY-FRUIT_MANGOES@@COLUMBUS, OH - MULO",232,232,4814844.74,0,2022-01-09,2026-06-14,0,0.0,4,0,4|0
"SUBCATEGORY_SPECIALTY-FRUIT_MANGOES@@DALLAS/FT. WORTH, TX - MULO",232,232,17871803.34,0,2022-01-09,2026-06-14,0,0.0,7,0,7|0
"SUBCATEGORY_SPECIALTY-FRUIT_MANGOES@@DENVER, CO - MULO",232,232,9906577.06,0,2022-01-09,2026-06-14,0,0.0,6,0,6|0
"SUBCATEGORY_SPECIALTY-FRUIT_MANGOES@@DES MOINES, IA - MULO",220,232,1768735.7,0,2022-01-09,2026-06-14,12,0.0,2,0,2|0
"SUBCATEGORY_SPECIALTY-FRUIT_MANGOES@@DETROIT, MI - MULO",232,232,7976997.61,0,2022-01-09,2026-06-14,0,0.0,5,0,5|0
"SUBCATEGORY_SPECIALTY-FRUIT_MANGOES@@GRAND RAPIDS, MI - MULO",232,232,3109714.08,0,2022-01-09,2026-06-14,0,0.0,3,0,3|0
"SUBCATEGORY_SPECIALTY-FRUIT_MANGOES@@GREEN BAY, WI - MULO",232,232,1365359.59,0,2022-01-09,2026-06-14,0,0.0,2,0,2|0
"SUBCATEGORY_SPECIALTY-FRUIT_MANGOES@@HARRISBURG/SCRANTON, PA - MULO",232,232,8643831.63,0,2022-01-09,2026-06-14,0,0.0,5,0,5|0
"SUBCATEGORY_SPECIALTY-FRUIT_MANGOES@@HARTFORD, CT/SPRINGFIELD, MA - MULO",232,232,6749515.24,0,2022-01-09,2026-06-14,0,0.0,5,0,5|0
"SUBCATEGORY_SPECIALTY-FRUIT_MANGOES@@HOUSTON, TX - MULO",232,232,12473248.27,0,2022-01-09,2026-06-14,0,0.0,6,0,6|0
"SUBCATEGORY_SPECIALTY-FRUIT_MANGOES@@INDIANAPOLIS, IN - MULO",232,232,4742119.12,0,2022-01-09,2026-06-14,0,0.0,4,0,4|0
"SUBCATEGORY_SPECIALTY-FRUIT_MANGOES@@JACKSONVILLE, FL - MULO",232,232,3442079.45,0,2022-01-09,2026-06-14,0,0.0,3,0,3|0
"SUBCATEGORY_SPECIALTY-FRUIT_MANGOES@@KANSAS CITY, KS - MULO",231,232,4577432.21,0,2022-01-09,2026-06-14,1,0.0,4,0,4|0
"SUBCATEGORY_SPECIALTY-FRUIT_MANGOES@@KNOXVILLE, TN - MULO",232,232,1608315.9,0,2022-01-09,2026-06-14,0,0.0,2,0,2|0
"SUBCATEGORY_SPECIALTY-FRUIT_MANGOES@@LAS VEGAS, NV - MULO",232,232,4378634.66,0,2022-01-09,2026-06-14,0,0.0,4,0,4|0
"SUBCATEGORY_SPECIALTY-FRUIT_MANGOES@@LITTLE ROCK, AR - MULO",232,232,1766599.97,0,2022-01-09,2026-06-14,0,0.0,2,0,2|0
"SUBCATEGORY_SPECIALTY-FRUIT_MANGOES@@LOS ANGELES, CA - MULO",232,232,23834008.71,0,2022-01-09,2026-06-14,0,0.0,7,0,7|0
"SUBCATEGORY_SPECIALTY-FRUIT_MANGOES@@LOUISVILLE, KY - MULO",232,232,3085187.23,0,2022-01-09,2026-06-14,0,0.0,3,0,3|0
"SUBCATEGORY_SPECIALTY-FRUIT_MANGOES@@MEMPHIS, TN - MULO",232,232,2629545.55,0,2022-01-09,2026-06-14,0,0.0,3,0,3|0
"SUBCATEGORY_SPECIALTY-FRUIT_MANGOES@@MIAMI/FT. LAUDERDALE, FL - MULO",232,232,8672540.18,0,2022-01-09,2026-06-14,0,0.0,5,0,5|0
"SUBCATEGORY_SPECIALTY-FRUIT_MANGOES@@MILWAUKEE, WI - MULO",232,232,4348665.95,0,2022-01-09,2026-06-14,0,0.0,4,0,4|0
"SUBCATEGORY_SPECIALTY-FRUIT_MANGOES@@MINNEAPOLIS/ST. PAUL, MN - MULO",232,232,6584896.05,0,2022-01-09,2026-06-14,0,0.0,5,0,5|0
SUBCATEGORY_SPECIALTY-FRUIT_MANGOES@@MISSISSIPPI - MULO,232,232,2619485.6,0,2022-01-09,2026-06-14,0,0.0,3,0,3|0
"SUBCATEGORY_SPECIALTY-FRUIT_MANGOES@@NASHVILLE, TN - MULO",232,232,5145212.49,0,2022-01-09,2026-06-14,0,0.0,4,0,4|0
SUBCATEGORY_SPECIALTY-FRUIT_MANGOES@@NEW ENGLAND - MULO,232,232,6525099.28,0,2022-01-09,2026-06-14,0,0.0,5,0,5|0
"SUBCATEGORY_SPECIALTY-FRUIT_MANGOES@@NEW ORLEANS, LA/MOBILE, AL - MULO",232,232,4288014.95,0,2022-01-09,2026-06-14,0,0.0,4,0,4|0
"SUBCATEGORY_SPECIALTY-FRUIT_MANGOES@@NEW YORK, NY - MULO",232,232,28878055.57,0,2022-01-09,2026-06-14,0,0.0,8,0,8|0
"SUBCATEGORY_SPECIALTY-FRUIT_MANGOES@@OKLAHOMA CITY, OK - MULO",232,232,3565263.71,0,2022-01-09,2026-06-14,0,0.0,3,0,3|0
"SUBCATEGORY_SPECIALTY-FRUIT_MANGOES@@OMAHA, NE - MULO",232,232,3275017.49,0,2022-01-09,2026-06-14,0,0.0,3,0,3|0
"SUBCATEGORY_SPECIALTY-FRUIT_MANGOES@@ORLANDO, FL - MULO",232,232,7577394.56,0,2022-01-09,2026-06-14,0,0.0,5,0,5|0
"SUBCATEGORY_SPECIALTY-FRUIT_MANGOES@@PEORIA/SPRINGFIELD, IL - MULO",232,232,2870483.36,0,2022-01-09,2026-06-14,0,0.0,3,0,3|0
"SUBCATEGORY_SPECIALTY-FRUIT_MANGOES@@PHILADELPHIA, PA - MULO",232,232,14121352.37,0,2022-01-09,2026-06-14,0,0.0,6,0,6|0
"SUBCATEGORY_SPECIALTY-FRUIT_MANGOES@@PHOENIX/TUCSON, AZ - MULO",232,232,5465394.86,0,2022-01-09,2026-06-14,0,0.0,4,0,4|0
"SUBCATEGORY_SPECIALTY-FRUIT_MANGOES@@PITTSBURGH, PA - MULO",232,232,3983502.95,0,2022-01-09,2026-06-14,0,0.0,4,0,4|0
"SUBCATEGORY_SPECIALTY-FRUIT_MANGOES@@PORTLAND, OR - MULO",232,232,1639563.97,0,2022-01-09,2026-06-14,0,0.0,2,0,2|0
"SUBCATEGORY_SPECIALTY-FRUIT_MANGOES@@PROVIDENCE, RI - MULO",232,232,1585469.43,0,2022-01-09,2026-06-14,0,0.0,2,0,2|0
"SUBCATEGORY_SPECIALTY-FRUIT_MANGOES@@RALEIGH/GREENSBORO, NC - MULO",232,232,10773050.35,0,2022-01-09,2026-06-14,0,0.0,6,0,6|0
"SUBCATEGORY_SPECIALTY-FRUIT_MANGOES@@RICHMOND/NORFOLK, VA - MULO",232,232,8139251.44,0,2022-01-09,2026-06-14,0,0.0,5,0,5|0
"SUBCATEGORY_SPECIALTY-FRUIT_MANGOES@@ROANOKE, VA - MULO",232,232,3350568.07,0,2022-01-09,2026-06-14,0,0.0,3,0,3|0
"SUBCATEGORY_SPECIALTY-FRUIT_MANGOES@@SACRAMENTO, CA - MULO",232,232,3729873.12,0,2022-01-09,2026-06-14,0,0.0,3,0,3|0
"SUBCATEGORY_SPECIALTY-FRUIT_MANGOES@@SALT LAKE CITY, UT - MULO",232,232,4098824.29,0,2022-01-09,2026-06-14,0,0.0,4,0,4|0
"SUBCATEGORY_SPECIALTY-FRUIT_MANGOES@@SAN DIEGO, CA - MULO",232,232,4088942.79,0,2022-01-09,2026-06-14,0,0.0,4,0,4|0
"SUBCATEGORY_SPECIALTY-FRUIT_MANGOES@@SAN FRANCISCO/OAKLAND, CA - MULO",232,232,3290172.16,0,2022-01-09,2026-06-14,0,0.0,3,0,3|0
"SUBCATEGORY_SPECIALTY-FRUIT_MANGOES@@SEATTLE/TACOMA, WA - MULO",231,232,1920221.48,0,2022-01-09,2026-06-14,1,0.0,2,0,2|0
SUBCATEGORY_SPECIALTY-FRUIT_MANGOES@@SOUTH CAROLINA - MULO,232,232,10546796.35,0,2022-01-09,2026-06-14,0,0.0,6,0,6|0
"SUBCATEGORY_SPECIALTY-FRUIT_MANGOES@@SPOKANE, WA - MULO",222,232,377427.96,0,2022-01-09,2026-06-14,10,0.0,0,0,0|0
"SUBCATEGORY_SPECIALTY-FRUIT_MANGOES@@ST. LOUIS, MO - MULO",232,232,5124510.13,0,2022-01-09,2026-06-14,0,0.0,4,0,4|0
"SUBCATEGORY_SPECIALTY-FRUIT_MANGOES@@SYRACUSE, NY - MULO",232,232,3225223.97,0,2022-01-09,2026-06-14,0,0.0,3,0,3|0
"SUBCATEGORY_SPECIALTY-FRUIT_MANGOES@@TAMPA/ST. PETERSBURG, FL - MULO",232,232,6061302.13,0,2022-01-09,2026-06-14,0,0.0,4,0,4|0
"SUBCATEGORY_SPECIALTY-FRUIT_MANGOES@@TOLEDO, OH - MULO",232,232,2347930.73,0,2022-01-09,2026-06-14,0,0.0,3,0,3|0
"SUBCATEGORY_SPECIALTY-FRUIT_MANGOES@@TULSA, OK - MULO",232,232,2144178.56,0,2022-01-09,2026-06-14,0,0.0,2,0,2|0
SUBCATEGORY_SPECIALTY-FRUIT_MANGOES@@WEST TEXAS/NEW MEXICO - MULO,232,232,7261680.83,0,2022-01-09,2026-06-14,0,0.0,5,0,5|0
"SUBCATEGORY_SPECIALTY-FRUIT_MANGOES@@WICHITA, KS - MULO",232,232,1934385.98,0,2022-01-09,2026-06-14,0,0.0,2,0,2|0
"SUBCATEGORY_SPECIALTY-FRUIT_OTHER-SPECIALTY-FRUIT@@ALBANY, NY - MULO",232,232,948120.35,0,2022-01-09,2026-06-14,0,0.0,1,0,1|0
"SUBCATEGORY_SPECIALTY-FRUIT_OTHER-SPECIALTY-FRUIT@@ATLANTA, GA - MULO",232,232,4686686.59,0,2022-01-09,2026-06-14,0,0.0,4,0,4|0
"SUBCATEGORY_SPECIALTY-FRUIT_OTHER-SPECIALTY-FRUIT@@BALTIMORE, MD/WASHINGTON D.C. - MULO",232,232,10550131.6,0,2022-01-09,2026-06-14,0,0.0,6,0,6|0
"SUBCATEGORY_SPECIALTY-FRUIT_OTHER-SPECIALTY-FRUIT@@BIRMINGHAM/MONTGOMERY, AL - MULO",232,232,3015899.15,0,2022-01-09,2026-06-14,0,0.0,3,0,3|0
"SUBCATEGORY_SPECIALTY-FRUIT_OTHER-SPECIALTY-FRUIT@@BOISE, ID - MULO",232,232,991817.12,0,2022-01-09,2026-06-14,0,0.0,1,0,1|0
"SUBCATEGORY_SPECIALTY-FRUIT_OTHER-SPECIALTY-FRUIT@@BOSTON, MA - MULO",232,232,6633769.13,0,2022-01-09,2026-06-14,0,0.0,5,0,5|0
"SUBCATEGORY_SPECIALTY-FRUIT_OTHER-SPECIALTY-FRUIT@@BUFFALO/ROCHESTER, NY - MULO",232,232,3901357.93,0,2022-01-09,2026-06-14,0,0.0,3,0,3|0
"SUBCATEGORY_SPECIALTY-FRUIT_OTHER-SPECIALTY-FRUIT@@CHARLOTTE, NC - MULO",232,232,3391002.93,0,2022-01-09,2026-06-14,0,0.0,3,0,3|0
"SUBCATEGORY_SPECIALTY-FRUIT_OTHER-SPECIALTY-FRUIT@@CHICAGO, IL - MULO",232,232,11485332.92,0,2022-01-09,2026-06-14,0,0.0,6,0,6|0
"SUBCATEGORY_SPECIALTY-FRUIT_OTHER-SPECIALTY-FRUIT@@CINCINNATI/DAYTON, OH - MULO",232,232,2379061.57,0,2022-01-09,2026-06-14,0,0.0,3,0,3|0
"SUBCATEGORY_SPECIALTY-FRUIT_OTHER-SPECIALTY-FRUIT@@CLEVELAND, OH - MULO",232,232,2292803.1,0,2022-01-09,2026-06-14,0,0.0,2,0,2|0
"SUBCATEGORY_SPECIALTY-FRUIT_OTHER-SPECIALTY-FRUIT@@COLUMBUS, OH - MULO",232,232,2064524.3,0,2022-01-09,2026-06-14,0,0.0,2,0,2|0
"SUBCATEGORY_SPECIALTY-FRUIT_OTHER-SPECIALTY-FRUIT@@DALLAS/FT. WORTH, TX - MULO",232,232,9655404.68,0,2022-01-09,2026-06-14,0,0.0,5,0,5|0
"SUBCATEGORY_SPECIALTY-FRUIT_OTHER-SPECIALTY-FRUIT@@DENVER, CO - MULO",232,232,5618609.18,0,2022-01-09,2026-06-14,0,0.0,4,0,4|0
"SUBCATEGORY_SPECIALTY-FRUIT_OTHER-SPECIALTY-FRUIT@@DES MOINES, IA - MULO",232,232,1019397.14,0,2022-01-09,2026-06-14,0,0.0,1,0,1|0
"SUBCATEGORY_SPECIALTY-FRUIT_OTHER-SPECIALTY-FRUIT@@DETROIT, MI - MULO",232,232,4950324.78,0,2022-01-09,2026-06-14,0,0.0,4,0,4|0
"SUBCATEGORY_SPECIALTY-FRUIT_OTHER-SPECIALTY-FRUIT@@GRAND RAPIDS, MI - MULO",232,232,2049918.56,0,2022-01-09,2026-06-14,0,0.0,2,0,2|0
"SUBCATEGORY_SPECIALTY-FRUIT_OTHER-SPECIALTY-FRUIT@@GREEN BAY, WI - MULO",232,232,564575.77,0,2022-01-09,2026-06-14,0,0.0,1,0,1|0
"SUBCATEGORY_SPECIALTY-FRUIT_OTHER-SPECIALTY-FRUIT@@HARRISBURG/SCRANTON, PA - MULO",232,232,4544460.52,0,2022-01-09,2026-06-14,0,0.0,4,0,4|0
"SUBCATEGORY_SPECIALTY-FRUIT_OTHER-SPECIALTY-FRUIT@@HARTFORD, CT/SPRINGFIELD, MA - MULO",232,232,3722167.19,0,2022-01-09,2026-06-14,0,0.0,3,0,3|0
"SUBCATEGORY_SPECIALTY-FRUIT_OTHER-SPECIALTY-FRUIT@@HOUSTON, TX - MULO",232,232,6228493.66,0,2022-01-09,2026-06-14,0,0.0,4,0,4|0
"SUBCATEGORY_SPECIALTY-FRUIT_OTHER-SPECIALTY-FRUIT@@INDIANAPOLIS, IN - MULO",232,232,3116542.46,0,2022-01-09,2026-06-14,0,0.0,3,0,3|0
"SUBCATEGORY_SPECIALTY-FRUIT_OTHER-SPECIALTY-FRUIT@@JACKSONVILLE, FL - MULO",232,232,1731725.5,0,2022-01-09,2026-06-14,0,0.0,2,0,2|0
"SUBCATEGORY_SPECIALTY-FRUIT_OTHER-SPECIALTY-FRUIT@@KANSAS CITY, KS - MULO",232,232,1929611.3,0,2022-01-09,2026-06-14,0,0.0,2,0,2|0
"SUBCATEGORY_SPECIALTY-FRUIT_OTHER-SPECIALTY-FRUIT@@KNOXVILLE, TN - MULO",232,232,920095.22,0,2022-01-09,2026-06-14,0,0.0,1,0,1|0
"SUBCATEGORY_SPECIALTY-FRUIT_OTHER-SPECIALTY-FRUIT@@LAS VEGAS, NV - MULO",232,232,2522815.67,0,2022-01-09,2026-06-14,0,0.0,3,0,3|0
"SUBCATEGORY_SPECIALTY-FRUIT_OTHER-SPECIALTY-FRUIT@@LITTLE ROCK, AR - MULO",232,232,715861.09,0,2022-01-09,2026-06-14,0,0.0,1,0,1|0
"SUBCATEGORY_SPECIALTY-FRUIT_OTHER-SPECIALTY-FRUIT@@LOS ANGELES, CA - MULO",232,232,13104792.86,0,2022-01-09,2026-06-14,0,0.0,6,0,6|0
"SUBCATEGORY_SPECIALTY-FRUIT_OTHER-SPECIALTY-FRUIT@@LOUISVILLE, KY - MULO",232,232,1289497.28,0,2022-01-09,2026-06-14,0,0.0,2,0,2|0
"SUBCATEGORY_SPECIALTY-FRUIT_OTHER-SPECIALTY-FRUIT@@MEMPHIS, TN - MULO",232,232,1372896.42,0,2022-01-09,2026-06-14,0,0.0,2,0,2|0
"SUBCATEGORY_SPECIALTY-FRUIT_OTHER-SPECIALTY-FRUIT@@MIAMI/FT. LAUDERDALE, FL - MULO",232,232,8250588.55,0,2022-01-09,2026-06-14,0,0.0,5,0,5|0
"SUBCATEGORY_SPECIALTY-FRUIT_OTHER-SPECIALTY-FRUIT@@MILWAUKEE, WI - MULO",232,232,1744613.15,0,2022-01-09,2026-06-14,0,0.0,2,0,2|0
"SUBCATEGORY_SPECIALTY-FRUIT_OTHER-SPECIALTY-FRUIT@@MINNEAPOLIS/ST. PAUL, MN - MULO",232,232,3675943.83,0,2022-01-09,2026-06-14,0,0.0,3,0,3|0
SUBCATEGORY_SPECIALTY-FRUIT_OTHER-SPECIALTY-FRUIT@@MISSISSIPPI - MULO,232,232,1699776.93,0,2022-01-09,2026-06-14,0,0.0,2,0,2|0
"SUBCATEGORY_SPECIALTY-FRUIT_OTHER-SPECIALTY-FRUIT@@NASHVILLE, TN - MULO",232,232,2439036.01,0,2022-01-09,2026-06-14,0,0.0,3,0,3|0
SUBCATEGORY_SPECIALTY-FRUIT_OTHER-SPECIALTY-FRUIT@@NEW ENGLAND - MULO,232,232,3441782.66,0,2022-01-09,2026-06-14,0,0.0,3,0,3|0
"SUBCATEGORY_SPECIALTY-FRUIT_OTHER-SPECIALTY-FRUIT@@NEW ORLEANS, LA/MOBILE, AL - MULO",232,232,2403911.34,0,2022-01-09,2026-06-14,0,0.0,3,0,3|0
"SUBCATEGORY_SPECIALTY-FRUIT_OTHER-SPECIALTY-FRUIT@@NEW YORK, NY - MULO",232,232,15726072.18,0,2022-01-09,2026-06-14,0,0.0,7,0,7|0
"SUBCATEGORY_SPECIALTY-FRUIT_OTHER-SPECIALTY-FRUIT@@OKLAHOMA CITY, OK - MULO",232,232,1226463.04,0,2022-01-09,2026-06-14,0,0.0,2,0,2|0
"SUBCATEGORY_SPECIALTY-FRUIT_OTHER-SPECIALTY-FRUIT@@OMAHA, NE - MULO",232,232,1304056.25,0,2022-01-09,2026-06-14,0,0.0,2,0,2|0
"SUBCATEGORY_SPECIALTY-FRUIT_OTHER-SPECIALTY-FRUIT@@ORLANDO, FL - MULO",232,232,4258919.48,0,2022-01-09,2026-06-14,0,0.0,4,0,4|0
"SUBCATEGORY_SPECIALTY-FRUIT_OTHER-SPECIALTY-FRUIT@@PEORIA/SPRINGFIELD, IL - MULO",232,232,1681280.71,0,2022-01-09,2026-06-14,0,0.0,2,0,2|0
"SUBCATEGORY_SPECIALTY-FRUIT_OTHER-SPECIALTY-FRUIT@@PHILADELPHIA, PA - MULO",232,232,5825458.04,0,2022-01-09,2026-06-14,0,0.0,4,0,4|0
"SUBCATEGORY_SPECIALTY-FRUIT_OTHER-SPECIALTY-FRUIT@@PHOENIX/TUCSON, AZ - MULO",232,232,5424271.22,0,2022-01-09,2026-06-14,0,0.0,4,0,4|0
"SUBCATEGORY_SPECIALTY-FRUIT_OTHER-SPECIALTY-FRUIT@@PITTSBURGH, PA - MULO",232,232,2126577.74,0,2022-01-09,2026-06-14,0,0.0,2,0,2|0
"SUBCATEGORY_SPECIALTY-FRUIT_OTHER-SPECIALTY-FRUIT@@PORTLAND, OR - MULO",232,232,3373029.27,0,2022-01-09,2026-06-14,0,0.0,3,0,3|0
"SUBCATEGORY_SPECIALTY-FRUIT_OTHER-SPECIALTY-FRUIT@@PROVIDENCE, RI - MULO",232,232,1102995.45,0,2022-01-09,2026-06-14,0,0.0,1,0,1|0
"SUBCATEGORY_SPECIALTY-FRUIT_OTHER-SPECIALTY-FRUIT@@RALEIGH/GREENSBORO, NC - MULO",232,232,5015402.27,0,2022-01-09,2026-06-14,0,0.0,4,0,4|0
"SUBCATEGORY_SPECIALTY-FRUIT_OTHER-SPECIALTY-FRUIT@@RICHMOND/NORFOLK, VA - MULO",232,232,2957293.72,0,2022-01-09,2026-06-14,0,0.0,3,0,3|0
"SUBCATEGORY_SPECIALTY-FRUIT_OTHER-SPECIALTY-FRUIT@@ROANOKE, VA - MULO",232,232,1701405.15,0,2022-01-09,2026-06-14,0,0.0,2,0,2|0
"SUBCATEGORY_SPECIALTY-FRUIT_OTHER-SPECIALTY-FRUIT@@SACRAMENTO, CA - MULO",232,232,2051008.12,0,2022-01-09,2026-06-14,0,0.0,2,0,2|0
"SUBCATEGORY_SPECIALTY-FRUIT_OTHER-SPECIALTY-FRUIT@@SALT LAKE CITY, UT - MULO",232,232,2763588.07,0,2022-01-09,2026-06-14,0,0.0,3,0,3|0
"SUBCATEGORY_SPECIALTY-FRUIT_OTHER-SPECIALTY-FRUIT@@SAN DIEGO, CA - MULO",232,232,2181677.93,0,2022-01-09,2026-06-14,0,0.0,2,0,2|0
"SUBCATEGORY_SPECIALTY-FRUIT_OTHER-SPECIALTY-FRUIT@@SAN FRANCISCO/OAKLAND, CA - MULO",232,232,2768124.26,0,2022-01-09,2026-06-14,0,0.0,3,0,3|0
"SUBCATEGORY_SPECIALTY-FRUIT_OTHER-SPECIALTY-FRUIT@@SEATTLE/TACOMA, WA - MULO",232,232,4008827.1,0,2022-01-09,2026-06-14,0,0.0,4,0,4|0
SUBCATEGORY_SPECIALTY-FRUIT_OTHER-SPECIALTY-FRUIT@@SOUTH CAROLINA - MULO,232,232,5122327.53,0,2022-01-09,2026-06-14,0,0.0,4,0,4|0
"SUBCATEGORY_SPECIALTY-FRUIT_OTHER-SPECIALTY-FRUIT@@SPOKANE, WA - MULO",232,232,500617.41000000003,0,2022-01-09,2026-06-14,0,0.0,1,0,1|0
"SUBCATEGORY_SPECIALTY-FRUIT_OTHER-SPECIALTY-FRUIT@@ST. LOUIS, MO - MULO",232,232,2483242.65,0,2022-01-09,2026-06-14,0,0.0,3,0,3|0
"SUBCATEGORY_SPECIALTY-FRUIT_OTHER-SPECIALTY-FRUIT@@SYRACUSE, NY - MULO",232,232,1390697.01,0,2022-01-09,2026-06-14,0,0.0,2,0,2|0
"SUBCATEGORY_SPECIALTY-FRUIT_OTHER-SPECIALTY-FRUIT@@TAMPA/ST. PETERSBURG, FL - MULO",232,232,3981529.72,0,2022-01-09,2026-06-14,0,0.0,4,0,4|0
"SUBCATEGORY_SPECIALTY-FRUIT_OTHER-SPECIALTY-FRUIT@@TOLEDO, OH - MULO",232,232,1521055.03,0,2022-01-09,2026-06-14,0,0.0,2,0,2|0
"SUBCATEGORY_SPECIALTY-FRUIT_OTHER-SPECIALTY-FRUIT@@TULSA, OK - MULO",232,232,1065082.7,0,2022-01-09,2026-06-14,0,0.0,1,0,1|0
SUBCATEGORY_SPECIALTY-FRUIT_OTHER-SPECIALTY-FRUIT@@WEST TEXAS/NEW MEXICO - MULO,232,232,3897845.3,0,2022-01-09,2026-06-14,0,0.0,3,0,3|0
"SUBCATEGORY_SPECIALTY-FRUIT_OTHER-SPECIALTY-FRUIT@@WICHITA, KS - MULO",232,232,723296.9,0,2022-01-09,2026-06-14,0,0.0,1,0,1|0
"SUBCATEGORY_SPECIALTY-FRUIT_PAPAYAS@@ATLANTA, GA - MULO",185,232,271255.19,56,2022-01-09,2026-06-14,47,0.3027027027027027,0,2,0|2
"SUBCATEGORY_SPECIALTY-FRUIT_PAPAYAS@@BIRMINGHAM/MONTGOMERY, AL - MULO",183,232,214722.76,60,2022-01-09,2026-06-14,49,0.32786885245901637,0,2,0|2
"SUBCATEGORY_SPECIALTY-FRUIT_PAPAYAS@@BOSTON, MA - MULO",190,231,228490.3,18,2022-01-16,2026-06-14,41,0.09473684210526316,0,1,0|1
"SUBCATEGORY_SPECIALTY-FRUIT_PAPAYAS@@CHARLOTTE, NC - MULO",231,232,1687111.78,0,2022-01-09,2026-06-14,1,0.0,2,0,2|0
"SUBCATEGORY_SPECIALTY-FRUIT_PAPAYAS@@CHICAGO, IL - MULO",231,232,534346.62,0,2022-01-09,2026-06-14,1,0.0,1,0,1|0
"SUBCATEGORY_SPECIALTY-FRUIT_PAPAYAS@@DALLAS/FT. WORTH, TX - MULO",232,232,3406043.59,0,2022-01-09,2026-06-14,0,0.0,3,0,3|0
"SUBCATEGORY_SPECIALTY-FRUIT_PAPAYAS@@DENVER, CO - MULO",232,232,1397346.96,0,2022-01-09,2026-06-14,0,0.0,2,0,2|0
"SUBCATEGORY_SPECIALTY-FRUIT_PAPAYAS@@DES MOINES, IA - MULO",232,232,384167.31,0,2022-01-09,2026-06-14,0,0.0,0,0,0|0
"SUBCATEGORY_SPECIALTY-FRUIT_PAPAYAS@@DETROIT, MI - MULO",200,232,356073.49,0,2022-01-09,2026-06-14,32,0.0,0,0,0|0
"SUBCATEGORY_SPECIALTY-FRUIT_PAPAYAS@@GRAND RAPIDS, MI - MULO",194,232,179074.32,4,2022-01-09,2026-06-14,38,0.020618556701030927,0,0,0|0
"SUBCATEGORY_SPECIALTY-FRUIT_PAPAYAS@@GREEN BAY, WI - MULO",232,232,122189.32,0,2022-01-09,2026-06-14,0,0.0,0,0,0|0
"SUBCATEGORY_SPECIALTY-FRUIT_PAPAYAS@@HARTFORD, CT/SPRINGFIELD, MA - MULO",180,231,96606.4,46,2022-01-16,2026-06-14,51,0.25555555555555554,0,2,0|2
"SUBCATEGORY_SPECIALTY-FRUIT_PAPAYAS@@HOUSTON, TX - MULO",232,232,9300437.8,0,2022-01-09,2026-06-14,0,0.0,5,0,5|0
"SUBCATEGORY_SPECIALTY-FRUIT_PAPAYAS@@KANSAS CITY, KS - MULO",232,232,471005.27999999997,0,2022-01-09,2026-06-14,0,0.0,1,0,1|0
"SUBCATEGORY_SPECIALTY-FRUIT_PAPAYAS@@KNOXVILLE, TN - MULO",181,232,47392.71,74,2022-01-09,2026-06-14,51,0.4088397790055249,0,2,0|2
"SUBCATEGORY_SPECIALTY-FRUIT_PAPAYAS@@LAS VEGAS, NV - MULO",232,232,1187535.79,0,2022-01-09,2026-06-14,0,0.0,1,0,1|0
"SUBCATEGORY_SPECIALTY-FRUIT_PAPAYAS@@LITTLE ROCK, AR - MULO",186,232,235869.46,20,2022-01-09,2026-06-14,46,0.10752688172043011,0,1,0|1
"SUBCATEGORY_SPECIALTY-FRUIT_PAPAYAS@@LOS ANGELES, CA - MULO",232,232,6311399.76,0,2022-01-09,2026-06-14,0,0.0,4,0,4|0
"SUBCATEGORY_SPECIALTY-FRUIT_PAPAYAS@@MEMPHIS, TN - MULO",180,232,48643.69,90,2022-01-09,2026-06-14,52,0.5,0,2,0|2
"SUBCATEGORY_SPECIALTY-FRUIT_PAPAYAS@@MIAMI/FT. LAUDERDALE, FL - MULO",193,232,734188.98,22,2022-01-09,2026-06-14,39,0.11398963730569948,1,1,1|1
"SUBCATEGORY_SPECIALTY-FRUIT_PAPAYAS@@MILWAUKEE, WI - MULO",232,232,234250.43,0,2022-01-09,2026-06-14,0,0.0,0,0,0|0
"SUBCATEGORY_SPECIALTY-FRUIT_PAPAYAS@@MINNEAPOLIS/ST. PAUL, MN - MULO",232,232,1792366.04,0,2022-01-09,2026-06-14,0,0.0,2,0,2|0
SUBCATEGORY_SPECIALTY-FRUIT_PAPAYAS@@MISSISSIPPI - MULO,200,232,165761.22,0,2022-01-09,2026-06-14,32,0.0,0,0,0|0
SUBCATEGORY_SPECIALTY-FRUIT_PAPAYAS@@NEW ENGLAND - MULO,184,231,64584.82,52,2022-01-16,2026-06-14,47,0.2826086956521739,0,2,0|2
"SUBCATEGORY_SPECIALTY-FRUIT_PAPAYAS@@NEW ORLEANS, LA/MOBILE, AL - MULO",217,232,691254.03,0,2022-01-09,2026-06-14,15,0.0,1,0,1|0
"SUBCATEGORY_SPECIALTY-FRUIT_PAPAYAS@@NEW YORK, NY - MULO",232,232,752018.05,0,2022-01-09,2026-06-14,0,0.0,1,0,1|0
"SUBCATEGORY_SPECIALTY-FRUIT_PAPAYAS@@OKLAHOMA CITY, OK - MULO",230,232,699426.23,0,2022-01-09,2026-06-14,2,0.0,1,0,1|0
"SUBCATEGORY_SPECIALTY-FRUIT_PAPAYAS@@OMAHA, NE - MULO",232,232,535452.35,0,2022-01-09,2026-06-14,0,0.0,1,0,1|0
"SUBCATEGORY_SPECIALTY-FRUIT_PAPAYAS@@ORLANDO, FL - MULO",183,232,49844.44,49,2022-01-09,2026-06-14,49,0.2677595628415301,0,2,0|2
"SUBCATEGORY_SPECIALTY-FRUIT_PAPAYAS@@PEORIA/SPRINGFIELD, IL - MULO",232,232,216390.18,0,2022-01-09,2026-06-14,0,0.0,0,0,0|0
"SUBCATEGORY_SPECIALTY-FRUIT_PAPAYAS@@PHILADELPHIA, PA - MULO",187,231,94578.07,40,2022-01-16,2026-06-14,44,0.21390374331550802,0,2,0|2
"SUBCATEGORY_SPECIALTY-FRUIT_PAPAYAS@@PHOENIX/TUCSON, AZ - MULO",232,232,4321889.4799999995,0,2022-01-09,2026-06-14,0,0.0,4,0,4|0
"SUBCATEGORY_SPECIALTY-FRUIT_PAPAYAS@@PORTLAND, OR - MULO",229,232,765114.02,0,2022-01-09,2026-06-14,3,0.0,1,0,1|0
"SUBCATEGORY_SPECIALTY-FRUIT_PAPAYAS@@PROVIDENCE, RI - MULO",194,231,11976.21,131,2022-01-16,2026-06-14,37,0.6752577319587629,0,2,0|2
"SUBCATEGORY_SPECIALTY-FRUIT_PAPAYAS@@RALEIGH/GREENSBORO, NC - MULO",231,232,2653258.63,12,2022-01-09,2026-06-14,1,0.05194805194805195,3,1,3|1
"SUBCATEGORY_SPECIALTY-FRUIT_PAPAYAS@@RICHMOND/NORFOLK, VA - MULO",207,232,357582.77,62,2022-01-09,2026-06-14,25,0.2995169082125604,0,2,0|2
"SUBCATEGORY_SPECIALTY-FRUIT_PAPAYAS@@ROANOKE, VA - MULO",231,232,300949.19,0,2022-01-09,2026-06-14,1,0.0,0,0,0|0
"SUBCATEGORY_SPECIALTY-FRUIT_PAPAYAS@@SACRAMENTO, CA - MULO",232,232,654206.18,0,2022-01-09,2026-06-14,0,0.0,1,0,1|0
"SUBCATEGORY_SPECIALTY-FRUIT_PAPAYAS@@SALT LAKE CITY, UT - MULO",199,232,212835.84,0,2022-01-09,2026-06-14,33,0.0,0,0,0|0
"SUBCATEGORY_SPECIALTY-FRUIT_PAPAYAS@@SAN DIEGO, CA - MULO",232,232,873789.69,0,2022-01-09,2026-06-14,0,0.0,1,0,1|0
"SUBCATEGORY_SPECIALTY-FRUIT_PAPAYAS@@SAN FRANCISCO/OAKLAND, CA - MULO",232,232,1300932.58,0,2022-01-09,2026-06-14,0,0.0,2,0,2|0
"SUBCATEGORY_SPECIALTY-FRUIT_PAPAYAS@@SEATTLE/TACOMA, WA - MULO",228,232,928268.57,0,2022-01-09,2026-06-14,4,0.0,1,0,1|0
SUBCATEGORY_SPECIALTY-FRUIT_PAPAYAS@@SOUTH CAROLINA - MULO,232,232,2179892.56,0,2022-01-09,2026-06-14,0,0.0,2,0,2|0
"SUBCATEGORY_SPECIALTY-FRUIT_PAPAYAS@@SPOKANE, WA - MULO",228,232,126954.05,0,2022-01-09,2026-06-14,4,0.0,0,0,0|0
"SUBCATEGORY_SPECIALTY-FRUIT_PAPAYAS@@ST. LOUIS, MO - MULO",232,232,348219.28,0,2022-01-09,2026-06-14,0,0.0,0,0,0|0
"SUBCATEGORY_SPECIALTY-FRUIT_PAPAYAS@@TAMPA/ST. PETERSBURG, FL - MULO",181,231,93724.24,49,2022-01-16,2026-06-14,50,0.27071823204419887,0,2,0|2
"SUBCATEGORY_SPECIALTY-FRUIT_PAPAYAS@@TOLEDO, OH - MULO",200,232,86305.01,0,2022-01-09,2026-06-14,32,0.0,0,0,0|0
"SUBCATEGORY_SPECIALTY-FRUIT_PAPAYAS@@TULSA, OK - MULO",183,231,286043.56,12,2022-01-16,2026-06-14,48,0.06557377049180328,0,1,0|1
SUBCATEGORY_SPECIALTY-FRUIT_PAPAYAS@@WEST TEXAS/NEW MEXICO - MULO,232,232,6534347.89,0,2022-01-09,2026-06-14,0,0.0,5,0,5|0
"SUBCATEGORY_SPECIALTY-FRUIT_PAPAYAS@@WICHITA, KS - MULO",232,232,187614.5,0,2022-01-09,2026-06-14,0,0.0,0,0,0|0
"SUBCATEGORY_SPECIALTY-FRUIT_PINEAPPLE@@ALBANY, NY - MULO",232,232,1117524.3,0,2022-01-09,2026-06-14,0,0.0,1,0,1|0
"SUBCATEGORY_SPECIALTY-FRUIT_PINEAPPLE@@ATLANTA, GA - MULO",232,232,7714298.49,0,2022-01-09,2026-06-14,0,0.0,5,0,5|0
"SUBCATEGORY_SPECIALTY-FRUIT_PINEAPPLE@@BALTIMORE, MD/WASHINGTON D.C. - MULO",232,232,28918370.92,0,2022-01-09,2026-06-14,0,0.0,8,0,8|0
"SUBCATEGORY_SPECIALTY-FRUIT_PINEAPPLE@@BIRMINGHAM/MONTGOMERY, AL - MULO",232,232,5442003.4,0,2022-01-09,2026-06-14,0,0.0,4,0,4|0
"SUBCATEGORY_SPECIALTY-FRUIT_PINEAPPLE@@BOISE, ID - MULO",232,232,799073.58,0,2022-01-09,2026-06-14,0,0.0,1,0,1|0
"SUBCATEGORY_SPECIALTY-FRUIT_PINEAPPLE@@BOSTON, MA - MULO",232,232,9142071.75,0,2022-01-09,2026-06-14,0,0.0,5,0,5|0
"SUBCATEGORY_SPECIALTY-FRUIT_PINEAPPLE@@BUFFALO/ROCHESTER, NY - MULO",232,232,11824816.49,0,2022-01-09,2026-06-14,0,0.0,6,0,6|0
"SUBCATEGORY_SPECIALTY-FRUIT_PINEAPPLE@@CHARLOTTE, NC - MULO",232,232,5498645.52,0,2022-01-09,2026-06-14,0,0.0,4,0,4|0
"SUBCATEGORY_SPECIALTY-FRUIT_PINEAPPLE@@CHICAGO, IL - MULO",232,232,23663365.89,0,2022-01-09,2026-06-14,0,0.0,7,0,7|0
"SUBCATEGORY_SPECIALTY-FRUIT_PINEAPPLE@@CINCINNATI/DAYTON, OH - MULO",232,232,6997578.92,0,2022-01-09,2026-06-14,0,0.0,5,0,5|0
"SUBCATEGORY_SPECIALTY-FRUIT_PINEAPPLE@@CLEVELAND, OH - MULO",232,232,7311283.95,0,2022-01-09,2026-06-14,0,0.0,5,0,5|0
"SUBCATEGORY_SPECIALTY-FRUIT_PINEAPPLE@@COLUMBUS, OH - MULO",232,232,8950455.19,0,2022-01-09,2026-06-14,0,0.0,5,0,5|0
"SUBCATEGORY_SPECIALTY-FRUIT_PINEAPPLE@@DALLAS/FT. WORTH, TX - MULO",232,232,14852888.12,0,2022-01-09,2026-06-14,0,0.0,6,0,6|0
"SUBCATEGORY_SPECIALTY-FRUIT_PINEAPPLE@@DENVER, CO - MULO",232,232,4500971.57,0,2022-01-09,2026-06-14,0,0.0,4,0,4|0
"SUBCATEGORY_SPECIALTY-FRUIT_PINEAPPLE@@DES MOINES, IA - MULO",232,232,740404.04,0,2022-01-09,2026-06-14,0,0.0,1,0,1|0
"SUBCATEGORY_SPECIALTY-FRUIT_PINEAPPLE@@DETROIT, MI - MULO",232,232,20190179.8,0,2022-01-09,2026-06-14,0,0.0,7,0,7|0
"SUBCATEGORY_SPECIALTY-FRUIT_PINEAPPLE@@GRAND RAPIDS, MI - MULO",232,232,8237214.3,0,2022-01-09,2026-06-14,0,0.0,5,0,5|0
"SUBCATEGORY_SPECIALTY-FRUIT_PINEAPPLE@@GREEN BAY, WI - MULO",232,232,2838871.96,0,2022-01-09,2026-06-14,0,0.0,3,0,3|0
"SUBCATEGORY_SPECIALTY-FRUIT_PINEAPPLE@@HARRISBURG/SCRANTON, PA - MULO",232,232,11479699.56,0,2022-01-09,2026-06-14,0,0.0,6,0,6|0
"SUBCATEGORY_SPECIALTY-FRUIT_PINEAPPLE@@HARTFORD, CT/SPRINGFIELD, MA - MULO",232,232,8858336.19,0,2022-01-09,2026-06-14,0,0.0,5,0,5|0
"SUBCATEGORY_SPECIALTY-FRUIT_PINEAPPLE@@HOUSTON, TX - MULO",232,232,9217159.92,0,2022-01-09,2026-06-14,0,0.0,5,0,5|0
"SUBCATEGORY_SPECIALTY-FRUIT_PINEAPPLE@@INDIANAPOLIS, IN - MULO",232,232,4914296.25,0,2022-01-09,2026-06-14,0,0.0,4,0,4|0
"SUBCATEGORY_SPECIALTY-FRUIT_PINEAPPLE@@JACKSONVILLE, FL - MULO",232,232,2438494.42,0,2022-01-09,2026-06-14,0,0.0,3,0,3|0
"SUBCATEGORY_SPECIALTY-FRUIT_PINEAPPLE@@KANSAS CITY, KS - MULO",232,232,2324349.99,0,2022-01-09,2026-06-14,0,0.0,3,0,3|0
"SUBCATEGORY_SPECIALTY-FRUIT_PINEAPPLE@@KNOXVILLE, TN - MULO",232,232,1511753.5,0,2022-01-09,2026-06-14,0,0.0,2,0,2|0
"SUBCATEGORY_SPECIALTY-FRUIT_PINEAPPLE@@LAS VEGAS, NV - MULO",232,232,5070777.7,0,2022-01-09,2026-06-14,0,0.0,4,0,4|0
"SUBCATEGORY_SPECIALTY-FRUIT_PINEAPPLE@@LITTLE ROCK, AR - MULO",232,232,1312635.32,0,2022-01-09,2026-06-14,0,0.0,2,0,2|0
"SUBCATEGORY_SPECIALTY-FRUIT_PINEAPPLE@@LOS ANGELES, CA - MULO",232,232,21410086.92,0,2022-01-09,2026-06-14,0,0.0,7,0,7|0
"SUBCATEGORY_SPECIALTY-FRUIT_PINEAPPLE@@LOUISVILLE, KY - MULO",232,232,2009861.9,0,2022-01-09,2026-06-14,0,0.0,2,0,2|0
"SUBCATEGORY_SPECIALTY-FRUIT_PINEAPPLE@@MEMPHIS, TN - MULO",232,232,1388031.03,0,2022-01-09,2026-06-14,0,0.0,2,0,2|0
"SUBCATEGORY_SPECIALTY-FRUIT_PINEAPPLE@@MIAMI/FT. LAUDERDALE, FL - MULO",232,232,7620035.21,0,2022-01-09,2026-06-14,0,0.0,5,0,5|0
"SUBCATEGORY_SPECIALTY-FRUIT_PINEAPPLE@@MILWAUKEE, WI - MULO",232,232,13626352.38,0,2022-01-09,2026-06-14,0,0.0,6,0,6|0
"SUBCATEGORY_SPECIALTY-FRUIT_PINEAPPLE@@MINNEAPOLIS/ST. PAUL, MN - MULO",232,232,7541229.26,0,2022-01-09,2026-06-14,0,0.0,5,0,5|0
SUBCATEGORY_SPECIALTY-FRUIT_PINEAPPLE@@MISSISSIPPI - MULO,232,232,3310286.96,0,2022-01-09,2026-06-14,0,0.0,3,0,3|0
"SUBCATEGORY_SPECIALTY-FRUIT_PINEAPPLE@@NASHVILLE, TN - MULO",232,232,3389550.76,0,2022-01-09,2026-06-14,0,0.0,3,0,3|0
SUBCATEGORY_SPECIALTY-FRUIT_PINEAPPLE@@NEW ENGLAND - MULO,232,232,3855653.08,0,2022-01-09,2026-06-14,0,0.0,3,0,3|0
"SUBCATEGORY_SPECIALTY-FRUIT_PINEAPPLE@@NEW ORLEANS, LA/MOBILE, AL - MULO",232,232,3733086.79,0,2022-01-09,2026-06-14,0,0.0,3,0,3|0
"SUBCATEGORY_SPECIALTY-FRUIT_PINEAPPLE@@NEW YORK, NY - MULO",232,232,31007297.58,0,2022-01-09,2026-06-14,0,0.0,8,0,8|0
"SUBCATEGORY_SPECIALTY-FRUIT_PINEAPPLE@@OKLAHOMA CITY, OK - MULO",232,232,2135981.55,0,2022-01-09,2026-06-14,0,0.0,2,0,2|0
"SUBCATEGORY_SPECIALTY-FRUIT_PINEAPPLE@@OMAHA, NE - MULO",232,232,1123690.34,0,2022-01-09,2026-06-14,0,0.0,1,0,1|0
"SUBCATEGORY_SPECIALTY-FRUIT_PINEAPPLE@@ORLANDO, FL - MULO",232,232,5006186.87,0,2022-01-09,2026-06-14,0,0.0,4,0,4|0
"SUBCATEGORY_SPECIALTY-FRUIT_PINEAPPLE@@PEORIA/SPRINGFIELD, IL - MULO",232,232,2765272.87,0,2022-01-09,2026-06-14,0,0.0,3,0,3|0
"SUBCATEGORY_SPECIALTY-FRUIT_PINEAPPLE@@PHILADELPHIA, PA - MULO",232,232,16485378.03,0,2022-01-09,2026-06-14,0,0.0,7,0,7|0
"SUBCATEGORY_SPECIALTY-FRUIT_PINEAPPLE@@PHOENIX/TUCSON, AZ - MULO",232,232,6911920.15,0,2022-01-09,2026-06-14,0,0.0,5,0,5|0
"SUBCATEGORY_SPECIALTY-FRUIT_PINEAPPLE@@PITTSBURGH, PA - MULO",232,232,8514892.06,0,2022-01-09,2026-06-14,0,0.0,5,0,5|0
"SUBCATEGORY_SPECIALTY-FRUIT_PINEAPPLE@@PORTLAND, OR - MULO",232,232,6375826.31,0,2022-01-09,2026-06-14,0,0.0,5,0,5|0
"SUBCATEGORY_SPECIALTY-FRUIT_PINEAPPLE@@PROVIDENCE, RI - MULO",232,232,1628471.16,0,2022-01-09,2026-06-14,0,0.0,2,0,2|0
"SUBCATEGORY_SPECIALTY-FRUIT_PINEAPPLE@@RALEIGH/GREENSBORO, NC - MULO",232,232,6950147.28,0,2022-01-09,2026-06-14,0,0.0,5,0,5|0
"SUBCATEGORY_SPECIALTY-FRUIT_PINEAPPLE@@RICHMOND/NORFOLK, VA - MULO",232,232,6255173.1,0,2022-01-09,2026-06-14,0,0.0,4,0,4|0
"SUBCATEGORY_SPECIALTY-FRUIT_PINEAPPLE@@ROANOKE, VA - MULO",232,232,3601512.48,0,2022-01-09,2026-06-14,0,0.0,3,0,3|0
"SUBCATEGORY_SPECIALTY-FRUIT_PINEAPPLE@@SACRAMENTO, CA - MULO",232,232,2265923.49,0,2022-01-09,2026-06-14,0,0.0,2,0,2|0
"SUBCATEGORY_SPECIALTY-FRUIT_PINEAPPLE@@SALT LAKE CITY, UT - MULO",232,232,1226725.1,0,2022-01-09,2026-06-14,0,0.0,2,0,2|0
"SUBCATEGORY_SPECIALTY-FRUIT_PINEAPPLE@@SAN DIEGO, CA - MULO",232,232,3489073.05,0,2022-01-09,2026-06-14,0,0.0,3,0,3|0
"SUBCATEGORY_SPECIALTY-FRUIT_PINEAPPLE@@SAN FRANCISCO/OAKLAND, CA - MULO",232,232,2968363.44,0,2022-01-09,2026-06-14,0,0.0,3,0,3|0
"SUBCATEGORY_SPECIALTY-FRUIT_PINEAPPLE@@SEATTLE/TACOMA, WA - MULO",232,232,6811881.08,0,2022-01-09,2026-06-14,0,0.0,5,0,5|0
SUBCATEGORY_SPECIALTY-FRUIT_PINEAPPLE@@SOUTH CAROLINA - MULO,232,232,9274299.34,0,2022-01-09,2026-06-14,0,0.0,5,0,5|0
"SUBCATEGORY_SPECIALTY-FRUIT_PINEAPPLE@@SPOKANE, WA - MULO",232,232,793759.95,0,2022-01-09,2026-06-14,0,0.0,1,0,1|0
"SUBCATEGORY_SPECIALTY-FRUIT_PINEAPPLE@@ST. LOUIS, MO - MULO",232,232,3132691.5,0,2022-01-09,2026-06-14,0,0.0,3,0,3|0
"SUBCATEGORY_SPECIALTY-FRUIT_PINEAPPLE@@SYRACUSE, NY - MULO",232,232,3552360.81,0,2022-01-09,2026-06-14,0,0.0,3,0,3|0
"SUBCATEGORY_SPECIALTY-FRUIT_PINEAPPLE@@TAMPA/ST. PETERSBURG, FL - MULO",232,232,4408457.55,0,2022-01-09,2026-06-14,0,0.0,4,0,4|0
"SUBCATEGORY_SPECIALTY-FRUIT_PINEAPPLE@@TOLEDO, OH - MULO",232,232,5887061.9,0,2022-01-09,2026-06-14,0,0.0,4,0,4|0
"SUBCATEGORY_SPECIALTY-FRUIT_PINEAPPLE@@TULSA, OK - MULO",232,232,1706559.94,0,2022-01-09,2026-06-14,0,0.0,2,0,2|0
SUBCATEGORY_SPECIALTY-FRUIT_PINEAPPLE@@WEST TEXAS/NEW MEXICO - MULO,232,232,4720570.15,0,2022-01-09,2026-06-14,0,0.0,4,0,4|0
"SUBCATEGORY_SPECIALTY-FRUIT_PINEAPPLE@@WICHITA, KS - MULO",232,232,919232.88,0,2022-01-09,2026-06-14,0,0.0,1,0,1|0
"SUBCATEGORY_SQUASH_OTHER-SQUASH@@ATLANTA, GA - MULO",197,232,147821.03,4,2022-01-09,2026-06-14,35,0.02030456852791878,0,0,0|0
"SUBCATEGORY_SQUASH_OTHER-SQUASH@@BALTIMORE, MD/WASHINGTON D.C. - MULO",232,232,1563696.69,0,2022-01-09,2026-06-14,0,0.0,2,0,2|0
"SUBCATEGORY_SQUASH_OTHER-SQUASH@@BIRMINGHAM/MONTGOMERY, AL - MULO",232,232,234634.81,0,2022-01-09,2026-06-14,0,0.0,0,0,0|0
"SUBCATEGORY_SQUASH_OTHER-SQUASH@@BOISE, ID - MULO",211,232,14038.21,18,2022-01-09,2026-06-14,21,0.08530805687203792,0,1,0|1
"SUBCATEGORY_SQUASH_OTHER-SQUASH@@CHARLOTTE, NC - MULO",232,232,966218.62,4,2022-01-09,2026-06-14,0,0.017241379310344827,1,0,1|0
"SUBCATEGORY_SQUASH_OTHER-SQUASH@@CHICAGO, IL - MULO",178,232,38290.79,0,2022-01-09,2026-06-14,54,0.0,0,0,0|0
"SUBCATEGORY_SQUASH_OTHER-SQUASH@@CINCINNATI/DAYTON, OH - MULO",207,232,13016.49,3,2022-01-09,2026-06-14,25,0.014492753623188406,0,0,0|0
"SUBCATEGORY_SQUASH_OTHER-SQUASH@@DALLAS/FT. WORTH, TX - MULO",190,232,282809.67,0,2022-01-09,2026-06-14,42,0.0,0,0,0|0
"SUBCATEGORY_SQUASH_OTHER-SQUASH@@DENVER, CO - MULO",232,232,393631.95,0,2022-01-09,2026-06-14,0,0.0,0,0,0|0
"SUBCATEGORY_SQUASH_OTHER-SQUASH@@DES MOINES, IA - MULO",210,225,6869.12,157,2022-02-27,2026-06-14,15,0.7476190476190476,0,2,0|2
"SUBCATEGORY_SQUASH_OTHER-SQUASH@@DETROIT, MI - MULO",179,232,27229.61,51,2022-01-09,2026-06-14,53,0.2849162011173184,0,2,0|2
"SUBCATEGORY_SQUASH_OTHER-SQUASH@@GRAND RAPIDS, MI - MULO",158,167,24303.34,8,2023-04-09,2026-06-14,9,0.05063291139240506,0,1,0|1
"SUBCATEGORY_SQUASH_OTHER-SQUASH@@HARRISBURG/SCRANTON, PA - MULO",205,232,75572.97,7,2022-01-09,2026-06-14,27,0.03414634146341464,0,0,0|0
"SUBCATEGORY_SQUASH_OTHER-SQUASH@@INDIANAPOLIS, IN - MULO",190,232,17147.9,0,2022-01-09,2026-06-14,42,0.0,0,0,0|0
"SUBCATEGORY_SQUASH_OTHER-SQUASH@@JACKSONVILLE, FL - MULO",227,232,28728.93,37,2022-01-09,2026-06-14,5,0.16299559471365638,0,1,0|1
"SUBCATEGORY_SQUASH_OTHER-SQUASH@@KANSAS CITY, KS - MULO",226,232,34760.61,1,2022-01-09,2026-06-14,6,0.004424778761061947,0,0,0|0
"SUBCATEGORY_SQUASH_OTHER-SQUASH@@KNOXVILLE, TN - MULO",232,232,628645.8099999999,0,2022-01-09,2026-06-14,0,0.0,1,0,1|0
"SUBCATEGORY_SQUASH_OTHER-SQUASH@@LAS VEGAS, NV - MULO",229,232,127957.25,0,2022-01-09,2026-06-14,3,0.0,0,0,0|0
"SUBCATEGORY_SQUASH_OTHER-SQUASH@@LITTLE ROCK, AR - MULO",232,232,135674.26,0,2022-01-09,2026-06-14,0,0.0,0,0,0|0
"SUBCATEGORY_SQUASH_OTHER-SQUASH@@LOS ANGELES, CA - MULO",232,232,741124.28,0,2022-01-09,2026-06-14,0,0.0,1,0,1|0
"SUBCATEGORY_SQUASH_OTHER-SQUASH@@MEMPHIS, TN - MULO",210,232,12521.75,6,2022-01-09,2026-06-14,22,0.02857142857142857,0,0,0|0
"SUBCATEGORY_SQUASH_OTHER-SQUASH@@MIAMI/FT. LAUDERDALE, FL - MULO",187,232,88971.08,6,2022-01-09,2026-06-14,45,0.03208556149732621,0,0,0|0
"SUBCATEGORY_SQUASH_OTHER-SQUASH@@MILWAUKEE, WI - MULO",201,232,17550.61,0,2022-01-09,2026-06-14,31,0.0,0,0,0|0
"SUBCATEGORY_SQUASH_OTHER-SQUASH@@MINNEAPOLIS/ST. PAUL, MN - MULO",232,232,268905.87,0,2022-01-09,2026-06-14,0,0.0,0,0,0|0
SUBCATEGORY_SQUASH_OTHER-SQUASH@@MISSISSIPPI - MULO,188,232,44386.5,18,2022-01-09,2026-06-14,44,0.09574468085106383,0,1,0|1
"SUBCATEGORY_SQUASH_OTHER-SQUASH@@NASHVILLE, TN - MULO",202,232,26606.73,6,2022-01-09,2026-06-14,30,0.0297029702970297,0,0,0|0
"SUBCATEGORY_SQUASH_OTHER-SQUASH@@NEW ORLEANS, LA/MOBILE, AL - MULO",210,232,28776.23,143,2022-01-09,2026-06-14,22,0.680952380952381,0,2,0|2
"SUBCATEGORY_SQUASH_OTHER-SQUASH@@NEW YORK, NY - MULO",232,232,588421.43,0,2022-01-09,2026-06-14,0,0.0,1,0,1|0
"SUBCATEGORY_SQUASH_OTHER-SQUASH@@OKLAHOMA CITY, OK - MULO",220,232,32284.56,168,2022-01-09,2026-06-14,12,0.7636363636363637,0,2,0|2
"SUBCATEGORY_SQUASH_OTHER-SQUASH@@OMAHA, NE - MULO",178,225,16021.29,77,2022-02-27,2026-06-14,47,0.43258426966292135,0,2,0|2
"SUBCATEGORY_SQUASH_OTHER-SQUASH@@ORLANDO, FL - MULO",185,232,50146.07,8,2022-01-09,2026-06-14,47,0.043243243243243246,0,0,0|0
"SUBCATEGORY_SQUASH_OTHER-SQUASH@@PHILADELPHIA, PA - MULO",232,232,644935.55,0,2022-01-09,2026-06-14,0,0.0,1,0,1|0
"SUBCATEGORY_SQUASH_OTHER-SQUASH@@PHOENIX/TUCSON, AZ - MULO",232,232,431849.43,0,2022-01-09,2026-06-14,0,0.0,0,0,0|0
"SUBCATEGORY_SQUASH_OTHER-SQUASH@@PORTLAND, OR - MULO",214,232,36240.73,0,2022-01-09,2026-06-14,18,0.0,0,0,0|0
"SUBCATEGORY_SQUASH_OTHER-SQUASH@@RALEIGH/GREENSBORO, NC - MULO",232,232,910696.21,2,2022-01-09,2026-06-14,0,0.008620689655172414,1,0,1|0
"SUBCATEGORY_SQUASH_OTHER-SQUASH@@RICHMOND/NORFOLK, VA - MULO",232,232,327058.85,0,2022-01-09,2026-06-14,0,0.0,0,0,0|0
"SUBCATEGORY_SQUASH_OTHER-SQUASH@@ROANOKE, VA - MULO",232,232,414967.11,0,2022-01-09,2026-06-14,0,0.0,0,0,0|0
"SUBCATEGORY_SQUASH_OTHER-SQUASH@@SACRAMENTO, CA - MULO",232,232,353129.95,0,2022-01-09,2026-06-14,0,0.0,0,0,0|0
"SUBCATEGORY_SQUASH_OTHER-SQUASH@@SALT LAKE CITY, UT - MULO",211,230,15370.72,113,2022-01-23,2026-06-14,19,0.5355450236966824,0,2,0|2
"SUBCATEGORY_SQUASH_OTHER-SQUASH@@SAN DIEGO, CA - MULO",229,232,161587.19,0,2022-01-09,2026-06-14,3,0.0,0,0,0|0
"SUBCATEGORY_SQUASH_OTHER-SQUASH@@SAN FRANCISCO/OAKLAND, CA - MULO",232,232,216726.07,0,2022-01-09,2026-06-14,0,0.0,0,0,0|0
SUBCATEGORY_SQUASH_OTHER-SQUASH@@SOUTH CAROLINA - MULO,229,232,566617.06,55,2022-01-09,2026-06-14,3,0.24017467248908297,1,2,1|2
"SUBCATEGORY_SQUASH_OTHER-SQUASH@@ST. LOUIS, MO - MULO",232,232,47681.0,0,2022-01-09,2026-06-14,0,0.0,0,0,0|0
"SUBCATEGORY_SQUASH_OTHER-SQUASH@@TAMPA/ST. PETERSBURG, FL - MULO",185,232,43437.76,6,2022-01-09,2026-06-14,47,0.032432432432432434,0,0,0|0
"SUBCATEGORY_SQUASH_OTHER-SQUASH@@TULSA, OK - MULO",227,232,41748.87,11,2022-01-09,2026-06-14,5,0.048458149779735685,0,0,0|0
SUBCATEGORY_SQUASH_OTHER-SQUASH@@WEST TEXAS/NEW MEXICO - MULO,209,212,341887.19,35,2022-05-29,2026-06-14,3,0.1674641148325359,0,1,0|1
"SUBCATEGORY_SQUASH_OTHER-SQUASH@@WICHITA, KS - MULO",156,196,12879.69,84,2022-09-18,2026-06-14,40,0.5384615384615384,0,2,0|2
"SUBCATEGORY_SQUASH_SUMMER-SQUASH@@ALBANY, NY - MULO",232,232,940666.42,0,2022-01-09,2026-06-14,0,0.0,1,0,1|0
"SUBCATEGORY_SQUASH_SUMMER-SQUASH@@ATLANTA, GA - MULO",232,232,16618198.71,0,2022-01-09,2026-06-14,0,0.0,7,0,7|0
"SUBCATEGORY_SQUASH_SUMMER-SQUASH@@BALTIMORE, MD/WASHINGTON D.C. - MULO",232,232,5168573.12,0,2022-01-09,2026-06-14,0,0.0,4,0,4|0
"SUBCATEGORY_SQUASH_SUMMER-SQUASH@@BIRMINGHAM/MONTGOMERY, AL - MULO",232,232,11927818.47,0,2022-01-09,2026-06-14,0,0.0,6,0,6|0
"SUBCATEGORY_SQUASH_SUMMER-SQUASH@@BOISE, ID - MULO",221,232,5468.9400000000005,108,2022-01-09,2026-06-14,11,0.48868778280542985,0,2,0|2
"SUBCATEGORY_SQUASH_SUMMER-SQUASH@@BOSTON, MA - MULO",232,232,4964538.6,0,2022-01-09,2026-06-14,0,0.0,4,0,4|0
"SUBCATEGORY_SQUASH_SUMMER-SQUASH@@BUFFALO/ROCHESTER, NY - MULO",232,232,403928.96,0,2022-01-09,2026-06-14,0,0.0,0,0,0|0
"SUBCATEGORY_SQUASH_SUMMER-SQUASH@@CHARLOTTE, NC - MULO",232,232,3094911.96,0,2022-01-09,2026-06-14,0,0.0,3,0,3|0
"SUBCATEGORY_SQUASH_SUMMER-SQUASH@@CHICAGO, IL - MULO",232,232,505337.95,0,2022-01-09,2026-06-14,0,0.0,1,0,1|0
"SUBCATEGORY_SQUASH_SUMMER-SQUASH@@CINCINNATI/DAYTON, OH - MULO",232,232,307478.13,0,2022-01-09,2026-06-14,0,0.0,0,0,0|0
"SUBCATEGORY_SQUASH_SUMMER-SQUASH@@CLEVELAND, OH - MULO",232,232,229308.94,0,2022-01-09,2026-06-14,0,0.0,0,0,0|0
"SUBCATEGORY_SQUASH_SUMMER-SQUASH@@COLUMBUS, OH - MULO",232,232,294367.94,0,2022-01-09,2026-06-14,0,0.0,0,0,0|0
"SUBCATEGORY_SQUASH_SUMMER-SQUASH@@DALLAS/FT. WORTH, TX - MULO",232,232,830505.8,0,2022-01-09,2026-06-14,0,0.0,1,0,1|0
"SUBCATEGORY_SQUASH_SUMMER-SQUASH@@DENVER, CO - MULO",232,232,1162684.92,0,2022-01-09,2026-06-14,0,0.0,1,0,1|0
"SUBCATEGORY_SQUASH_SUMMER-SQUASH@@DES MOINES, IA - MULO",230,230,110039.97,12,2022-01-23,2026-06-14,0,0.05217391304347826,0,1,0|1
"SUBCATEGORY_SQUASH_SUMMER-SQUASH@@DETROIT, MI - MULO",232,232,502516.0,0,2022-01-09,2026-06-14,0,0.0,1,0,1|0
"SUBCATEGORY_SQUASH_SUMMER-SQUASH@@GRAND RAPIDS, MI - MULO",232,232,95302.14,0,2022-01-09,2026-06-14,0,0.0,0,0,0|0
"SUBCATEGORY_SQUASH_SUMMER-SQUASH@@GREEN BAY, WI - MULO",231,231,78115.99,13,2022-01-16,2026-06-14,0,0.05627705627705628,0,1,0|1
"SUBCATEGORY_SQUASH_SUMMER-SQUASH@@HARRISBURG/SCRANTON, PA - MULO",232,232,2330897.43,0,2022-01-09,2026-06-14,0,0.0,3,0,3|0
"SUBCATEGORY_SQUASH_SUMMER-SQUASH@@HARTFORD, CT/SPRINGFIELD, MA - MULO",232,232,3479706.5,0,2022-01-09,2026-06-14,0,0.0,3,0,3|0
"SUBCATEGORY_SQUASH_SUMMER-SQUASH@@HOUSTON, TX - MULO",232,232,105057.39,0,2022-01-09,2026-06-14,0,0.0,0,0,0|0
"SUBCATEGORY_SQUASH_SUMMER-SQUASH@@INDIANAPOLIS, IN - MULO",232,232,310762.39,0,2022-01-09,2026-06-14,0,0.0,0,0,0|0
"SUBCATEGORY_SQUASH_SUMMER-SQUASH@@JACKSONVILLE, FL - MULO",232,232,11786221.76,0,2022-01-09,2026-06-14,0,0.0,6,0,6|0
"SUBCATEGORY_SQUASH_SUMMER-SQUASH@@KANSAS CITY, KS - MULO",232,232,163106.95,0,2022-01-09,2026-06-14,0,0.0,0,0,0|0
"SUBCATEGORY_SQUASH_SUMMER-SQUASH@@KNOXVILLE, TN - MULO",232,232,808770.9,0,2022-01-09,2026-06-14,0,0.0,1,0,1|0
"SUBCATEGORY_SQUASH_SUMMER-SQUASH@@LAS VEGAS, NV - MULO",232,232,656662.15,0,2022-01-09,2026-06-14,0,0.0,1,0,1|0
"SUBCATEGORY_SQUASH_SUMMER-SQUASH@@LITTLE ROCK, AR - MULO",232,232,152605.9,0,2022-01-09,2026-06-14,0,0.0,0,0,0|0
"SUBCATEGORY_SQUASH_SUMMER-SQUASH@@LOS ANGELES, CA - MULO",232,232,5443437.42,0,2022-01-09,2026-06-14,0,0.0,4,0,4|0
"SUBCATEGORY_SQUASH_SUMMER-SQUASH@@LOUISVILLE, KY - MULO",232,232,178930.79,0,2022-01-09,2026-06-14,0,0.0,0,0,0|0
"SUBCATEGORY_SQUASH_SUMMER-SQUASH@@MEMPHIS, TN - MULO",232,232,237951.36,4,2022-01-09,2026-06-14,0,0.017241379310344827,0,0,0|0
"SUBCATEGORY_SQUASH_SUMMER-SQUASH@@MIAMI/FT. LAUDERDALE, FL - MULO",232,232,30052951.04,0,2022-01-09,2026-06-14,0,0.0,8,0,8|0
"SUBCATEGORY_SQUASH_SUMMER-SQUASH@@MILWAUKEE, WI - MULO",232,232,322229.0,0,2022-01-09,2026-06-14,0,0.0,0,0,0|0
"SUBCATEGORY_SQUASH_SUMMER-SQUASH@@MINNEAPOLIS/ST. PAUL, MN - MULO",232,232,422523.18,0,2022-01-09,2026-06-14,0,0.0,0,0,0|0
SUBCATEGORY_SQUASH_SUMMER-SQUASH@@MISSISSIPPI - MULO,232,232,415513.02,0,2022-01-09,2026-06-14,0,0.0,0,0,0|0
"SUBCATEGORY_SQUASH_SUMMER-SQUASH@@NASHVILLE, TN - MULO",232,232,4696499.22,0,2022-01-09,2026-06-14,0,0.0,4,0,4|0
SUBCATEGORY_SQUASH_SUMMER-SQUASH@@NEW ENGLAND - MULO,232,232,2401075.82,0,2022-01-09,2026-06-14,0,0.0,3,0,3|0
"SUBCATEGORY_SQUASH_SUMMER-SQUASH@@NEW ORLEANS, LA/MOBILE, AL - MULO",232,232,3342599.34,0,2022-01-09,2026-06-14,0,0.0,3,0,3|0
"SUBCATEGORY_SQUASH_SUMMER-SQUASH@@NEW YORK, NY - MULO",232,232,14445801.91,0,2022-01-09,2026-06-14,0,0.0,6,0,6|0
"SUBCATEGORY_SQUASH_SUMMER-SQUASH@@OKLAHOMA CITY, OK - MULO",232,232,366879.5,0,2022-01-09,2026-06-14,0,0.0,0,0,0|0
"SUBCATEGORY_SQUASH_SUMMER-SQUASH@@OMAHA, NE - MULO",232,232,92461.18,0,2022-01-09,2026-06-14,0,0.0,0,0,0|0
"SUBCATEGORY_SQUASH_SUMMER-SQUASH@@ORLANDO, FL - MULO",232,232,20411639.89,0,2022-01-09,2026-06-14,0,0.0,7,0,7|0
"SUBCATEGORY_SQUASH_SUMMER-SQUASH@@PEORIA/SPRINGFIELD, IL - MULO",232,232,233677.07,0,2022-01-09,2026-06-14,0,0.0,0,0,0|0
"SUBCATEGORY_SQUASH_SUMMER-SQUASH@@PHILADELPHIA, PA - MULO",232,232,3120084.58,0,2022-01-09,2026-06-14,0,0.0,3,0,3|0
"SUBCATEGORY_SQUASH_SUMMER-SQUASH@@PHOENIX/TUCSON, AZ - MULO",232,232,1030202.56,0,2022-01-09,2026-06-14,0,0.0,1,0,1|0
"SUBCATEGORY_SQUASH_SUMMER-SQUASH@@PITTSBURGH, PA - MULO",232,232,215566.5,0,2022-01-09,2026-06-14,0,0.0,0,0,0|0
"SUBCATEGORY_SQUASH_SUMMER-SQUASH@@PORTLAND, OR - MULO",232,232,137365.56,0,2022-01-09,2026-06-14,0,0.0,0,0,0|0
"SUBCATEGORY_SQUASH_SUMMER-SQUASH@@PROVIDENCE, RI - MULO",232,232,818157.91,0,2022-01-09,2026-06-14,0,0.0,1,0,1|0
"SUBCATEGORY_SQUASH_SUMMER-SQUASH@@RALEIGH/GREENSBORO, NC - MULO",232,232,1695104.29,0,2022-01-09,2026-06-14,0,0.0,2,0,2|0
"SUBCATEGORY_SQUASH_SUMMER-SQUASH@@RICHMOND/NORFOLK, VA - MULO",232,232,2027643.92,0,2022-01-09,2026-06-14,0,0.0,2,0,2|0
"SUBCATEGORY_SQUASH_SUMMER-SQUASH@@ROANOKE, VA - MULO",232,232,501916.29,0,2022-01-09,2026-06-14,0,0.0,1,0,1|0
"SUBCATEGORY_SQUASH_SUMMER-SQUASH@@SACRAMENTO, CA - MULO",232,232,630328.53,0,2022-01-09,2026-06-14,0,0.0,1,0,1|0
"SUBCATEGORY_SQUASH_SUMMER-SQUASH@@SALT LAKE CITY, UT - MULO",191,232,410536.52,2,2022-01-09,2026-06-14,41,0.010471204188481676,0,0,0|0
"SUBCATEGORY_SQUASH_SUMMER-SQUASH@@SAN DIEGO, CA - MULO",232,232,620412.87,0,2022-01-09,2026-06-14,0,0.0,1,0,1|0
"SUBCATEGORY_SQUASH_SUMMER-SQUASH@@SAN FRANCISCO/OAKLAND, CA - MULO",232,232,1124487.45,0,2022-01-09,2026-06-14,0,0.0,1,0,1|0
"SUBCATEGORY_SQUASH_SUMMER-SQUASH@@SEATTLE/TACOMA, WA - MULO",232,232,544702.64,0,2022-01-09,2026-06-14,0,0.0,1,0,1|0
SUBCATEGORY_SQUASH_SUMMER-SQUASH@@SOUTH CAROLINA - MULO,232,232,13276766.68,0,2022-01-09,2026-06-14,0,0.0,6,0,6|0
"SUBCATEGORY_SQUASH_SUMMER-SQUASH@@SPOKANE, WA - MULO",219,232,9672.16,0,2022-01-09,2026-06-14,13,0.0,0,0,0|0
"SUBCATEGORY_SQUASH_SUMMER-SQUASH@@ST. LOUIS, MO - MULO",232,232,493475.66,0,2022-01-09,2026-06-14,0,0.0,1,0,1|0
"SUBCATEGORY_SQUASH_SUMMER-SQUASH@@SYRACUSE, NY - MULO",232,232,397279.07,0,2022-01-09,2026-06-14,0,0.0,0,0,0|0
"SUBCATEGORY_SQUASH_SUMMER-SQUASH@@TAMPA/ST. PETERSBURG, FL - MULO",232,232,21751849.34,0,2022-01-09,2026-06-14,0,0.0,7,0,7|0
"SUBCATEGORY_SQUASH_SUMMER-SQUASH@@TOLEDO, OH - MULO",232,232,109016.91,0,2022-01-09,2026-06-14,0,0.0,0,0,0|0
"SUBCATEGORY_SQUASH_SUMMER-SQUASH@@TULSA, OK - MULO",232,232,331116.14,2,2022-01-09,2026-06-14,0,0.008620689655172414,0,0,0|0
SUBCATEGORY_SQUASH_SUMMER-SQUASH@@WEST TEXAS/NEW MEXICO - MULO,227,232,732666.48,7,2022-01-09,2026-06-14,5,0.030837004405286344,1,0,1|0
"SUBCATEGORY_SQUASH_SUMMER-SQUASH@@WICHITA, KS - MULO",232,232,82356.09,0,2022-01-09,2026-06-14,0,0.0,0,0,0|0
"SUBCATEGORY_SQUASH_WINTER-SQUASH@@ALBANY, NY - MULO",232,232,1139874.79,0,2022-01-09,2026-06-14,0,0.0,1,0,1|0
"SUBCATEGORY_SQUASH_WINTER-SQUASH@@ATLANTA, GA - MULO",232,232,771892.03,0,2022-01-09,2026-06-14,0,0.0,1,0,1|0
"SUBCATEGORY_SQUASH_WINTER-SQUASH@@BALTIMORE, MD/WASHINGTON D.C. - MULO",232,232,5114190.48,0,2022-01-09,2026-06-14,0,0.0,4,0,4|0
"SUBCATEGORY_SQUASH_WINTER-SQUASH@@BIRMINGHAM/MONTGOMERY, AL - MULO",232,232,292883.39,0,2022-01-09,2026-06-14,0,0.0,0,0,0|0
"SUBCATEGORY_SQUASH_WINTER-SQUASH@@BOSTON, MA - MULO",232,232,5908305.06,0,2022-01-09,2026-06-14,0,0.0,4,0,4|0
"SUBCATEGORY_SQUASH_WINTER-SQUASH@@BUFFALO/ROCHESTER, NY - MULO",232,232,432043.8,0,2022-01-09,2026-06-14,0,0.0,0,0,0|0
"SUBCATEGORY_SQUASH_WINTER-SQUASH@@CHARLOTTE, NC - MULO",232,232,1237162.96,0,2022-01-09,2026-06-14,0,0.0,2,0,2|0
"SUBCATEGORY_SQUASH_WINTER-SQUASH@@CHICAGO, IL - MULO",232,232,418055.98,0,2022-01-09,2026-06-14,0,0.0,0,0,0|0
"SUBCATEGORY_SQUASH_WINTER-SQUASH@@CINCINNATI/DAYTON, OH - MULO",232,232,423773.29,0,2022-01-09,2026-06-14,0,0.0,0,0,0|0
"SUBCATEGORY_SQUASH_WINTER-SQUASH@@CLEVELAND, OH - MULO",232,232,639448.66,0,2022-01-09,2026-06-14,0,0.0,1,0,1|0
"SUBCATEGORY_SQUASH_WINTER-SQUASH@@COLUMBUS, OH - MULO",232,232,369322.72,0,2022-01-09,2026-06-14,0,0.0,0,0,0|0
"SUBCATEGORY_SQUASH_WINTER-SQUASH@@DALLAS/FT. WORTH, TX - MULO",232,232,664310.88,0,2022-01-09,2026-06-14,0,0.0,1,0,1|0
"SUBCATEGORY_SQUASH_WINTER-SQUASH@@DENVER, CO - MULO",232,232,1147472.54,0,2022-01-09,2026-06-14,0,0.0,1,0,1|0
"SUBCATEGORY_SQUASH_WINTER-SQUASH@@DES MOINES, IA - MULO",226,232,61652.42,0,2022-01-09,2026-06-14,6,0.0,0,0,0|0
"SUBCATEGORY_SQUASH_WINTER-SQUASH@@DETROIT, MI - MULO",232,232,565177.41,0,2022-01-09,2026-06-14,0,0.0,1,0,1|0
"SUBCATEGORY_SQUASH_WINTER-SQUASH@@GRAND RAPIDS, MI - MULO",232,232,302053.64,0,2022-01-09,2026-06-14,0,0.0,0,0,0|0
"SUBCATEGORY_SQUASH_WINTER-SQUASH@@GREEN BAY, WI - MULO",232,232,67749.5,0,2022-01-09,2026-06-14,0,0.0,0,0,0|0
"SUBCATEGORY_SQUASH_WINTER-SQUASH@@HARRISBURG/SCRANTON, PA - MULO",232,232,1883820.77,0,2022-01-09,2026-06-14,0,0.0,2,0,2|0
"SUBCATEGORY_SQUASH_WINTER-SQUASH@@HARTFORD, CT/SPRINGFIELD, MA - MULO",232,232,4470887.13,0,2022-01-09,2026-06-14,0,0.0,4,0,4|0
"SUBCATEGORY_SQUASH_WINTER-SQUASH@@HOUSTON, TX - MULO",232,232,289616.34,0,2022-01-09,2026-06-14,0,0.0,0,0,0|0
"SUBCATEGORY_SQUASH_WINTER-SQUASH@@INDIANAPOLIS, IN - MULO",232,232,558785.4,0,2022-01-09,2026-06-14,0,0.0,1,0,1|0
"SUBCATEGORY_SQUASH_WINTER-SQUASH@@JACKSONVILLE, FL - MULO",232,232,275478.27,0,2022-01-09,2026-06-14,0,0.0,0,0,0|0
"SUBCATEGORY_SQUASH_WINTER-SQUASH@@KANSAS CITY, KS - MULO",232,232,215939.14,0,2022-01-09,2026-06-14,0,0.0,0,0,0|0
"SUBCATEGORY_SQUASH_WINTER-SQUASH@@KNOXVILLE, TN - MULO",232,232,90264.15,0,2022-01-09,2026-06-14,0,0.0,0,0,0|0
"SUBCATEGORY_SQUASH_WINTER-SQUASH@@LAS VEGAS, NV - MULO",232,232,141281.62,0,2022-01-09,2026-06-14,0,0.0,0,0,0|0
"SUBCATEGORY_SQUASH_WINTER-SQUASH@@LITTLE ROCK, AR - MULO",232,232,177981.34,0,2022-01-09,2026-06-14,0,0.0,0,0,0|0
"SUBCATEGORY_SQUASH_WINTER-SQUASH@@LOS ANGELES, CA - MULO",232,232,1323035.16,0,2022-01-09,2026-06-14,0,0.0,2,0,2|0
"SUBCATEGORY_SQUASH_WINTER-SQUASH@@LOUISVILLE, KY - MULO",232,232,162922.58,0,2022-01-09,2026-06-14,0,0.0,0,0,0|0
"SUBCATEGORY_SQUASH_WINTER-SQUASH@@MEMPHIS, TN - MULO",232,232,190688.99,0,2022-01-09,2026-06-14,0,0.0,0,0,0|0
"SUBCATEGORY_SQUASH_WINTER-SQUASH@@MIAMI/FT. LAUDERDALE, FL - MULO",232,232,955578.69,0,2022-01-09,2026-06-14,0,0.0,1,0,1|0
"SUBCATEGORY_SQUASH_WINTER-SQUASH@@MILWAUKEE, WI - MULO",232,232,176198.8,0,2022-01-09,2026-06-14,0,0.0,0,0,0|0
"SUBCATEGORY_SQUASH_WINTER-SQUASH@@MINNEAPOLIS/ST. PAUL, MN - MULO",232,232,437492.35,0,2022-01-09,2026-06-14,0,0.0,1,0,1|0
SUBCATEGORY_SQUASH_WINTER-SQUASH@@MISSISSIPPI - MULO,232,232,203614.3,0,2022-01-09,2026-06-14,0,0.0,0,0,0|0
"SUBCATEGORY_SQUASH_WINTER-SQUASH@@NASHVILLE, TN - MULO",232,232,300400.79,0,2022-01-09,2026-06-14,0,0.0,0,0,0|0
SUBCATEGORY_SQUASH_WINTER-SQUASH@@NEW ENGLAND - MULO,232,232,5266619.31,0,2022-01-09,2026-06-14,0,0.0,4,0,4|0
"SUBCATEGORY_SQUASH_WINTER-SQUASH@@NEW ORLEANS, LA/MOBILE, AL - MULO",224,232,207692.66,0,2022-01-09,2026-06-14,8,0.0,0,0,0|0
"SUBCATEGORY_SQUASH_WINTER-SQUASH@@NEW YORK, NY - MULO",232,232,14273188.15,0,2022-01-09,2026-06-14,0,0.0,6,0,6|0
"SUBCATEGORY_SQUASH_WINTER-SQUASH@@ORLANDO, FL - MULO",232,232,587237.7,0,2022-01-09,2026-06-14,0,0.0,1,0,1|0
"SUBCATEGORY_SQUASH_WINTER-SQUASH@@PEORIA/SPRINGFIELD, IL - MULO",232,232,193907.37,0,2022-01-09,2026-06-14,0,0.0,0,0,0|0
"SUBCATEGORY_SQUASH_WINTER-SQUASH@@PHILADELPHIA, PA - MULO",232,232,3475120.13,0,2022-01-09,2026-06-14,0,0.0,3,0,3|0
"SUBCATEGORY_SQUASH_WINTER-SQUASH@@PHOENIX/TUCSON, AZ - MULO",232,232,895077.53,0,2022-01-09,2026-06-14,0,0.0,1,0,1|0
"SUBCATEGORY_SQUASH_WINTER-SQUASH@@PITTSBURGH, PA - MULO",232,232,826934.53,0,2022-01-09,2026-06-14,0,0.0,1,0,1|0
"SUBCATEGORY_SQUASH_WINTER-SQUASH@@PORTLAND, OR - MULO",232,232,1476125.8800000001,0,2022-01-09,2026-06-14,0,0.0,2,0,2|0
"SUBCATEGORY_SQUASH_WINTER-SQUASH@@PROVIDENCE, RI - MULO",232,232,1046316.9,0,2022-01-09,2026-06-14,0,0.0,1,0,1|0
"SUBCATEGORY_SQUASH_WINTER-SQUASH@@RALEIGH/GREENSBORO, NC - MULO",232,232,1650455.25,0,2022-01-09,2026-06-14,0,0.0,2,0,2|0
"SUBCATEGORY_SQUASH_WINTER-SQUASH@@RICHMOND/NORFOLK, VA - MULO",232,232,1228033.05,0,2022-01-09,2026-06-14,0,0.0,2,0,2|0
"SUBCATEGORY_SQUASH_WINTER-SQUASH@@ROANOKE, VA - MULO",232,232,571884.81,0,2022-01-09,2026-06-14,0,0.0,1,0,1|0
"SUBCATEGORY_SQUASH_WINTER-SQUASH@@SACRAMENTO, CA - MULO",232,232,228111.08,0,2022-01-09,2026-06-14,0,0.0,0,0,0|0
"SUBCATEGORY_SQUASH_WINTER-SQUASH@@SALT LAKE CITY, UT - MULO",232,232,221928.77,0,2022-01-09,2026-06-14,0,0.0,0,0,0|0
"SUBCATEGORY_SQUASH_WINTER-SQUASH@@SAN DIEGO, CA - MULO",232,232,274344.86,0,2022-01-09,2026-06-14,0,0.0,0,0,0|0
"SUBCATEGORY_SQUASH_WINTER-SQUASH@@SAN FRANCISCO/OAKLAND, CA - MULO",232,232,296465.53,0,2022-01-09,2026-06-14,0,0.0,0,0,0|0
"SUBCATEGORY_SQUASH_WINTER-SQUASH@@SEATTLE/TACOMA, WA - MULO",232,232,1424532.57,0,2022-01-09,2026-06-14,0,0.0,2,0,2|0
SUBCATEGORY_SQUASH_WINTER-SQUASH@@SOUTH CAROLINA - MULO,232,232,1807231.91,0,2022-01-09,2026-06-14,0,0.0,2,0,2|0
"SUBCATEGORY_SQUASH_WINTER-SQUASH@@SPOKANE, WA - MULO",232,232,83915.47,0,2022-01-09,2026-06-14,0,0.0,0,0,0|0
"SUBCATEGORY_SQUASH_WINTER-SQUASH@@ST. LOUIS, MO - MULO",232,232,934074.25,0,2022-01-09,2026-06-14,0,0.0,1,0,1|0
"SUBCATEGORY_SQUASH_WINTER-SQUASH@@SYRACUSE, NY - MULO",232,232,389221.64,0,2022-01-09,2026-06-14,0,0.0,0,0,0|0
"SUBCATEGORY_SQUASH_WINTER-SQUASH@@TAMPA/ST. PETERSBURG, FL - MULO",232,232,487128.4,0,2022-01-09,2026-06-14,0,0.0,1,0,1|0
"SUBCATEGORY_SQUASH_WINTER-SQUASH@@TOLEDO, OH - MULO",232,232,149124.87,0,2022-01-09,2026-06-14,0,0.0,0,0,0|0
SUBCATEGORY_SQUASH_WINTER-SQUASH@@WEST TEXAS/NEW MEXICO - MULO,232,232,334682.57,0,2022-01-09,2026-06-14,0,0.0,0,0,0|0
"SUBCATEGORY_STONE-FRUIT_APRICOTS@@ALBANY, NY - MULO",206,213,109658.13,125,2022-05-22,2026-06-14,7,0.6067961165048543,0,2,0|2
"SUBCATEGORY_STONE-FRUIT_APRICOTS@@ATLANTA, GA - MULO",223,232,637726.57,129,2022-01-09,2026-06-14,9,0.57847533632287,1,2,1|2
"SUBCATEGORY_STONE-FRUIT_APRICOTS@@BALTIMORE, MD/WASHINGTON D.C. - MULO",213,232,927412.49,37,2022-01-09,2026-06-14,19,0.17370892018779344,1,1,1|1
"SUBCATEGORY_STONE-FRUIT_APRICOTS@@BIRMINGHAM/MONTGOMERY, AL - MULO",216,226,413038.94,129,2022-02-20,2026-06-14,10,0.5972222222222222,0,2,0|2
"SUBCATEGORY_STONE-FRUIT_APRICOTS@@BOISE, ID - MULO",201,213,33254.33,123,2022-05-22,2026-06-14,12,0.6119402985074627,0,2,0|2
"SUBCATEGORY_STONE-FRUIT_APRICOTS@@BOSTON, MA - MULO",209,222,381840.84,122,2022-03-20,2026-06-14,13,0.583732057416268,0,2,0|2
"SUBCATEGORY_STONE-FRUIT_APRICOTS@@BUFFALO/ROCHESTER, NY - MULO",198,214,190006.44999999998,102,2022-05-15,2026-06-14,16,0.5151515151515151,0,2,0|2
"SUBCATEGORY_STONE-FRUIT_APRICOTS@@CHARLOTTE, NC - MULO",196,215,298711.0,3,2022-05-08,2026-06-14,19,0.015306122448979591,0,0,0|0
"SUBCATEGORY_STONE-FRUIT_APRICOTS@@CHICAGO, IL - MULO",186,214,760752.34,55,2022-05-15,2026-06-14,28,0.2956989247311828,1,2,1|2
"SUBCATEGORY_STONE-FRUIT_APRICOTS@@CINCINNATI/DAYTON, OH - MULO",215,223,244589.27,119,2022-03-13,2026-06-14,8,0.5534883720930233,0,2,0|2
"SUBCATEGORY_STONE-FRUIT_APRICOTS@@CLEVELAND, OH - MULO",230,232,424199.84,19,2022-01-09,2026-06-14,2,0.08260869565217391,0,1,0|1
"SUBCATEGORY_STONE-FRUIT_APRICOTS@@COLUMBUS, OH - MULO",229,232,285858.78,25,2022-01-09,2026-06-14,3,0.1091703056768559,0,1,0|1
"SUBCATEGORY_STONE-FRUIT_APRICOTS@@DALLAS/FT. WORTH, TX - MULO",220,231,1171122.73,111,2022-01-16,2026-06-14,11,0.5045454545454545,1,2,1|2
"SUBCATEGORY_STONE-FRUIT_APRICOTS@@DENVER, CO - MULO",216,230,610826.45,114,2022-01-23,2026-06-14,14,0.5277777777777778,1,2,1|2
"SUBCATEGORY_STONE-FRUIT_APRICOTS@@DES MOINES, IA - MULO",210,214,145481.35,128,2022-05-15,2026-06-14,4,0.6095238095238096,0,2,0|2
"SUBCATEGORY_STONE-FRUIT_APRICOTS@@DETROIT, MI - MULO",207,215,535843.75,112,2022-05-08,2026-06-14,8,0.5410628019323671,1,2,1|2
"SUBCATEGORY_STONE-FRUIT_APRICOTS@@GRAND RAPIDS, MI - MULO",207,213,172781.18,121,2022-05-22,2026-06-14,6,0.5845410628019324,0,2,0|2
"SUBCATEGORY_STONE-FRUIT_APRICOTS@@GREEN BAY, WI - MULO",206,214,82681.75,125,2022-05-15,2026-06-14,8,0.6067961165048543,0,2,0|2
"SUBCATEGORY_STONE-FRUIT_APRICOTS@@HARRISBURG/SCRANTON, PA - MULO",195,213,422628.69,82,2022-05-22,2026-06-14,18,0.4205128205128205,0,2,0|2
"SUBCATEGORY_STONE-FRUIT_APRICOTS@@HARTFORD, CT/SPRINGFIELD, MA - MULO",191,214,380324.4,60,2022-05-15,2026-06-14,23,0.31413612565445026,0,2,0|2
"SUBCATEGORY_STONE-FRUIT_APRICOTS@@HOUSTON, TX - MULO",202,219,697730.59,109,2022-04-10,2026-06-14,17,0.5396039603960396,1,2,1|2
"SUBCATEGORY_STONE-FRUIT_APRICOTS@@INDIANAPOLIS, IN - MULO",216,232,200999.5,35,2022-01-09,2026-06-14,16,0.16203703703703703,0,1,0|1
"SUBCATEGORY_STONE-FRUIT_APRICOTS@@JACKSONVILLE, FL - MULO",208,214,359796.3,108,2022-05-15,2026-06-14,6,0.5192307692307693,0,2,0|2
"SUBCATEGORY_STONE-FRUIT_APRICOTS@@KANSAS CITY, KS - MULO",217,229,242248.87,130,2022-01-30,2026-06-14,12,0.5990783410138248,0,2,0|2
"SUBCATEGORY_STONE-FRUIT_APRICOTS@@KNOXVILLE, TN - MULO",205,215,90843.72,122,2022-05-08,2026-06-14,10,0.5951219512195122,0,2,0|2
"SUBCATEGORY_STONE-FRUIT_APRICOTS@@LAS VEGAS, NV - MULO",218,230,453038.23,115,2022-01-23,2026-06-14,12,0.5275229357798165,1,2,1|2
"SUBCATEGORY_STONE-FRUIT_APRICOTS@@LITTLE ROCK, AR - MULO",206,213,93463.53,124,2022-05-22,2026-06-14,7,0.6019417475728155,0,2,0|2
"SUBCATEGORY_STONE-FRUIT_APRICOTS@@LOS ANGELES, CA - MULO",214,230,2786982.58,76,2022-01-23,2026-06-14,16,0.35514018691588783,3,2,3|2
"SUBCATEGORY_STONE-FRUIT_APRICOTS@@LOUISVILLE, KY - MULO",220,230,103029.87,131,2022-01-23,2026-06-14,10,0.5954545454545455,0,2,0|2
"SUBCATEGORY_STONE-FRUIT_APRICOTS@@MEMPHIS, TN - MULO",217,225,110928.44,139,2022-02-27,2026-06-14,8,0.6405529953917051,0,2,0|2
"SUBCATEGORY_STONE-FRUIT_APRICOTS@@MIAMI/FT. LAUDERDALE, FL - MULO",202,214,1188174.22,76,2022-05-15,2026-06-14,12,0.37623762376237624,1,2,1|2
"SUBCATEGORY_STONE-FRUIT_APRICOTS@@MILWAUKEE, WI - MULO",206,214,307413.24,119,2022-05-15,2026-06-14,8,0.5776699029126213,0,2,0|2
"SUBCATEGORY_STONE-FRUIT_APRICOTS@@MINNEAPOLIS/ST. PAUL, MN - MULO",204,214,662336.15,114,2022-05-15,2026-06-14,10,0.5588235294117647,1,2,1|2
SUBCATEGORY_STONE-FRUIT_APRICOTS@@MISSISSIPPI - MULO,210,222,213718.41,132,2022-03-20,2026-06-14,12,0.6285714285714286,0,2,0|2
"SUBCATEGORY_STONE-FRUIT_APRICOTS@@NASHVILLE, TN - MULO",221,232,233265.73,136,2022-01-09,2026-06-14,11,0.6153846153846154,0,2,0|2
SUBCATEGORY_STONE-FRUIT_APRICOTS@@NEW ENGLAND - MULO,202,214,256255.72,115,2022-05-15,2026-06-14,12,0.5693069306930693,0,2,0|2
"SUBCATEGORY_STONE-FRUIT_APRICOTS@@NEW ORLEANS, LA/MOBILE, AL - MULO",200,214,498920.35,105,2022-05-15,2026-06-14,14,0.525,1,2,1|2
"SUBCATEGORY_STONE-FRUIT_APRICOTS@@NEW YORK, NY - MULO",232,232,1919893.2,0,2022-01-09,2026-06-14,0,0.0,2,0,2|0
"SUBCATEGORY_STONE-FRUIT_APRICOTS@@OKLAHOMA CITY, OK - MULO",219,230,287094.73,127,2022-01-23,2026-06-14,11,0.5799086757990868,0,2,0|2
"SUBCATEGORY_STONE-FRUIT_APRICOTS@@OMAHA, NE - MULO",208,214,173034.45,121,2022-05-15,2026-06-14,6,0.5817307692307693,0,2,0|2
"SUBCATEGORY_STONE-FRUIT_APRICOTS@@ORLANDO, FL - MULO",206,214,892257.8,105,2022-05-15,2026-06-14,8,0.5097087378640777,1,2,1|2
"SUBCATEGORY_STONE-FRUIT_APRICOTS@@PEORIA/SPRINGFIELD, IL - MULO",207,214,165309.52,113,2022-05-15,2026-06-14,7,0.5458937198067633,0,2,0|2
"SUBCATEGORY_STONE-FRUIT_APRICOTS@@PHILADELPHIA, PA - MULO",220,232,553577.02,2,2022-01-09,2026-06-14,12,0.00909090909090909,1,0,1|0
"SUBCATEGORY_STONE-FRUIT_APRICOTS@@PHOENIX/TUCSON, AZ - MULO",216,232,660565.54,106,2022-01-09,2026-06-14,16,0.49074074074074076,1,2,1|2
"SUBCATEGORY_STONE-FRUIT_APRICOTS@@PITTSBURGH, PA - MULO",225,232,580528.83,25,2022-01-09,2026-06-14,7,0.1111111111111111,1,1,1|1
"SUBCATEGORY_STONE-FRUIT_APRICOTS@@PORTLAND, OR - MULO",208,214,200032.98,121,2022-05-15,2026-06-14,6,0.5817307692307693,0,2,0|2
"SUBCATEGORY_STONE-FRUIT_APRICOTS@@PROVIDENCE, RI - MULO",194,213,74635.67,122,2022-05-22,2026-06-14,19,0.6288659793814433,0,2,0|2
"SUBCATEGORY_STONE-FRUIT_APRICOTS@@RALEIGH/GREENSBORO, NC - MULO",218,220,422187.47000000003,3,2022-04-03,2026-06-14,2,0.013761467889908258,0,0,0|0
"SUBCATEGORY_STONE-FRUIT_APRICOTS@@RICHMOND/NORFOLK, VA - MULO",206,220,326122.19,109,2022-04-03,2026-06-14,14,0.529126213592233,0,2,0|2
"SUBCATEGORY_STONE-FRUIT_APRICOTS@@ROANOKE, VA - MULO",221,228,210268.78,137,2022-02-06,2026-06-14,7,0.6199095022624435,0,2,0|2
"SUBCATEGORY_STONE-FRUIT_APRICOTS@@SACRAMENTO, CA - MULO",217,230,556485.94,103,2022-01-23,2026-06-14,13,0.47465437788018433,1,2,1|2
"SUBCATEGORY_STONE-FRUIT_APRICOTS@@SALT LAKE CITY, UT - MULO",218,230,299339.6,113,2022-01-23,2026-06-14,12,0.518348623853211,0,2,0|2
"SUBCATEGORY_STONE-FRUIT_APRICOTS@@SAN DIEGO, CA - MULO",200,231,408163.4,49,2022-01-16,2026-06-14,31,0.245,0,2,0|2
"SUBCATEGORY_STONE-FRUIT_APRICOTS@@SAN FRANCISCO/OAKLAND, CA - MULO",217,230,870921.22,87,2022-01-23,2026-06-14,13,0.4009216589861751,1,2,1|2
"SUBCATEGORY_STONE-FRUIT_APRICOTS@@SEATTLE/TACOMA, WA - MULO",208,214,204191.72,120,2022-05-15,2026-06-14,6,0.5769230769230769,0,2,0|2
SUBCATEGORY_STONE-FRUIT_APRICOTS@@SOUTH CAROLINA - MULO,221,227,640440.76,9,2022-02-13,2026-06-14,6,0.04072398190045249,1,0,1|0
"SUBCATEGORY_STONE-FRUIT_APRICOTS@@SPOKANE, WA - MULO",205,213,36077.81,129,2022-05-22,2026-06-14,8,0.6292682926829268,0,2,0|2
"SUBCATEGORY_STONE-FRUIT_APRICOTS@@ST. LOUIS, MO - MULO",204,214,207984.23,124,2022-05-15,2026-06-14,10,0.6078431372549019,0,2,0|2
"SUBCATEGORY_STONE-FRUIT_APRICOTS@@SYRACUSE, NY - MULO",206,213,91211.67,130,2022-05-22,2026-06-14,7,0.6310679611650486,0,2,0|2
"SUBCATEGORY_STONE-FRUIT_APRICOTS@@TAMPA/ST. PETERSBURG, FL - MULO",203,214,827438.99,104,2022-05-15,2026-06-14,11,0.5123152709359606,1,2,1|2
"SUBCATEGORY_STONE-FRUIT_APRICOTS@@TOLEDO, OH - MULO",225,231,117282.62,139,2022-01-16,2026-06-14,6,0.6177777777777778,0,2,0|2
"SUBCATEGORY_STONE-FRUIT_APRICOTS@@TULSA, OK - MULO",209,214,142739.07,128,2022-05-15,2026-06-14,5,0.6124401913875598,0,2,0|2
SUBCATEGORY_STONE-FRUIT_APRICOTS@@WEST TEXAS/NEW MEXICO - MULO,215,230,957740.26,111,2022-01-23,2026-06-14,15,0.5162790697674419,1,2,1|2
"SUBCATEGORY_STONE-FRUIT_APRICOTS@@WICHITA, KS - MULO",209,214,142146.57,120,2022-05-15,2026-06-14,5,0.5741626794258373,0,2,0|2
"SUBCATEGORY_STONE-FRUIT_CHERRIES@@ALBANY, NY - MULO",232,232,3240883.85,0,2022-01-09,2026-06-14,0,0.0,3,0,3|0
"SUBCATEGORY_STONE-FRUIT_CHERRIES@@ATLANTA, GA - MULO",232,232,14431895.7,7,2022-01-09,2026-06-14,0,0.03017241379310345,6,0,6|0
"SUBCATEGORY_STONE-FRUIT_CHERRIES@@BALTIMORE, MD/WASHINGTON D.C. - MULO",232,232,20578022.72,0,2022-01-09,2026-06-14,0,0.0,7,0,7|0
"SUBCATEGORY_STONE-FRUIT_CHERRIES@@BIRMINGHAM/MONTGOMERY, AL - MULO",232,232,13533468.86,0,2022-01-09,2026-06-14,0,0.0,6,0,6|0
"SUBCATEGORY_STONE-FRUIT_CHERRIES@@BOISE, ID - MULO",232,232,1566886.15,0,2022-01-09,2026-06-14,0,0.0,2,0,2|0
"SUBCATEGORY_STONE-FRUIT_CHERRIES@@BOSTON, MA - MULO",232,232,10616313.6,0,2022-01-09,2026-06-14,0,0.0,6,0,6|0
"SUBCATEGORY_STONE-FRUIT_CHERRIES@@BUFFALO/ROCHESTER, NY - MULO",232,232,5796917.22,0,2022-01-09,2026-06-14,0,0.0,4,0,4|0
"SUBCATEGORY_STONE-FRUIT_CHERRIES@@CHARLOTTE, NC - MULO",232,232,8219542.35,0,2022-01-09,2026-06-14,0,0.0,5,0,5|0
"SUBCATEGORY_STONE-FRUIT_CHERRIES@@CHICAGO, IL - MULO",232,232,18415864.23,0,2022-01-09,2026-06-14,0,0.0,7,0,7|0
"SUBCATEGORY_STONE-FRUIT_CHERRIES@@CINCINNATI/DAYTON, OH - MULO",232,232,4489343.34,0,2022-01-09,2026-06-14,0,0.0,4,0,4|0
"SUBCATEGORY_STONE-FRUIT_CHERRIES@@CLEVELAND, OH - MULO",232,232,7002476.1,0,2022-01-09,2026-06-14,0,0.0,5,0,5|0
"SUBCATEGORY_STONE-FRUIT_CHERRIES@@COLUMBUS, OH - MULO",232,232,4300881.98,0,2022-01-09,2026-06-14,0,0.0,4,0,4|0
"SUBCATEGORY_STONE-FRUIT_CHERRIES@@DALLAS/FT. WORTH, TX - MULO",232,232,27977989.580000002,0,2022-01-09,2026-06-14,0,0.0,8,0,8|0
"SUBCATEGORY_STONE-FRUIT_CHERRIES@@DENVER, CO - MULO",232,232,16202272.11,0,2022-01-09,2026-06-14,0,0.0,7,0,7|0
"SUBCATEGORY_STONE-FRUIT_CHERRIES@@DES MOINES, IA - MULO",232,232,2362985.8,0,2022-01-09,2026-06-14,0,0.0,3,0,3|0
"SUBCATEGORY_STONE-FRUIT_CHERRIES@@DETROIT, MI - MULO",232,232,8282315.84,0,2022-01-09,2026-06-14,0,0.0,5,0,5|0
"SUBCATEGORY_STONE-FRUIT_CHERRIES@@GRAND RAPIDS, MI - MULO",232,232,2609553.2,0,2022-01-09,2026-06-14,0,0.0,3,0,3|0
"SUBCATEGORY_STONE-FRUIT_CHERRIES@@GREEN BAY, WI - MULO",231,232,2025431.18,0,2022-01-09,2026-06-14,1,0.0,2,0,2|0
"SUBCATEGORY_STONE-FRUIT_CHERRIES@@HARRISBURG/SCRANTON, PA - MULO",232,232,10229595.64,0,2022-01-09,2026-06-14,0,0.0,6,0,6|0
"SUBCATEGORY_STONE-FRUIT_CHERRIES@@HARTFORD, CT/SPRINGFIELD, MA - MULO",232,232,9371883.29,0,2022-01-09,2026-06-14,0,0.0,5,0,5|0
"SUBCATEGORY_STONE-FRUIT_CHERRIES@@HOUSTON, TX - MULO",232,232,13760257.57,0,2022-01-09,2026-06-14,0,0.0,6,0,6|0
"SUBCATEGORY_STONE-FRUIT_CHERRIES@@INDIANAPOLIS, IN - MULO",232,232,4296523.5,0,2022-01-09,2026-06-14,0,0.0,4,0,4|0
"SUBCATEGORY_STONE-FRUIT_CHERRIES@@JACKSONVILLE, FL - MULO",232,232,5746081.79,3,2022-01-09,2026-06-14,0,0.01293103448275862,4,0,4|0
"SUBCATEGORY_STONE-FRUIT_CHERRIES@@KANSAS CITY, KS - MULO",232,232,6570075.5,0,2022-01-09,2026-06-14,0,0.0,5,0,5|0
"SUBCATEGORY_STONE-FRUIT_CHERRIES@@KNOXVILLE, TN - MULO",232,232,3055967.85,0,2022-01-09,2026-06-14,0,0.0,3,0,3|0
"SUBCATEGORY_STONE-FRUIT_CHERRIES@@LAS VEGAS, NV - MULO",232,232,7999418.18,0,2022-01-09,2026-06-14,0,0.0,5,0,5|0
"SUBCATEGORY_STONE-FRUIT_CHERRIES@@LITTLE ROCK, AR - MULO",232,232,3319694.57,0,2022-01-09,2026-06-14,0,0.0,3,0,3|0
"SUBCATEGORY_STONE-FRUIT_CHERRIES@@LOS ANGELES, CA - MULO",232,232,41704935.49,0,2022-01-09,2026-06-14,0,0.0,8,0,8|0
"SUBCATEGORY_STONE-FRUIT_CHERRIES@@LOUISVILLE, KY - MULO",232,232,2968037.98,0,2022-01-09,2026-06-14,0,0.0,3,0,3|0
"SUBCATEGORY_STONE-FRUIT_CHERRIES@@MEMPHIS, TN - MULO",231,232,3323838.18,0,2022-01-09,2026-06-14,1,0.0,3,0,3|0
"SUBCATEGORY_STONE-FRUIT_CHERRIES@@MIAMI/FT. LAUDERDALE, FL - MULO",232,232,16220222.32,0,2022-01-09,2026-06-14,0,0.0,7,0,7|0
"SUBCATEGORY_STONE-FRUIT_CHERRIES@@MILWAUKEE, WI - MULO",232,232,5778091.51,0,2022-01-09,2026-06-14,0,0.0,4,0,4|0
"SUBCATEGORY_STONE-FRUIT_CHERRIES@@MINNEAPOLIS/ST. PAUL, MN - MULO",232,232,13555411.8,0,2022-01-09,2026-06-14,0,0.0,6,0,6|0
SUBCATEGORY_STONE-FRUIT_CHERRIES@@MISSISSIPPI - MULO,232,232,8068281.58,0,2022-01-09,2026-06-14,0,0.0,5,0,5|0
"SUBCATEGORY_STONE-FRUIT_CHERRIES@@NASHVILLE, TN - MULO",232,232,6393043.55,0,2022-01-09,2026-06-14,0,0.0,5,0,5|0
SUBCATEGORY_STONE-FRUIT_CHERRIES@@NEW ENGLAND - MULO,232,232,6880724.79,0,2022-01-09,2026-06-14,0,0.0,5,0,5|0
"SUBCATEGORY_STONE-FRUIT_CHERRIES@@NEW ORLEANS, LA/MOBILE, AL - MULO",232,232,13102098.65,0,2022-01-09,2026-06-14,0,0.0,6,0,6|0
"SUBCATEGORY_STONE-FRUIT_CHERRIES@@NEW YORK, NY - MULO",232,232,34884969.97,0,2022-01-09,2026-06-14,0,0.0,8,0,8|0
"SUBCATEGORY_STONE-FRUIT_CHERRIES@@OKLAHOMA CITY, OK - MULO",232,232,6887856.4,0,2022-01-09,2026-06-14,0,0.0,5,0,5|0
"SUBCATEGORY_STONE-FRUIT_CHERRIES@@OMAHA, NE - MULO",232,232,6248081.6,0,2022-01-09,2026-06-14,0,0.0,4,0,4|0
"SUBCATEGORY_STONE-FRUIT_CHERRIES@@ORLANDO, FL - MULO",232,232,14655655.34,1,2022-01-09,2026-06-14,0,0.004310344827586207,6,0,6|0
"SUBCATEGORY_STONE-FRUIT_CHERRIES@@PEORIA/SPRINGFIELD, IL - MULO",232,232,3852147.61,0,2022-01-09,2026-06-14,0,0.0,3,0,3|0
"SUBCATEGORY_STONE-FRUIT_CHERRIES@@PHILADELPHIA, PA - MULO",232,232,12244517.02,0,2022-01-09,2026-06-14,0,0.0,6,0,6|0
"SUBCATEGORY_STONE-FRUIT_CHERRIES@@PHOENIX/TUCSON, AZ - MULO",232,232,15419404.38,0,2022-01-09,2026-06-14,0,0.0,6,0,6|0
"SUBCATEGORY_STONE-FRUIT_CHERRIES@@PITTSBURGH, PA - MULO",232,232,10226733.7,0,2022-01-09,2026-06-14,0,0.0,6,0,6|0
"SUBCATEGORY_STONE-FRUIT_CHERRIES@@PORTLAND, OR - MULO",232,232,5408385.26,0,2022-01-09,2026-06-14,0,0.0,4,0,4|0
"SUBCATEGORY_STONE-FRUIT_CHERRIES@@PROVIDENCE, RI - MULO",232,232,1985547.35,0,2022-01-09,2026-06-14,0,0.0,2,0,2|0
"SUBCATEGORY_STONE-FRUIT_CHERRIES@@RALEIGH/GREENSBORO, NC - MULO",232,232,10495445.15,0,2022-01-09,2026-06-14,0,0.0,6,0,6|0
"SUBCATEGORY_STONE-FRUIT_CHERRIES@@RICHMOND/NORFOLK, VA - MULO",232,232,8357874.2,0,2022-01-09,2026-06-14,0,0.0,5,0,5|0
"SUBCATEGORY_STONE-FRUIT_CHERRIES@@ROANOKE, VA - MULO",232,232,6720041.07,0,2022-01-09,2026-06-14,0,0.0,5,0,5|0
"SUBCATEGORY_STONE-FRUIT_CHERRIES@@SACRAMENTO, CA - MULO",232,232,7310095.36,0,2022-01-09,2026-06-14,0,0.0,5,0,5|0
"SUBCATEGORY_STONE-FRUIT_CHERRIES@@SALT LAKE CITY, UT - MULO",232,232,6746556.04,0,2022-01-09,2026-06-14,0,0.0,5,0,5|0
"SUBCATEGORY_STONE-FRUIT_CHERRIES@@SAN DIEGO, CA - MULO",232,232,6754105.9,0,2022-01-09,2026-06-14,0,0.0,5,0,5|0
"SUBCATEGORY_STONE-FRUIT_CHERRIES@@SAN FRANCISCO/OAKLAND, CA - MULO",232,232,6146457.47,0,2022-01-09,2026-06-14,0,0.0,4,0,4|0
"SUBCATEGORY_STONE-FRUIT_CHERRIES@@SEATTLE/TACOMA, WA - MULO",232,232,5649370.44,0,2022-01-09,2026-06-14,0,0.0,4,0,4|0
SUBCATEGORY_STONE-FRUIT_CHERRIES@@SOUTH CAROLINA - MULO,232,232,17868071.44,0,2022-01-09,2026-06-14,0,0.0,7,0,7|0
"SUBCATEGORY_STONE-FRUIT_CHERRIES@@SPOKANE, WA - MULO",214,232,1960123.18,18,2022-01-09,2026-06-14,18,0.08411214953271028,2,1,2|1
"SUBCATEGORY_STONE-FRUIT_CHERRIES@@ST. LOUIS, MO - MULO",230,232,7381777.26,0,2022-01-09,2026-06-14,2,0.0,5,0,5|0
"SUBCATEGORY_STONE-FRUIT_CHERRIES@@SYRACUSE, NY - MULO",232,232,2948773.52,0,2022-01-09,2026-06-14,0,0.0,3,0,3|0
"SUBCATEGORY_STONE-FRUIT_CHERRIES@@TAMPA/ST. PETERSBURG, FL - MULO",232,232,12196806.45,3,2022-01-09,2026-06-14,0,0.01293103448275862,6,0,6|0
"SUBCATEGORY_STONE-FRUIT_CHERRIES@@TOLEDO, OH - MULO",232,232,3157010.32,0,2022-01-09,2026-06-14,0,0.0,3,0,3|0
"SUBCATEGORY_STONE-FRUIT_CHERRIES@@TULSA, OK - MULO",232,232,4721987.36,0,2022-01-09,2026-06-14,0,0.0,4,0,4|0
SUBCATEGORY_STONE-FRUIT_CHERRIES@@WEST TEXAS/NEW MEXICO - MULO,232,232,25683557.88,0,2022-01-09,2026-06-14,0,0.0,7,0,7|0
"SUBCATEGORY_STONE-FRUIT_CHERRIES@@WICHITA, KS - MULO",232,232,2611589.45,0,2022-01-09,2026-06-14,0,0.0,3,0,3|0
"SUBCATEGORY_STONE-FRUIT_NECTARINES@@ALBANY, NY - MULO",220,232,1306555.67,12,2022-01-09,2026-06-14,12,0.05454545454545454,2,1,2|1
"SUBCATEGORY_STONE-FRUIT_NECTARINES@@ATLANTA, GA - MULO",220,232,6149047.66,15,2022-01-09,2026-06-14,12,0.06818181818181818,4,1,4|1
"SUBCATEGORY_STONE-FRUIT_NECTARINES@@BALTIMORE, MD/WASHINGTON D.C. - MULO",225,232,12263249.62,6,2022-01-09,2026-06-14,7,0.02666666666666667,6,0,6|0
"SUBCATEGORY_STONE-FRUIT_NECTARINES@@BIRMINGHAM/MONTGOMERY, AL - MULO",222,232,4160215.66,6,2022-01-09,2026-06-14,10,0.02702702702702703,4,0,4|0
"SUBCATEGORY_STONE-FRUIT_NECTARINES@@BOISE, ID - MULO",217,230,369858.26,47,2022-01-23,2026-06-14,13,0.21658986175115208,0,2,0|2
"SUBCATEGORY_STONE-FRUIT_NECTARINES@@BOSTON, MA - MULO",226,232,3570908.71,9,2022-01-09,2026-06-14,6,0.03982300884955752,3,0,3|0
"SUBCATEGORY_STONE-FRUIT_NECTARINES@@BUFFALO/ROCHESTER, NY - MULO",215,232,4980643.02,6,2022-01-09,2026-06-14,17,0.027906976744186046,4,0,4|0
"SUBCATEGORY_STONE-FRUIT_NECTARINES@@CHARLOTTE, NC - MULO",223,232,3396562.9,11,2022-01-09,2026-06-14,9,0.04932735426008968,3,0,3|0
"SUBCATEGORY_STONE-FRUIT_NECTARINES@@CHICAGO, IL - MULO",219,232,9719519.76,6,2022-01-09,2026-06-14,13,0.0273972602739726,5,0,5|0
"SUBCATEGORY_STONE-FRUIT_NECTARINES@@CINCINNATI/DAYTON, OH - MULO",221,232,2103234.82,7,2022-01-09,2026-06-14,11,0.03167420814479638,2,0,2|0
"SUBCATEGORY_STONE-FRUIT_NECTARINES@@CLEVELAND, OH - MULO",222,232,1861764.31,5,2022-01-09,2026-06-14,10,0.02252252252252252,2,0,2|0
"SUBCATEGORY_STONE-FRUIT_NECTARINES@@COLUMBUS, OH - MULO",225,232,1797300.78,5,2022-01-09,2026-06-14,7,0.022222222222222223,2,0,2|0
"SUBCATEGORY_STONE-FRUIT_NECTARINES@@DALLAS/FT. WORTH, TX - MULO",220,232,9445134.9,8,2022-01-09,2026-06-14,12,0.03636363636363636,5,0,5|0
"SUBCATEGORY_STONE-FRUIT_NECTARINES@@DENVER, CO - MULO",215,232,4208919.1,21,2022-01-09,2026-06-14,17,0.09767441860465116,4,1,4|1
"SUBCATEGORY_STONE-FRUIT_NECTARINES@@DES MOINES, IA - MULO",212,230,858982.72,26,2022-01-23,2026-06-14,18,0.12264150943396226,1,1,1|1
"SUBCATEGORY_STONE-FRUIT_NECTARINES@@DETROIT, MI - MULO",221,232,5127491.32,10,2022-01-09,2026-06-14,11,0.04524886877828054,4,0,4|0
"SUBCATEGORY_STONE-FRUIT_NECTARINES@@GRAND RAPIDS, MI - MULO",224,232,1852556.08,9,2022-01-09,2026-06-14,8,0.04017857142857143,2,0,2|0
"SUBCATEGORY_STONE-FRUIT_NECTARINES@@GREEN BAY, WI - MULO",226,232,824982.67,9,2022-01-09,2026-06-14,6,0.03982300884955752,1,0,1|0
"SUBCATEGORY_STONE-FRUIT_NECTARINES@@HARRISBURG/SCRANTON, PA - MULO",219,232,4436818.67,5,2022-01-09,2026-06-14,13,0.0228310502283105,4,0,4|0
"SUBCATEGORY_STONE-FRUIT_NECTARINES@@HARTFORD, CT/SPRINGFIELD, MA - MULO",221,232,3179507.4699999997,5,2022-01-09,2026-06-14,11,0.02262443438914027,3,0,3|0
"SUBCATEGORY_STONE-FRUIT_NECTARINES@@HOUSTON, TX - MULO",221,232,6001959.5,14,2022-01-09,2026-06-14,11,0.06334841628959276,4,1,4|1
"SUBCATEGORY_STONE-FRUIT_NECTARINES@@INDIANAPOLIS, IN - MULO",225,232,2059437.3800000001,7,2022-01-09,2026-06-14,7,0.03111111111111111,2,0,2|0
"SUBCATEGORY_STONE-FRUIT_NECTARINES@@JACKSONVILLE, FL - MULO",220,232,1892503.6300000001,22,2022-01-09,2026-06-14,12,0.1,2,1,2|1
"SUBCATEGORY_STONE-FRUIT_NECTARINES@@KANSAS CITY, KS - MULO",216,231,2558523.46,13,2022-01-16,2026-06-14,15,0.06018518518518518,3,1,3|1
"SUBCATEGORY_STONE-FRUIT_NECTARINES@@KNOXVILLE, TN - MULO",223,232,862363.47,8,2022-01-09,2026-06-14,9,0.03587443946188341,1,0,1|0
"SUBCATEGORY_STONE-FRUIT_NECTARINES@@LAS VEGAS, NV - MULO",221,230,3534129.33,40,2022-01-23,2026-06-14,9,0.18099547511312217,3,1,3|1
"SUBCATEGORY_STONE-FRUIT_NECTARINES@@LITTLE ROCK, AR - MULO",214,232,1030346.05,14,2022-01-09,2026-06-14,18,0.06542056074766354,1,1,1|1
"SUBCATEGORY_STONE-FRUIT_NECTARINES@@LOS ANGELES, CA - MULO",221,232,21196275.71,10,2022-01-09,2026-06-14,11,0.04524886877828054,7,0,7|0
"SUBCATEGORY_STONE-FRUIT_NECTARINES@@LOUISVILLE, KY - MULO",226,232,1218558.97,8,2022-01-09,2026-06-14,6,0.035398230088495575,2,0,2|0
"SUBCATEGORY_STONE-FRUIT_NECTARINES@@MEMPHIS, TN - MULO",214,231,2054082.6199999999,19,2022-01-16,2026-06-14,17,0.08878504672897196,2,1,2|1
"SUBCATEGORY_STONE-FRUIT_NECTARINES@@MIAMI/FT. LAUDERDALE, FL - MULO",221,232,5727925.82,5,2022-01-09,2026-06-14,11,0.02262443438914027,4,0,4|0
"SUBCATEGORY_STONE-FRUIT_NECTARINES@@MILWAUKEE, WI - MULO",223,232,2730672.42,9,2022-01-09,2026-06-14,9,0.04035874439461883,3,0,3|0
"SUBCATEGORY_STONE-FRUIT_NECTARINES@@MINNEAPOLIS/ST. PAUL, MN - MULO",220,230,4754053.09,7,2022-01-23,2026-06-14,10,0.031818181818181815,4,0,4|0
SUBCATEGORY_STONE-FRUIT_NECTARINES@@MISSISSIPPI - MULO,216,230,2184922.04,12,2022-01-23,2026-06-14,14,0.05555555555555555,2,1,2|1
"SUBCATEGORY_STONE-FRUIT_NECTARINES@@NASHVILLE, TN - MULO",227,232,2431956.89,9,2022-01-09,2026-06-14,5,0.039647577092511016,3,0,3|0
SUBCATEGORY_STONE-FRUIT_NECTARINES@@NEW ENGLAND - MULO,223,232,3689449.3,14,2022-01-09,2026-06-14,9,0.06278026905829596,3,1,3|1
"SUBCATEGORY_STONE-FRUIT_NECTARINES@@NEW ORLEANS, LA/MOBILE, AL - MULO",222,232,2836079.05,16,2022-01-09,2026-06-14,10,0.07207207207207207,3,1,3|1
"SUBCATEGORY_STONE-FRUIT_NECTARINES@@NEW YORK, NY - MULO",230,232,13427277.4,0,2022-01-09,2026-06-14,2,0.0,6,0,6|0
"SUBCATEGORY_STONE-FRUIT_NECTARINES@@OKLAHOMA CITY, OK - MULO",217,232,2188809.21,17,2022-01-09,2026-06-14,15,0.07834101382488479,2,1,2|1
"SUBCATEGORY_STONE-FRUIT_NECTARINES@@OMAHA, NE - MULO",222,231,1554397.83,23,2022-01-16,2026-06-14,9,0.1036036036036036,2,1,2|1
"SUBCATEGORY_STONE-FRUIT_NECTARINES@@ORLANDO, FL - MULO",221,232,5055688.66,6,2022-01-09,2026-06-14,11,0.027149321266968326,4,0,4|0
"SUBCATEGORY_STONE-FRUIT_NECTARINES@@PEORIA/SPRINGFIELD, IL - MULO",218,232,1470930.43,8,2022-01-09,2026-06-14,14,0.03669724770642202,2,0,2|0
"SUBCATEGORY_STONE-FRUIT_NECTARINES@@PHILADELPHIA, PA - MULO",228,232,6474072.47,7,2022-01-09,2026-06-14,4,0.03070175438596491,5,0,5|0
"SUBCATEGORY_STONE-FRUIT_NECTARINES@@PHOENIX/TUCSON, AZ - MULO",223,230,5405042.45,36,2022-01-23,2026-06-14,7,0.16143497757847533,4,1,4|1
"SUBCATEGORY_STONE-FRUIT_NECTARINES@@PITTSBURGH, PA - MULO",220,232,3717920.48,4,2022-01-09,2026-06-14,12,0.01818181818181818,3,0,3|0
"SUBCATEGORY_STONE-FRUIT_NECTARINES@@PORTLAND, OR - MULO",214,232,1531733.06,21,2022-01-09,2026-06-14,18,0.09813084112149532,2,1,2|1
"SUBCATEGORY_STONE-FRUIT_NECTARINES@@PROVIDENCE, RI - MULO",225,232,739547.44,14,2022-01-09,2026-06-14,7,0.06222222222222222,1,1,1|1
"SUBCATEGORY_STONE-FRUIT_NECTARINES@@RALEIGH/GREENSBORO, NC - MULO",223,232,4412728.76,8,2022-01-09,2026-06-14,9,0.03587443946188341,4,0,4|0
"SUBCATEGORY_STONE-FRUIT_NECTARINES@@RICHMOND/NORFOLK, VA - MULO",224,232,3481676.41,12,2022-01-09,2026-06-14,8,0.05357142857142857,3,1,3|1
"SUBCATEGORY_STONE-FRUIT_NECTARINES@@ROANOKE, VA - MULO",223,232,2033009.48,7,2022-01-09,2026-06-14,9,0.03139013452914798,2,0,2|0
"SUBCATEGORY_STONE-FRUIT_NECTARINES@@SACRAMENTO, CA - MULO",216,230,3041829.42,17,2022-01-23,2026-06-14,14,0.0787037037037037,3,1,3|1
"SUBCATEGORY_STONE-FRUIT_NECTARINES@@SALT LAKE CITY, UT - MULO",220,230,2624641.81,40,2022-01-23,2026-06-14,10,0.18181818181818182,3,1,3|1
"SUBCATEGORY_STONE-FRUIT_NECTARINES@@SAN DIEGO, CA - MULO",216,232,3049762.97,23,2022-01-09,2026-06-14,16,0.10648148148148148,3,1,3|1
"SUBCATEGORY_STONE-FRUIT_NECTARINES@@SAN FRANCISCO/OAKLAND, CA - MULO",216,230,2939279.89,20,2022-01-23,2026-06-14,14,0.09259259259259259,3,1,3|1
"SUBCATEGORY_STONE-FRUIT_NECTARINES@@SEATTLE/TACOMA, WA - MULO",213,230,1495320.63,26,2022-01-23,2026-06-14,17,0.12206572769953052,2,1,2|1
SUBCATEGORY_STONE-FRUIT_NECTARINES@@SOUTH CAROLINA - MULO,222,232,5416457.97,6,2022-01-09,2026-06-14,10,0.02702702702702703,4,0,4|0
"SUBCATEGORY_STONE-FRUIT_NECTARINES@@SPOKANE, WA - MULO",214,230,308562.9,26,2022-01-23,2026-06-14,16,0.12149532710280374,0,1,0|1
"SUBCATEGORY_STONE-FRUIT_NECTARINES@@ST. LOUIS, MO - MULO",218,232,2625468.32,9,2022-01-09,2026-06-14,14,0.04128440366972477,3,0,3|0
"SUBCATEGORY_STONE-FRUIT_NECTARINES@@SYRACUSE, NY - MULO",220,232,1736567.1,13,2022-01-09,2026-06-14,12,0.05909090909090909,2,1,2|1
"SUBCATEGORY_STONE-FRUIT_NECTARINES@@TAMPA/ST. PETERSBURG, FL - MULO",223,232,3962463.29,13,2022-01-09,2026-06-14,9,0.05829596412556054,4,1,4|1
"SUBCATEGORY_STONE-FRUIT_NECTARINES@@TOLEDO, OH - MULO",223,232,961454.38,7,2022-01-09,2026-06-14,9,0.03139013452914798,1,0,1|0
"SUBCATEGORY_STONE-FRUIT_NECTARINES@@TULSA, OK - MULO",220,232,1314810.44,8,2022-01-09,2026-06-14,12,0.03636363636363636,2,0,2|0
SUBCATEGORY_STONE-FRUIT_NECTARINES@@WEST TEXAS/NEW MEXICO - MULO,214,232,5605767.44,5,2022-01-09,2026-06-14,18,0.02336448598130841,4,0,4|0
"SUBCATEGORY_STONE-FRUIT_NECTARINES@@WICHITA, KS - MULO",214,231,998387.49,19,2022-01-16,2026-06-14,17,0.08878504672897196,1,1,1|1
"SUBCATEGORY_STONE-FRUIT_PEACHES@@ALBANY, NY - MULO",210,229,2032243.09,55,2022-01-30,2026-06-14,19,0.2619047619047619,2,2,2|2
"SUBCATEGORY_STONE-FRUIT_PEACHES@@ATLANTA, GA - MULO",202,229,11495829.92,28,2022-01-30,2026-06-14,27,0.13861386138613863,6,1,6|1
"SUBCATEGORY_STONE-FRUIT_PEACHES@@BALTIMORE, MD/WASHINGTON D.C. - MULO",217,230,14911006.97,18,2022-01-23,2026-06-14,13,0.08294930875576037,6,1,6|1
"SUBCATEGORY_STONE-FRUIT_PEACHES@@BIRMINGHAM/MONTGOMERY, AL - MULO",219,232,6616725.42,28,2022-01-09,2026-06-14,13,0.1278538812785388,5,1,5|1
"SUBCATEGORY_STONE-FRUIT_PEACHES@@BOISE, ID - MULO",210,221,401221.85,84,2022-03-27,2026-06-14,11,0.4,0,2,0|2
"SUBCATEGORY_STONE-FRUIT_PEACHES@@BOSTON, MA - MULO",217,232,4272078.4,18,2022-01-09,2026-06-14,15,0.08294930875576037,4,1,4|1
"SUBCATEGORY_STONE-FRUIT_PEACHES@@BUFFALO/ROCHESTER, NY - MULO",209,229,6548240.79,48,2022-01-30,2026-06-14,20,0.22966507177033493,5,2,5|2
"SUBCATEGORY_STONE-FRUIT_PEACHES@@CHARLOTTE, NC - MULO",209,229,5356377.67,27,2022-01-30,2026-06-14,20,0.1291866028708134,4,1,4|1
"SUBCATEGORY_STONE-FRUIT_PEACHES@@CHICAGO, IL - MULO",211,232,14192717.43,30,2022-01-09,2026-06-14,21,0.14218009478672985,6,1,6|1
"SUBCATEGORY_STONE-FRUIT_PEACHES@@CINCINNATI/DAYTON, OH - MULO",205,227,3046405.61,45,2022-02-13,2026-06-14,22,0.21951219512195122,3,2,3|2
"SUBCATEGORY_STONE-FRUIT_PEACHES@@CLEVELAND, OH - MULO",207,229,3101213.2,42,2022-01-30,2026-06-14,22,0.2028985507246377,3,2,3|2
"SUBCATEGORY_STONE-FRUIT_PEACHES@@COLUMBUS, OH - MULO",208,227,2759189.74,47,2022-02-13,2026-06-14,19,0.22596153846153846,3,2,3|2
"SUBCATEGORY_STONE-FRUIT_PEACHES@@DALLAS/FT. WORTH, TX - MULO",214,228,14931061.28,14,2022-02-06,2026-06-14,14,0.06542056074766354,6,1,6|1
"SUBCATEGORY_STONE-FRUIT_PEACHES@@DENVER, CO - MULO",206,222,6454864.23,73,2022-03-20,2026-06-14,16,0.35436893203883496,5,2,5|2
"SUBCATEGORY_STONE-FRUIT_PEACHES@@DES MOINES, IA - MULO",208,229,1445949.46,54,2022-01-30,2026-06-14,21,0.25961538461538464,2,2,2|2
"SUBCATEGORY_STONE-FRUIT_PEACHES@@DETROIT, MI - MULO",208,229,5437808.55,42,2022-01-30,2026-06-14,21,0.20192307692307693,4,2,4|2
"SUBCATEGORY_STONE-FRUIT_PEACHES@@GRAND RAPIDS, MI - MULO",205,229,2032226.29,47,2022-01-30,2026-06-14,24,0.22926829268292684,2,2,2|2
"SUBCATEGORY_STONE-FRUIT_PEACHES@@GREEN BAY, WI - MULO",213,228,1051562.48,70,2022-02-06,2026-06-14,15,0.3286384976525822,1,2,1|2
"SUBCATEGORY_STONE-FRUIT_PEACHES@@HARRISBURG/SCRANTON, PA - MULO",223,229,5649197.56,27,2022-01-30,2026-06-14,6,0.1210762331838565,4,1,4|1
"SUBCATEGORY_STONE-FRUIT_PEACHES@@HARTFORD, CT/SPRINGFIELD, MA - MULO",218,229,3745068.62,29,2022-01-30,2026-06-14,11,0.13302752293577982,3,1,3|1
"SUBCATEGORY_STONE-FRUIT_PEACHES@@HOUSTON, TX - MULO",217,231,8869097.68,30,2022-01-16,2026-06-14,14,0.1382488479262673,5,1,5|1
"SUBCATEGORY_STONE-FRUIT_PEACHES@@INDIANAPOLIS, IN - MULO",212,229,3286969.75,42,2022-01-30,2026-06-14,17,0.19811320754716982,3,1,3|1
"SUBCATEGORY_STONE-FRUIT_PEACHES@@JACKSONVILLE, FL - MULO",211,232,4324935.97,46,2022-01-09,2026-06-14,21,0.21800947867298578,4,2,4|2
"SUBCATEGORY_STONE-FRUIT_PEACHES@@KANSAS CITY, KS - MULO",209,228,4336422.07,44,2022-02-06,2026-06-14,19,0.21052631578947367,4,2,4|2
"SUBCATEGORY_STONE-FRUIT_PEACHES@@KNOXVILLE, TN - MULO",219,231,1461083.69,28,2022-01-16,2026-06-14,12,0.1278538812785388,2,1,2|1
"SUBCATEGORY_STONE-FRUIT_PEACHES@@LAS VEGAS, NV - MULO",218,232,4268911.68,84,2022-01-09,2026-06-14,14,0.3853211009174312,4,2,4|2
"SUBCATEGORY_STONE-FRUIT_PEACHES@@LITTLE ROCK, AR - MULO",217,231,1553245.99,85,2022-01-16,2026-06-14,14,0.391705069124424,2,2,2|2
"SUBCATEGORY_STONE-FRUIT_PEACHES@@LOS ANGELES, CA - MULO",211,228,20848381.04,24,2022-02-06,2026-06-14,17,0.11374407582938388,7,1,7|1
"SUBCATEGORY_STONE-FRUIT_PEACHES@@LOUISVILLE, KY - MULO",208,229,2374881.1,47,2022-01-30,2026-06-14,21,0.22596153846153846,3,2,3|2
"SUBCATEGORY_STONE-FRUIT_PEACHES@@MEMPHIS, TN - MULO",222,229,2987482.58,45,2022-01-30,2026-06-14,7,0.20270270270270271,3,2,3|2
"SUBCATEGORY_STONE-FRUIT_PEACHES@@MIAMI/FT. LAUDERDALE, FL - MULO",217,232,9486562.68,7,2022-01-09,2026-06-14,15,0.03225806451612903,5,0,5|0
"SUBCATEGORY_STONE-FRUIT_PEACHES@@MILWAUKEE, WI - MULO",209,228,3248451.34,48,2022-02-06,2026-06-14,19,0.22966507177033493,3,2,3|2
"SUBCATEGORY_STONE-FRUIT_PEACHES@@MINNEAPOLIS/ST. PAUL, MN - MULO",205,229,6747164.05,38,2022-01-30,2026-06-14,24,0.18536585365853658,5,1,5|1
SUBCATEGORY_STONE-FRUIT_PEACHES@@MISSISSIPPI - MULO,221,229,2890521.41,41,2022-01-30,2026-06-14,8,0.18552036199095023,3,1,3|1
"SUBCATEGORY_STONE-FRUIT_PEACHES@@NASHVILLE, TN - MULO",219,229,4048754.69,31,2022-01-30,2026-06-14,10,0.1415525114155251,4,1,4|1
SUBCATEGORY_STONE-FRUIT_PEACHES@@NEW ENGLAND - MULO,220,232,5134113.79,20,2022-01-09,2026-06-14,12,0.09090909090909091,4,1,4|1
"SUBCATEGORY_STONE-FRUIT_PEACHES@@NEW ORLEANS, LA/MOBILE, AL - MULO",199,229,4522052.76,37,2022-01-30,2026-06-14,30,0.18592964824120603,4,1,4|1
"SUBCATEGORY_STONE-FRUIT_PEACHES@@NEW YORK, NY - MULO",230,231,16982989.36,10,2022-01-16,2026-06-14,1,0.043478260869565216,7,0,7|0
"SUBCATEGORY_STONE-FRUIT_PEACHES@@OKLAHOMA CITY, OK - MULO",220,228,3634128.23,40,2022-02-06,2026-06-14,8,0.18181818181818182,3,1,3|1
"SUBCATEGORY_STONE-FRUIT_PEACHES@@OMAHA, NE - MULO",209,228,2357562.82,52,2022-02-06,2026-06-14,19,0.24880382775119617,3,2,3|2
"SUBCATEGORY_STONE-FRUIT_PEACHES@@ORLANDO, FL - MULO",220,232,8816647.41,10,2022-01-09,2026-06-14,12,0.045454545454545456,5,0,5|0
"SUBCATEGORY_STONE-FRUIT_PEACHES@@PEORIA/SPRINGFIELD, IL - MULO",212,229,2899169.22,37,2022-01-30,2026-06-14,17,0.17452830188679244,3,1,3|1
"SUBCATEGORY_STONE-FRUIT_PEACHES@@PHILADELPHIA, PA - MULO",222,232,8698399.32,19,2022-01-09,2026-06-14,10,0.08558558558558559,5,1,5|1
"SUBCATEGORY_STONE-FRUIT_PEACHES@@PHOENIX/TUCSON, AZ - MULO",206,230,6862658.46,37,2022-01-23,2026-06-14,24,0.1796116504854369,5,1,5|1
"SUBCATEGORY_STONE-FRUIT_PEACHES@@PITTSBURGH, PA - MULO",206,232,5094113.93,31,2022-01-09,2026-06-14,26,0.15048543689320387,4,1,4|1
"SUBCATEGORY_STONE-FRUIT_PEACHES@@PORTLAND, OR - MULO",212,220,1523782.38,82,2022-04-03,2026-06-14,8,0.3867924528301887,2,2,2|2
"SUBCATEGORY_STONE-FRUIT_PEACHES@@PROVIDENCE, RI - MULO",212,229,900063.02,30,2022-01-30,2026-06-14,17,0.14150943396226415,1,1,1|1
"SUBCATEGORY_STONE-FRUIT_PEACHES@@RALEIGH/GREENSBORO, NC - MULO",221,229,6631650.57,29,2022-01-30,2026-06-14,8,0.13122171945701358,5,1,5|1
"SUBCATEGORY_STONE-FRUIT_PEACHES@@RICHMOND/NORFOLK, VA - MULO",219,229,5217485.31,23,2022-01-30,2026-06-14,10,0.1050228310502283,4,1,4|1
"SUBCATEGORY_STONE-FRUIT_PEACHES@@ROANOKE, VA - MULO",219,229,3159900.14,29,2022-01-30,2026-06-14,10,0.1324200913242009,3,1,3|1
"SUBCATEGORY_STONE-FRUIT_PEACHES@@SACRAMENTO, CA - MULO",215,223,2944528.6,75,2022-03-13,2026-06-14,8,0.3488372093023256,3,2,3|2
"SUBCATEGORY_STONE-FRUIT_PEACHES@@SALT LAKE CITY, UT - MULO",217,232,3155303.33,73,2022-01-09,2026-06-14,15,0.33640552995391704,3,2,3|2
"SUBCATEGORY_STONE-FRUIT_PEACHES@@SAN DIEGO, CA - MULO",207,228,3187437.87,61,2022-02-06,2026-06-14,21,0.2946859903381642,3,2,3|2
"SUBCATEGORY_STONE-FRUIT_PEACHES@@SAN FRANCISCO/OAKLAND, CA - MULO",225,229,2760417.22,97,2022-01-30,2026-06-14,4,0.4311111111111111,3,2,3|2
"SUBCATEGORY_STONE-FRUIT_PEACHES@@SEATTLE/TACOMA, WA - MULO",223,232,1604127.42,92,2022-01-09,2026-06-14,9,0.4125560538116592,2,2,2|2
SUBCATEGORY_STONE-FRUIT_PEACHES@@SOUTH CAROLINA - MULO,216,229,10084368.09,28,2022-01-30,2026-06-14,13,0.12962962962962962,6,1,6|1
"SUBCATEGORY_STONE-FRUIT_PEACHES@@SPOKANE, WA - MULO",207,214,327255.61,84,2022-05-15,2026-06-14,7,0.4057971014492754,0,2,0|2
"SUBCATEGORY_STONE-FRUIT_PEACHES@@ST. LOUIS, MO - MULO",213,229,5358949.52,48,2022-01-30,2026-06-14,16,0.22535211267605634,4,2,4|2
"SUBCATEGORY_STONE-FRUIT_PEACHES@@SYRACUSE, NY - MULO",208,229,2308353.96,49,2022-01-30,2026-06-14,21,0.23557692307692307,2,2,2|2
"SUBCATEGORY_STONE-FRUIT_PEACHES@@TAMPA/ST. PETERSBURG, FL - MULO",210,232,8392077.3,32,2022-01-09,2026-06-14,22,0.1523809523809524,5,1,5|1
"SUBCATEGORY_STONE-FRUIT_PEACHES@@TOLEDO, OH - MULO",205,229,2028783.87,37,2022-01-30,2026-06-14,24,0.18048780487804877,2,1,2|1
"SUBCATEGORY_STONE-FRUIT_PEACHES@@TULSA, OK - MULO",203,228,1919692.23,54,2022-02-06,2026-06-14,25,0.2660098522167488,2,2,2|2
SUBCATEGORY_STONE-FRUIT_PEACHES@@WEST TEXAS/NEW MEXICO - MULO,204,226,9878081.98,50,2022-02-20,2026-06-14,22,0.24509803921568626,6,2,6|2
"SUBCATEGORY_STONE-FRUIT_PEACHES@@WICHITA, KS - MULO",207,228,1764133.22,49,2022-02-06,2026-06-14,21,0.23671497584541062,2,2,2|2
"SUBCATEGORY_STONE-FRUIT_PLUMS@@ALBANY, NY - MULO",216,223,1458316.74,11,2022-03-13,2026-06-14,7,0.05092592592592592,2,1,2|1
"SUBCATEGORY_STONE-FRUIT_PLUMS@@ATLANTA, GA - MULO",231,232,10777354.41,5,2022-01-09,2026-06-14,1,0.021645021645021644,6,0,6|0
"SUBCATEGORY_STONE-FRUIT_PLUMS@@BALTIMORE, MD/WASHINGTON D.C. - MULO",228,232,15088102.89,3,2022-01-09,2026-06-14,4,0.013157894736842105,6,0,6|0
"SUBCATEGORY_STONE-FRUIT_PLUMS@@BIRMINGHAM/MONTGOMERY, AL - MULO",231,232,8467203.71,3,2022-01-09,2026-06-14,1,0.012987012987012988,5,0,5|0
"SUBCATEGORY_STONE-FRUIT_PLUMS@@BOISE, ID - MULO",227,232,268236.16,19,2022-01-09,2026-06-14,5,0.08370044052863436,0,1,0|1
"SUBCATEGORY_STONE-FRUIT_PLUMS@@BOSTON, MA - MULO",217,223,3554943.75,10,2022-03-13,2026-06-14,6,0.04608294930875576,3,0,3|0
"SUBCATEGORY_STONE-FRUIT_PLUMS@@BUFFALO/ROCHESTER, NY - MULO",219,228,4011728.77,6,2022-02-06,2026-06-14,9,0.0273972602739726,4,0,4|0
"SUBCATEGORY_STONE-FRUIT_PLUMS@@CHARLOTTE, NC - MULO",227,231,5657796.81,5,2022-01-16,2026-06-14,4,0.022026431718061675,4,0,4|0
"SUBCATEGORY_STONE-FRUIT_PLUMS@@CHICAGO, IL - MULO",232,232,10059938.47,1,2022-01-09,2026-06-14,0,0.004310344827586207,6,0,6|0
"SUBCATEGORY_STONE-FRUIT_PLUMS@@CINCINNATI/DAYTON, OH - MULO",231,232,2933307.42,7,2022-01-09,2026-06-14,1,0.030303030303030304,3,0,3|0
"SUBCATEGORY_STONE-FRUIT_PLUMS@@CLEVELAND, OH - MULO",222,225,2610294.97,3,2022-02-27,2026-06-14,3,0.013513513513513514,3,0,3|0
"SUBCATEGORY_STONE-FRUIT_PLUMS@@COLUMBUS, OH - MULO",223,225,2612157.23,3,2022-02-27,2026-06-14,2,0.013452914798206279,3,0,3|0
"SUBCATEGORY_STONE-FRUIT_PLUMS@@DALLAS/FT. WORTH, TX - MULO",232,232,14790330.51,3,2022-01-09,2026-06-14,0,0.01293103448275862,6,0,6|0
"SUBCATEGORY_STONE-FRUIT_PLUMS@@DENVER, CO - MULO",226,232,5707961.68,3,2022-01-09,2026-06-14,6,0.01327433628318584,4,0,4|0
"SUBCATEGORY_STONE-FRUIT_PLUMS@@DES MOINES, IA - MULO",216,222,1121277.31,4,2022-03-20,2026-06-14,6,0.018518518518518517,1,0,1|0
"SUBCATEGORY_STONE-FRUIT_PLUMS@@DETROIT, MI - MULO",222,226,5225212.87,4,2022-02-20,2026-06-14,4,0.018018018018018018,4,0,4|0
"SUBCATEGORY_STONE-FRUIT_PLUMS@@GRAND RAPIDS, MI - MULO",223,227,1600748.66,2,2022-02-13,2026-06-14,4,0.008968609865470852,2,0,2|0
"SUBCATEGORY_STONE-FRUIT_PLUMS@@GREEN BAY, WI - MULO",213,223,799171.1,7,2022-03-13,2026-06-14,10,0.03286384976525822,1,0,1|0
"SUBCATEGORY_STONE-FRUIT_PLUMS@@HARRISBURG/SCRANTON, PA - MULO",232,232,5295426.63,4,2022-01-09,2026-06-14,0,0.017241379310344827,4,0,4|0
"SUBCATEGORY_STONE-FRUIT_PLUMS@@HARTFORD, CT/SPRINGFIELD, MA - MULO",225,232,3166606.7,19,2022-01-09,2026-06-14,7,0.08444444444444445,3,1,3|1
"SUBCATEGORY_STONE-FRUIT_PLUMS@@HOUSTON, TX - MULO",230,232,9814644.23,4,2022-01-09,2026-06-14,2,0.017391304347826087,6,0,6|0
"SUBCATEGORY_STONE-FRUIT_PLUMS@@INDIANAPOLIS, IN - MULO",224,225,2742983.94,1,2022-02-27,2026-06-14,1,0.004464285714285714,3,0,3|0
"SUBCATEGORY_STONE-FRUIT_PLUMS@@JACKSONVILLE, FL - MULO",222,227,3536457.32,3,2022-02-13,2026-06-14,5,0.013513513513513514,3,0,3|0
"SUBCATEGORY_STONE-FRUIT_PLUMS@@KANSAS CITY, KS - MULO",231,231,3151559.86,7,2022-01-16,2026-06-14,0,0.030303030303030304,3,0,3|0
"SUBCATEGORY_STONE-FRUIT_PLUMS@@KNOXVILLE, TN - MULO",232,232,1287930.38,7,2022-01-09,2026-06-14,0,0.03017241379310345,2,0,2|0
"SUBCATEGORY_STONE-FRUIT_PLUMS@@LAS VEGAS, NV - MULO",220,225,3572227.59,10,2022-02-27,2026-06-14,5,0.045454545454545456,3,0,3|0
"SUBCATEGORY_STONE-FRUIT_PLUMS@@LITTLE ROCK, AR - MULO",226,232,2167155.74,16,2022-01-09,2026-06-14,6,0.07079646017699115,2,1,2|1
"SUBCATEGORY_STONE-FRUIT_PLUMS@@LOS ANGELES, CA - MULO",230,232,14087742.86,1,2022-01-09,2026-06-14,2,0.004347826086956522,6,0,6|0
"SUBCATEGORY_STONE-FRUIT_PLUMS@@LOUISVILLE, KY - MULO",228,232,1718845.31,5,2022-01-09,2026-06-14,4,0.021929824561403508,2,0,2|0
"SUBCATEGORY_STONE-FRUIT_PLUMS@@MEMPHIS, TN - MULO",222,228,3188777.17,6,2022-02-06,2026-06-14,6,0.02702702702702703,3,0,3|0
"SUBCATEGORY_STONE-FRUIT_PLUMS@@MIAMI/FT. LAUDERDALE, FL - MULO",231,232,8119231.19,0,2022-01-09,2026-06-14,1,0.0,5,0,5|0
"SUBCATEGORY_STONE-FRUIT_PLUMS@@MILWAUKEE, WI - MULO",221,227,2866197.86,4,2022-02-13,2026-06-14,6,0.01809954751131222,3,0,3|0
"SUBCATEGORY_STONE-FRUIT_PLUMS@@MINNEAPOLIS/ST. PAUL, MN - MULO",211,223,5190799.0,5,2022-03-13,2026-06-14,12,0.023696682464454975,4,0,4|0
SUBCATEGORY_STONE-FRUIT_PLUMS@@MISSISSIPPI - MULO,226,229,6601397.88,2,2022-01-30,2026-06-14,3,0.008849557522123894,5,0,5|0
"SUBCATEGORY_STONE-FRUIT_PLUMS@@NASHVILLE, TN - MULO",228,229,3108603.42,3,2022-01-30,2026-06-14,1,0.013157894736842105,3,0,3|0
SUBCATEGORY_STONE-FRUIT_PLUMS@@NEW ENGLAND - MULO,222,227,3583930.51,1,2022-02-13,2026-06-14,5,0.0045045045045045045,3,0,3|0
"SUBCATEGORY_STONE-FRUIT_PLUMS@@NEW ORLEANS, LA/MOBILE, AL - MULO",230,232,7494514.76,3,2022-01-09,2026-06-14,2,0.013043478260869565,5,0,5|0
"SUBCATEGORY_STONE-FRUIT_PLUMS@@NEW YORK, NY - MULO",231,232,14714467.99,0,2022-01-09,2026-06-14,1,0.0,6,0,6|0
"SUBCATEGORY_STONE-FRUIT_PLUMS@@OKLAHOMA CITY, OK - MULO",228,231,2877353.52,7,2022-01-16,2026-06-14,3,0.03070175438596491,3,0,3|0
"SUBCATEGORY_STONE-FRUIT_PLUMS@@OMAHA, NE - MULO",225,232,1981985.1300000001,11,2022-01-09,2026-06-14,7,0.04888888888888889,2,0,2|0
"SUBCATEGORY_STONE-FRUIT_PLUMS@@ORLANDO, FL - MULO",232,232,8300735.92,0,2022-01-09,2026-06-14,0,0.0,5,0,5|0
"SUBCATEGORY_STONE-FRUIT_PLUMS@@PEORIA/SPRINGFIELD, IL - MULO",229,232,1972802.06,6,2022-01-09,2026-06-14,3,0.026200873362445413,2,0,2|0
"SUBCATEGORY_STONE-FRUIT_PLUMS@@PHILADELPHIA, PA - MULO",229,230,7424993.08,5,2022-01-23,2026-06-14,1,0.021834061135371178,5,0,5|0
"SUBCATEGORY_STONE-FRUIT_PLUMS@@PHOENIX/TUCSON, AZ - MULO",230,230,5466980.85,4,2022-01-23,2026-06-14,0,0.017391304347826087,4,0,4|0
"SUBCATEGORY_STONE-FRUIT_PLUMS@@PITTSBURGH, PA - MULO",230,232,3769936.98,5,2022-01-09,2026-06-14,2,0.021739130434782608,3,0,3|0
"SUBCATEGORY_STONE-FRUIT_PLUMS@@PORTLAND, OR - MULO",216,232,1318527.56,33,2022-01-09,2026-06-14,16,0.1527777777777778,2,1,2|1
"SUBCATEGORY_STONE-FRUIT_PLUMS@@PROVIDENCE, RI - MULO",214,223,668046.75,14,2022-03-13,2026-06-14,9,0.06542056074766354,1,1,1|1
"SUBCATEGORY_STONE-FRUIT_PLUMS@@RALEIGH/GREENSBORO, NC - MULO",232,232,6558769.85,6,2022-01-09,2026-06-14,0,0.02586206896551724,5,0,5|0
"SUBCATEGORY_STONE-FRUIT_PLUMS@@RICHMOND/NORFOLK, VA - MULO",231,231,5264436.12,3,2022-01-16,2026-06-14,0,0.012987012987012988,4,0,4|0
"SUBCATEGORY_STONE-FRUIT_PLUMS@@ROANOKE, VA - MULO",232,232,2962960.78,5,2022-01-09,2026-06-14,0,0.021551724137931036,3,0,3|0
"SUBCATEGORY_STONE-FRUIT_PLUMS@@SACRAMENTO, CA - MULO",227,230,1972296.09,12,2022-01-23,2026-06-14,3,0.05286343612334802,2,1,2|1
"SUBCATEGORY_STONE-FRUIT_PLUMS@@SALT LAKE CITY, UT - MULO",229,232,2109651.86,5,2022-01-09,2026-06-14,3,0.021834061135371178,2,0,2|0
"SUBCATEGORY_STONE-FRUIT_PLUMS@@SAN DIEGO, CA - MULO",223,228,1681053.1,10,2022-02-06,2026-06-14,5,0.04484304932735426,2,0,2|0
"SUBCATEGORY_STONE-FRUIT_PLUMS@@SAN FRANCISCO/OAKLAND, CA - MULO",215,222,1567859.48,12,2022-03-20,2026-06-14,7,0.05581395348837209,2,1,2|1
"SUBCATEGORY_STONE-FRUIT_PLUMS@@SEATTLE/TACOMA, WA - MULO",202,222,1346318.19,19,2022-03-20,2026-06-14,20,0.09405940594059406,2,1,2|1
SUBCATEGORY_STONE-FRUIT_PLUMS@@SOUTH CAROLINA - MULO,232,232,12792550.39,0,2022-01-09,2026-06-14,0,0.0,6,0,6|0
"SUBCATEGORY_STONE-FRUIT_PLUMS@@SPOKANE, WA - MULO",212,227,246559.0,42,2022-02-13,2026-06-14,15,0.19811320754716982,0,1,0|1
"SUBCATEGORY_STONE-FRUIT_PLUMS@@ST. LOUIS, MO - MULO",220,227,3740465.08,3,2022-02-13,2026-06-14,7,0.013636363636363636,3,0,3|0
"SUBCATEGORY_STONE-FRUIT_PLUMS@@SYRACUSE, NY - MULO",224,232,1604059.09,17,2022-01-09,2026-06-14,8,0.07589285714285714,2,1,2|1
"SUBCATEGORY_STONE-FRUIT_PLUMS@@TAMPA/ST. PETERSBURG, FL - MULO",230,232,7075139.44,6,2022-01-09,2026-06-14,2,0.02608695652173913,5,0,5|0
"SUBCATEGORY_STONE-FRUIT_PLUMS@@TOLEDO, OH - MULO",221,224,1384257.93,2,2022-03-06,2026-06-14,3,0.00904977375565611,2,0,2|0
"SUBCATEGORY_STONE-FRUIT_PLUMS@@TULSA, OK - MULO",218,222,1905358.83,3,2022-03-20,2026-06-14,4,0.013761467889908258,2,0,2|0
SUBCATEGORY_STONE-FRUIT_PLUMS@@WEST TEXAS/NEW MEXICO - MULO,229,229,7910877.13,2,2022-01-30,2026-06-14,0,0.008733624454148471,5,0,5|0
"SUBCATEGORY_STONE-FRUIT_PLUMS@@WICHITA, KS - MULO",221,222,1507735.31,2,2022-03-20,2026-06-14,1,0.00904977375565611,2,0,2|0
"SUBCATEGORY_TOMATOES_COCKTAIL-TOMATOES@@ALBANY, NY - MULO",232,232,5033642.65,0,2022-01-09,2026-06-14,0,0.0,4,0,4|0
"SUBCATEGORY_TOMATOES_COCKTAIL-TOMATOES@@ATLANTA, GA - MULO",232,232,16053302.51,0,2022-01-09,2026-06-14,0,0.0,7,0,7|0
"SUBCATEGORY_TOMATOES_COCKTAIL-TOMATOES@@BALTIMORE, MD/WASHINGTON D.C. - MULO",232,232,34054191.61,0,2022-01-09,2026-06-14,0,0.0,8,0,8|0
"SUBCATEGORY_TOMATOES_COCKTAIL-TOMATOES@@BIRMINGHAM/MONTGOMERY, AL - MULO",232,232,9164129.8,0,2022-01-09,2026-06-14,0,0.0,5,0,5|0
"SUBCATEGORY_TOMATOES_COCKTAIL-TOMATOES@@BOISE, ID - MULO",232,232,1632151.29,0,2022-01-09,2026-06-14,0,0.0,2,0,2|0
"SUBCATEGORY_TOMATOES_COCKTAIL-TOMATOES@@BOSTON, MA - MULO",232,232,22005203.11,0,2022-01-09,2026-06-14,0,0.0,7,0,7|0
"SUBCATEGORY_TOMATOES_COCKTAIL-TOMATOES@@BUFFALO/ROCHESTER, NY - MULO",232,232,4981505.55,0,2022-01-09,2026-06-14,0,0.0,4,0,4|0
"SUBCATEGORY_TOMATOES_COCKTAIL-TOMATOES@@CHARLOTTE, NC - MULO",232,232,10494340.9,0,2022-01-09,2026-06-14,0,0.0,6,0,6|0
"SUBCATEGORY_TOMATOES_COCKTAIL-TOMATOES@@CHICAGO, IL - MULO",232,232,26092269.62,0,2022-01-09,2026-06-14,0,0.0,7,0,7|0
"SUBCATEGORY_TOMATOES_COCKTAIL-TOMATOES@@CINCINNATI/DAYTON, OH - MULO",232,232,9215901.03,0,2022-01-09,2026-06-14,0,0.0,5,0,5|0
"SUBCATEGORY_TOMATOES_COCKTAIL-TOMATOES@@CLEVELAND, OH - MULO",232,232,5358552.75,0,2022-01-09,2026-06-14,0,0.0,4,0,4|0
"SUBCATEGORY_TOMATOES_COCKTAIL-TOMATOES@@COLUMBUS, OH - MULO",232,232,6898040.91,0,2022-01-09,2026-06-14,0,0.0,5,0,5|0
"SUBCATEGORY_TOMATOES_COCKTAIL-TOMATOES@@DALLAS/FT. WORTH, TX - MULO",232,232,18323945.38,0,2022-01-09,2026-06-14,0,0.0,7,0,7|0
"SUBCATEGORY_TOMATOES_COCKTAIL-TOMATOES@@DENVER, CO - MULO",232,232,20528583.55,0,2022-01-09,2026-06-14,0,0.0,7,0,7|0
"SUBCATEGORY_TOMATOES_COCKTAIL-TOMATOES@@DES MOINES, IA - MULO",232,232,1321310.74,0,2022-01-09,2026-06-14,0,0.0,2,0,2|0
"SUBCATEGORY_TOMATOES_COCKTAIL-TOMATOES@@DETROIT, MI - MULO",232,232,18694253.88,0,2022-01-09,2026-06-14,0,0.0,7,0,7|0
"SUBCATEGORY_TOMATOES_COCKTAIL-TOMATOES@@GRAND RAPIDS, MI - MULO",232,232,5696063.96,0,2022-01-09,2026-06-14,0,0.0,4,0,4|0
"SUBCATEGORY_TOMATOES_COCKTAIL-TOMATOES@@GREEN BAY, WI - MULO",232,232,1456954.94,0,2022-01-09,2026-06-14,0,0.0,2,0,2|0
"SUBCATEGORY_TOMATOES_COCKTAIL-TOMATOES@@HARRISBURG/SCRANTON, PA - MULO",232,232,15627488.76,0,2022-01-09,2026-06-14,0,0.0,7,0,7|0
"SUBCATEGORY_TOMATOES_COCKTAIL-TOMATOES@@HARTFORD, CT/SPRINGFIELD, MA - MULO",232,232,20226055.34,0,2022-01-09,2026-06-14,0,0.0,7,0,7|0
"SUBCATEGORY_TOMATOES_COCKTAIL-TOMATOES@@HOUSTON, TX - MULO",232,232,7137452.05,0,2022-01-09,2026-06-14,0,0.0,5,0,5|0
"SUBCATEGORY_TOMATOES_COCKTAIL-TOMATOES@@INDIANAPOLIS, IN - MULO",232,232,6350163.93,0,2022-01-09,2026-06-14,0,0.0,5,0,5|0
"SUBCATEGORY_TOMATOES_COCKTAIL-TOMATOES@@JACKSONVILLE, FL - MULO",232,232,8942172.49,0,2022-01-09,2026-06-14,0,0.0,5,0,5|0
"SUBCATEGORY_TOMATOES_COCKTAIL-TOMATOES@@KANSAS CITY, KS - MULO",232,232,3233257.5,0,2022-01-09,2026-06-14,0,0.0,3,0,3|0
"SUBCATEGORY_TOMATOES_COCKTAIL-TOMATOES@@KNOXVILLE, TN - MULO",232,232,2911029.76,0,2022-01-09,2026-06-14,0,0.0,3,0,3|0
"SUBCATEGORY_TOMATOES_COCKTAIL-TOMATOES@@LAS VEGAS, NV - MULO",232,232,5440732.2,0,2022-01-09,2026-06-14,0,0.0,4,0,4|0
"SUBCATEGORY_TOMATOES_COCKTAIL-TOMATOES@@LITTLE ROCK, AR - MULO",232,232,1611775.49,0,2022-01-09,2026-06-14,0,0.0,2,0,2|0
"SUBCATEGORY_TOMATOES_COCKTAIL-TOMATOES@@LOS ANGELES, CA - MULO",232,232,40246702.76,0,2022-01-09,2026-06-14,0,0.0,8,0,8|0
"SUBCATEGORY_TOMATOES_COCKTAIL-TOMATOES@@LOUISVILLE, KY - MULO",232,232,4614645.53,0,2022-01-09,2026-06-14,0,0.0,4,0,4|0
"SUBCATEGORY_TOMATOES_COCKTAIL-TOMATOES@@MEMPHIS, TN - MULO",232,232,2120681.35,0,2022-01-09,2026-06-14,0,0.0,2,0,2|0
"SUBCATEGORY_TOMATOES_COCKTAIL-TOMATOES@@MIAMI/FT. LAUDERDALE, FL - MULO",232,232,29339974.53,0,2022-01-09,2026-06-14,0,0.0,8,0,8|0
"SUBCATEGORY_TOMATOES_COCKTAIL-TOMATOES@@MILWAUKEE, WI - MULO",232,232,6950783.68,0,2022-01-09,2026-06-14,0,0.0,5,0,5|0
"SUBCATEGORY_TOMATOES_COCKTAIL-TOMATOES@@MINNEAPOLIS/ST. PAUL, MN - MULO",232,232,7330952.54,0,2022-01-09,2026-06-14,0,0.0,5,0,5|0
SUBCATEGORY_TOMATOES_COCKTAIL-TOMATOES@@MISSISSIPPI - MULO,232,232,2859196.47,0,2022-01-09,2026-06-14,0,0.0,3,0,3|0
"SUBCATEGORY_TOMATOES_COCKTAIL-TOMATOES@@NASHVILLE, TN - MULO",232,232,7380365.57,0,2022-01-09,2026-06-14,0,0.0,5,0,5|0
SUBCATEGORY_TOMATOES_COCKTAIL-TOMATOES@@NEW ENGLAND - MULO,232,232,15478212.2,0,2022-01-09,2026-06-14,0,0.0,7,0,7|0
"SUBCATEGORY_TOMATOES_COCKTAIL-TOMATOES@@NEW ORLEANS, LA/MOBILE, AL - MULO",232,232,5048020.03,0,2022-01-09,2026-06-14,0,0.0,4,0,4|0
"SUBCATEGORY_TOMATOES_COCKTAIL-TOMATOES@@NEW YORK, NY - MULO",232,232,68189041.41,0,2022-01-09,2026-06-14,0,0.0,9,0,9|0
"SUBCATEGORY_TOMATOES_COCKTAIL-TOMATOES@@OKLAHOMA CITY, OK - MULO",232,232,3773320.96,0,2022-01-09,2026-06-14,0,0.0,3,0,3|0
"SUBCATEGORY_TOMATOES_COCKTAIL-TOMATOES@@OMAHA, NE - MULO",232,232,1818290.64,0,2022-01-09,2026-06-14,0,0.0,2,0,2|0
"SUBCATEGORY_TOMATOES_COCKTAIL-TOMATOES@@ORLANDO, FL - MULO",232,232,18488074.78,0,2022-01-09,2026-06-14,0,0.0,7,0,7|0
"SUBCATEGORY_TOMATOES_COCKTAIL-TOMATOES@@PEORIA/SPRINGFIELD, IL - MULO",232,232,3520616.68,0,2022-01-09,2026-06-14,0,0.0,3,0,3|0
"SUBCATEGORY_TOMATOES_COCKTAIL-TOMATOES@@PHILADELPHIA, PA - MULO",232,232,25226451.87,0,2022-01-09,2026-06-14,0,0.0,7,0,7|0
"SUBCATEGORY_TOMATOES_COCKTAIL-TOMATOES@@PHOENIX/TUCSON, AZ - MULO",232,232,13631564.5,0,2022-01-09,2026-06-14,0,0.0,6,0,6|0
"SUBCATEGORY_TOMATOES_COCKTAIL-TOMATOES@@PITTSBURGH, PA - MULO",232,232,10567104.22,0,2022-01-09,2026-06-14,0,0.0,6,0,6|0
"SUBCATEGORY_TOMATOES_COCKTAIL-TOMATOES@@PORTLAND, OR - MULO",232,232,11712816.43,0,2022-01-09,2026-06-14,0,0.0,6,0,6|0
"SUBCATEGORY_TOMATOES_COCKTAIL-TOMATOES@@PROVIDENCE, RI - MULO",232,232,4689873.08,0,2022-01-09,2026-06-14,0,0.0,4,0,4|0
"SUBCATEGORY_TOMATOES_COCKTAIL-TOMATOES@@RALEIGH/GREENSBORO, NC - MULO",232,232,12273251.91,0,2022-01-09,2026-06-14,0,0.0,6,0,6|0
"SUBCATEGORY_TOMATOES_COCKTAIL-TOMATOES@@RICHMOND/NORFOLK, VA - MULO",232,232,10325337.34,0,2022-01-09,2026-06-14,0,0.0,6,0,6|0
"SUBCATEGORY_TOMATOES_COCKTAIL-TOMATOES@@ROANOKE, VA - MULO",232,232,7668934.03,0,2022-01-09,2026-06-14,0,0.0,5,0,5|0
"SUBCATEGORY_TOMATOES_COCKTAIL-TOMATOES@@SACRAMENTO, CA - MULO",232,232,7672614.15,0,2022-01-09,2026-06-14,0,0.0,5,0,5|0
"SUBCATEGORY_TOMATOES_COCKTAIL-TOMATOES@@SALT LAKE CITY, UT - MULO",232,232,3843160.76,0,2022-01-09,2026-06-14,0,0.0,3,0,3|0
"SUBCATEGORY_TOMATOES_COCKTAIL-TOMATOES@@SAN DIEGO, CA - MULO",232,232,8717632.8,0,2022-01-09,2026-06-14,0,0.0,5,0,5|0
"SUBCATEGORY_TOMATOES_COCKTAIL-TOMATOES@@SAN FRANCISCO/OAKLAND, CA - MULO",232,232,16921110.49,0,2022-01-09,2026-06-14,0,0.0,7,0,7|0
"SUBCATEGORY_TOMATOES_COCKTAIL-TOMATOES@@SEATTLE/TACOMA, WA - MULO",232,232,13120050.959999999,0,2022-01-09,2026-06-14,0,0.0,6,0,6|0
SUBCATEGORY_TOMATOES_COCKTAIL-TOMATOES@@SOUTH CAROLINA - MULO,232,232,19653810.79,0,2022-01-09,2026-06-14,0,0.0,7,0,7|0
"SUBCATEGORY_TOMATOES_COCKTAIL-TOMATOES@@SPOKANE, WA - MULO",232,232,1694821.87,0,2022-01-09,2026-06-14,0,0.0,2,0,2|0
"SUBCATEGORY_TOMATOES_COCKTAIL-TOMATOES@@ST. LOUIS, MO - MULO",232,232,6417360.02,0,2022-01-09,2026-06-14,0,0.0,5,0,5|0
"SUBCATEGORY_TOMATOES_COCKTAIL-TOMATOES@@SYRACUSE, NY - MULO",232,232,3238319.37,0,2022-01-09,2026-06-14,0,0.0,3,0,3|0
"SUBCATEGORY_TOMATOES_COCKTAIL-TOMATOES@@TAMPA/ST. PETERSBURG, FL - MULO",232,232,23657174.76,0,2022-01-09,2026-06-14,0,0.0,7,0,7|0
"SUBCATEGORY_TOMATOES_COCKTAIL-TOMATOES@@TOLEDO, OH - MULO",232,232,4140127.45,0,2022-01-09,2026-06-14,0,0.0,4,0,4|0
"SUBCATEGORY_TOMATOES_COCKTAIL-TOMATOES@@TULSA, OK - MULO",232,232,2149789.58,0,2022-01-09,2026-06-14,0,0.0,2,0,2|0
SUBCATEGORY_TOMATOES_COCKTAIL-TOMATOES@@WEST TEXAS/NEW MEXICO - MULO,232,232,12573793.08,0,2022-01-09,2026-06-14,0,0.0,6,0,6|0
"SUBCATEGORY_TOMATOES_COCKTAIL-TOMATOES@@WICHITA, KS - MULO",232,232,1635989.88,0,2022-01-09,2026-06-14,0,0.0,2,0,2|0
"SUBCATEGORY_TOMATOES_COCKTAIL-TOMATOES_CONVENTIONAL@@LITTLE ROCK, AR - MULO",180,180,1107480.74,0,2023-01-08,2026-06-14,0,0.0,1,0,1|0
"SUBCATEGORY_TOMATOES_COCKTAIL-TOMATOES_CONVENTIONAL@@LOS ANGELES, CA - MULO",180,180,25266448.93,0,2023-01-08,2026-06-14,0,0.0,7,0,7|0
"SUBCATEGORY_TOMATOES_COCKTAIL-TOMATOES_NATURAL@@LOS ANGELES, CA - MULO",180,180,1021435.24,1,2023-01-08,2026-06-14,0,0.005555555555555556,1,0,1|0
"SUBCATEGORY_TOMATOES_COCKTAIL-TOMATOES_ORGANIC@@LOS ANGELES, CA - MULO",180,180,1021435.24,1,2023-01-08,2026-06-14,0,0.005555555555555556,1,0,1|0
"SUBCATEGORY_TOMATOES_COCKTAIL-TOMATOES_SPECIALTY-AND-WELLNESS@@LITTLE ROCK, AR - MULO",180,180,137319.37,0,2023-01-08,2026-06-14,0,0.0,0,0,0|0
"SUBCATEGORY_TOMATOES_COCKTAIL-TOMATOES_SPECIALTY-AND-WELLNESS@@LOS ANGELES, CA - MULO",180,180,6592291.68,0,2023-01-08,2026-06-14,0,0.0,5,0,5|0
"SUBCATEGORY_TOMATOES_ROMA-TOMATOES@@ALBANY, NY - MULO",232,232,395220.9,0,2022-01-09,2026-06-14,0,0.0,0,0,0|0
"SUBCATEGORY_TOMATOES_ROMA-TOMATOES@@ATLANTA, GA - MULO",232,232,6566930.26,0,2022-01-09,2026-06-14,0,0.0,5,0,5|0
"SUBCATEGORY_TOMATOES_ROMA-TOMATOES@@BALTIMORE, MD/WASHINGTON D.C. - MULO",232,232,19666376.83,0,2022-01-09,2026-06-14,0,0.0,7,0,7|0
"SUBCATEGORY_TOMATOES_ROMA-TOMATOES@@BIRMINGHAM/MONTGOMERY, AL - MULO",232,232,3440680.86,0,2022-01-09,2026-06-14,0,0.0,3,0,3|0
"SUBCATEGORY_TOMATOES_ROMA-TOMATOES@@BOISE, ID - MULO",232,232,432935.81,0,2022-01-09,2026-06-14,0,0.0,0,0,0|0
"SUBCATEGORY_TOMATOES_ROMA-TOMATOES@@BOSTON, MA - MULO",232,232,8914840.39,0,2022-01-09,2026-06-14,0,0.0,5,0,5|0
"SUBCATEGORY_TOMATOES_ROMA-TOMATOES@@BUFFALO/ROCHESTER, NY - MULO",232,232,5541430.88,0,2022-01-09,2026-06-14,0,0.0,4,0,4|0
"SUBCATEGORY_TOMATOES_ROMA-TOMATOES@@CHARLOTTE, NC - MULO",232,232,4937396.92,0,2022-01-09,2026-06-14,0,0.0,4,0,4|0
"SUBCATEGORY_TOMATOES_ROMA-TOMATOES@@CHICAGO, IL - MULO",232,232,3403466.6,0,2022-01-09,2026-06-14,0,0.0,3,0,3|0
"SUBCATEGORY_TOMATOES_ROMA-TOMATOES@@CINCINNATI/DAYTON, OH - MULO",232,232,1481411.09,0,2022-01-09,2026-06-14,0,0.0,2,0,2|0
"SUBCATEGORY_TOMATOES_ROMA-TOMATOES@@CLEVELAND, OH - MULO",232,232,1839444.69,0,2022-01-09,2026-06-14,0,0.0,2,0,2|0
"SUBCATEGORY_TOMATOES_ROMA-TOMATOES@@COLUMBUS, OH - MULO",232,232,1513346.51,0,2022-01-09,2026-06-14,0,0.0,2,0,2|0
"SUBCATEGORY_TOMATOES_ROMA-TOMATOES@@DALLAS/FT. WORTH, TX - MULO",232,232,8908897.33,0,2022-01-09,2026-06-14,0,0.0,5,0,5|0
"SUBCATEGORY_TOMATOES_ROMA-TOMATOES@@DENVER, CO - MULO",232,232,3478062.77,0,2022-01-09,2026-06-14,0,0.0,3,0,3|0
"SUBCATEGORY_TOMATOES_ROMA-TOMATOES@@DES MOINES, IA - MULO",232,232,371024.39,0,2022-01-09,2026-06-14,0,0.0,0,0,0|0
"SUBCATEGORY_TOMATOES_ROMA-TOMATOES@@DETROIT, MI - MULO",232,232,1784312.23,0,2022-01-09,2026-06-14,0,0.0,2,0,2|0
"SUBCATEGORY_TOMATOES_ROMA-TOMATOES@@GRAND RAPIDS, MI - MULO",232,232,430476.0,0,2022-01-09,2026-06-14,0,0.0,0,0,0|0
"SUBCATEGORY_TOMATOES_ROMA-TOMATOES@@GREEN BAY, WI - MULO",232,232,234680.88,0,2022-01-09,2026-06-14,0,0.0,0,0,0|0
"SUBCATEGORY_TOMATOES_ROMA-TOMATOES@@HARRISBURG/SCRANTON, PA - MULO",232,232,3029711.25,0,2022-01-09,2026-06-14,0,0.0,3,0,3|0
"SUBCATEGORY_TOMATOES_ROMA-TOMATOES@@HARTFORD, CT/SPRINGFIELD, MA - MULO",232,232,2190521.97,0,2022-01-09,2026-06-14,0,0.0,2,0,2|0
"SUBCATEGORY_TOMATOES_ROMA-TOMATOES@@HOUSTON, TX - MULO",232,232,5549253.83,0,2022-01-09,2026-06-14,0,0.0,4,0,4|0
"SUBCATEGORY_TOMATOES_ROMA-TOMATOES@@INDIANAPOLIS, IN - MULO",232,232,1762559.76,0,2022-01-09,2026-06-14,0,0.0,2,0,2|0
"SUBCATEGORY_TOMATOES_ROMA-TOMATOES@@JACKSONVILLE, FL - MULO",232,232,4528777.54,0,2022-01-09,2026-06-14,0,0.0,4,0,4|0
"SUBCATEGORY_TOMATOES_ROMA-TOMATOES@@KANSAS CITY, KS - MULO",232,232,952803.58,0,2022-01-09,2026-06-14,0,0.0,1,0,1|0
"SUBCATEGORY_TOMATOES_ROMA-TOMATOES@@KNOXVILLE, TN - MULO",232,232,1578747.35,0,2022-01-09,2026-06-14,0,0.0,2,0,2|0
"SUBCATEGORY_TOMATOES_ROMA-TOMATOES@@LAS VEGAS, NV - MULO",232,232,2264401.53,0,2022-01-09,2026-06-14,0,0.0,2,0,2|0
"SUBCATEGORY_TOMATOES_ROMA-TOMATOES@@LITTLE ROCK, AR - MULO",232,232,1013439.66,0,2022-01-09,2026-06-14,0,0.0,1,0,1|0
"SUBCATEGORY_TOMATOES_ROMA-TOMATOES@@LOS ANGELES, CA - MULO",232,232,14168410.99,0,2022-01-09,2026-06-14,0,0.0,6,0,6|0
"SUBCATEGORY_TOMATOES_ROMA-TOMATOES@@LOUISVILLE, KY - MULO",232,232,960546.68,0,2022-01-09,2026-06-14,0,0.0,1,0,1|0
"SUBCATEGORY_TOMATOES_ROMA-TOMATOES@@MEMPHIS, TN - MULO",232,232,474386.11,0,2022-01-09,2026-06-14,0,0.0,1,0,1|0
"SUBCATEGORY_TOMATOES_ROMA-TOMATOES@@MIAMI/FT. LAUDERDALE, FL - MULO",232,232,20799336.22,0,2022-01-09,2026-06-14,0,0.0,7,0,7|0
"SUBCATEGORY_TOMATOES_ROMA-TOMATOES@@MILWAUKEE, WI - MULO",232,232,1089143.59,0,2022-01-09,2026-06-14,0,0.0,1,0,1|0
"SUBCATEGORY_TOMATOES_ROMA-TOMATOES@@MINNEAPOLIS/ST. PAUL, MN - MULO",232,232,1422611.81,0,2022-01-09,2026-06-14,0,0.0,2,0,2|0
SUBCATEGORY_TOMATOES_ROMA-TOMATOES@@MISSISSIPPI - MULO,232,232,1309580.58,0,2022-01-09,2026-06-14,0,0.0,2,0,2|0
"SUBCATEGORY_TOMATOES_ROMA-TOMATOES@@NASHVILLE, TN - MULO",232,232,2587792.76,0,2022-01-09,2026-06-14,0,0.0,3,0,3|0
SUBCATEGORY_TOMATOES_ROMA-TOMATOES@@NEW ENGLAND - MULO,232,232,1435450.96,0,2022-01-09,2026-06-14,0,0.0,2,0,2|0
"SUBCATEGORY_TOMATOES_ROMA-TOMATOES@@NEW ORLEANS, LA/MOBILE, AL - MULO",232,232,1622312.94,0,2022-01-09,2026-06-14,0,0.0,2,0,2|0
"SUBCATEGORY_TOMATOES_ROMA-TOMATOES@@NEW YORK, NY - MULO",232,232,34513950.45,0,2022-01-09,2026-06-14,0,0.0,8,0,8|0
"SUBCATEGORY_TOMATOES_ROMA-TOMATOES@@OKLAHOMA CITY, OK - MULO",232,232,505884.54,0,2022-01-09,2026-06-14,0,0.0,1,0,1|0
"SUBCATEGORY_TOMATOES_ROMA-TOMATOES@@OMAHA, NE - MULO",232,232,488937.38,0,2022-01-09,2026-06-14,0,0.0,1,0,1|0
"SUBCATEGORY_TOMATOES_ROMA-TOMATOES@@ORLANDO, FL - MULO",232,232,11299449.95,0,2022-01-09,2026-06-14,0,0.0,6,0,6|0
"SUBCATEGORY_TOMATOES_ROMA-TOMATOES@@PEORIA/SPRINGFIELD, IL - MULO",232,232,693285.91,0,2022-01-09,2026-06-14,0,0.0,1,0,1|0
"SUBCATEGORY_TOMATOES_ROMA-TOMATOES@@PHILADELPHIA, PA - MULO",232,232,9744863.73,0,2022-01-09,2026-06-14,0,0.0,5,0,5|0
"SUBCATEGORY_TOMATOES_ROMA-TOMATOES@@PHOENIX/TUCSON, AZ - MULO",232,232,9351152.29,0,2022-01-09,2026-06-14,0,0.0,5,0,5|0
"SUBCATEGORY_TOMATOES_ROMA-TOMATOES@@PITTSBURGH, PA - MULO",232,232,1670522.18,0,2022-01-09,2026-06-14,0,0.0,2,0,2|0
"SUBCATEGORY_TOMATOES_ROMA-TOMATOES@@PORTLAND, OR - MULO",232,232,1575405.27,0,2022-01-09,2026-06-14,0,0.0,2,0,2|0
"SUBCATEGORY_TOMATOES_ROMA-TOMATOES@@PROVIDENCE, RI - MULO",232,232,655740.01,0,2022-01-09,2026-06-14,0,0.0,1,0,1|0
"SUBCATEGORY_TOMATOES_ROMA-TOMATOES@@RALEIGH/GREENSBORO, NC - MULO",232,232,5812280.27,0,2022-01-09,2026-06-14,0,0.0,4,0,4|0
"SUBCATEGORY_TOMATOES_ROMA-TOMATOES@@RICHMOND/NORFOLK, VA - MULO",232,232,4513213.78,0,2022-01-09,2026-06-14,0,0.0,4,0,4|0
"SUBCATEGORY_TOMATOES_ROMA-TOMATOES@@ROANOKE, VA - MULO",232,232,1918362.44,0,2022-01-09,2026-06-14,0,0.0,2,0,2|0
"SUBCATEGORY_TOMATOES_ROMA-TOMATOES@@SACRAMENTO, CA - MULO",232,232,3855557.77,0,2022-01-09,2026-06-14,0,0.0,3,0,3|0
"SUBCATEGORY_TOMATOES_ROMA-TOMATOES@@SALT LAKE CITY, UT - MULO",232,232,577359.86,0,2022-01-09,2026-06-14,0,0.0,1,0,1|0
"SUBCATEGORY_TOMATOES_ROMA-TOMATOES@@SAN DIEGO, CA - MULO",232,232,2621030.74,0,2022-01-09,2026-06-14,0,0.0,3,0,3|0
"SUBCATEGORY_TOMATOES_ROMA-TOMATOES@@SAN FRANCISCO/OAKLAND, CA - MULO",232,232,4939107.09,0,2022-01-09,2026-06-14,0,0.0,4,0,4|0
"SUBCATEGORY_TOMATOES_ROMA-TOMATOES@@SEATTLE/TACOMA, WA - MULO",232,232,3097739.62,0,2022-01-09,2026-06-14,0,0.0,3,0,3|0
SUBCATEGORY_TOMATOES_ROMA-TOMATOES@@SOUTH CAROLINA - MULO,232,232,7247973.36,0,2022-01-09,2026-06-14,0,0.0,5,0,5|0
"SUBCATEGORY_TOMATOES_ROMA-TOMATOES@@SPOKANE, WA - MULO",232,232,227434.77,0,2022-01-09,2026-06-14,0,0.0,0,0,0|0
"SUBCATEGORY_TOMATOES_ROMA-TOMATOES@@ST. LOUIS, MO - MULO",232,232,597204.42,0,2022-01-09,2026-06-14,0,0.0,1,0,1|0
"SUBCATEGORY_TOMATOES_ROMA-TOMATOES@@SYRACUSE, NY - MULO",232,232,1810677.91,0,2022-01-09,2026-06-14,0,0.0,2,0,2|0
"SUBCATEGORY_TOMATOES_ROMA-TOMATOES@@TAMPA/ST. PETERSBURG, FL - MULO",232,232,10622295.16,0,2022-01-09,2026-06-14,0,0.0,6,0,6|0
"SUBCATEGORY_TOMATOES_ROMA-TOMATOES@@TOLEDO, OH - MULO",232,232,922466.32,0,2022-01-09,2026-06-14,0,0.0,1,0,1|0
"SUBCATEGORY_TOMATOES_ROMA-TOMATOES@@TULSA, OK - MULO",232,232,449298.55,0,2022-01-09,2026-06-14,0,0.0,1,0,1|0
SUBCATEGORY_TOMATOES_ROMA-TOMATOES@@WEST TEXAS/NEW MEXICO - MULO,232,232,8436379.5,0,2022-01-09,2026-06-14,0,0.0,5,0,5|0
"SUBCATEGORY_TOMATOES_ROMA-TOMATOES@@WICHITA, KS - MULO",232,232,382429.86,0,2022-01-09,2026-06-14,0,0.0,0,0,0|0
"SUBCATEGORY_TOMATOES_ROMA-TOMATOES_CONVENTIONAL@@LITTLE ROCK, AR - MULO",180,180,633996.05,0,2023-01-08,2026-06-14,0,0.0,1,0,1|0
"SUBCATEGORY_TOMATOES_ROMA-TOMATOES_CONVENTIONAL@@LOS ANGELES, CA - MULO",180,180,5225853.9,0,2023-01-08,2026-06-14,0,0.0,4,0,4|0
"SUBCATEGORY_TOMATOES_ROMA-TOMATOES_NATURAL@@LITTLE ROCK, AR - MULO",180,180,131613.14,0,2023-01-08,2026-06-14,0,0.0,0,0,0|0
"SUBCATEGORY_TOMATOES_ROMA-TOMATOES_NATURAL@@LOS ANGELES, CA - MULO",180,180,6013253.0,0,2023-01-08,2026-06-14,0,0.0,4,0,4|0
"SUBCATEGORY_TOMATOES_ROMA-TOMATOES_ORGANIC@@LITTLE ROCK, AR - MULO",180,180,131613.14,0,2023-01-08,2026-06-14,0,0.0,0,0,0|0
"SUBCATEGORY_TOMATOES_ROMA-TOMATOES_ORGANIC@@LOS ANGELES, CA - MULO",180,180,6012916.54,0,2023-01-08,2026-06-14,0,0.0,4,0,4|0
"SUBCATEGORY_TOMATOES_SNACKING-TOMATOES@@ALBANY, NY - MULO",232,232,42329369.4,0,2022-01-09,2026-06-14,0,0.0,8,0,8|0
"SUBCATEGORY_TOMATOES_SNACKING-TOMATOES@@ATLANTA, GA - MULO",232,232,110655618.08,0,2022-01-09,2026-06-14,0,0.0,9,0,9|0
"SUBCATEGORY_TOMATOES_SNACKING-TOMATOES@@BALTIMORE, MD/WASHINGTON D.C. - MULO",232,232,257890322.16,0,2022-01-09,2026-06-14,0,0.0,9,0,9|0
"SUBCATEGORY_TOMATOES_SNACKING-TOMATOES@@BIRMINGHAM/MONTGOMERY, AL - MULO",232,232,77209827.29,0,2022-01-09,2026-06-14,0,0.0,9,0,9|0
"SUBCATEGORY_TOMATOES_SNACKING-TOMATOES@@BOISE, ID - MULO",232,232,16029791.64,0,2022-01-09,2026-06-14,0,0.0,7,0,7|0
"SUBCATEGORY_TOMATOES_SNACKING-TOMATOES@@BOSTON, MA - MULO",232,232,145929636.3,0,2022-01-09,2026-06-14,0,0.0,9,0,9|0
"SUBCATEGORY_TOMATOES_SNACKING-TOMATOES@@BUFFALO/ROCHESTER, NY - MULO",232,232,92863427.66,0,2022-01-09,2026-06-14,0,0.0,9,0,9|0
"SUBCATEGORY_TOMATOES_SNACKING-TOMATOES@@CHARLOTTE, NC - MULO",232,232,76131331.01,0,2022-01-09,2026-06-14,0,0.0,9,0,9|0
"SUBCATEGORY_TOMATOES_SNACKING-TOMATOES@@CHICAGO, IL - MULO",232,232,203323779.48,0,2022-01-09,2026-06-14,0,0.0,9,0,9|0
"SUBCATEGORY_TOMATOES_SNACKING-TOMATOES@@CINCINNATI/DAYTON, OH - MULO",232,232,67628719.9,0,2022-01-09,2026-06-14,0,0.0,9,0,9|0
"SUBCATEGORY_TOMATOES_SNACKING-TOMATOES@@CLEVELAND, OH - MULO",232,232,60642511.12,0,2022-01-09,2026-06-14,0,0.0,9,0,9|0
"SUBCATEGORY_TOMATOES_SNACKING-TOMATOES@@COLUMBUS, OH - MULO",232,232,50618283.17,0,2022-01-09,2026-06-14,0,0.0,8,0,8|0
"SUBCATEGORY_TOMATOES_SNACKING-TOMATOES@@DALLAS/FT. WORTH, TX - MULO",232,232,122947541.11,0,2022-01-09,2026-06-14,0,0.0,9,0,9|0
"SUBCATEGORY_TOMATOES_SNACKING-TOMATOES@@DENVER, CO - MULO",232,232,116580838.05,0,2022-01-09,2026-06-14,0,0.0,9,0,9|0
"SUBCATEGORY_TOMATOES_SNACKING-TOMATOES@@DES MOINES, IA - MULO",232,232,22637256.73,0,2022-01-09,2026-06-14,0,0.0,7,0,7|0
"SUBCATEGORY_TOMATOES_SNACKING-TOMATOES@@DETROIT, MI - MULO",232,232,115653956.85,0,2022-01-09,2026-06-14,0,0.0,9,0,9|0
"SUBCATEGORY_TOMATOES_SNACKING-TOMATOES@@GRAND RAPIDS, MI - MULO",232,232,46931958.96,0,2022-01-09,2026-06-14,0,0.0,8,0,8|0
"SUBCATEGORY_TOMATOES_SNACKING-TOMATOES@@GREEN BAY, WI - MULO",232,232,16705149.86,0,2022-01-09,2026-06-14,0,0.0,7,0,7|0
"SUBCATEGORY_TOMATOES_SNACKING-TOMATOES@@HARRISBURG/SCRANTON, PA - MULO",232,232,123436384.57,0,2022-01-09,2026-06-14,0,0.0,9,0,9|0
"SUBCATEGORY_TOMATOES_SNACKING-TOMATOES@@HARTFORD, CT/SPRINGFIELD, MA - MULO",232,232,113250972.52,0,2022-01-09,2026-06-14,0,0.0,9,0,9|0
"SUBCATEGORY_TOMATOES_SNACKING-TOMATOES@@HOUSTON, TX - MULO",232,232,50710270.76,0,2022-01-09,2026-06-14,0,0.0,8,0,8|0
"SUBCATEGORY_TOMATOES_SNACKING-TOMATOES@@INDIANAPOLIS, IN - MULO",232,232,52914502.25,0,2022-01-09,2026-06-14,0,0.0,8,0,8|0
"SUBCATEGORY_TOMATOES_SNACKING-TOMATOES@@JACKSONVILLE, FL - MULO",232,232,49911512.75,0,2022-01-09,2026-06-14,0,0.0,8,0,8|0
"SUBCATEGORY_TOMATOES_SNACKING-TOMATOES@@KANSAS CITY, KS - MULO",232,232,52600067.6,0,2022-01-09,2026-06-14,0,0.0,8,0,8|0
"SUBCATEGORY_TOMATOES_SNACKING-TOMATOES@@KNOXVILLE, TN - MULO",232,232,27580372.84,0,2022-01-09,2026-06-14,0,0.0,8,0,8|0
"SUBCATEGORY_TOMATOES_SNACKING-TOMATOES@@LAS VEGAS, NV - MULO",232,232,37821559.41,0,2022-01-09,2026-06-14,0,0.0,8,0,8|0
"SUBCATEGORY_TOMATOES_SNACKING-TOMATOES@@LITTLE ROCK, AR - MULO",232,232,14755183.8,0,2022-01-09,2026-06-14,0,0.0,6,0,6|0
"SUBCATEGORY_TOMATOES_SNACKING-TOMATOES@@LOS ANGELES, CA - MULO",232,232,248495996.75,0,2022-01-09,2026-06-14,0,0.0,9,0,9|0
"SUBCATEGORY_TOMATOES_SNACKING-TOMATOES@@LOUISVILLE, KY - MULO",232,232,27898940.53,0,2022-01-09,2026-06-14,0,0.0,8,0,8|0
"SUBCATEGORY_TOMATOES_SNACKING-TOMATOES@@MEMPHIS, TN - MULO",232,232,19201632.79,0,2022-01-09,2026-06-14,0,0.0,7,0,7|0
"SUBCATEGORY_TOMATOES_SNACKING-TOMATOES@@MIAMI/FT. LAUDERDALE, FL - MULO",232,232,148585843.92,0,2022-01-09,2026-06-14,0,0.0,9,0,9|0
"SUBCATEGORY_TOMATOES_SNACKING-TOMATOES@@MILWAUKEE, WI - MULO",232,232,59039354.34,0,2022-01-09,2026-06-14,0,0.0,9,0,9|0
"SUBCATEGORY_TOMATOES_SNACKING-TOMATOES@@MINNEAPOLIS/ST. PAUL, MN - MULO",232,232,86307267.59,0,2022-01-09,2026-06-14,0,0.0,9,0,9|0
SUBCATEGORY_TOMATOES_SNACKING-TOMATOES@@MISSISSIPPI - MULO,232,232,31578611.39,0,2022-01-09,2026-06-14,0,0.0,8,0,8|0
"SUBCATEGORY_TOMATOES_SNACKING-TOMATOES@@NASHVILLE, TN - MULO",232,232,50941850.19,0,2022-01-09,2026-06-14,0,0.0,8,0,8|0
SUBCATEGORY_TOMATOES_SNACKING-TOMATOES@@NEW ENGLAND - MULO,232,232,120585798.73,0,2022-01-09,2026-06-14,0,0.0,9,0,9|0
"SUBCATEGORY_TOMATOES_SNACKING-TOMATOES@@NEW ORLEANS, LA/MOBILE, AL - MULO",232,232,58964356.24,0,2022-01-09,2026-06-14,0,0.0,9,0,9|0
"SUBCATEGORY_TOMATOES_SNACKING-TOMATOES@@NEW YORK, NY - MULO",232,232,441086741.9,0,2022-01-09,2026-06-14,0,0.0,9,0,9|0
"SUBCATEGORY_TOMATOES_SNACKING-TOMATOES@@OKLAHOMA CITY, OK - MULO",232,232,27811756.83,0,2022-01-09,2026-06-14,0,0.0,8,0,8|0
"SUBCATEGORY_TOMATOES_SNACKING-TOMATOES@@OMAHA, NE - MULO",232,232,27620196.48,0,2022-01-09,2026-06-14,0,0.0,8,0,8|0
"SUBCATEGORY_TOMATOES_SNACKING-TOMATOES@@ORLANDO, FL - MULO",232,232,104584136.07,0,2022-01-09,2026-06-14,0,0.0,9,0,9|0
"SUBCATEGORY_TOMATOES_SNACKING-TOMATOES@@PEORIA/SPRINGFIELD, IL - MULO",232,232,40706682.78,0,2022-01-09,2026-06-14,0,0.0,8,0,8|0
"SUBCATEGORY_TOMATOES_SNACKING-TOMATOES@@PHILADELPHIA, PA - MULO",232,232,187908997.2,0,2022-01-09,2026-06-14,0,0.0,9,0,9|0
"SUBCATEGORY_TOMATOES_SNACKING-TOMATOES@@PHOENIX/TUCSON, AZ - MULO",232,232,109333057.01,0,2022-01-09,2026-06-14,0,0.0,9,0,9|0
"SUBCATEGORY_TOMATOES_SNACKING-TOMATOES@@PITTSBURGH, PA - MULO",232,232,72475418.86,0,2022-01-09,2026-06-14,0,0.0,9,0,9|0
"SUBCATEGORY_TOMATOES_SNACKING-TOMATOES@@PORTLAND, OR - MULO",232,232,78540765.93,0,2022-01-09,2026-06-14,0,0.0,9,0,9|0
"SUBCATEGORY_TOMATOES_SNACKING-TOMATOES@@PROVIDENCE, RI - MULO",232,232,28797487.16,0,2022-01-09,2026-06-14,0,0.0,8,0,8|0
"SUBCATEGORY_TOMATOES_SNACKING-TOMATOES@@RALEIGH/GREENSBORO, NC - MULO",232,232,94620563.68,0,2022-01-09,2026-06-14,0,0.0,9,0,9|0
"SUBCATEGORY_TOMATOES_SNACKING-TOMATOES@@RICHMOND/NORFOLK, VA - MULO",232,232,84504801.51,0,2022-01-09,2026-06-14,0,0.0,9,0,9|0
"SUBCATEGORY_TOMATOES_SNACKING-TOMATOES@@ROANOKE, VA - MULO",232,232,58766495.04,0,2022-01-09,2026-06-14,0,0.0,9,0,9|0
"SUBCATEGORY_TOMATOES_SNACKING-TOMATOES@@SACRAMENTO, CA - MULO",232,232,58180604.68,0,2022-01-09,2026-06-14,0,0.0,9,0,9|0
"SUBCATEGORY_TOMATOES_SNACKING-TOMATOES@@SALT LAKE CITY, UT - MULO",232,232,43242349.17,0,2022-01-09,2026-06-14,0,0.0,8,0,8|0
"SUBCATEGORY_TOMATOES_SNACKING-TOMATOES@@SAN DIEGO, CA - MULO",232,232,60972279.45,0,2022-01-09,2026-06-14,0,0.0,9,0,9|0
"SUBCATEGORY_TOMATOES_SNACKING-TOMATOES@@SAN FRANCISCO/OAKLAND, CA - MULO",232,232,109675114.75,0,2022-01-09,2026-06-14,0,0.0,9,0,9|0
"SUBCATEGORY_TOMATOES_SNACKING-TOMATOES@@SEATTLE/TACOMA, WA - MULO",232,232,94062009.94,0,2022-01-09,2026-06-14,0,0.0,9,0,9|0
SUBCATEGORY_TOMATOES_SNACKING-TOMATOES@@SOUTH CAROLINA - MULO,232,232,133873882.19,0,2022-01-09,2026-06-14,0,0.0,9,0,9|0
"SUBCATEGORY_TOMATOES_SNACKING-TOMATOES@@SPOKANE, WA - MULO",232,232,15813061.72,0,2022-01-09,2026-06-14,0,0.0,7,0,7|0
"SUBCATEGORY_TOMATOES_SNACKING-TOMATOES@@ST. LOUIS, MO - MULO",232,232,71686747.45,0,2022-01-09,2026-06-14,0,0.0,9,0,9|0
"SUBCATEGORY_TOMATOES_SNACKING-TOMATOES@@SYRACUSE, NY - MULO",232,232,40372345.25,0,2022-01-09,2026-06-14,0,0.0,8,0,8|0
"SUBCATEGORY_TOMATOES_SNACKING-TOMATOES@@TAMPA/ST. PETERSBURG, FL - MULO",232,232,114670728.49,0,2022-01-09,2026-06-14,0,0.0,9,0,9|0
"SUBCATEGORY_TOMATOES_SNACKING-TOMATOES@@TOLEDO, OH - MULO",232,232,39616650.46,0,2022-01-09,2026-06-14,0,0.0,8,0,8|0
"SUBCATEGORY_TOMATOES_SNACKING-TOMATOES@@TULSA, OK - MULO",232,232,22033065.25,0,2022-01-09,2026-06-14,0,0.0,7,0,7|0
SUBCATEGORY_TOMATOES_SNACKING-TOMATOES@@WEST TEXAS/NEW MEXICO - MULO,232,232,66291500.39,0,2022-01-09,2026-06-14,0,0.0,9,0,9|0
"SUBCATEGORY_TOMATOES_SNACKING-TOMATOES@@WICHITA, KS - MULO",232,232,18224607.2,0,2022-01-09,2026-06-14,0,0.0,7,0,7|0
"SUBCATEGORY_TOMATOES_SNACKING-TOMATOES_CONVENTIONAL@@LITTLE ROCK, AR - MULO",180,180,6351746.16,0,2023-01-08,2026-06-14,0,0.0,5,0,5|0
"SUBCATEGORY_TOMATOES_SNACKING-TOMATOES_CONVENTIONAL@@LOS ANGELES, CA - MULO",180,180,93732266.17,0,2023-01-08,2026-06-14,0,0.0,9,0,9|0
"SUBCATEGORY_TOMATOES_SNACKING-TOMATOES_NATURAL@@LITTLE ROCK, AR - MULO",180,180,824348.33,0,2023-01-08,2026-06-14,0,0.0,1,0,1|0
"SUBCATEGORY_TOMATOES_SNACKING-TOMATOES_NATURAL@@LOS ANGELES, CA - MULO",180,180,28658457.54,0,2023-01-08,2026-06-14,0,0.0,8,0,8|0
"SUBCATEGORY_TOMATOES_SNACKING-TOMATOES_ORGANIC@@LITTLE ROCK, AR - MULO",180,180,824348.33,0,2023-01-08,2026-06-14,0,0.0,1,0,1|0
"SUBCATEGORY_TOMATOES_SNACKING-TOMATOES_ORGANIC@@LOS ANGELES, CA - MULO",180,180,28658457.54,0,2023-01-08,2026-06-14,0,0.0,8,0,8|0
"SUBCATEGORY_TOMATOES_SNACKING-TOMATOES_SPECIALTY-AND-WELLNESS@@LITTLE ROCK, AR - MULO",180,180,4429009.08,0,2023-01-08,2026-06-14,0,0.0,4,0,4|0
"SUBCATEGORY_TOMATOES_SNACKING-TOMATOES_SPECIALTY-AND-WELLNESS@@LOS ANGELES, CA - MULO",180,180,69889390.69,0,2023-01-08,2026-06-14,0,0.0,9,0,9|0
"SUBCATEGORY_TOMATOES_TOMATOES@@ALBANY, NY - MULO",232,232,4928723.92,0,2022-01-09,2026-06-14,0,0.0,4,0,4|0
"SUBCATEGORY_TOMATOES_TOMATOES@@ATLANTA, GA - MULO",232,232,14595263.59,0,2022-01-09,2026-06-14,0,0.0,6,0,6|0
"SUBCATEGORY_TOMATOES_TOMATOES@@BALTIMORE, MD/WASHINGTON D.C. - MULO",232,232,26882507.02,0,2022-01-09,2026-06-14,0,0.0,8,0,8|0
"SUBCATEGORY_TOMATOES_TOMATOES@@BIRMINGHAM/MONTGOMERY, AL - MULO",232,232,11265946.79,0,2022-01-09,2026-06-14,0,0.0,6,0,6|0
"SUBCATEGORY_TOMATOES_TOMATOES@@BOISE, ID - MULO",232,232,1306081.43,0,2022-01-09,2026-06-14,0,0.0,2,0,2|0
"SUBCATEGORY_TOMATOES_TOMATOES@@BOSTON, MA - MULO",232,232,13267979.53,0,2022-01-09,2026-06-14,0,0.0,6,0,6|0
"SUBCATEGORY_TOMATOES_TOMATOES@@BUFFALO/ROCHESTER, NY - MULO",232,232,5638139.24,0,2022-01-09,2026-06-14,0,0.0,4,0,4|0
"SUBCATEGORY_TOMATOES_TOMATOES@@CHARLOTTE, NC - MULO",232,232,14317159.28,0,2022-01-09,2026-06-14,0,0.0,6,0,6|0
"SUBCATEGORY_TOMATOES_TOMATOES@@CHICAGO, IL - MULO",232,232,13862948.84,0,2022-01-09,2026-06-14,0,0.0,6,0,6|0
"SUBCATEGORY_TOMATOES_TOMATOES@@CINCINNATI/DAYTON, OH - MULO",232,232,16430751.24,0,2022-01-09,2026-06-14,0,0.0,7,0,7|0
"SUBCATEGORY_TOMATOES_TOMATOES@@CLEVELAND, OH - MULO",232,232,8392840.42,0,2022-01-09,2026-06-14,0,0.0,5,0,5|0
"SUBCATEGORY_TOMATOES_TOMATOES@@COLUMBUS, OH - MULO",232,232,11381292.3,0,2022-01-09,2026-06-14,0,0.0,6,0,6|0
"SUBCATEGORY_TOMATOES_TOMATOES@@DALLAS/FT. WORTH, TX - MULO",232,232,21099884.09,0,2022-01-09,2026-06-14,0,0.0,7,0,7|0
"SUBCATEGORY_TOMATOES_TOMATOES@@DENVER, CO - MULO",232,232,21939638.66,0,2022-01-09,2026-06-14,0,0.0,7,0,7|0
"SUBCATEGORY_TOMATOES_TOMATOES@@DES MOINES, IA - MULO",232,232,1751847.19,0,2022-01-09,2026-06-14,0,0.0,2,0,2|0
"SUBCATEGORY_TOMATOES_TOMATOES@@DETROIT, MI - MULO",232,232,15014223.1,0,2022-01-09,2026-06-14,0,0.0,6,0,6|0
"SUBCATEGORY_TOMATOES_TOMATOES@@GRAND RAPIDS, MI - MULO",232,232,3450240.34,0,2022-01-09,2026-06-14,0,0.0,3,0,3|0
"SUBCATEGORY_TOMATOES_TOMATOES@@GREEN BAY, WI - MULO",232,232,1756441.29,0,2022-01-09,2026-06-14,0,0.0,2,0,2|0
"SUBCATEGORY_TOMATOES_TOMATOES@@HARRISBURG/SCRANTON, PA - MULO",232,232,14106109.73,0,2022-01-09,2026-06-14,0,0.0,6,0,6|0
"SUBCATEGORY_TOMATOES_TOMATOES@@HARTFORD, CT/SPRINGFIELD, MA - MULO",232,232,12928062.33,0,2022-01-09,2026-06-14,0,0.0,6,0,6|0
"SUBCATEGORY_TOMATOES_TOMATOES@@HOUSTON, TX - MULO",232,232,9872092.24,0,2022-01-09,2026-06-14,0,0.0,6,0,6|0
"SUBCATEGORY_TOMATOES_TOMATOES@@INDIANAPOLIS, IN - MULO",232,232,11361682.1,0,2022-01-09,2026-06-14,0,0.0,6,0,6|0
"SUBCATEGORY_TOMATOES_TOMATOES@@JACKSONVILLE, FL - MULO",232,232,6165879.34,0,2022-01-09,2026-06-14,0,0.0,4,0,4|0
"SUBCATEGORY_TOMATOES_TOMATOES@@KANSAS CITY, KS - MULO",232,232,5186946.29,0,2022-01-09,2026-06-14,0,0.0,4,0,4|0
"SUBCATEGORY_TOMATOES_TOMATOES@@KNOXVILLE, TN - MULO",232,232,4706091.96,0,2022-01-09,2026-06-14,0,0.0,4,0,4|0
"SUBCATEGORY_TOMATOES_TOMATOES@@LAS VEGAS, NV - MULO",232,232,5226896.14,0,2022-01-09,2026-06-14,0,0.0,4,0,4|0
"SUBCATEGORY_TOMATOES_TOMATOES@@LITTLE ROCK, AR - MULO",232,232,3672185.45,0,2022-01-09,2026-06-14,0,0.0,3,0,3|0
"SUBCATEGORY_TOMATOES_TOMATOES@@LOS ANGELES, CA - MULO",232,232,29114238.61,0,2022-01-09,2026-06-14,0,0.0,8,0,8|0
"SUBCATEGORY_TOMATOES_TOMATOES@@LOUISVILLE, KY - MULO",232,232,6451452.09,0,2022-01-09,2026-06-14,0,0.0,5,0,5|0
"SUBCATEGORY_TOMATOES_TOMATOES@@MEMPHIS, TN - MULO",232,232,4526902.26,0,2022-01-09,2026-06-14,0,0.0,4,0,4|0
"SUBCATEGORY_TOMATOES_TOMATOES@@MIAMI/FT. LAUDERDALE, FL - MULO",232,232,13603457.69,0,2022-01-09,2026-06-14,0,0.0,6,0,6|0
"SUBCATEGORY_TOMATOES_TOMATOES@@MILWAUKEE, WI - MULO",232,232,7912831.45,0,2022-01-09,2026-06-14,0,0.0,5,0,5|0
"SUBCATEGORY_TOMATOES_TOMATOES@@MINNEAPOLIS/ST. PAUL, MN - MULO",232,232,7465102.9,0,2022-01-09,2026-06-14,0,0.0,5,0,5|0
SUBCATEGORY_TOMATOES_TOMATOES@@MISSISSIPPI - MULO,232,232,7219457.42,0,2022-01-09,2026-06-14,0,0.0,5,0,5|0
"SUBCATEGORY_TOMATOES_TOMATOES@@NASHVILLE, TN - MULO",232,232,7351439.91,0,2022-01-09,2026-06-14,0,0.0,5,0,5|0
SUBCATEGORY_TOMATOES_TOMATOES@@NEW ENGLAND - MULO,232,232,8389457.5,0,2022-01-09,2026-06-14,0,0.0,5,0,5|0
"SUBCATEGORY_TOMATOES_TOMATOES@@NEW ORLEANS, LA/MOBILE, AL - MULO",232,232,9779625.98,0,2022-01-09,2026-06-14,0,0.0,5,0,5|0
"SUBCATEGORY_TOMATOES_TOMATOES@@NEW YORK, NY - MULO",232,232,46175993.89,0,2022-01-09,2026-06-14,0,0.0,8,0,8|0
"SUBCATEGORY_TOMATOES_TOMATOES@@OKLAHOMA CITY, OK - MULO",232,232,1534505.22,0,2022-01-09,2026-06-14,0,0.0,2,0,2|0
"SUBCATEGORY_TOMATOES_TOMATOES@@OMAHA, NE - MULO",232,232,3323060.34,0,2022-01-09,2026-06-14,0,0.0,3,0,3|0
"SUBCATEGORY_TOMATOES_TOMATOES@@ORLANDO, FL - MULO",232,232,13623288.15,0,2022-01-09,2026-06-14,0,0.0,6,0,6|0
"SUBCATEGORY_TOMATOES_TOMATOES@@PEORIA/SPRINGFIELD, IL - MULO",232,232,4380486.1,0,2022-01-09,2026-06-14,0,0.0,4,0,4|0
"SUBCATEGORY_TOMATOES_TOMATOES@@PHILADELPHIA, PA - MULO",232,232,19376258.57,0,2022-01-09,2026-06-14,0,0.0,7,0,7|0
"SUBCATEGORY_TOMATOES_TOMATOES@@PHOENIX/TUCSON, AZ - MULO",232,232,13247107.26,0,2022-01-09,2026-06-14,0,0.0,6,0,6|0
"SUBCATEGORY_TOMATOES_TOMATOES@@PITTSBURGH, PA - MULO",232,232,13468751.040000001,0,2022-01-09,2026-06-14,0,0.0,6,0,6|0
"SUBCATEGORY_TOMATOES_TOMATOES@@PORTLAND, OR - MULO",232,232,8851140.87,0,2022-01-09,2026-06-14,0,0.0,5,0,5|0
"SUBCATEGORY_TOMATOES_TOMATOES@@PROVIDENCE, RI - MULO",232,232,3057559.16,0,2022-01-09,2026-06-14,0,0.0,3,0,3|0
"SUBCATEGORY_TOMATOES_TOMATOES@@RALEIGH/GREENSBORO, NC - MULO",232,232,15011604.21,0,2022-01-09,2026-06-14,0,0.0,6,0,6|0
"SUBCATEGORY_TOMATOES_TOMATOES@@RICHMOND/NORFOLK, VA - MULO",232,232,13349958.97,0,2022-01-09,2026-06-14,0,0.0,6,0,6|0
"SUBCATEGORY_TOMATOES_TOMATOES@@ROANOKE, VA - MULO",232,232,13120082.36,0,2022-01-09,2026-06-14,0,0.0,6,0,6|0
"SUBCATEGORY_TOMATOES_TOMATOES@@SACRAMENTO, CA - MULO",232,232,4582908.75,0,2022-01-09,2026-06-14,0,0.0,4,0,4|0
"SUBCATEGORY_TOMATOES_TOMATOES@@SALT LAKE CITY, UT - MULO",232,232,5138474.18,0,2022-01-09,2026-06-14,0,0.0,4,0,4|0
"SUBCATEGORY_TOMATOES_TOMATOES@@SAN DIEGO, CA - MULO",232,232,7647178.4,0,2022-01-09,2026-06-14,0,0.0,5,0,5|0
"SUBCATEGORY_TOMATOES_TOMATOES@@SAN FRANCISCO/OAKLAND, CA - MULO",232,232,6357421.94,0,2022-01-09,2026-06-14,0,0.0,5,0,5|0
"SUBCATEGORY_TOMATOES_TOMATOES@@SEATTLE/TACOMA, WA - MULO",232,232,9779799.39,0,2022-01-09,2026-06-14,0,0.0,5,0,5|0
SUBCATEGORY_TOMATOES_TOMATOES@@SOUTH CAROLINA - MULO,232,232,27162908.91,0,2022-01-09,2026-06-14,0,0.0,8,0,8|0
"SUBCATEGORY_TOMATOES_TOMATOES@@SPOKANE, WA - MULO",232,232,973563.3,0,2022-01-09,2026-06-14,0,0.0,1,0,1|0
"SUBCATEGORY_TOMATOES_TOMATOES@@ST. LOUIS, MO - MULO",232,232,5633469.95,0,2022-01-09,2026-06-14,0,0.0,4,0,4|0
"SUBCATEGORY_TOMATOES_TOMATOES@@SYRACUSE, NY - MULO",232,232,3849501.62,0,2022-01-09,2026-06-14,0,0.0,3,0,3|0
"SUBCATEGORY_TOMATOES_TOMATOES@@TAMPA/ST. PETERSBURG, FL - MULO",232,232,12202796.89,0,2022-01-09,2026-06-14,0,0.0,6,0,6|0
"SUBCATEGORY_TOMATOES_TOMATOES@@TOLEDO, OH - MULO",232,232,7741447.21,0,2022-01-09,2026-06-14,0,0.0,5,0,5|0
"SUBCATEGORY_TOMATOES_TOMATOES@@TULSA, OK - MULO",232,232,3314012.95,0,2022-01-09,2026-06-14,0,0.0,3,0,3|0
SUBCATEGORY_TOMATOES_TOMATOES@@WEST TEXAS/NEW MEXICO - MULO,232,232,8845076.44,0,2022-01-09,2026-06-14,0,0.0,5,0,5|0
"SUBCATEGORY_TOMATOES_TOMATOES@@WICHITA, KS - MULO",232,232,3214497.53,0,2022-01-09,2026-06-14,0,0.0,3,0,3|0
"SUBCATEGORY_TOMATOES_TOMATOES_CONVENTIONAL@@LITTLE ROCK, AR - MULO",180,180,3130596.48,0,2023-01-08,2026-06-14,0,0.0,3,0,3|0
"SUBCATEGORY_TOMATOES_TOMATOES_CONVENTIONAL@@LOS ANGELES, CA - MULO",180,180,21288900.21,0,2023-01-08,2026-06-14,0,0.0,7,0,7|0
"SUBCATEGORY_TOMATOES_TOMATOES_NATURAL@@LOS ANGELES, CA - MULO",180,180,673900.69,0,2023-01-08,2026-06-14,0,0.0,1,0,1|0
"SUBCATEGORY_TOMATOES_TOMATOES_ORGANIC@@LOS ANGELES, CA - MULO",180,180,673900.69,0,2023-01-08,2026-06-14,0,0.0,1,0,1|0
"SUBCATEGORY_TOMATOES_TOMATOES_SPECIALTY-AND-WELLNESS@@LITTLE ROCK, AR - MULO",157,157,2994.95,99,2023-06-18,2026-06-14,0,0.6305732484076433,0,2,0|2
"SUBCATEGORY_TOMATOES_VINE-RIPE-TOMATOES@@ALBANY, NY - MULO",232,232,3392646.08,0,2022-01-09,2026-06-14,0,0.0,3,0,3|0
"SUBCATEGORY_TOMATOES_VINE-RIPE-TOMATOES@@ATLANTA, GA - MULO",232,232,11363473.02,0,2022-01-09,2026-06-14,0,0.0,6,0,6|0
"SUBCATEGORY_TOMATOES_VINE-RIPE-TOMATOES@@BALTIMORE, MD/WASHINGTON D.C. - MULO",232,232,26912556.7,0,2022-01-09,2026-06-14,0,0.0,8,0,8|0
"SUBCATEGORY_TOMATOES_VINE-RIPE-TOMATOES@@BIRMINGHAM/MONTGOMERY, AL - MULO",232,232,9702356.84,0,2022-01-09,2026-06-14,0,0.0,5,0,5|0
"SUBCATEGORY_TOMATOES_VINE-RIPE-TOMATOES@@BOISE, ID - MULO",224,232,353048.07,0,2022-01-09,2026-06-14,8,0.0,0,0,0|0
"SUBCATEGORY_TOMATOES_VINE-RIPE-TOMATOES@@BOSTON, MA - MULO",232,232,8892464.8,0,2022-01-09,2026-06-14,0,0.0,5,0,5|0
"SUBCATEGORY_TOMATOES_VINE-RIPE-TOMATOES@@BUFFALO/ROCHESTER, NY - MULO",232,232,12736121.71,0,2022-01-09,2026-06-14,0,0.0,6,0,6|0
"SUBCATEGORY_TOMATOES_VINE-RIPE-TOMATOES@@CHARLOTTE, NC - MULO",232,232,11326909.72,0,2022-01-09,2026-06-14,0,0.0,6,0,6|0
"SUBCATEGORY_TOMATOES_VINE-RIPE-TOMATOES@@CHICAGO, IL - MULO",232,232,26964946.5,0,2022-01-09,2026-06-14,0,0.0,8,0,8|0
"SUBCATEGORY_TOMATOES_VINE-RIPE-TOMATOES@@CINCINNATI/DAYTON, OH - MULO",232,232,5374902.58,0,2022-01-09,2026-06-14,0,0.0,4,0,4|0
"SUBCATEGORY_TOMATOES_VINE-RIPE-TOMATOES@@CLEVELAND, OH - MULO",232,232,7352959.04,0,2022-01-09,2026-06-14,0,0.0,5,0,5|0
"SUBCATEGORY_TOMATOES_VINE-RIPE-TOMATOES@@COLUMBUS, OH - MULO",232,232,6245128.6,0,2022-01-09,2026-06-14,0,0.0,4,0,4|0
"SUBCATEGORY_TOMATOES_VINE-RIPE-TOMATOES@@DALLAS/FT. WORTH, TX - MULO",232,232,16318633.39,0,2022-01-09,2026-06-14,0,0.0,7,0,7|0
"SUBCATEGORY_TOMATOES_VINE-RIPE-TOMATOES@@DENVER, CO - MULO",232,232,11726575.51,0,2022-01-09,2026-06-14,0,0.0,6,0,6|0
"SUBCATEGORY_TOMATOES_VINE-RIPE-TOMATOES@@DES MOINES, IA - MULO",232,232,2113552.04,0,2022-01-09,2026-06-14,0,0.0,2,0,2|0
"SUBCATEGORY_TOMATOES_VINE-RIPE-TOMATOES@@DETROIT, MI - MULO",232,232,10402471.37,0,2022-01-09,2026-06-14,0,0.0,6,0,6|0
"SUBCATEGORY_TOMATOES_VINE-RIPE-TOMATOES@@GRAND RAPIDS, MI - MULO",232,232,5294730.41,0,2022-01-09,2026-06-14,0,0.0,4,0,4|0
"SUBCATEGORY_TOMATOES_VINE-RIPE-TOMATOES@@GREEN BAY, WI - MULO",232,232,1525480.99,0,2022-01-09,2026-06-14,0,0.0,2,0,2|0
"SUBCATEGORY_TOMATOES_VINE-RIPE-TOMATOES@@HARRISBURG/SCRANTON, PA - MULO",232,232,11534628.14,0,2022-01-09,2026-06-14,0,0.0,6,0,6|0
"SUBCATEGORY_TOMATOES_VINE-RIPE-TOMATOES@@HARTFORD, CT/SPRINGFIELD, MA - MULO",232,232,10416029.46,0,2022-01-09,2026-06-14,0,0.0,6,0,6|0
"SUBCATEGORY_TOMATOES_VINE-RIPE-TOMATOES@@HOUSTON, TX - MULO",232,232,7665361.33,0,2022-01-09,2026-06-14,0,0.0,5,0,5|0
"SUBCATEGORY_TOMATOES_VINE-RIPE-TOMATOES@@INDIANAPOLIS, IN - MULO",232,232,5529235.46,0,2022-01-09,2026-06-14,0,0.0,4,0,4|0
"SUBCATEGORY_TOMATOES_VINE-RIPE-TOMATOES@@JACKSONVILLE, FL - MULO",232,232,6262148.43,0,2022-01-09,2026-06-14,0,0.0,4,0,4|0
"SUBCATEGORY_TOMATOES_VINE-RIPE-TOMATOES@@KANSAS CITY, KS - MULO",232,232,6672762.8,0,2022-01-09,2026-06-14,0,0.0,5,0,5|0
"SUBCATEGORY_TOMATOES_VINE-RIPE-TOMATOES@@KNOXVILLE, TN - MULO",232,232,2983981.14,0,2022-01-09,2026-06-14,0,0.0,3,0,3|0
"SUBCATEGORY_TOMATOES_VINE-RIPE-TOMATOES@@LAS VEGAS, NV - MULO",232,232,4852392.09,0,2022-01-09,2026-06-14,0,0.0,4,0,4|0
"SUBCATEGORY_TOMATOES_VINE-RIPE-TOMATOES@@LITTLE ROCK, AR - MULO",232,232,1251775.94,0,2022-01-09,2026-06-14,0,0.0,2,0,2|0
"SUBCATEGORY_TOMATOES_VINE-RIPE-TOMATOES@@LOS ANGELES, CA - MULO",232,232,21543450.85,0,2022-01-09,2026-06-14,0,0.0,7,0,7|0
"SUBCATEGORY_TOMATOES_VINE-RIPE-TOMATOES@@LOUISVILLE, KY - MULO",232,232,3863099.23,0,2022-01-09,2026-06-14,0,0.0,3,0,3|0
"SUBCATEGORY_TOMATOES_VINE-RIPE-TOMATOES@@MEMPHIS, TN - MULO",232,232,3846223.17,0,2022-01-09,2026-06-14,0,0.0,3,0,3|0
"SUBCATEGORY_TOMATOES_VINE-RIPE-TOMATOES@@MIAMI/FT. LAUDERDALE, FL - MULO",232,232,20701443.54,0,2022-01-09,2026-06-14,0,0.0,7,0,7|0
"SUBCATEGORY_TOMATOES_VINE-RIPE-TOMATOES@@MILWAUKEE, WI - MULO",232,232,4863867.02,0,2022-01-09,2026-06-14,0,0.0,4,0,4|0
"SUBCATEGORY_TOMATOES_VINE-RIPE-TOMATOES@@MINNEAPOLIS/ST. PAUL, MN - MULO",232,232,11674168.61,0,2022-01-09,2026-06-14,0,0.0,6,0,6|0
SUBCATEGORY_TOMATOES_VINE-RIPE-TOMATOES@@MISSISSIPPI - MULO,232,232,3762467.46,0,2022-01-09,2026-06-14,0,0.0,3,0,3|0
"SUBCATEGORY_TOMATOES_VINE-RIPE-TOMATOES@@NASHVILLE, TN - MULO",232,232,5107831.31,0,2022-01-09,2026-06-14,0,0.0,4,0,4|0
SUBCATEGORY_TOMATOES_VINE-RIPE-TOMATOES@@NEW ENGLAND - MULO,232,232,7838407.0,0,2022-01-09,2026-06-14,0,0.0,5,0,5|0
"SUBCATEGORY_TOMATOES_VINE-RIPE-TOMATOES@@NEW ORLEANS, LA/MOBILE, AL - MULO",232,232,6410260.39,0,2022-01-09,2026-06-14,0,0.0,5,0,5|0
"SUBCATEGORY_TOMATOES_VINE-RIPE-TOMATOES@@NEW YORK, NY - MULO",232,232,31819555.56,0,2022-01-09,2026-06-14,0,0.0,8,0,8|0
"SUBCATEGORY_TOMATOES_VINE-RIPE-TOMATOES@@OKLAHOMA CITY, OK - MULO",232,232,3319438.75,0,2022-01-09,2026-06-14,0,0.0,3,0,3|0
"SUBCATEGORY_TOMATOES_VINE-RIPE-TOMATOES@@OMAHA, NE - MULO",232,232,3495378.87,0,2022-01-09,2026-06-14,0,0.0,3,0,3|0
"SUBCATEGORY_TOMATOES_VINE-RIPE-TOMATOES@@ORLANDO, FL - MULO",232,232,15066741.1,0,2022-01-09,2026-06-14,0,0.0,6,0,6|0
"SUBCATEGORY_TOMATOES_VINE-RIPE-TOMATOES@@PEORIA/SPRINGFIELD, IL - MULO",232,232,5845585.31,0,2022-01-09,2026-06-14,0,0.0,4,0,4|0
"SUBCATEGORY_TOMATOES_VINE-RIPE-TOMATOES@@PHILADELPHIA, PA - MULO",232,232,15391585.99,0,2022-01-09,2026-06-14,0,0.0,6,0,6|0
"SUBCATEGORY_TOMATOES_VINE-RIPE-TOMATOES@@PHOENIX/TUCSON, AZ - MULO",232,232,9578088.41,0,2022-01-09,2026-06-14,0,0.0,5,0,5|0
"SUBCATEGORY_TOMATOES_VINE-RIPE-TOMATOES@@PITTSBURGH, PA - MULO",232,232,9884804.29,0,2022-01-09,2026-06-14,0,0.0,6,0,6|0
"SUBCATEGORY_TOMATOES_VINE-RIPE-TOMATOES@@PORTLAND, OR - MULO",232,232,1998814.33,0,2022-01-09,2026-06-14,0,0.0,2,0,2|0
"SUBCATEGORY_TOMATOES_VINE-RIPE-TOMATOES@@PROVIDENCE, RI - MULO",232,232,2433762.44,0,2022-01-09,2026-06-14,0,0.0,3,0,3|0
"SUBCATEGORY_TOMATOES_VINE-RIPE-TOMATOES@@RALEIGH/GREENSBORO, NC - MULO",232,232,10734298.74,0,2022-01-09,2026-06-14,0,0.0,6,0,6|0
"SUBCATEGORY_TOMATOES_VINE-RIPE-TOMATOES@@RICHMOND/NORFOLK, VA - MULO",232,232,6676923.02,0,2022-01-09,2026-06-14,0,0.0,5,0,5|0
"SUBCATEGORY_TOMATOES_VINE-RIPE-TOMATOES@@ROANOKE, VA - MULO",232,232,6619137.51,0,2022-01-09,2026-06-14,0,0.0,5,0,5|0
"SUBCATEGORY_TOMATOES_VINE-RIPE-TOMATOES@@SACRAMENTO, CA - MULO",232,232,4811067.15,0,2022-01-09,2026-06-14,0,0.0,4,0,4|0
"SUBCATEGORY_TOMATOES_VINE-RIPE-TOMATOES@@SALT LAKE CITY, UT - MULO",232,232,3148988.41,0,2022-01-09,2026-06-14,0,0.0,3,0,3|0
"SUBCATEGORY_TOMATOES_VINE-RIPE-TOMATOES@@SAN DIEGO, CA - MULO",232,232,3110942.86,0,2022-01-09,2026-06-14,0,0.0,3,0,3|0
"SUBCATEGORY_TOMATOES_VINE-RIPE-TOMATOES@@SAN FRANCISCO/OAKLAND, CA - MULO",232,232,3531667.55,0,2022-01-09,2026-06-14,0,0.0,3,0,3|0
"SUBCATEGORY_TOMATOES_VINE-RIPE-TOMATOES@@SEATTLE/TACOMA, WA - MULO",232,232,1364325.89,0,2022-01-09,2026-06-14,0,0.0,2,0,2|0
SUBCATEGORY_TOMATOES_VINE-RIPE-TOMATOES@@SOUTH CAROLINA - MULO,232,232,18087241.78,0,2022-01-09,2026-06-14,0,0.0,7,0,7|0
"SUBCATEGORY_TOMATOES_VINE-RIPE-TOMATOES@@SPOKANE, WA - MULO",218,232,290373.79,0,2022-01-09,2026-06-14,14,0.0,0,0,0|0
"SUBCATEGORY_TOMATOES_VINE-RIPE-TOMATOES@@ST. LOUIS, MO - MULO",232,232,6528071.91,0,2022-01-09,2026-06-14,0,0.0,5,0,5|0
"SUBCATEGORY_TOMATOES_VINE-RIPE-TOMATOES@@SYRACUSE, NY - MULO",232,232,5303995.42,0,2022-01-09,2026-06-14,0,0.0,4,0,4|0
"SUBCATEGORY_TOMATOES_VINE-RIPE-TOMATOES@@TAMPA/ST. PETERSBURG, FL - MULO",232,232,14014293.73,0,2022-01-09,2026-06-14,0,0.0,6,0,6|0
"SUBCATEGORY_TOMATOES_VINE-RIPE-TOMATOES@@TOLEDO, OH - MULO",232,232,3658006.4,0,2022-01-09,2026-06-14,0,0.0,3,0,3|0
"SUBCATEGORY_TOMATOES_VINE-RIPE-TOMATOES@@TULSA, OK - MULO",232,232,2240755.89,0,2022-01-09,2026-06-14,0,0.0,2,0,2|0
SUBCATEGORY_TOMATOES_VINE-RIPE-TOMATOES@@WEST TEXAS/NEW MEXICO - MULO,232,232,9150668.43,0,2022-01-09,2026-06-14,0,0.0,5,0,5|0
"SUBCATEGORY_TOMATOES_VINE-RIPE-TOMATOES@@WICHITA, KS - MULO",232,232,1732487.99,0,2022-01-09,2026-06-14,0,0.0,2,0,2|0
"SUBCATEGORY_TOMATOES_VINE-RIPE-TOMATOES_CONVENTIONAL@@LITTLE ROCK, AR - MULO",180,180,877845.78,0,2023-01-08,2026-06-14,0,0.0,1,0,1|0
"SUBCATEGORY_TOMATOES_VINE-RIPE-TOMATOES_CONVENTIONAL@@LOS ANGELES, CA - MULO",180,180,5194167.48,0,2023-01-08,2026-06-14,0,0.0,4,0,4|0
"SUBCATEGORY_TOMATOES_VINE-RIPE-TOMATOES_NATURAL@@LOS ANGELES, CA - MULO",180,180,1701709.64,0,2023-01-08,2026-06-14,0,0.0,2,0,2|0
"SUBCATEGORY_TOMATOES_VINE-RIPE-TOMATOES_ORGANIC@@LOS ANGELES, CA - MULO",180,180,1701709.64,0,2023-01-08,2026-06-14,0,0.0,2,0,2|0
"SUBCATEGORY_VALUE-ADDED-FRUIT_FRUIT-TRAYS@@ALBANY, NY - MULO",232,232,899005.77,0,2022-01-09,2026-06-14,0,0.0,1,0,1|0
"SUBCATEGORY_VALUE-ADDED-FRUIT_FRUIT-TRAYS@@ATLANTA, GA - MULO",232,232,7052720.76,0,2022-01-09,2026-06-14,0,0.0,5,0,5|0
"SUBCATEGORY_VALUE-ADDED-FRUIT_FRUIT-TRAYS@@BALTIMORE, MD/WASHINGTON D.C. - MULO",232,232,9934680.82,0,2022-01-09,2026-06-14,0,0.0,6,0,6|0
"SUBCATEGORY_VALUE-ADDED-FRUIT_FRUIT-TRAYS@@BIRMINGHAM/MONTGOMERY, AL - MULO",232,232,7661068.02,0,2022-01-09,2026-06-14,0,0.0,5,0,5|0
"SUBCATEGORY_VALUE-ADDED-FRUIT_FRUIT-TRAYS@@BOISE, ID - MULO",232,232,611423.38,0,2022-01-09,2026-06-14,0,0.0,1,0,1|0
"SUBCATEGORY_VALUE-ADDED-FRUIT_FRUIT-TRAYS@@BOSTON, MA - MULO",232,232,3256554.09,0,2022-01-09,2026-06-14,0,0.0,3,0,3|0
"SUBCATEGORY_VALUE-ADDED-FRUIT_FRUIT-TRAYS@@BUFFALO/ROCHESTER, NY - MULO",232,232,2368903.55,0,2022-01-09,2026-06-14,0,0.0,3,0,3|0
"SUBCATEGORY_VALUE-ADDED-FRUIT_FRUIT-TRAYS@@CHARLOTTE, NC - MULO",232,232,5147691.47,0,2022-01-09,2026-06-14,0,0.0,4,0,4|0
"SUBCATEGORY_VALUE-ADDED-FRUIT_FRUIT-TRAYS@@CHICAGO, IL - MULO",232,232,7102687.03,0,2022-01-09,2026-06-14,0,0.0,5,0,5|0
"SUBCATEGORY_VALUE-ADDED-FRUIT_FRUIT-TRAYS@@CINCINNATI/DAYTON, OH - MULO",232,232,3040503.65,0,2022-01-09,2026-06-14,0,0.0,3,0,3|0
"SUBCATEGORY_VALUE-ADDED-FRUIT_FRUIT-TRAYS@@CLEVELAND, OH - MULO",232,232,4405613.06,0,2022-01-09,2026-06-14,0,0.0,4,0,4|0
"SUBCATEGORY_VALUE-ADDED-FRUIT_FRUIT-TRAYS@@COLUMBUS, OH - MULO",232,232,2583178.91,0,2022-01-09,2026-06-14,0,0.0,3,0,3|0
"SUBCATEGORY_VALUE-ADDED-FRUIT_FRUIT-TRAYS@@DALLAS/FT. WORTH, TX - MULO",232,232,7511970.79,0,2022-01-09,2026-06-14,0,0.0,5,0,5|0
"SUBCATEGORY_VALUE-ADDED-FRUIT_FRUIT-TRAYS@@DENVER, CO - MULO",232,232,3441901.59,0,2022-01-09,2026-06-14,0,0.0,3,0,3|0
"SUBCATEGORY_VALUE-ADDED-FRUIT_FRUIT-TRAYS@@DES MOINES, IA - MULO",232,232,457687.54,0,2022-01-09,2026-06-14,0,0.0,1,0,1|0
"SUBCATEGORY_VALUE-ADDED-FRUIT_FRUIT-TRAYS@@DETROIT, MI - MULO",232,232,4216977.98,0,2022-01-09,2026-06-14,0,0.0,4,0,4|0
"SUBCATEGORY_VALUE-ADDED-FRUIT_FRUIT-TRAYS@@GRAND RAPIDS, MI - MULO",232,232,1641585.34,0,2022-01-09,2026-06-14,0,0.0,2,0,2|0
"SUBCATEGORY_VALUE-ADDED-FRUIT_FRUIT-TRAYS@@GREEN BAY, WI - MULO",232,232,770642.51,0,2022-01-09,2026-06-14,0,0.0,1,0,1|0
"SUBCATEGORY_VALUE-ADDED-FRUIT_FRUIT-TRAYS@@HARRISBURG/SCRANTON, PA - MULO",232,232,4069880.53,0,2022-01-09,2026-06-14,0,0.0,4,0,4|0
"SUBCATEGORY_VALUE-ADDED-FRUIT_FRUIT-TRAYS@@HARTFORD, CT/SPRINGFIELD, MA - MULO",232,232,2163723.49,0,2022-01-09,2026-06-14,0,0.0,2,0,2|0
"SUBCATEGORY_VALUE-ADDED-FRUIT_FRUIT-TRAYS@@HOUSTON, TX - MULO",232,232,4898678.3,0,2022-01-09,2026-06-14,0,0.0,4,0,4|0
"SUBCATEGORY_VALUE-ADDED-FRUIT_FRUIT-TRAYS@@INDIANAPOLIS, IN - MULO",232,232,3004409.46,0,2022-01-09,2026-06-14,0,0.0,3,0,3|0
"SUBCATEGORY_VALUE-ADDED-FRUIT_FRUIT-TRAYS@@JACKSONVILLE, FL - MULO",232,232,3441842.78,0,2022-01-09,2026-06-14,0,0.0,3,0,3|0
"SUBCATEGORY_VALUE-ADDED-FRUIT_FRUIT-TRAYS@@KANSAS CITY, KS - MULO",232,232,1989471.27,0,2022-01-09,2026-06-14,0,0.0,2,0,2|0
"SUBCATEGORY_VALUE-ADDED-FRUIT_FRUIT-TRAYS@@KNOXVILLE, TN - MULO",232,232,1954271.95,0,2022-01-09,2026-06-14,0,0.0,2,0,2|0
"SUBCATEGORY_VALUE-ADDED-FRUIT_FRUIT-TRAYS@@LAS VEGAS, NV - MULO",232,232,1994780.43,0,2022-01-09,2026-06-14,0,0.0,2,0,2|0
"SUBCATEGORY_VALUE-ADDED-FRUIT_FRUIT-TRAYS@@LITTLE ROCK, AR - MULO",232,232,1074087.4,0,2022-01-09,2026-06-14,0,0.0,1,0,1|0
"SUBCATEGORY_VALUE-ADDED-FRUIT_FRUIT-TRAYS@@LOS ANGELES, CA - MULO",232,232,8609399.66,0,2022-01-09,2026-06-14,0,0.0,5,0,5|0
"SUBCATEGORY_VALUE-ADDED-FRUIT_FRUIT-TRAYS@@LOUISVILLE, KY - MULO",232,232,1882792.84,0,2022-01-09,2026-06-14,0,0.0,2,0,2|0
"SUBCATEGORY_VALUE-ADDED-FRUIT_FRUIT-TRAYS@@MEMPHIS, TN - MULO",232,232,1904227.91,0,2022-01-09,2026-06-14,0,0.0,2,0,2|0
"SUBCATEGORY_VALUE-ADDED-FRUIT_FRUIT-TRAYS@@MIAMI/FT. LAUDERDALE, FL - MULO",232,232,6993789.57,0,2022-01-09,2026-06-14,0,0.0,5,0,5|0
"SUBCATEGORY_VALUE-ADDED-FRUIT_FRUIT-TRAYS@@MILWAUKEE, WI - MULO",232,232,2485844.35,0,2022-01-09,2026-06-14,0,0.0,3,0,3|0
"SUBCATEGORY_VALUE-ADDED-FRUIT_FRUIT-TRAYS@@MINNEAPOLIS/ST. PAUL, MN - MULO",232,232,2614253.05,0,2022-01-09,2026-06-14,0,0.0,3,0,3|0
SUBCATEGORY_VALUE-ADDED-FRUIT_FRUIT-TRAYS@@MISSISSIPPI - MULO,232,232,4029363.31,0,2022-01-09,2026-06-14,0,0.0,4,0,4|0
"SUBCATEGORY_VALUE-ADDED-FRUIT_FRUIT-TRAYS@@NASHVILLE, TN - MULO",232,232,3345752.86,0,2022-01-09,2026-06-14,0,0.0,3,0,3|0
SUBCATEGORY_VALUE-ADDED-FRUIT_FRUIT-TRAYS@@NEW ENGLAND - MULO,232,232,2494260.91,0,2022-01-09,2026-06-14,0,0.0,3,0,3|0
"SUBCATEGORY_VALUE-ADDED-FRUIT_FRUIT-TRAYS@@NEW ORLEANS, LA/MOBILE, AL - MULO",232,232,5009402.32,0,2022-01-09,2026-06-14,0,0.0,4,0,4|0
"SUBCATEGORY_VALUE-ADDED-FRUIT_FRUIT-TRAYS@@NEW YORK, NY - MULO",232,232,6320240.37,0,2022-01-09,2026-06-14,0,0.0,4,0,4|0
"SUBCATEGORY_VALUE-ADDED-FRUIT_FRUIT-TRAYS@@OKLAHOMA CITY, OK - MULO",232,232,2914020.63,0,2022-01-09,2026-06-14,0,0.0,3,0,3|0
"SUBCATEGORY_VALUE-ADDED-FRUIT_FRUIT-TRAYS@@OMAHA, NE - MULO",232,232,1341251.29,0,2022-01-09,2026-06-14,0,0.0,2,0,2|0
"SUBCATEGORY_VALUE-ADDED-FRUIT_FRUIT-TRAYS@@ORLANDO, FL - MULO",232,232,7269601.47,0,2022-01-09,2026-06-14,0,0.0,5,0,5|0
"SUBCATEGORY_VALUE-ADDED-FRUIT_FRUIT-TRAYS@@PEORIA/SPRINGFIELD, IL - MULO",232,232,2629846.89,0,2022-01-09,2026-06-14,0,0.0,3,0,3|0
"SUBCATEGORY_VALUE-ADDED-FRUIT_FRUIT-TRAYS@@PHILADELPHIA, PA - MULO",232,232,4907674.23,0,2022-01-09,2026-06-14,0,0.0,4,0,4|0
"SUBCATEGORY_VALUE-ADDED-FRUIT_FRUIT-TRAYS@@PHOENIX/TUCSON, AZ - MULO",232,232,4947845.14,0,2022-01-09,2026-06-14,0,0.0,4,0,4|0
"SUBCATEGORY_VALUE-ADDED-FRUIT_FRUIT-TRAYS@@PITTSBURGH, PA - MULO",232,232,5817470.34,0,2022-01-09,2026-06-14,0,0.0,4,0,4|0
"SUBCATEGORY_VALUE-ADDED-FRUIT_FRUIT-TRAYS@@PORTLAND, OR - MULO",232,232,1774574.97,0,2022-01-09,2026-06-14,0,0.0,2,0,2|0
"SUBCATEGORY_VALUE-ADDED-FRUIT_FRUIT-TRAYS@@PROVIDENCE, RI - MULO",232,232,721442.22,0,2022-01-09,2026-06-14,0,0.0,1,0,1|0
"SUBCATEGORY_VALUE-ADDED-FRUIT_FRUIT-TRAYS@@RALEIGH/GREENSBORO, NC - MULO",232,232,6007917.29,0,2022-01-09,2026-06-14,0,0.0,4,0,4|0
"SUBCATEGORY_VALUE-ADDED-FRUIT_FRUIT-TRAYS@@RICHMOND/NORFOLK, VA - MULO",232,232,5065392.27,0,2022-01-09,2026-06-14,0,0.0,4,0,4|0
"SUBCATEGORY_VALUE-ADDED-FRUIT_FRUIT-TRAYS@@ROANOKE, VA - MULO",232,232,3762123.35,0,2022-01-09,2026-06-14,0,0.0,3,0,3|0
"SUBCATEGORY_VALUE-ADDED-FRUIT_FRUIT-TRAYS@@SACRAMENTO, CA - MULO",232,232,2014425.05,0,2022-01-09,2026-06-14,0,0.0,2,0,2|0
"SUBCATEGORY_VALUE-ADDED-FRUIT_FRUIT-TRAYS@@SALT LAKE CITY, UT - MULO",232,232,1700710.53,0,2022-01-09,2026-06-14,0,0.0,2,0,2|0
"SUBCATEGORY_VALUE-ADDED-FRUIT_FRUIT-TRAYS@@SAN DIEGO, CA - MULO",232,232,1374920.76,0,2022-01-09,2026-06-14,0,0.0,2,0,2|0
"SUBCATEGORY_VALUE-ADDED-FRUIT_FRUIT-TRAYS@@SAN FRANCISCO/OAKLAND, CA - MULO",232,232,1245528.27,0,2022-01-09,2026-06-14,0,0.0,2,0,2|0
"SUBCATEGORY_VALUE-ADDED-FRUIT_FRUIT-TRAYS@@SEATTLE/TACOMA, WA - MULO",232,232,1512160.8699999999,0,2022-01-09,2026-06-14,0,0.0,2,0,2|0
SUBCATEGORY_VALUE-ADDED-FRUIT_FRUIT-TRAYS@@SOUTH CAROLINA - MULO,232,232,9903308.43,0,2022-01-09,2026-06-14,0,0.0,6,0,6|0
"SUBCATEGORY_VALUE-ADDED-FRUIT_FRUIT-TRAYS@@SPOKANE, WA - MULO",232,232,813342.21,0,2022-01-09,2026-06-14,0,0.0,1,0,1|0
"SUBCATEGORY_VALUE-ADDED-FRUIT_FRUIT-TRAYS@@ST. LOUIS, MO - MULO",232,232,3989971.39,0,2022-01-09,2026-06-14,0,0.0,4,0,4|0
"SUBCATEGORY_VALUE-ADDED-FRUIT_FRUIT-TRAYS@@SYRACUSE, NY - MULO",232,232,1227311.58,0,2022-01-09,2026-06-14,0,0.0,2,0,2|0
"SUBCATEGORY_VALUE-ADDED-FRUIT_FRUIT-TRAYS@@TAMPA/ST. PETERSBURG, FL - MULO",232,232,6560143.53,0,2022-01-09,2026-06-14,0,0.0,5,0,5|0
"SUBCATEGORY_VALUE-ADDED-FRUIT_FRUIT-TRAYS@@TOLEDO, OH - MULO",232,232,2610752.48,0,2022-01-09,2026-06-14,0,0.0,3,0,3|0
"SUBCATEGORY_VALUE-ADDED-FRUIT_FRUIT-TRAYS@@TULSA, OK - MULO",232,232,1763031.21,0,2022-01-09,2026-06-14,0,0.0,2,0,2|0
SUBCATEGORY_VALUE-ADDED-FRUIT_FRUIT-TRAYS@@WEST TEXAS/NEW MEXICO - MULO,232,232,6440252.08,0,2022-01-09,2026-06-14,0,0.0,5,0,5|0
"SUBCATEGORY_VALUE-ADDED-FRUIT_FRUIT-TRAYS@@WICHITA, KS - MULO",232,232,955444.4,0,2022-01-09,2026-06-14,0,0.0,1,0,1|0
"SUBCATEGORY_VALUE-ADDED-FRUIT_PREPARED-FRUIT@@ALBANY, NY - MULO",232,232,35913975.93,0,2022-01-09,2026-06-14,0,0.0,8,0,8|0
"SUBCATEGORY_VALUE-ADDED-FRUIT_PREPARED-FRUIT@@ATLANTA, GA - MULO",232,232,190205888.37,0,2022-01-09,2026-06-14,0,0.0,9,0,9|0
"SUBCATEGORY_VALUE-ADDED-FRUIT_PREPARED-FRUIT@@BALTIMORE, MD/WASHINGTON D.C. - MULO",232,232,147040935.74,0,2022-01-09,2026-06-14,0,0.0,9,0,9|0
"SUBCATEGORY_VALUE-ADDED-FRUIT_PREPARED-FRUIT@@BIRMINGHAM/MONTGOMERY, AL - MULO",232,232,73034722.47,0,2022-01-09,2026-06-14,0,0.0,9,0,9|0
"SUBCATEGORY_VALUE-ADDED-FRUIT_PREPARED-FRUIT@@BOISE, ID - MULO",232,232,8233141.39,0,2022-01-09,2026-06-14,0,0.0,5,0,5|0
"SUBCATEGORY_VALUE-ADDED-FRUIT_PREPARED-FRUIT@@BOSTON, MA - MULO",232,232,75169100.27,0,2022-01-09,2026-06-14,0,0.0,9,0,9|0
"SUBCATEGORY_VALUE-ADDED-FRUIT_PREPARED-FRUIT@@BUFFALO/ROCHESTER, NY - MULO",232,232,34288311.45,0,2022-01-09,2026-06-14,0,0.0,8,0,8|0
"SUBCATEGORY_VALUE-ADDED-FRUIT_PREPARED-FRUIT@@CHARLOTTE, NC - MULO",232,232,59745553.29,0,2022-01-09,2026-06-14,0,0.0,9,0,9|0
"SUBCATEGORY_VALUE-ADDED-FRUIT_PREPARED-FRUIT@@CHICAGO, IL - MULO",232,232,159139885.97,0,2022-01-09,2026-06-14,0,0.0,9,0,9|0
"SUBCATEGORY_VALUE-ADDED-FRUIT_PREPARED-FRUIT@@CINCINNATI/DAYTON, OH - MULO",232,232,144871912.57,0,2022-01-09,2026-06-14,0,0.0,9,0,9|0
"SUBCATEGORY_VALUE-ADDED-FRUIT_PREPARED-FRUIT@@CLEVELAND, OH - MULO",232,232,55153963.94,0,2022-01-09,2026-06-14,0,0.0,8,0,8|0
"SUBCATEGORY_VALUE-ADDED-FRUIT_PREPARED-FRUIT@@COLUMBUS, OH - MULO",232,232,91555682.3,0,2022-01-09,2026-06-14,0,0.0,9,0,9|0
"SUBCATEGORY_VALUE-ADDED-FRUIT_PREPARED-FRUIT@@DALLAS/FT. WORTH, TX - MULO",232,232,186313059.91,0,2022-01-09,2026-06-14,0,0.0,9,0,9|0
"SUBCATEGORY_VALUE-ADDED-FRUIT_PREPARED-FRUIT@@DENVER, CO - MULO",232,232,145770173.57,0,2022-01-09,2026-06-14,0,0.0,9,0,9|0
"SUBCATEGORY_VALUE-ADDED-FRUIT_PREPARED-FRUIT@@DES MOINES, IA - MULO",232,232,10967569.18,0,2022-01-09,2026-06-14,0,0.0,6,0,6|0
"SUBCATEGORY_VALUE-ADDED-FRUIT_PREPARED-FRUIT@@DETROIT, MI - MULO",232,232,147146737.36,0,2022-01-09,2026-06-14,0,0.0,9,0,9|0
"SUBCATEGORY_VALUE-ADDED-FRUIT_PREPARED-FRUIT@@GRAND RAPIDS, MI - MULO",232,232,31497211.0,0,2022-01-09,2026-06-14,0,0.0,8,0,8|0
"SUBCATEGORY_VALUE-ADDED-FRUIT_PREPARED-FRUIT@@GREEN BAY, WI - MULO",232,232,18062701.2,0,2022-01-09,2026-06-14,0,0.0,7,0,7|0
"SUBCATEGORY_VALUE-ADDED-FRUIT_PREPARED-FRUIT@@HARRISBURG/SCRANTON, PA - MULO",232,232,56635449.04,0,2022-01-09,2026-06-14,0,0.0,9,0,9|0
"SUBCATEGORY_VALUE-ADDED-FRUIT_PREPARED-FRUIT@@HARTFORD, CT/SPRINGFIELD, MA - MULO",232,232,61110307.97,0,2022-01-09,2026-06-14,0,0.0,9,0,9|0
"SUBCATEGORY_VALUE-ADDED-FRUIT_PREPARED-FRUIT@@HOUSTON, TX - MULO",232,232,124905864.4,0,2022-01-09,2026-06-14,0,0.0,9,0,9|0
"SUBCATEGORY_VALUE-ADDED-FRUIT_PREPARED-FRUIT@@INDIANAPOLIS, IN - MULO",232,232,95934322.92,0,2022-01-09,2026-06-14,0,0.0,9,0,9|0
"SUBCATEGORY_VALUE-ADDED-FRUIT_PREPARED-FRUIT@@JACKSONVILLE, FL - MULO",232,232,24934917.69,0,2022-01-09,2026-06-14,0,0.0,7,0,7|0
"SUBCATEGORY_VALUE-ADDED-FRUIT_PREPARED-FRUIT@@KANSAS CITY, KS - MULO",232,232,28448135.45,0,2022-01-09,2026-06-14,0,0.0,8,0,8|0
"SUBCATEGORY_VALUE-ADDED-FRUIT_PREPARED-FRUIT@@KNOXVILLE, TN - MULO",232,232,31918827.71,0,2022-01-09,2026-06-14,0,0.0,8,0,8|0
"SUBCATEGORY_VALUE-ADDED-FRUIT_PREPARED-FRUIT@@LAS VEGAS, NV - MULO",232,232,46249198.73,0,2022-01-09,2026-06-14,0,0.0,8,0,8|0
"SUBCATEGORY_VALUE-ADDED-FRUIT_PREPARED-FRUIT@@LITTLE ROCK, AR - MULO",232,232,25311775.07,0,2022-01-09,2026-06-14,0,0.0,7,0,7|0
"SUBCATEGORY_VALUE-ADDED-FRUIT_PREPARED-FRUIT@@LOS ANGELES, CA - MULO",232,232,189379489.92,0,2022-01-09,2026-06-14,0,0.0,9,0,9|0
"SUBCATEGORY_VALUE-ADDED-FRUIT_PREPARED-FRUIT@@LOUISVILLE, KY - MULO",232,232,60191101.3,0,2022-01-09,2026-06-14,0,0.0,9,0,9|0
"SUBCATEGORY_VALUE-ADDED-FRUIT_PREPARED-FRUIT@@MEMPHIS, TN - MULO",232,232,57509271.61,0,2022-01-09,2026-06-14,0,0.0,9,0,9|0
"SUBCATEGORY_VALUE-ADDED-FRUIT_PREPARED-FRUIT@@MIAMI/FT. LAUDERDALE, FL - MULO",232,232,68175216.37,0,2022-01-09,2026-06-14,0,0.0,9,0,9|0
"SUBCATEGORY_VALUE-ADDED-FRUIT_PREPARED-FRUIT@@MILWAUKEE, WI - MULO",232,232,89028851.9,0,2022-01-09,2026-06-14,0,0.0,9,0,9|0
"SUBCATEGORY_VALUE-ADDED-FRUIT_PREPARED-FRUIT@@MINNEAPOLIS/ST. PAUL, MN - MULO",232,232,87496446.09,0,2022-01-09,2026-06-14,0,0.0,9,0,9|0
SUBCATEGORY_VALUE-ADDED-FRUIT_PREPARED-FRUIT@@MISSISSIPPI - MULO,232,232,56934121.3,0,2022-01-09,2026-06-14,0,0.0,9,0,9|0
"SUBCATEGORY_VALUE-ADDED-FRUIT_PREPARED-FRUIT@@NASHVILLE, TN - MULO",232,232,74704740.44,0,2022-01-09,2026-06-14,0,0.0,9,0,9|0
SUBCATEGORY_VALUE-ADDED-FRUIT_PREPARED-FRUIT@@NEW ENGLAND - MULO,232,232,61105304.0,0,2022-01-09,2026-06-14,0,0.0,9,0,9|0
"SUBCATEGORY_VALUE-ADDED-FRUIT_PREPARED-FRUIT@@NEW ORLEANS, LA/MOBILE, AL - MULO",232,232,48584610.5,0,2022-01-09,2026-06-14,0,0.0,8,0,8|0
"SUBCATEGORY_VALUE-ADDED-FRUIT_PREPARED-FRUIT@@NEW YORK, NY - MULO",232,232,177969803.14,0,2022-01-09,2026-06-14,0,0.0,9,0,9|0
"SUBCATEGORY_VALUE-ADDED-FRUIT_PREPARED-FRUIT@@OKLAHOMA CITY, OK - MULO",232,232,18466156.61,0,2022-01-09,2026-06-14,0,0.0,7,0,7|0
"SUBCATEGORY_VALUE-ADDED-FRUIT_PREPARED-FRUIT@@OMAHA, NE - MULO",232,232,22266118.33,0,2022-01-09,2026-06-14,0,0.0,7,0,7|0
"SUBCATEGORY_VALUE-ADDED-FRUIT_PREPARED-FRUIT@@ORLANDO, FL - MULO",232,232,61706096.93,0,2022-01-09,2026-06-14,0,0.0,9,0,9|0
"SUBCATEGORY_VALUE-ADDED-FRUIT_PREPARED-FRUIT@@PEORIA/SPRINGFIELD, IL - MULO",232,232,36623336.48,0,2022-01-09,2026-06-14,0,0.0,8,0,8|0
"SUBCATEGORY_VALUE-ADDED-FRUIT_PREPARED-FRUIT@@PHILADELPHIA, PA - MULO",232,232,96622190.9,0,2022-01-09,2026-06-14,0,0.0,9,0,9|0
"SUBCATEGORY_VALUE-ADDED-FRUIT_PREPARED-FRUIT@@PHOENIX/TUCSON, AZ - MULO",232,232,134518477.25,0,2022-01-09,2026-06-14,0,0.0,9,0,9|0
"SUBCATEGORY_VALUE-ADDED-FRUIT_PREPARED-FRUIT@@PITTSBURGH, PA - MULO",232,232,62203955.15,0,2022-01-09,2026-06-14,0,0.0,9,0,9|0
"SUBCATEGORY_VALUE-ADDED-FRUIT_PREPARED-FRUIT@@PORTLAND, OR - MULO",232,232,68473299.7,0,2022-01-09,2026-06-14,0,0.0,9,0,9|0
"SUBCATEGORY_VALUE-ADDED-FRUIT_PREPARED-FRUIT@@PROVIDENCE, RI - MULO",232,232,13026630.41,0,2022-01-09,2026-06-14,0,0.0,6,0,6|0
"SUBCATEGORY_VALUE-ADDED-FRUIT_PREPARED-FRUIT@@RALEIGH/GREENSBORO, NC - MULO",232,232,68747797.95,0,2022-01-09,2026-06-14,0,0.0,9,0,9|0
"SUBCATEGORY_VALUE-ADDED-FRUIT_PREPARED-FRUIT@@RICHMOND/NORFOLK, VA - MULO",232,232,93069672.7,0,2022-01-09,2026-06-14,0,0.0,9,0,9|0
"SUBCATEGORY_VALUE-ADDED-FRUIT_PREPARED-FRUIT@@ROANOKE, VA - MULO",232,232,59409299.93,0,2022-01-09,2026-06-14,0,0.0,9,0,9|0
"SUBCATEGORY_VALUE-ADDED-FRUIT_PREPARED-FRUIT@@SACRAMENTO, CA - MULO",232,232,41251857.4,0,2022-01-09,2026-06-14,0,0.0,8,0,8|0
"SUBCATEGORY_VALUE-ADDED-FRUIT_PREPARED-FRUIT@@SALT LAKE CITY, UT - MULO",232,232,43419101.589999996,0,2022-01-09,2026-06-14,0,0.0,8,0,8|0
"SUBCATEGORY_VALUE-ADDED-FRUIT_PREPARED-FRUIT@@SAN DIEGO, CA - MULO",232,232,32809722.71,0,2022-01-09,2026-06-14,0,0.0,8,0,8|0
"SUBCATEGORY_VALUE-ADDED-FRUIT_PREPARED-FRUIT@@SAN FRANCISCO/OAKLAND, CA - MULO",232,232,41262673.2,0,2022-01-09,2026-06-14,0,0.0,8,0,8|0
"SUBCATEGORY_VALUE-ADDED-FRUIT_PREPARED-FRUIT@@SEATTLE/TACOMA, WA - MULO",232,232,82990297.76,0,2022-01-09,2026-06-14,0,0.0,9,0,9|0
SUBCATEGORY_VALUE-ADDED-FRUIT_PREPARED-FRUIT@@SOUTH CAROLINA - MULO,232,232,122538512.46,0,2022-01-09,2026-06-14,0,0.0,9,0,9|0
"SUBCATEGORY_VALUE-ADDED-FRUIT_PREPARED-FRUIT@@SPOKANE, WA - MULO",232,232,9187927.0,0,2022-01-09,2026-06-14,0,0.0,5,0,5|0
"SUBCATEGORY_VALUE-ADDED-FRUIT_PREPARED-FRUIT@@ST. LOUIS, MO - MULO",232,232,38074280.27,0,2022-01-09,2026-06-14,0,0.0,8,0,8|0
"SUBCATEGORY_VALUE-ADDED-FRUIT_PREPARED-FRUIT@@SYRACUSE, NY - MULO",232,232,22022560.57,0,2022-01-09,2026-06-14,0,0.0,7,0,7|0
"SUBCATEGORY_VALUE-ADDED-FRUIT_PREPARED-FRUIT@@TAMPA/ST. PETERSBURG, FL - MULO",232,232,54657829.95,0,2022-01-09,2026-06-14,0,0.0,8,0,8|0
"SUBCATEGORY_VALUE-ADDED-FRUIT_PREPARED-FRUIT@@TOLEDO, OH - MULO",232,232,54009158.86,0,2022-01-09,2026-06-14,0,0.0,8,0,8|0
"SUBCATEGORY_VALUE-ADDED-FRUIT_PREPARED-FRUIT@@TULSA, OK - MULO",232,232,21626738.41,0,2022-01-09,2026-06-14,0,0.0,7,0,7|0
SUBCATEGORY_VALUE-ADDED-FRUIT_PREPARED-FRUIT@@WEST TEXAS/NEW MEXICO - MULO,232,232,67654624.12,0,2022-01-09,2026-06-14,0,0.0,9,0,9|0
"SUBCATEGORY_VALUE-ADDED-FRUIT_PREPARED-FRUIT@@WICHITA, KS - MULO",232,232,30619507.330000002,0,2022-01-09,2026-06-14,0,0.0,8,0,8|0
"SUBCATEGORY_VALUE-ADDED-VEGETABLES_PREPARED-VEGETABLES@@ALBANY, NY - MULO",232,232,16651869.88,0,2022-01-09,2026-06-14,0,0.0,7,0,7|0
"SUBCATEGORY_VALUE-ADDED-VEGETABLES_PREPARED-VEGETABLES@@ATLANTA, GA - MULO",232,232,107932541.45,0,2022-01-09,2026-06-14,0,0.0,9,0,9|0
"SUBCATEGORY_VALUE-ADDED-VEGETABLES_PREPARED-VEGETABLES@@BALTIMORE, MD/WASHINGTON D.C. - MULO",232,232,146569681.85,0,2022-01-09,2026-06-14,0,0.0,9,0,9|0
"SUBCATEGORY_VALUE-ADDED-VEGETABLES_PREPARED-VEGETABLES@@BIRMINGHAM/MONTGOMERY, AL - MULO",232,232,59758032.63,0,2022-01-09,2026-06-14,0,0.0,9,0,9|0
"SUBCATEGORY_VALUE-ADDED-VEGETABLES_PREPARED-VEGETABLES@@BOISE, ID - MULO",232,232,8235066.45,0,2022-01-09,2026-06-14,0,0.0,5,0,5|0
"SUBCATEGORY_VALUE-ADDED-VEGETABLES_PREPARED-VEGETABLES@@BOSTON, MA - MULO",232,232,73441632.83,0,2022-01-09,2026-06-14,0,0.0,9,0,9|0
"SUBCATEGORY_VALUE-ADDED-VEGETABLES_PREPARED-VEGETABLES@@BUFFALO/ROCHESTER, NY - MULO",232,232,55702389.14,0,2022-01-09,2026-06-14,0,0.0,8,0,8|0
"SUBCATEGORY_VALUE-ADDED-VEGETABLES_PREPARED-VEGETABLES@@CHARLOTTE, NC - MULO",232,232,41567631.4,0,2022-01-09,2026-06-14,0,0.0,8,0,8|0
"SUBCATEGORY_VALUE-ADDED-VEGETABLES_PREPARED-VEGETABLES@@CHICAGO, IL - MULO",232,232,78005932.91,0,2022-01-09,2026-06-14,0,0.0,9,0,9|0
"SUBCATEGORY_VALUE-ADDED-VEGETABLES_PREPARED-VEGETABLES@@CINCINNATI/DAYTON, OH - MULO",232,232,52326358.6,0,2022-01-09,2026-06-14,0,0.0,8,0,8|0
"SUBCATEGORY_VALUE-ADDED-VEGETABLES_PREPARED-VEGETABLES@@CLEVELAND, OH - MULO",232,232,28296798.6,0,2022-01-09,2026-06-14,0,0.0,8,0,8|0
"SUBCATEGORY_VALUE-ADDED-VEGETABLES_PREPARED-VEGETABLES@@COLUMBUS, OH - MULO",232,232,37170694.38,0,2022-01-09,2026-06-14,0,0.0,8,0,8|0
"SUBCATEGORY_VALUE-ADDED-VEGETABLES_PREPARED-VEGETABLES@@DALLAS/FT. WORTH, TX - MULO",232,232,86444560.13,0,2022-01-09,2026-06-14,0,0.0,9,0,9|0
"SUBCATEGORY_VALUE-ADDED-VEGETABLES_PREPARED-VEGETABLES@@DENVER, CO - MULO",232,232,61003741.91,0,2022-01-09,2026-06-14,0,0.0,9,0,9|0
"SUBCATEGORY_VALUE-ADDED-VEGETABLES_PREPARED-VEGETABLES@@DES MOINES, IA - MULO",232,232,11237095.06,0,2022-01-09,2026-06-14,0,0.0,6,0,6|0
"SUBCATEGORY_VALUE-ADDED-VEGETABLES_PREPARED-VEGETABLES@@DETROIT, MI - MULO",232,232,62855455.06,0,2022-01-09,2026-06-14,0,0.0,9,0,9|0
"SUBCATEGORY_VALUE-ADDED-VEGETABLES_PREPARED-VEGETABLES@@GRAND RAPIDS, MI - MULO",232,232,19657162.88,0,2022-01-09,2026-06-14,0,0.0,7,0,7|0
"SUBCATEGORY_VALUE-ADDED-VEGETABLES_PREPARED-VEGETABLES@@GREEN BAY, WI - MULO",232,232,6806354.36,0,2022-01-09,2026-06-14,0,0.0,5,0,5|0
"SUBCATEGORY_VALUE-ADDED-VEGETABLES_PREPARED-VEGETABLES@@HARRISBURG/SCRANTON, PA - MULO",232,232,57150558.89,0,2022-01-09,2026-06-14,0,0.0,9,0,9|0
"SUBCATEGORY_VALUE-ADDED-VEGETABLES_PREPARED-VEGETABLES@@HARTFORD, CT/SPRINGFIELD, MA - MULO",232,232,43654164.04,0,2022-01-09,2026-06-14,0,0.0,8,0,8|0
"SUBCATEGORY_VALUE-ADDED-VEGETABLES_PREPARED-VEGETABLES@@HOUSTON, TX - MULO",232,232,40715766.73,0,2022-01-09,2026-06-14,0,0.0,8,0,8|0
"SUBCATEGORY_VALUE-ADDED-VEGETABLES_PREPARED-VEGETABLES@@INDIANAPOLIS, IN - MULO",232,232,36016609.97,0,2022-01-09,2026-06-14,0,0.0,8,0,8|0
"SUBCATEGORY_VALUE-ADDED-VEGETABLES_PREPARED-VEGETABLES@@JACKSONVILLE, FL - MULO",232,232,39224369.04,0,2022-01-09,2026-06-14,0,0.0,8,0,8|0
"SUBCATEGORY_VALUE-ADDED-VEGETABLES_PREPARED-VEGETABLES@@KANSAS CITY, KS - MULO",232,232,21263965.41,0,2022-01-09,2026-06-14,0,0.0,7,0,7|0
"SUBCATEGORY_VALUE-ADDED-VEGETABLES_PREPARED-VEGETABLES@@KNOXVILLE, TN - MULO",232,232,17030301.45,0,2022-01-09,2026-06-14,0,0.0,7,0,7|0
"SUBCATEGORY_VALUE-ADDED-VEGETABLES_PREPARED-VEGETABLES@@LAS VEGAS, NV - MULO",232,232,28594106.41,0,2022-01-09,2026-06-14,0,0.0,8,0,8|0
"SUBCATEGORY_VALUE-ADDED-VEGETABLES_PREPARED-VEGETABLES@@LITTLE ROCK, AR - MULO",232,232,11116910.36,0,2022-01-09,2026-06-14,0,0.0,6,0,6|0
"SUBCATEGORY_VALUE-ADDED-VEGETABLES_PREPARED-VEGETABLES@@LOS ANGELES, CA - MULO",232,232,211642280.94,0,2022-01-09,2026-06-14,0,0.0,9,0,9|0
"SUBCATEGORY_VALUE-ADDED-VEGETABLES_PREPARED-VEGETABLES@@LOUISVILLE, KY - MULO",232,232,24927714.34,0,2022-01-09,2026-06-14,0,0.0,7,0,7|0
"SUBCATEGORY_VALUE-ADDED-VEGETABLES_PREPARED-VEGETABLES@@MEMPHIS, TN - MULO",232,232,17742738.08,0,2022-01-09,2026-06-14,0,0.0,7,0,7|0
"SUBCATEGORY_VALUE-ADDED-VEGETABLES_PREPARED-VEGETABLES@@MIAMI/FT. LAUDERDALE, FL - MULO",232,232,99810739.85,0,2022-01-09,2026-06-14,0,0.0,9,0,9|0
"SUBCATEGORY_VALUE-ADDED-VEGETABLES_PREPARED-VEGETABLES@@MILWAUKEE, WI - MULO",232,232,30706422.28,0,2022-01-09,2026-06-14,0,0.0,8,0,8|0
"SUBCATEGORY_VALUE-ADDED-VEGETABLES_PREPARED-VEGETABLES@@MINNEAPOLIS/ST. PAUL, MN - MULO",232,232,49216411.52,0,2022-01-09,2026-06-14,0,0.0,8,0,8|0
SUBCATEGORY_VALUE-ADDED-VEGETABLES_PREPARED-VEGETABLES@@MISSISSIPPI - MULO,232,232,25298226.43,0,2022-01-09,2026-06-14,0,0.0,7,0,7|0
"SUBCATEGORY_VALUE-ADDED-VEGETABLES_PREPARED-VEGETABLES@@NASHVILLE, TN - MULO",232,232,43270501.95,0,2022-01-09,2026-06-14,0,0.0,8,0,8|0
SUBCATEGORY_VALUE-ADDED-VEGETABLES_PREPARED-VEGETABLES@@NEW ENGLAND - MULO,232,232,42315101.39,0,2022-01-09,2026-06-14,0,0.0,8,0,8|0
"SUBCATEGORY_VALUE-ADDED-VEGETABLES_PREPARED-VEGETABLES@@NEW ORLEANS, LA/MOBILE, AL - MULO",232,232,68015872.48,0,2022-01-09,2026-06-14,0,0.0,9,0,9|0
"SUBCATEGORY_VALUE-ADDED-VEGETABLES_PREPARED-VEGETABLES@@NEW YORK, NY - MULO",232,232,179453694.85,0,2022-01-09,2026-06-14,0,0.0,9,0,9|0
"SUBCATEGORY_VALUE-ADDED-VEGETABLES_PREPARED-VEGETABLES@@OKLAHOMA CITY, OK - MULO",232,232,15715349.74,0,2022-01-09,2026-06-14,0,0.0,7,0,7|0
"SUBCATEGORY_VALUE-ADDED-VEGETABLES_PREPARED-VEGETABLES@@OMAHA, NE - MULO",232,232,17069543.76,0,2022-01-09,2026-06-14,0,0.0,7,0,7|0
"SUBCATEGORY_VALUE-ADDED-VEGETABLES_PREPARED-VEGETABLES@@ORLANDO, FL - MULO",232,232,75568386.68,0,2022-01-09,2026-06-14,0,0.0,9,0,9|0
"SUBCATEGORY_VALUE-ADDED-VEGETABLES_PREPARED-VEGETABLES@@PEORIA/SPRINGFIELD, IL - MULO",232,232,19276866.919999998,0,2022-01-09,2026-06-14,0,0.0,7,0,7|0
"SUBCATEGORY_VALUE-ADDED-VEGETABLES_PREPARED-VEGETABLES@@PHILADELPHIA, PA - MULO",232,232,106711694.43,0,2022-01-09,2026-06-14,0,0.0,9,0,9|0
"SUBCATEGORY_VALUE-ADDED-VEGETABLES_PREPARED-VEGETABLES@@PHOENIX/TUCSON, AZ - MULO",232,232,76127167.53,0,2022-01-09,2026-06-14,0,0.0,9,0,9|0
"SUBCATEGORY_VALUE-ADDED-VEGETABLES_PREPARED-VEGETABLES@@PITTSBURGH, PA - MULO",232,232,35655826.42,0,2022-01-09,2026-06-14,0,0.0,8,0,8|0
"SUBCATEGORY_VALUE-ADDED-VEGETABLES_PREPARED-VEGETABLES@@PORTLAND, OR - MULO",232,232,40652443.33,0,2022-01-09,2026-06-14,0,0.0,8,0,8|0
"SUBCATEGORY_VALUE-ADDED-VEGETABLES_PREPARED-VEGETABLES@@PROVIDENCE, RI - MULO",232,232,11686349.44,0,2022-01-09,2026-06-14,0,0.0,6,0,6|0
"SUBCATEGORY_VALUE-ADDED-VEGETABLES_PREPARED-VEGETABLES@@RALEIGH/GREENSBORO, NC - MULO",232,232,47485693.92,0,2022-01-09,2026-06-14,0,0.0,8,0,8|0
"SUBCATEGORY_VALUE-ADDED-VEGETABLES_PREPARED-VEGETABLES@@RICHMOND/NORFOLK, VA - MULO",232,232,49999562.91,0,2022-01-09,2026-06-14,0,0.0,8,0,8|0
"SUBCATEGORY_VALUE-ADDED-VEGETABLES_PREPARED-VEGETABLES@@ROANOKE, VA - MULO",232,232,31191420.0,0,2022-01-09,2026-06-14,0,0.0,8,0,8|0
"SUBCATEGORY_VALUE-ADDED-VEGETABLES_PREPARED-VEGETABLES@@SACRAMENTO, CA - MULO",232,232,36834910.72,0,2022-01-09,2026-06-14,0,0.0,8,0,8|0
"SUBCATEGORY_VALUE-ADDED-VEGETABLES_PREPARED-VEGETABLES@@SALT LAKE CITY, UT - MULO",232,232,26792354.88,0,2022-01-09,2026-06-14,0,0.0,8,0,8|0
"SUBCATEGORY_VALUE-ADDED-VEGETABLES_PREPARED-VEGETABLES@@SAN DIEGO, CA - MULO",232,232,38604602.37,0,2022-01-09,2026-06-14,0,0.0,8,0,8|0
"SUBCATEGORY_VALUE-ADDED-VEGETABLES_PREPARED-VEGETABLES@@SAN FRANCISCO/OAKLAND, CA - MULO",232,232,69842927.07000001,0,2022-01-09,2026-06-14,0,0.0,9,0,9|0
"SUBCATEGORY_VALUE-ADDED-VEGETABLES_PREPARED-VEGETABLES@@SEATTLE/TACOMA, WA - MULO",232,232,45742534.13,0,2022-01-09,2026-06-14,0,0.0,8,0,8|0
SUBCATEGORY_VALUE-ADDED-VEGETABLES_PREPARED-VEGETABLES@@SOUTH CAROLINA - MULO,232,232,80175965.03,0,2022-01-09,2026-06-14,0,0.0,9,0,9|0
"SUBCATEGORY_VALUE-ADDED-VEGETABLES_PREPARED-VEGETABLES@@SPOKANE, WA - MULO",232,232,7091673.36,0,2022-01-09,2026-06-14,0,0.0,5,0,5|0
"SUBCATEGORY_VALUE-ADDED-VEGETABLES_PREPARED-VEGETABLES@@ST. LOUIS, MO - MULO",232,232,33566676.82,0,2022-01-09,2026-06-14,0,0.0,8,0,8|0
"SUBCATEGORY_VALUE-ADDED-VEGETABLES_PREPARED-VEGETABLES@@SYRACUSE, NY - MULO",232,232,20142351.6,0,2022-01-09,2026-06-14,0,0.0,7,0,7|0
"SUBCATEGORY_VALUE-ADDED-VEGETABLES_PREPARED-VEGETABLES@@TAMPA/ST. PETERSBURG, FL - MULO",232,232,90746284.14,0,2022-01-09,2026-06-14,0,0.0,9,0,9|0
"SUBCATEGORY_VALUE-ADDED-VEGETABLES_PREPARED-VEGETABLES@@TOLEDO, OH - MULO",232,232,23708775.53,0,2022-01-09,2026-06-14,0,0.0,7,0,7|0
"SUBCATEGORY_VALUE-ADDED-VEGETABLES_PREPARED-VEGETABLES@@TULSA, OK - MULO",232,232,11358494.47,0,2022-01-09,2026-06-14,0,0.0,6,0,6|0
SUBCATEGORY_VALUE-ADDED-VEGETABLES_PREPARED-VEGETABLES@@WEST TEXAS/NEW MEXICO - MULO,232,232,45889996.24,0,2022-01-09,2026-06-14,0,0.0,8,0,8|0
"SUBCATEGORY_VALUE-ADDED-VEGETABLES_PREPARED-VEGETABLES@@WICHITA, KS - MULO",232,232,12200877.53,0,2022-01-09,2026-06-14,0,0.0,6,0,6|0
"SUBCATEGORY_VALUE-ADDED-VEGETABLES_VEGETABLE-TRAYS@@ALBANY, NY - MULO",232,232,2167226.96,0,2022-01-09,2026-06-14,0,0.0,2,0,2|0
"SUBCATEGORY_VALUE-ADDED-VEGETABLES_VEGETABLE-TRAYS@@ATLANTA, GA - MULO",232,232,17071242.22,0,2022-01-09,2026-06-14,0,0.0,7,0,7|0
"SUBCATEGORY_VALUE-ADDED-VEGETABLES_VEGETABLE-TRAYS@@BALTIMORE, MD/WASHINGTON D.C. - MULO",232,232,11863862.99,0,2022-01-09,2026-06-14,0,0.0,6,0,6|0
"SUBCATEGORY_VALUE-ADDED-VEGETABLES_VEGETABLE-TRAYS@@BIRMINGHAM/MONTGOMERY, AL - MULO",232,232,14112051.94,0,2022-01-09,2026-06-14,0,0.0,6,0,6|0
"SUBCATEGORY_VALUE-ADDED-VEGETABLES_VEGETABLE-TRAYS@@BOISE, ID - MULO",232,232,4633915.99,0,2022-01-09,2026-06-14,0,0.0,4,0,4|0
"SUBCATEGORY_VALUE-ADDED-VEGETABLES_VEGETABLE-TRAYS@@BOSTON, MA - MULO",232,232,6270705.72,0,2022-01-09,2026-06-14,0,0.0,4,0,4|0
"SUBCATEGORY_VALUE-ADDED-VEGETABLES_VEGETABLE-TRAYS@@BUFFALO/ROCHESTER, NY - MULO",232,232,2704969.7600000002,0,2022-01-09,2026-06-14,0,0.0,3,0,3|0
"SUBCATEGORY_VALUE-ADDED-VEGETABLES_VEGETABLE-TRAYS@@CHARLOTTE, NC - MULO",232,232,8843630.01,0,2022-01-09,2026-06-14,0,0.0,5,0,5|0
"SUBCATEGORY_VALUE-ADDED-VEGETABLES_VEGETABLE-TRAYS@@CHICAGO, IL - MULO",232,232,22807566.25,0,2022-01-09,2026-06-14,0,0.0,7,0,7|0
"SUBCATEGORY_VALUE-ADDED-VEGETABLES_VEGETABLE-TRAYS@@CINCINNATI/DAYTON, OH - MULO",232,232,14954366.34,0,2022-01-09,2026-06-14,0,0.0,6,0,6|0
"SUBCATEGORY_VALUE-ADDED-VEGETABLES_VEGETABLE-TRAYS@@CLEVELAND, OH - MULO",232,232,5089965.4,0,2022-01-09,2026-06-14,0,0.0,4,0,4|0
"SUBCATEGORY_VALUE-ADDED-VEGETABLES_VEGETABLE-TRAYS@@COLUMBUS, OH - MULO",232,232,9804821.75,0,2022-01-09,2026-06-14,0,0.0,6,0,6|0
"SUBCATEGORY_VALUE-ADDED-VEGETABLES_VEGETABLE-TRAYS@@DALLAS/FT. WORTH, TX - MULO",232,232,17669769.3,0,2022-01-09,2026-06-14,0,0.0,7,0,7|0
"SUBCATEGORY_VALUE-ADDED-VEGETABLES_VEGETABLE-TRAYS@@DENVER, CO - MULO",232,232,21061140.46,0,2022-01-09,2026-06-14,0,0.0,7,0,7|0
"SUBCATEGORY_VALUE-ADDED-VEGETABLES_VEGETABLE-TRAYS@@DES MOINES, IA - MULO",232,232,1648006.24,0,2022-01-09,2026-06-14,0,0.0,2,0,2|0
"SUBCATEGORY_VALUE-ADDED-VEGETABLES_VEGETABLE-TRAYS@@DETROIT, MI - MULO",232,232,18070071.52,0,2022-01-09,2026-06-14,0,0.0,7,0,7|0
"SUBCATEGORY_VALUE-ADDED-VEGETABLES_VEGETABLE-TRAYS@@GRAND RAPIDS, MI - MULO",232,232,8756291.91,0,2022-01-09,2026-06-14,0,0.0,5,0,5|0
"SUBCATEGORY_VALUE-ADDED-VEGETABLES_VEGETABLE-TRAYS@@GREEN BAY, WI - MULO",232,232,2775644.89,0,2022-01-09,2026-06-14,0,0.0,3,0,3|0
"SUBCATEGORY_VALUE-ADDED-VEGETABLES_VEGETABLE-TRAYS@@HARRISBURG/SCRANTON, PA - MULO",232,232,7744707.02,0,2022-01-09,2026-06-14,0,0.0,5,0,5|0
"SUBCATEGORY_VALUE-ADDED-VEGETABLES_VEGETABLE-TRAYS@@HARTFORD, CT/SPRINGFIELD, MA - MULO",232,232,6367601.82,0,2022-01-09,2026-06-14,0,0.0,5,0,5|0
"SUBCATEGORY_VALUE-ADDED-VEGETABLES_VEGETABLE-TRAYS@@HOUSTON, TX - MULO",232,232,8355384.56,0,2022-01-09,2026-06-14,0,0.0,5,0,5|0
"SUBCATEGORY_VALUE-ADDED-VEGETABLES_VEGETABLE-TRAYS@@INDIANAPOLIS, IN - MULO",232,232,14048072.88,0,2022-01-09,2026-06-14,0,0.0,6,0,6|0
"SUBCATEGORY_VALUE-ADDED-VEGETABLES_VEGETABLE-TRAYS@@JACKSONVILLE, FL - MULO",232,232,8375291.95,0,2022-01-09,2026-06-14,0,0.0,5,0,5|0
"SUBCATEGORY_VALUE-ADDED-VEGETABLES_VEGETABLE-TRAYS@@KANSAS CITY, KS - MULO",232,232,7004365.11,0,2022-01-09,2026-06-14,0,0.0,5,0,5|0
"SUBCATEGORY_VALUE-ADDED-VEGETABLES_VEGETABLE-TRAYS@@KNOXVILLE, TN - MULO",232,232,4556500.32,0,2022-01-09,2026-06-14,0,0.0,4,0,4|0
"SUBCATEGORY_VALUE-ADDED-VEGETABLES_VEGETABLE-TRAYS@@LAS VEGAS, NV - MULO",232,232,9788835.0,0,2022-01-09,2026-06-14,0,0.0,6,0,6|0
"SUBCATEGORY_VALUE-ADDED-VEGETABLES_VEGETABLE-TRAYS@@LITTLE ROCK, AR - MULO",232,232,2765899.21,0,2022-01-09,2026-06-14,0,0.0,3,0,3|0
"SUBCATEGORY_VALUE-ADDED-VEGETABLES_VEGETABLE-TRAYS@@LOS ANGELES, CA - MULO",232,232,58963211.95,0,2022-01-09,2026-06-14,0,0.0,9,0,9|0
"SUBCATEGORY_VALUE-ADDED-VEGETABLES_VEGETABLE-TRAYS@@LOUISVILLE, KY - MULO",232,232,6183316.35,0,2022-01-09,2026-06-14,0,0.0,4,0,4|0
"SUBCATEGORY_VALUE-ADDED-VEGETABLES_VEGETABLE-TRAYS@@MEMPHIS, TN - MULO",232,232,3751074.35,0,2022-01-09,2026-06-14,0,0.0,3,0,3|0
"SUBCATEGORY_VALUE-ADDED-VEGETABLES_VEGETABLE-TRAYS@@MIAMI/FT. LAUDERDALE, FL - MULO",232,232,16121235.5,0,2022-01-09,2026-06-14,0,0.0,7,0,7|0
"SUBCATEGORY_VALUE-ADDED-VEGETABLES_VEGETABLE-TRAYS@@MILWAUKEE, WI - MULO",232,232,8982504.1,0,2022-01-09,2026-06-14,0,0.0,5,0,5|0
"SUBCATEGORY_VALUE-ADDED-VEGETABLES_VEGETABLE-TRAYS@@MINNEAPOLIS/ST. PAUL, MN - MULO",232,232,16457210.01,0,2022-01-09,2026-06-14,0,0.0,7,0,7|0
SUBCATEGORY_VALUE-ADDED-VEGETABLES_VEGETABLE-TRAYS@@MISSISSIPPI - MULO,232,232,5118975.89,0,2022-01-09,2026-06-14,0,0.0,4,0,4|0
"SUBCATEGORY_VALUE-ADDED-VEGETABLES_VEGETABLE-TRAYS@@NASHVILLE, TN - MULO",232,232,9801279.1,0,2022-01-09,2026-06-14,0,0.0,6,0,6|0
SUBCATEGORY_VALUE-ADDED-VEGETABLES_VEGETABLE-TRAYS@@NEW ENGLAND - MULO,232,232,9288245.12,0,2022-01-09,2026-06-14,0,0.0,5,0,5|0
"SUBCATEGORY_VALUE-ADDED-VEGETABLES_VEGETABLE-TRAYS@@NEW ORLEANS, LA/MOBILE, AL - MULO",232,232,8473252.87,0,2022-01-09,2026-06-14,0,0.0,5,0,5|0
"SUBCATEGORY_VALUE-ADDED-VEGETABLES_VEGETABLE-TRAYS@@NEW YORK, NY - MULO",232,232,14856258.08,0,2022-01-09,2026-06-14,0,0.0,6,0,6|0
"SUBCATEGORY_VALUE-ADDED-VEGETABLES_VEGETABLE-TRAYS@@OKLAHOMA CITY, OK - MULO",232,232,7633696.19,0,2022-01-09,2026-06-14,0,0.0,5,0,5|0
"SUBCATEGORY_VALUE-ADDED-VEGETABLES_VEGETABLE-TRAYS@@OMAHA, NE - MULO",232,232,4666800.34,0,2022-01-09,2026-06-14,0,0.0,4,0,4|0
"SUBCATEGORY_VALUE-ADDED-VEGETABLES_VEGETABLE-TRAYS@@ORLANDO, FL - MULO",232,232,17675748.8,0,2022-01-09,2026-06-14,0,0.0,7,0,7|0
"SUBCATEGORY_VALUE-ADDED-VEGETABLES_VEGETABLE-TRAYS@@PEORIA/SPRINGFIELD, IL - MULO",232,232,7097330.45,0,2022-01-09,2026-06-14,0,0.0,5,0,5|0
"SUBCATEGORY_VALUE-ADDED-VEGETABLES_VEGETABLE-TRAYS@@PHILADELPHIA, PA - MULO",232,232,12527716.87,0,2022-01-09,2026-06-14,0,0.0,6,0,6|0
"SUBCATEGORY_VALUE-ADDED-VEGETABLES_VEGETABLE-TRAYS@@PHOENIX/TUCSON, AZ - MULO",232,232,30098239.51,0,2022-01-09,2026-06-14,0,0.0,8,0,8|0
"SUBCATEGORY_VALUE-ADDED-VEGETABLES_VEGETABLE-TRAYS@@PITTSBURGH, PA - MULO",232,232,6479304.49,0,2022-01-09,2026-06-14,0,0.0,5,0,5|0
"SUBCATEGORY_VALUE-ADDED-VEGETABLES_VEGETABLE-TRAYS@@PORTLAND, OR - MULO",232,232,19921675.76,0,2022-01-09,2026-06-14,0,0.0,7,0,7|0
"SUBCATEGORY_VALUE-ADDED-VEGETABLES_VEGETABLE-TRAYS@@PROVIDENCE, RI - MULO",232,232,1473140.87,0,2022-01-09,2026-06-14,0,0.0,2,0,2|0
"SUBCATEGORY_VALUE-ADDED-VEGETABLES_VEGETABLE-TRAYS@@RALEIGH/GREENSBORO, NC - MULO",232,232,9254401.78,0,2022-01-09,2026-06-14,0,0.0,5,0,5|0
"SUBCATEGORY_VALUE-ADDED-VEGETABLES_VEGETABLE-TRAYS@@RICHMOND/NORFOLK, VA - MULO",232,232,9466120.45,0,2022-01-09,2026-06-14,0,0.0,5,0,5|0
"SUBCATEGORY_VALUE-ADDED-VEGETABLES_VEGETABLE-TRAYS@@ROANOKE, VA - MULO",232,232,8540102.29,0,2022-01-09,2026-06-14,0,0.0,5,0,5|0
"SUBCATEGORY_VALUE-ADDED-VEGETABLES_VEGETABLE-TRAYS@@SACRAMENTO, CA - MULO",232,232,12597646.82,0,2022-01-09,2026-06-14,0,0.0,6,0,6|0
"SUBCATEGORY_VALUE-ADDED-VEGETABLES_VEGETABLE-TRAYS@@SALT LAKE CITY, UT - MULO",232,232,9921346.65,0,2022-01-09,2026-06-14,0,0.0,6,0,6|0
"SUBCATEGORY_VALUE-ADDED-VEGETABLES_VEGETABLE-TRAYS@@SAN DIEGO, CA - MULO",232,232,13468108.73,0,2022-01-09,2026-06-14,0,0.0,6,0,6|0
"SUBCATEGORY_VALUE-ADDED-VEGETABLES_VEGETABLE-TRAYS@@SAN FRANCISCO/OAKLAND, CA - MULO",232,232,16031786.22,0,2022-01-09,2026-06-14,0,0.0,7,0,7|0
"SUBCATEGORY_VALUE-ADDED-VEGETABLES_VEGETABLE-TRAYS@@SEATTLE/TACOMA, WA - MULO",232,232,17257112.12,0,2022-01-09,2026-06-14,0,0.0,7,0,7|0
SUBCATEGORY_VALUE-ADDED-VEGETABLES_VEGETABLE-TRAYS@@SOUTH CAROLINA - MULO,232,232,17278493.76,0,2022-01-09,2026-06-14,0,0.0,7,0,7|0
"SUBCATEGORY_VALUE-ADDED-VEGETABLES_VEGETABLE-TRAYS@@SPOKANE, WA - MULO",232,232,5165671.09,0,2022-01-09,2026-06-14,0,0.0,4,0,4|0
"SUBCATEGORY_VALUE-ADDED-VEGETABLES_VEGETABLE-TRAYS@@ST. LOUIS, MO - MULO",232,232,5350422.76,0,2022-01-09,2026-06-14,0,0.0,4,0,4|0
"SUBCATEGORY_VALUE-ADDED-VEGETABLES_VEGETABLE-TRAYS@@SYRACUSE, NY - MULO",232,232,1932266.02,0,2022-01-09,2026-06-14,0,0.0,2,0,2|0
"SUBCATEGORY_VALUE-ADDED-VEGETABLES_VEGETABLE-TRAYS@@TAMPA/ST. PETERSBURG, FL - MULO",232,232,20140621.85,0,2022-01-09,2026-06-14,0,0.0,7,0,7|0
"SUBCATEGORY_VALUE-ADDED-VEGETABLES_VEGETABLE-TRAYS@@TOLEDO, OH - MULO",232,232,9228171.79,0,2022-01-09,2026-06-14,0,0.0,5,0,5|0
"SUBCATEGORY_VALUE-ADDED-VEGETABLES_VEGETABLE-TRAYS@@TULSA, OK - MULO",232,232,5686401.8,0,2022-01-09,2026-06-14,0,0.0,4,0,4|0
SUBCATEGORY_VALUE-ADDED-VEGETABLES_VEGETABLE-TRAYS@@WEST TEXAS/NEW MEXICO - MULO,232,232,16027375.64,0,2022-01-09,2026-06-14,0,0.0,7,0,7|0
"SUBCATEGORY_VALUE-ADDED-VEGETABLES_VEGETABLE-TRAYS@@WICHITA, KS - MULO",232,232,4171883.52,0,2022-01-09,2026-06-14,0,0.0,4,0,4|0
