#tsbench {"created_at": "2026-08-20T16:18:30+00:00", "seed": 42, "config_hash": "55a4f67a180d19c7", "sample_key": "cfa6aca1c7a6df8f", "n_series": 1000, "target": "Dollars", "scope": {"geography_level": ["MARKET"], "channels": ["CONVENTIONAL|MULTI OUTLET"]}, "volume_deciles": 10, "zero_share_bins": [0.0, 0.05, 0.2, 1.01], "min_observed_weeks": 156}
unique_id,n_obs,n_grid,total_volume,n_zero,first_ds,last_ds,n_missing,zero_share,volume_decile,zero_bin,stratum
"SUBCATEGORY_APPLES_FUJI-APPLES@@ATLANTA, GA - MULO",232,232,18389630.76,0,2022-01-09,2026-06-14,0,0.0,7,0,7|0
"SUBCATEGORY_APPLES_FUJI-APPLES@@CINCINNATI/DAYTON, OH - MULO",232,232,10809228.56,0,2022-01-09,2026-06-14,0,0.0,6,0,6|0
"SUBCATEGORY_APPLES_FUJI-APPLES@@DENVER, CO - MULO",232,232,14972036.05,0,2022-01-09,2026-06-14,0,0.0,6,0,6|0
"SUBCATEGORY_APPLES_FUJI-APPLES@@HARRISBURG/SCRANTON, PA - MULO",232,232,12884834.66,0,2022-01-09,2026-06-14,0,0.0,6,0,6|0
"SUBCATEGORY_APPLES_FUJI-APPLES@@MEMPHIS, TN - MULO",232,232,4047459.98,0,2022-01-09,2026-06-14,0,0.0,4,0,4|0
"SUBCATEGORY_APPLES_FUJI-APPLES@@NASHVILLE, TN - MULO",232,232,8523481.22,0,2022-01-09,2026-06-14,0,0.0,5,0,5|0
"SUBCATEGORY_APPLES_FUJI-APPLES@@NEW ORLEANS, LA/MOBILE, AL - MULO",232,232,8267342.93,0,2022-01-09,2026-06-14,0,0.0,5,0,5|0
"SUBCATEGORY_APPLES_FUJI-APPLES@@NEW YORK, NY - MULO",232,232,33020343.23,0,2022-01-09,2026-06-14,0,0.0,8,0,8|0
"SUBCATEGORY_APPLES_FUJI-APPLES@@TULSA, OK - MULO",232,232,4139340.6,0,2022-01-09,2026-06-14,0,0.0,4,0,4|0
"SUBCATEGORY_APPLES_GALA-APPLES@@GREEN BAY, WI - MULO",232,232,5731076.93,0,2022-01-09,2026-06-14,0,0.0,4,0,4|0
"SUBCATEGORY_APPLES_GALA-APPLES@@HARRISBURG/SCRANTON, PA - MULO",232,232,39766672.1,0,2022-01-09,2026-06-14,0,0.0,8,0,8|0
"SUBCATEGORY_APPLES_GALA-APPLES@@HOUSTON, TX - MULO",232,232,35545029.33,0,2022-01-09,2026-06-14,0,0.0,8,0,8|0
SUBCATEGORY_APPLES_GALA-APPLES@@MISSISSIPPI - MULO,232,232,15628406.89,0,2022-01-09,2026-06-14,0,0.0,7,0,7|0
"SUBCATEGORY_APPLES_GALA-APPLES@@NEW YORK, NY - MULO",232,232,112072974.34,0,2022-01-09,2026-06-14,0,0.0,9,0,9|0
"SUBCATEGORY_APPLES_GALA-APPLES@@OKLAHOMA CITY, OK - MULO",232,232,11250718.17,0,2022-01-09,2026-06-14,0,0.0,6,0,6|0
"SUBCATEGORY_APPLES_GALA-APPLES@@ORLANDO, FL - MULO",232,232,44184698.47,0,2022-01-09,2026-06-14,0,0.0,8,0,8|0
"SUBCATEGORY_APPLES_GALA-APPLES@@PORTLAND, OR - MULO",232,232,11818513.23,0,2022-01-09,2026-06-14,0,0.0,6,0,6|0
"SUBCATEGORY_APPLES_GALA-APPLES@@TAMPA/ST. PETERSBURG, FL - MULO",232,232,40633333.08,0,2022-01-09,2026-06-14,0,0.0,8,0,8|0
"SUBCATEGORY_APPLES_GALA-APPLES@@TOLEDO, OH - MULO",232,232,15211760.31,0,2022-01-09,2026-06-14,0,0.0,6,0,6|0
"SUBCATEGORY_APPLES_GOLDEN-DELICIOUS-APPLES@@CHARLOTTE, NC - MULO",232,232,1987380.19,0,2022-01-09,2026-06-14,0,0.0,2,0,2|0
"SUBCATEGORY_APPLES_GOLDEN-DELICIOUS-APPLES@@NEW ORLEANS, LA/MOBILE, AL - MULO",232,232,510205.51,0,2022-01-09,2026-06-14,0,0.0,1,0,1|0
"SUBCATEGORY_APPLES_GOLDEN-DELICIOUS-APPLES@@PHILADELPHIA, PA - MULO",232,232,2181943.15,0,2022-01-09,2026-06-14,0,0.0,2,0,2|0
"SUBCATEGORY_APPLES_GOLDEN-DELICIOUS-APPLES@@RICHMOND/NORFOLK, VA - MULO",232,232,1366516.75,0,2022-01-09,2026-06-14,0,0.0,2,0,2|0
SUBCATEGORY_APPLES_GOLDEN-DELICIOUS-APPLES@@SOUTH CAROLINA - MULO,232,232,2309191.72,0,2022-01-09,2026-06-14,0,0.0,2,0,2|0
"SUBCATEGORY_APPLES_GOLDEN-DELICIOUS-APPLES@@TOLEDO, OH - MULO",232,232,822080.03,0,2022-01-09,2026-06-14,0,0.0,1,0,1|0
"SUBCATEGORY_APPLES_GRANNY-SMITH-APPLES@@CHARLOTTE, NC - MULO",232,232,16141312.31,0,2022-01-09,2026-06-14,0,0.0,7,0,7|0
"SUBCATEGORY_APPLES_GRANNY-SMITH-APPLES@@HARTFORD, CT/SPRINGFIELD, MA - MULO",232,232,10877099.26,0,2022-01-09,2026-06-14,0,0.0,6,0,6|0
"SUBCATEGORY_APPLES_GRANNY-SMITH-APPLES@@KNOXVILLE, TN - MULO",232,232,4244483.99,0,2022-01-09,2026-06-14,0,0.0,4,0,4|0
"SUBCATEGORY_APPLES_GRANNY-SMITH-APPLES@@MILWAUKEE, WI - MULO",232,232,7956495.35,0,2022-01-09,2026-06-14,0,0.0,5,0,5|0
"SUBCATEGORY_APPLES_GRANNY-SMITH-APPLES@@OKLAHOMA CITY, OK - MULO",232,232,4145435.5,0,2022-01-09,2026-06-14,0,0.0,4,0,4|0
"SUBCATEGORY_APPLES_GRANNY-SMITH-APPLES@@PHILADELPHIA, PA - MULO",232,232,22911553.95,0,2022-01-09,2026-06-14,0,0.0,7,0,7|0
"SUBCATEGORY_APPLES_GRANNY-SMITH-APPLES@@SYRACUSE, NY - MULO",232,232,4166415.84,0,2022-01-09,2026-06-14,0,0.0,4,0,4|0
"SUBCATEGORY_APPLES_GRANNY-SMITH-APPLES@@TAMPA/ST. PETERSBURG, FL - MULO",232,232,16243954.58,0,2022-01-09,2026-06-14,0,0.0,7,0,7|0
"SUBCATEGORY_APPLES_HONEYCRISP-APPLES@@ALBANY, NY - MULO",232,232,7724494.05,0,2022-01-09,2026-06-14,0,0.0,5,0,5|0
"SUBCATEGORY_APPLES_HONEYCRISP-APPLES@@COLUMBUS, OH - MULO",232,232,24523212.5,0,2022-01-09,2026-06-14,0,0.0,7,0,7|0
"SUBCATEGORY_APPLES_HONEYCRISP-APPLES@@INDIANAPOLIS, IN - MULO",232,232,28336789.0,0,2022-01-09,2026-06-14,0,0.0,8,0,8|0
"SUBCATEGORY_APPLES_HONEYCRISP-APPLES@@JACKSONVILLE, FL - MULO",232,232,15908892.31,0,2022-01-09,2026-06-14,0,0.0,7,0,7|0
"SUBCATEGORY_APPLES_HONEYCRISP-APPLES@@LAS VEGAS, NV - MULO",232,232,12295106.21,0,2022-01-09,2026-06-14,0,0.0,6,0,6|0
"SUBCATEGORY_APPLES_HONEYCRISP-APPLES@@LOS ANGELES, CA - MULO",232,232,55366014.08,0,2022-01-09,2026-06-14,0,0.0,8,0,8|0
SUBCATEGORY_APPLES_HONEYCRISP-APPLES@@NEW ENGLAND - MULO,232,232,18712388.14,0,2022-01-09,2026-06-14,0,0.0,7,0,7|0
"SUBCATEGORY_APPLES_HONEYCRISP-APPLES@@OKLAHOMA CITY, OK - MULO",232,232,10490433.01,0,2022-01-09,2026-06-14,0,0.0,6,0,6|0
"SUBCATEGORY_APPLES_HONEYCRISP-APPLES@@ORLANDO, FL - MULO",232,232,33247693.44,0,2022-01-09,2026-06-14,0,0.0,8,0,8|0
"SUBCATEGORY_APPLES_HONEYCRISP-APPLES@@PITTSBURGH, PA - MULO",232,232,23413241.94,0,2022-01-09,2026-06-14,0,0.0,7,0,7|0
"SUBCATEGORY_APPLES_HONEYCRISP-APPLES@@SPOKANE, WA - MULO",232,232,3853586.62,0,2022-01-09,2026-06-14,0,0.0,3,0,3|0
"SUBCATEGORY_APPLES_MCINTOSH-APPLES@@BOSTON, MA - MULO",232,232,6084328.89,0,2022-01-09,2026-06-14,0,0.0,4,0,4|0
"SUBCATEGORY_APPLES_MCINTOSH-APPLES@@BUFFALO/ROCHESTER, NY - MULO",232,232,6505594.82,0,2022-01-09,2026-06-14,0,0.0,5,0,5|0
"SUBCATEGORY_APPLES_MCINTOSH-APPLES@@CHICAGO, IL - MULO",232,232,1516970.06,0,2022-01-09,2026-06-14,0,0.0,2,0,2|0
"SUBCATEGORY_APPLES_MCINTOSH-APPLES@@DETROIT, MI - MULO",232,232,5430372.56,7,2022-01-09,2026-06-14,0,0.03017241379310345,4,0,4|0
"SUBCATEGORY_APPLES_MCINTOSH-APPLES@@HARTFORD, CT/SPRINGFIELD, MA - MULO",232,232,6597529.15,0,2022-01-09,2026-06-14,0,0.0,5,0,5|0
"SUBCATEGORY_APPLES_MCINTOSH-APPLES@@KNOXVILLE, TN - MULO",232,232,409257.4,1,2022-01-09,2026-06-14,0,0.004310344827586207,0,0,0|0
"SUBCATEGORY_APPLES_MCINTOSH-APPLES@@OMAHA, NE - MULO",227,232,56295.01,33,2022-01-09,2026-06-14,5,0.14537444933920704,0,1,0|1
"SUBCATEGORY_APPLES_MCINTOSH-APPLES@@ROANOKE, VA - MULO",232,232,1063646.81,0,2022-01-09,2026-06-14,0,0.0,1,0,1|0
"SUBCATEGORY_APPLES_OTHER-APPLES@@ALBANY, NY - MULO",232,232,6754367.78,0,2022-01-09,2026-06-14,0,0.0,5,0,5|0
"SUBCATEGORY_APPLES_OTHER-APPLES@@BUFFALO/ROCHESTER, NY - MULO",232,232,29724066.44,0,2022-01-09,2026-06-14,0,0.0,8,0,8|0
"SUBCATEGORY_APPLES_OTHER-APPLES@@KANSAS CITY, KS - MULO",232,232,13717099.81,0,2022-01-09,2026-06-14,0,0.0,6,0,6|0
"SUBCATEGORY_APPLES_OTHER-APPLES@@KNOXVILLE, TN - MULO",232,232,9490972.18,0,2022-01-09,2026-06-14,0,0.0,5,0,5|0
"SUBCATEGORY_APPLES_OTHER-APPLES@@PITTSBURGH, PA - MULO",232,232,18096481.08,0,2022-01-09,2026-06-14,0,0.0,7,0,7|0
"SUBCATEGORY_APPLES_OTHER-APPLES@@ROANOKE, VA - MULO",232,232,16310581.06,0,2022-01-09,2026-06-14,0,0.0,7,0,7|0
"SUBCATEGORY_APPLES_OTHER-APPLES@@TOLEDO, OH - MULO",232,232,10434489.32,0,2022-01-09,2026-06-14,0,0.0,6,0,6|0
"SUBCATEGORY_APPLES_PINK-LADY-APPLES@@CLEVELAND, OH - MULO",232,232,5562957.42,0,2022-01-09,2026-06-14,0,0.0,4,0,4|0
"SUBCATEGORY_APPLES_PINK-LADY-APPLES@@DALLAS/FT. WORTH, TX - MULO",232,232,17592113.63,0,2022-01-09,2026-06-14,0,0.0,7,0,7|0
"SUBCATEGORY_APPLES_PINK-LADY-APPLES@@DENVER, CO - MULO",232,232,11133303.96,0,2022-01-09,2026-06-14,0,0.0,6,0,6|0
"SUBCATEGORY_APPLES_PINK-LADY-APPLES@@GREEN BAY, WI - MULO",232,232,3177476.95,0,2022-01-09,2026-06-14,0,0.0,3,0,3|0
"SUBCATEGORY_APPLES_PINK-LADY-APPLES@@LOS ANGELES, CA - MULO",232,232,14641242.61,0,2022-01-09,2026-06-14,0,0.0,6,0,6|0
SUBCATEGORY_APPLES_PINK-LADY-APPLES@@MISSISSIPPI - MULO,232,232,5115606.08,0,2022-01-09,2026-06-14,0,0.0,4,0,4|0
"SUBCATEGORY_APPLES_PINK-LADY-APPLES@@PEORIA/SPRINGFIELD, IL - MULO",232,232,5702488.87,0,2022-01-09,2026-06-14,0,0.0,4,0,4|0
"SUBCATEGORY_APPLES_PINK-LADY-APPLES@@WICHITA, KS - MULO",232,232,2584279.04,0,2022-01-09,2026-06-14,0,0.0,3,0,3|0
"SUBCATEGORY_APPLES_RED-DELICIOUS-APPLES@@ATLANTA, GA - MULO",232,232,7829705.2299999995,0,2022-01-09,2026-06-14,0,0.0,5,0,5|0
"SUBCATEGORY_APPLES_RED-DELICIOUS-APPLES@@BIRMINGHAM/MONTGOMERY, AL - MULO",232,232,10475916.51,0,2022-01-09,2026-06-14,0,0.0,6,0,6|0
"SUBCATEGORY_APPLES_RED-DELICIOUS-APPLES@@GREEN BAY, WI - MULO",232,232,1397984.77,0,2022-01-09,2026-06-14,0,0.0,2,0,2|0
"SUBCATEGORY_APPLES_RED-DELICIOUS-APPLES@@MINNEAPOLIS/ST. PAUL, MN - MULO",232,232,2853996.36,0,2022-01-09,2026-06-14,0,0.0,3,0,3|0
"SUBCATEGORY_APPLES_RED-DELICIOUS-APPLES@@NEW ORLEANS, LA/MOBILE, AL - MULO",232,232,6521726.48,0,2022-01-09,2026-06-14,0,0.0,5,0,5|0
"SUBCATEGORY_APPLES_RED-DELICIOUS-APPLES@@RALEIGH/GREENSBORO, NC - MULO",232,232,11091355.9,0,2022-01-09,2026-06-14,0,0.0,6,0,6|0
"SUBCATEGORY_APPLES_RED-DELICIOUS-APPLES@@TOLEDO, OH - MULO",232,232,3661835.7,0,2022-01-09,2026-06-14,0,0.0,3,0,3|0
"SUBCATEGORY_AVOCADOS_AVOCADOS@@KNOXVILLE, TN - MULO",232,232,708273.05,0,2022-01-09,2026-06-14,0,0.0,1,0,1|0
"SUBCATEGORY_AVOCADOS_AVOCADOS@@LOS ANGELES, CA - MULO",232,232,39613271.86,0,2022-01-09,2026-06-14,0,0.0,8,0,8|0
"SUBCATEGORY_AVOCADOS_AVOCADOS@@OKLAHOMA CITY, OK - MULO",232,232,952560.41,0,2022-01-09,2026-06-14,0,0.0,1,0,1|0
"SUBCATEGORY_AVOCADOS_AVOCADOS@@TOLEDO, OH - MULO",232,232,1130011.33,0,2022-01-09,2026-06-14,0,0.0,1,0,1|0
"SUBCATEGORY_AVOCADOS_AVOCADOS@@TULSA, OK - MULO",232,232,514646.56,0,2022-01-09,2026-06-14,0,0.0,1,0,1|0
"SUBCATEGORY_BANANAS_BANANAS@@CLEVELAND, OH - MULO",232,232,7695558.62,0,2022-01-09,2026-06-14,0,0.0,5,0,5|0
"SUBCATEGORY_BANANAS_BANANAS@@LITTLE ROCK, AR - MULO",232,232,3947658.85,0,2022-01-09,2026-06-14,0,0.0,4,0,4|0
"SUBCATEGORY_BANANAS_BANANAS@@MEMPHIS, TN - MULO",232,232,4928155.32,0,2022-01-09,2026-06-14,0,0.0,4,0,4|0
"SUBCATEGORY_BANANAS_BANANAS@@MILWAUKEE, WI - MULO",232,232,9124436.49,0,2022-01-09,2026-06-14,0,0.0,5,0,5|0
"SUBCATEGORY_BANANAS_BANANAS@@NEW ORLEANS, LA/MOBILE, AL - MULO",232,232,14239661.69,0,2022-01-09,2026-06-14,0,0.0,6,0,6|0
"SUBCATEGORY_BANANAS_BANANAS@@RICHMOND/NORFOLK, VA - MULO",232,232,12575903.43,0,2022-01-09,2026-06-14,0,0.0,6,0,6|0
"SUBCATEGORY_BANANAS_BANANAS@@TAMPA/ST. PETERSBURG, FL - MULO",232,232,18978207.79,0,2022-01-09,2026-06-14,0,0.0,7,0,7|0
"SUBCATEGORY_BANANAS_BANANAS@@WICHITA, KS - MULO",232,232,4320482.15,0,2022-01-09,2026-06-14,0,0.0,4,0,4|0
"SUBCATEGORY_BANANAS_PLANTAINS-&-OTHER-BANANAS@@CHARLOTTE, NC - MULO",204,204,306540.93,8,2022-07-24,2026-06-14,0,0.0392156862745098,0,0,0|0
SUBCATEGORY_BANANAS_PLANTAINS-&-OTHER-BANANAS@@NEW ENGLAND - MULO,232,232,583294.22,0,2022-01-09,2026-06-14,0,0.0,1,0,1|0
"SUBCATEGORY_BANANAS_PLANTAINS-&-OTHER-BANANAS@@NEW YORK, NY - MULO",232,232,3200660.93,0,2022-01-09,2026-06-14,0,0.0,3,0,3|0
"SUBCATEGORY_BANANAS_PLANTAINS-&-OTHER-BANANAS@@PHILADELPHIA, PA - MULO",232,232,787521.6,0,2022-01-09,2026-06-14,0,0.0,1,0,1|0
"SUBCATEGORY_BANANAS_PLANTAINS-&-OTHER-BANANAS@@RICHMOND/NORFOLK, VA - MULO",215,215,722696.49,19,2022-05-08,2026-06-14,0,0.08837209302325581,1,1,1|1
SUBCATEGORY_BANANAS_PLANTAINS-&-OTHER-BANANAS@@SOUTH CAROLINA - MULO,223,224,165784.37,10,2022-03-06,2026-06-14,1,0.04484304932735426,0,0,0|0
"SUBCATEGORY_BERRIES_BLACKBERRIES@@BALTIMORE, MD/WASHINGTON D.C. - MULO",232,232,154490036.99,0,2022-01-09,2026-06-14,0,0.0,9,0,9|0
"SUBCATEGORY_BERRIES_BLACKBERRIES@@LOUISVILLE, KY - MULO",232,232,17324219.84,0,2022-01-09,2026-06-14,0,0.0,7,0,7|0
"SUBCATEGORY_BERRIES_BLACKBERRIES@@MIAMI/FT. LAUDERDALE, FL - MULO",232,232,125076772.71,0,2022-01-09,2026-06-14,0,0.0,9,0,9|0
"SUBCATEGORY_BERRIES_BLACKBERRIES@@MILWAUKEE, WI - MULO",232,232,36027910.7,0,2022-01-09,2026-06-14,0,0.0,8,0,8|0
"SUBCATEGORY_BERRIES_BLACKBERRIES@@NASHVILLE, TN - MULO",232,232,36302936.83,0,2022-01-09,2026-06-14,0,0.0,8,0,8|0
"SUBCATEGORY_BERRIES_BLACKBERRIES@@RALEIGH/GREENSBORO, NC - MULO",232,232,52670153.69,0,2022-01-09,2026-06-14,0,0.0,8,0,8|0
"SUBCATEGORY_BERRIES_BLACKBERRIES@@SAN FRANCISCO/OAKLAND, CA - MULO",232,232,92774644.64,0,2022-01-09,2026-06-14,0,0.0,9,0,9|0
"SUBCATEGORY_BERRIES_BLACKBERRIES@@SEATTLE/TACOMA, WA - MULO",232,232,46109748.47,0,2022-01-09,2026-06-14,0,0.0,8,0,8|0
"SUBCATEGORY_BERRIES_BLACKBERRIES@@TAMPA/ST. PETERSBURG, FL - MULO",232,232,86082395.72,0,2022-01-09,2026-06-14,0,0.0,9,0,9|0
"SUBCATEGORY_BERRIES_BLACKBERRIES_CONVENTIONAL@@LITTLE ROCK, AR - MULO",180,180,5554781.11,0,2023-01-08,2026-06-14,0,0.0,4,0,4|0
"SUBCATEGORY_BERRIES_BLACKBERRIES_NATURAL@@LOS ANGELES, CA - MULO",180,180,37515104.53,0,2023-01-08,2026-06-14,0,0.0,8,0,8|0
"SUBCATEGORY_BERRIES_BLUEBERRIES@@BOISE, ID - MULO",232,232,28700083.81,0,2022-01-09,2026-06-14,0,0.0,8,0,8|0
"SUBCATEGORY_BERRIES_BLUEBERRIES@@BOSTON, MA - MULO",232,232,298573246.16,0,2022-01-09,2026-06-14,0,0.0,9,0,9|0
"SUBCATEGORY_BERRIES_BLUEBERRIES@@HARRISBURG/SCRANTON, PA - MULO",232,232,219831189.22,0,2022-01-09,2026-06-14,0,0.0,9,0,9|0
"SUBCATEGORY_BERRIES_BLUEBERRIES@@MILWAUKEE, WI - MULO",232,232,124520628.14,0,2022-01-09,2026-06-14,0,0.0,9,0,9|0
"SUBCATEGORY_BERRIES_BLUEBERRIES@@MINNEAPOLIS/ST. PAUL, MN - MULO",232,232,155938168.15,0,2022-01-09,2026-06-14,0,0.0,9,0,9|0
"SUBCATEGORY_BERRIES_BLUEBERRIES@@NEW YORK, NY - MULO",232,232,704910036.8,0,2022-01-09,2026-06-14,0,0.0,9,0,9|0
"SUBCATEGORY_BERRIES_BLUEBERRIES@@PHOENIX/TUCSON, AZ - MULO",232,232,237123925.67,0,2022-01-09,2026-06-14,0,0.0,9,0,9|0
"SUBCATEGORY_BERRIES_BLUEBERRIES@@PROVIDENCE, RI - MULO",232,232,55944457.85,0,2022-01-09,2026-06-14,0,0.0,8,0,8|0
"SUBCATEGORY_BERRIES_BLUEBERRIES@@RICHMOND/NORFOLK, VA - MULO",232,232,152444454.12,0,2022-01-09,2026-06-14,0,0.0,9,0,9|0
"SUBCATEGORY_BERRIES_BLUEBERRIES@@SACRAMENTO, CA - MULO",232,232,93344808.7,0,2022-01-09,2026-06-14,0,0.0,9,0,9|0
"SUBCATEGORY_BERRIES_BLUEBERRIES@@SAN DIEGO, CA - MULO",232,232,136691830.31,0,2022-01-09,2026-06-14,0,0.0,9,0,9|0
"SUBCATEGORY_BERRIES_BLUEBERRIES@@ST. LOUIS, MO - MULO",232,232,123241047.65,0,2022-01-09,2026-06-14,0,0.0,9,0,9|0
SUBCATEGORY_BERRIES_BLUEBERRIES@@WEST TEXAS/NEW MEXICO - MULO,232,232,116902042.09,0,2022-01-09,2026-06-14,0,0.0,9,0,9|0
"SUBCATEGORY_BERRIES_BLUEBERRIES_CONVENTIONAL@@LITTLE ROCK, AR - MULO",180,180,17304735.8,0,2023-01-08,2026-06-14,0,0.0,7,0,7|0
"SUBCATEGORY_BERRIES_CRANBERRIES@@BOSTON, MA - MULO",218,232,3884243.04,5,2022-01-09,2026-06-14,14,0.022935779816513763,3,0,3|0
"SUBCATEGORY_BERRIES_CRANBERRIES@@KANSAS CITY, KS - MULO",232,232,1908913.87,0,2022-01-09,2026-06-14,0,0.0,2,0,2|0
"SUBCATEGORY_BERRIES_CRANBERRIES@@MINNEAPOLIS/ST. PAUL, MN - MULO",212,232,2960547.4899999998,5,2022-01-09,2026-06-14,20,0.02358490566037736,3,0,3|0
"SUBCATEGORY_BERRIES_CRANBERRIES@@ORLANDO, FL - MULO",218,232,2704186.9099999997,13,2022-01-09,2026-06-14,14,0.05963302752293578,3,1,3|1
"SUBCATEGORY_BERRIES_CRANBERRIES@@PEORIA/SPRINGFIELD, IL - MULO",232,232,1348166.5,0,2022-01-09,2026-06-14,0,0.0,2,0,2|0
"SUBCATEGORY_BERRIES_CRANBERRIES_CONVENTIONAL@@LITTLE ROCK, AR - MULO",180,180,276067.88,88,2023-01-08,2026-06-14,0,0.4888888888888889,0,2,0|2
"SUBCATEGORY_BERRIES_OTHER-BERRIES@@ATLANTA, GA - MULO",232,232,6344658.0200000005,0,2022-01-09,2026-06-14,0,0.0,5,0,5|0
"SUBCATEGORY_BERRIES_OTHER-BERRIES@@CINCINNATI/DAYTON, OH - MULO",232,232,915264.95,0,2022-01-09,2026-06-14,0,0.0,1,0,1|0
"SUBCATEGORY_BERRIES_OTHER-BERRIES@@COLUMBUS, OH - MULO",232,232,1198621.48,0,2022-01-09,2026-06-14,0,0.0,1,0,1|0
"SUBCATEGORY_BERRIES_OTHER-BERRIES@@MIAMI/FT. LAUDERDALE, FL - MULO",232,232,3873912.34,0,2022-01-09,2026-06-14,0,0.0,3,0,3|0
"SUBCATEGORY_BERRIES_OTHER-BERRIES@@OMAHA, NE - MULO",213,232,117670.65,0,2022-01-09,2026-06-14,19,0.0,0,0,0|0
"SUBCATEGORY_BERRIES_OTHER-BERRIES@@PEORIA/SPRINGFIELD, IL - MULO",232,232,1028285.8,0,2022-01-09,2026-06-14,0,0.0,1,0,1|0
"SUBCATEGORY_BERRIES_OTHER-BERRIES@@PROVIDENCE, RI - MULO",227,232,82817.19,0,2022-01-09,2026-06-14,5,0.0,0,0,0|0
"SUBCATEGORY_BERRIES_OTHER-BERRIES@@SPOKANE, WA - MULO",232,232,148237.09,4,2022-01-09,2026-06-14,0,0.017241379310344827,0,0,0|0
"SUBCATEGORY_BERRIES_OTHER-BERRIES@@TULSA, OK - MULO",232,232,75734.44,0,2022-01-09,2026-06-14,0,0.0,0,0,0|0
"SUBCATEGORY_BERRIES_OTHER-BERRIES_CONVENTIONAL@@LITTLE ROCK, AR - MULO",180,180,1770104.42,0,2023-01-08,2026-06-14,0,0.0,2,0,2|0
"SUBCATEGORY_BERRIES_RASPBERRIES@@ALBANY, NY - MULO",232,232,39576594.76,0,2022-01-09,2026-06-14,0,0.0,8,0,8|0
"SUBCATEGORY_BERRIES_RASPBERRIES@@ATLANTA, GA - MULO",232,232,90013044.94,0,2022-01-09,2026-06-14,0,0.0,9,0,9|0
"SUBCATEGORY_BERRIES_RASPBERRIES@@BIRMINGHAM/MONTGOMERY, AL - MULO",232,232,44435926.57,0,2022-01-09,2026-06-14,0,0.0,8,0,8|0
"SUBCATEGORY_BERRIES_RASPBERRIES@@BUFFALO/ROCHESTER, NY - MULO",232,232,82104962.7,0,2022-01-09,2026-06-14,0,0.0,9,0,9|0
"SUBCATEGORY_BERRIES_RASPBERRIES@@COLUMBUS, OH - MULO",232,232,51838922.37,0,2022-01-09,2026-06-14,0,0.0,8,0,8|0
"SUBCATEGORY_BERRIES_RASPBERRIES@@DENVER, CO - MULO",232,232,130994441.18,0,2022-01-09,2026-06-14,0,0.0,9,0,9|0
"SUBCATEGORY_BERRIES_RASPBERRIES@@GREEN BAY, WI - MULO",232,232,29367895.7,0,2022-01-09,2026-06-14,0,0.0,8,0,8|0
"SUBCATEGORY_BERRIES_RASPBERRIES@@LITTLE ROCK, AR - MULO",232,232,7407987.49,0,2022-01-09,2026-06-14,0,0.0,5,0,5|0
"SUBCATEGORY_BERRIES_RASPBERRIES@@OKLAHOMA CITY, OK - MULO",232,232,15494700.45,0,2022-01-09,2026-06-14,0,0.0,7,0,7|0
"SUBCATEGORY_BERRIES_RASPBERRIES@@OMAHA, NE - MULO",232,232,25037134.94,0,2022-01-09,2026-06-14,0,0.0,7,0,7|0
"SUBCATEGORY_BERRIES_RASPBERRIES@@RICHMOND/NORFOLK, VA - MULO",232,232,53329574.94,0,2022-01-09,2026-06-14,0,0.0,8,0,8|0
SUBCATEGORY_BERRIES_RASPBERRIES@@SOUTH CAROLINA - MULO,232,232,81853471.65,0,2022-01-09,2026-06-14,0,0.0,9,0,9|0
"SUBCATEGORY_BERRIES_RASPBERRIES@@TOLEDO, OH - MULO",232,232,39991452.95,0,2022-01-09,2026-06-14,0,0.0,8,0,8|0
SUBCATEGORY_BERRIES_RASPBERRIES@@WEST TEXAS/NEW MEXICO - MULO,232,232,43852418.71,0,2022-01-09,2026-06-14,0,0.0,8,0,8|0
"SUBCATEGORY_BERRIES_RASPBERRIES_CONVENTIONAL@@LITTLE ROCK, AR - MULO",180,180,4606072.19,0,2023-01-08,2026-06-14,0,0.0,4,0,4|0
"SUBCATEGORY_BERRIES_STRAWBERRIES@@ALBANY, NY - MULO",232,232,84452970.76,0,2022-01-09,2026-06-14,0,0.0,9,0,9|0
"SUBCATEGORY_BERRIES_STRAWBERRIES@@BOISE, ID - MULO",232,232,37586084.62,0,2022-01-09,2026-06-14,0,0.0,8,0,8|0
"SUBCATEGORY_BERRIES_STRAWBERRIES@@BOSTON, MA - MULO",232,232,333234652.2,0,2022-01-09,2026-06-14,0,0.0,9,0,9|0
"SUBCATEGORY_BERRIES_STRAWBERRIES@@COLUMBUS, OH - MULO",232,232,157692701.71,0,2022-01-09,2026-06-14,0,0.0,9,0,9|0
"SUBCATEGORY_BERRIES_STRAWBERRIES@@DETROIT, MI - MULO",232,232,301688397.85,0,2022-01-09,2026-06-14,0,0.0,9,0,9|0
"SUBCATEGORY_BERRIES_STRAWBERRIES@@NEW ORLEANS, LA/MOBILE, AL - MULO",232,232,160259852.77,0,2022-01-09,2026-06-14,0,0.0,9,0,9|0
"SUBCATEGORY_BERRIES_STRAWBERRIES@@OMAHA, NE - MULO",232,232,81936618.65,0,2022-01-09,2026-06-14,0,0.0,9,0,9|0
"SUBCATEGORY_BERRIES_STRAWBERRIES@@PEORIA/SPRINGFIELD, IL - MULO",232,232,104481100.9,0,2022-01-09,2026-06-14,0,0.0,9,0,9|0
"SUBCATEGORY_BERRIES_STRAWBERRIES@@PHILADELPHIA, PA - MULO",232,232,417279148.1,0,2022-01-09,2026-06-14,0,0.0,9,0,9|0
"SUBCATEGORY_BERRIES_STRAWBERRIES@@RALEIGH/GREENSBORO, NC - MULO",232,232,240346738.57,0,2022-01-09,2026-06-14,0,0.0,9,0,9|0
"SUBCATEGORY_BERRIES_STRAWBERRIES@@SEATTLE/TACOMA, WA - MULO",232,232,232698334.22,0,2022-01-09,2026-06-14,0,0.0,9,0,9|0
SUBCATEGORY_BERRIES_STRAWBERRIES@@SOUTH CAROLINA - MULO,232,232,338927942.63,0,2022-01-09,2026-06-14,0,0.0,9,0,9|0
"SUBCATEGORY_BERRIES_STRAWBERRIES_NATURAL@@LOS ANGELES, CA - MULO",180,180,117965329.29,0,2023-01-08,2026-06-14,0,0.0,9,0,9|0
"SUBCATEGORY_BERRIES_STRAWBERRIES_ORGANIC@@LITTLE ROCK, AR - MULO",180,180,1920529.77,0,2023-01-08,2026-06-14,0,0.0,2,0,2|0
"SUBCATEGORY_BERRIES_STRAWBERRIES_ORGANIC@@LOS ANGELES, CA - MULO",180,180,117965329.29,0,2023-01-08,2026-06-14,0,0.0,9,0,9|0
"SUBCATEGORY_CARROTS_BABY-CARROTS@@BOISE, ID - MULO",232,232,7400277.86,0,2022-01-09,2026-06-14,0,0.0,5,0,5|0
"SUBCATEGORY_CARROTS_BABY-CARROTS@@KANSAS CITY, KS - MULO",232,232,26416243.66,0,2022-01-09,2026-06-14,0,0.0,7,0,7|0
"SUBCATEGORY_CARROTS_BABY-CARROTS@@MINNEAPOLIS/ST. PAUL, MN - MULO",232,232,43419188.79,0,2022-01-09,2026-06-14,0,0.0,8,0,8|0
"SUBCATEGORY_CARROTS_BABY-CARROTS@@ROANOKE, VA - MULO",232,232,26874044.24,0,2022-01-09,2026-06-14,0,0.0,8,0,8|0
"SUBCATEGORY_CARROTS_BABY-CARROTS@@SPOKANE, WA - MULO",232,232,8084775.09,0,2022-01-09,2026-06-14,0,0.0,5,0,5|0
"SUBCATEGORY_CARROTS_CARROTS@@COLUMBUS, OH - MULO",232,232,17597471.57,0,2022-01-09,2026-06-14,0,0.0,7,0,7|0
"SUBCATEGORY_CARROTS_CARROTS@@DENVER, CO - MULO",232,232,31587441.78,0,2022-01-09,2026-06-14,0,0.0,8,0,8|0
"SUBCATEGORY_CARROTS_CARROTS@@HARRISBURG/SCRANTON, PA - MULO",232,232,36617581.81,0,2022-01-09,2026-06-14,0,0.0,8,0,8|0
"SUBCATEGORY_CARROTS_CARROTS@@PHOENIX/TUCSON, AZ - MULO",232,232,33947638.38,0,2022-01-09,2026-06-14,0,0.0,8,0,8|0
"SUBCATEGORY_CARROTS_CARROTS@@SACRAMENTO, CA - MULO",232,232,17209587.01,0,2022-01-09,2026-06-14,0,0.0,7,0,7|0
"SUBCATEGORY_CARROTS_CARROTS@@SAN FRANCISCO/OAKLAND, CA - MULO",232,232,29997567.99,0,2022-01-09,2026-06-14,0,0.0,8,0,8|0
"SUBCATEGORY_CARROTS_CARROTS@@SPOKANE, WA - MULO",232,232,5029027.52,0,2022-01-09,2026-06-14,0,0.0,4,0,4|0
"SUBCATEGORY_CARROTS_CUT-CARROTS@@DALLAS/FT. WORTH, TX - MULO",232,232,17641817.06,0,2022-01-09,2026-06-14,0,0.0,7,0,7|0
"SUBCATEGORY_CARROTS_CUT-CARROTS@@LAS VEGAS, NV - MULO",232,232,4738142.35,0,2022-01-09,2026-06-14,0,0.0,4,0,4|0
"SUBCATEGORY_CARROTS_CUT-CARROTS@@LOUISVILLE, KY - MULO",232,232,3647339.17,0,2022-01-09,2026-06-14,0,0.0,3,0,3|0
"SUBCATEGORY_CARROTS_CUT-CARROTS@@MEMPHIS, TN - MULO",232,232,2294769.77,0,2022-01-09,2026-06-14,0,0.0,2,0,2|0
"SUBCATEGORY_CARROTS_CUT-CARROTS@@NEW YORK, NY - MULO",232,232,27104022.66,0,2022-01-09,2026-06-14,0,0.0,8,0,8|0
"SUBCATEGORY_CARROTS_CUT-CARROTS@@OMAHA, NE - MULO",232,232,4093256.25,0,2022-01-09,2026-06-14,0,0.0,4,0,4|0
"SUBCATEGORY_CARROTS_CUT-CARROTS@@ROANOKE, VA - MULO",232,232,7201883.55,0,2022-01-09,2026-06-14,0,0.0,5,0,5|0
"SUBCATEGORY_CARROTS_CUT-CARROTS@@SAN DIEGO, CA - MULO",232,232,9475605.05,0,2022-01-09,2026-06-14,0,0.0,5,0,5|0
"SUBCATEGORY_CARROTS_CUT-CARROTS@@SPOKANE, WA - MULO",232,232,1927220.6,0,2022-01-09,2026-06-14,0,0.0,2,0,2|0
SUBCATEGORY_CARROTS_CUT-CARROTS@@WEST TEXAS/NEW MEXICO - MULO,232,232,12239251.25,0,2022-01-09,2026-06-14,0,0.0,6,0,6|0
"SUBCATEGORY_CARROTS_CUT-CARROTS@@WICHITA, KS - MULO",232,232,1995849.59,0,2022-01-09,2026-06-14,0,0.0,2,0,2|0
"SUBCATEGORY_CELERY_CELERY@@BOSTON, MA - MULO",232,232,37134176.37,0,2022-01-09,2026-06-14,0,0.0,8,0,8|0
"SUBCATEGORY_CELERY_CELERY@@CHICAGO, IL - MULO",232,232,25280760.22,0,2022-01-09,2026-06-14,0,0.0,7,0,7|0
"SUBCATEGORY_CELERY_CELERY@@DENVER, CO - MULO",232,232,20561605.56,0,2022-01-09,2026-06-14,0,0.0,7,0,7|0
"SUBCATEGORY_CELERY_CELERY@@KNOXVILLE, TN - MULO",232,232,6446072.43,0,2022-01-09,2026-06-14,0,0.0,5,0,5|0
"SUBCATEGORY_CELERY_CELERY@@LOUISVILLE, KY - MULO",232,232,5495217.93,0,2022-01-09,2026-06-14,0,0.0,4,0,4|0
"SUBCATEGORY_CELERY_CELERY@@NEW ORLEANS, LA/MOBILE, AL - MULO",232,232,16817645.47,0,2022-01-09,2026-06-14,0,0.0,7,0,7|0
"SUBCATEGORY_CELERY_CELERY@@PHILADELPHIA, PA - MULO",232,232,32312314.91,0,2022-01-09,2026-06-14,0,0.0,8,0,8|0
"SUBCATEGORY_CELERY_CELERY@@PHOENIX/TUCSON, AZ - MULO",232,232,17212488.2,0,2022-01-09,2026-06-14,0,0.0,7,0,7|0
"SUBCATEGORY_CELERY_CELERY@@SACRAMENTO, CA - MULO",232,232,12903537.64,0,2022-01-09,2026-06-14,0,0.0,6,0,6|0
"SUBCATEGORY_CELERY_CELERY@@SAN DIEGO, CA - MULO",232,232,10544553.63,0,2022-01-09,2026-06-14,0,0.0,6,0,6|0
"SUBCATEGORY_CELERY_CELERY@@ST. LOUIS, MO - MULO",232,232,7750689.81,0,2022-01-09,2026-06-14,0,0.0,5,0,5|0
"SUBCATEGORY_CELERY_CUT-CELERY@@ALBANY, NY - MULO",232,232,1891587.07,0,2022-01-09,2026-06-14,0,0.0,2,0,2|0
"SUBCATEGORY_CELERY_CUT-CELERY@@BALTIMORE, MD/WASHINGTON D.C. - MULO",232,232,26520196.21,0,2022-01-09,2026-06-14,0,0.0,7,0,7|0
"SUBCATEGORY_CELERY_CUT-CELERY@@CLEVELAND, OH - MULO",232,232,7392820.21,0,2022-01-09,2026-06-14,0,0.0,5,0,5|0
"SUBCATEGORY_CELERY_CUT-CELERY@@DENVER, CO - MULO",232,232,11427526.81,0,2022-01-09,2026-06-14,0,0.0,6,0,6|0
"SUBCATEGORY_CELERY_CUT-CELERY@@KNOXVILLE, TN - MULO",232,232,2132257.61,0,2022-01-09,2026-06-14,0,0.0,2,0,2|0
"SUBCATEGORY_CELERY_CUT-CELERY@@MIAMI/FT. LAUDERDALE, FL - MULO",232,232,24397172.9,0,2022-01-09,2026-06-14,0,0.0,7,0,7|0
"SUBCATEGORY_CELERY_CUT-CELERY@@NEW ORLEANS, LA/MOBILE, AL - MULO",232,232,6152120.91,0,2022-01-09,2026-06-14,0,0.0,4,0,4|0
"SUBCATEGORY_CELERY_CUT-CELERY@@OKLAHOMA CITY, OK - MULO",232,232,2914174.11,0,2022-01-09,2026-06-14,0,0.0,3,0,3|0
"SUBCATEGORY_CELERY_CUT-CELERY@@OMAHA, NE - MULO",232,232,2489250.67,0,2022-01-09,2026-06-14,0,0.0,3,0,3|0
"SUBCATEGORY_CELERY_CUT-CELERY@@SPOKANE, WA - MULO",232,232,735208.48,0,2022-01-09,2026-06-14,0,0.0,1,0,1|0
"SUBCATEGORY_CITRUS_GRAPEFRUIT@@BALTIMORE, MD/WASHINGTON D.C. - MULO",232,232,14592444.59,0,2022-01-09,2026-06-14,0,0.0,6,0,6|0
"SUBCATEGORY_CITRUS_GRAPEFRUIT@@BIRMINGHAM/MONTGOMERY, AL - MULO",232,232,6131966.92,0,2022-01-09,2026-06-14,0,0.0,4,0,4|0
"SUBCATEGORY_CITRUS_GRAPEFRUIT@@DALLAS/FT. WORTH, TX - MULO",232,232,11963388.69,0,2022-01-09,2026-06-14,0,0.0,6,0,6|0
"SUBCATEGORY_CITRUS_GRAPEFRUIT@@DENVER, CO - MULO",232,232,7054951.93,0,2022-01-09,2026-06-14,0,0.0,5,0,5|0
"SUBCATEGORY_CITRUS_GRAPEFRUIT@@KNOXVILLE, TN - MULO",232,232,1758385.17,0,2022-01-09,2026-06-14,0,0.0,2,0,2|0
"SUBCATEGORY_CITRUS_GRAPEFRUIT@@MIAMI/FT. LAUDERDALE, FL - MULO",232,232,17252736.45,0,2022-01-09,2026-06-14,0,0.0,7,0,7|0
"SUBCATEGORY_CITRUS_GRAPEFRUIT@@NEW YORK, NY - MULO",232,232,18134346.42,0,2022-01-09,2026-06-14,0,0.0,7,0,7|0
"SUBCATEGORY_CITRUS_GRAPEFRUIT@@OKLAHOMA CITY, OK - MULO",232,232,1919845.34,0,2022-01-09,2026-06-14,0,0.0,2,0,2|0
"SUBCATEGORY_CITRUS_GRAPEFRUIT@@PORTLAND, OR - MULO",232,232,2506405.04,0,2022-01-09,2026-06-14,0,0.0,3,0,3|0
"SUBCATEGORY_CITRUS_GRAPEFRUIT@@SALT LAKE CITY, UT - MULO",232,232,2518750.79,0,2022-01-09,2026-06-14,0,0.0,3,0,3|0
"SUBCATEGORY_CITRUS_LEMONS@@ATLANTA, GA - MULO",232,232,54606729.4,0,2022-01-09,2026-06-14,0,0.0,8,0,8|0
"SUBCATEGORY_CITRUS_LEMONS@@BOSTON, MA - MULO",232,232,30153359.71,0,2022-01-09,2026-06-14,0,0.0,8,0,8|0
"SUBCATEGORY_CITRUS_LEMONS@@INDIANAPOLIS, IN - MULO",232,232,19458382.17,0,2022-01-09,2026-06-14,0,0.0,7,0,7|0
"SUBCATEGORY_CITRUS_LEMONS@@LAS VEGAS, NV - MULO",232,232,17785278.84,0,2022-01-09,2026-06-14,0,0.0,7,0,7|0
"SUBCATEGORY_CITRUS_LEMONS@@LOUISVILLE, KY - MULO",232,232,10598894.85,0,2022-01-09,2026-06-14,0,0.0,6,0,6|0
"SUBCATEGORY_CITRUS_LEMONS@@MEMPHIS, TN - MULO",232,232,10956055.06,0,2022-01-09,2026-06-14,0,0.0,6,0,6|0
"SUBCATEGORY_CITRUS_LEMONS@@SAN FRANCISCO/OAKLAND, CA - MULO",232,232,22249934.39,0,2022-01-09,2026-06-14,0,0.0,7,0,7|0
"SUBCATEGORY_CITRUS_LEMONS@@SEATTLE/TACOMA, WA - MULO",232,232,20766141.69,0,2022-01-09,2026-06-14,0,0.0,7,0,7|0
"SUBCATEGORY_CITRUS_LEMONS@@WICHITA, KS - MULO",232,232,4902169.03,0,2022-01-09,2026-06-14,0,0.0,4,0,4|0
"SUBCATEGORY_CITRUS_LIMES@@ATLANTA, GA - MULO",232,232,32266626.77,0,2022-01-09,2026-06-14,0,0.0,8,0,8|0
"SUBCATEGORY_CITRUS_LIMES@@BOISE, ID - MULO",232,232,1604419.21,0,2022-01-09,2026-06-14,0,0.0,2,0,2|0
"SUBCATEGORY_CITRUS_LIMES@@CHARLOTTE, NC - MULO",232,232,18211289.29,0,2022-01-09,2026-06-14,0,0.0,7,0,7|0
"SUBCATEGORY_CITRUS_LIMES@@CLEVELAND, OH - MULO",232,232,6804804.5,0,2022-01-09,2026-06-14,0,0.0,5,0,5|0
"SUBCATEGORY_CITRUS_LIMES@@HARTFORD, CT/SPRINGFIELD, MA - MULO",232,232,11293499.94,0,2022-01-09,2026-06-14,0,0.0,6,0,6|0
"SUBCATEGORY_CITRUS_LIMES@@LOS ANGELES, CA - MULO",232,232,64435060.01,0,2022-01-09,2026-06-14,0,0.0,9,0,9|0
"SUBCATEGORY_CITRUS_LIMES@@ORLANDO, FL - MULO",232,232,26292676.77,0,2022-01-09,2026-06-14,0,0.0,7,0,7|0
"SUBCATEGORY_CITRUS_LIMES@@PHILADELPHIA, PA - MULO",232,232,25844125.01,0,2022-01-09,2026-06-14,0,0.0,7,0,7|0
"SUBCATEGORY_CITRUS_LIMES@@ROANOKE, VA - MULO",232,232,6399359.58,0,2022-01-09,2026-06-14,0,0.0,5,0,5|0
"SUBCATEGORY_CITRUS_LIMES@@SEATTLE/TACOMA, WA - MULO",232,232,19211453.63,0,2022-01-09,2026-06-14,0,0.0,7,0,7|0
"SUBCATEGORY_CITRUS_LIMES@@TOLEDO, OH - MULO",232,232,5439666.68,0,2022-01-09,2026-06-14,0,0.0,4,0,4|0
"SUBCATEGORY_CITRUS_MANDARINS@@BUFFALO/ROCHESTER, NY - MULO",232,232,83082029.17,0,2022-01-09,2026-06-14,0,0.0,9,0,9|0
"SUBCATEGORY_CITRUS_MANDARINS@@DENVER, CO - MULO",232,232,164852576.29,0,2022-01-09,2026-06-14,0,0.0,9,0,9|0
"SUBCATEGORY_CITRUS_MANDARINS@@HARRISBURG/SCRANTON, PA - MULO",232,232,136635485.23,0,2022-01-09,2026-06-14,0,0.0,9,0,9|0
"SUBCATEGORY_CITRUS_MANDARINS@@INDIANAPOLIS, IN - MULO",232,232,75394977.92,0,2022-01-09,2026-06-14,0,0.0,9,0,9|0
"SUBCATEGORY_CITRUS_MANDARINS@@LITTLE ROCK, AR - MULO",232,232,21755283.45,0,2022-01-09,2026-06-14,0,0.0,7,0,7|0
"SUBCATEGORY_CITRUS_MANDARINS@@MILWAUKEE, WI - MULO",232,232,82569461.09,0,2022-01-09,2026-06-14,0,0.0,9,0,9|0
"SUBCATEGORY_CITRUS_MANDARINS@@OKLAHOMA CITY, OK - MULO",232,232,38952484.1,0,2022-01-09,2026-06-14,0,0.0,8,0,8|0
"SUBCATEGORY_CITRUS_MANDARINS@@ST. LOUIS, MO - MULO",232,232,79666398.97,0,2022-01-09,2026-06-14,0,0.0,9,0,9|0
"SUBCATEGORY_CITRUS_MANDARINS@@TULSA, OK - MULO",232,232,29375403.89,0,2022-01-09,2026-06-14,0,0.0,8,0,8|0
"SUBCATEGORY_CITRUS_ORANGES@@NEW ORLEANS, LA/MOBILE, AL - MULO",232,232,41561807.83,0,2022-01-09,2026-06-14,0,0.0,8,0,8|0
"SUBCATEGORY_CITRUS_ORANGES@@PHOENIX/TUCSON, AZ - MULO",232,232,49021321.22,0,2022-01-09,2026-06-14,0,0.0,8,0,8|0
"SUBCATEGORY_CITRUS_ORANGES@@TOLEDO, OH - MULO",232,232,20946729.38,0,2022-01-09,2026-06-14,0,0.0,7,0,7|0
"SUBCATEGORY_CUCUMBERS_CUCUMBERS@@LITTLE ROCK, AR - MULO",232,232,2041402.46,0,2022-01-09,2026-06-14,0,0.0,2,0,2|0
"SUBCATEGORY_CUCUMBERS_CUCUMBERS@@OKLAHOMA CITY, OK - MULO",232,232,1164777.34,0,2022-01-09,2026-06-14,0,0.0,1,0,1|0
"SUBCATEGORY_CUCUMBERS_CUCUMBERS@@PEORIA/SPRINGFIELD, IL - MULO",232,232,3852920.17,0,2022-01-09,2026-06-14,0,0.0,3,0,3|0
"SUBCATEGORY_CUCUMBERS_CUCUMBERS@@PHOENIX/TUCSON, AZ - MULO",232,232,9322487.46,0,2022-01-09,2026-06-14,0,0.0,5,0,5|0
"SUBCATEGORY_CUCUMBERS_CUCUMBERS@@RICHMOND/NORFOLK, VA - MULO",232,232,11082534.26,0,2022-01-09,2026-06-14,0,0.0,6,0,6|0
"SUBCATEGORY_CUCUMBERS_CUCUMBERS@@SACRAMENTO, CA - MULO",232,232,5101903.52,0,2022-01-09,2026-06-14,0,0.0,4,0,4|0
"SUBCATEGORY_CUCUMBERS_CUCUMBERS@@SEATTLE/TACOMA, WA - MULO",232,232,6189274.22,0,2022-01-09,2026-06-14,0,0.0,4,0,4|0
"SUBCATEGORY_CUCUMBERS_CUCUMBERS@@ST. LOUIS, MO - MULO",232,232,4682090.18,0,2022-01-09,2026-06-14,0,0.0,4,0,4|0
"SUBCATEGORY_CUCUMBERS_MINI-CUCUMBERS@@GRAND RAPIDS, MI - MULO",232,232,7250088.96,0,2022-01-09,2026-06-14,0,0.0,5,0,5|0
"SUBCATEGORY_CUCUMBERS_MINI-CUCUMBERS@@NEW YORK, NY - MULO",232,232,154051658.96,0,2022-01-09,2026-06-14,0,0.0,9,0,9|0
"SUBCATEGORY_CUCUMBERS_MINI-CUCUMBERS@@OKLAHOMA CITY, OK - MULO",232,232,7006036.86,0,2022-01-09,2026-06-14,0,0.0,5,0,5|0
"SUBCATEGORY_CUCUMBERS_MINI-CUCUMBERS@@PHILADELPHIA, PA - MULO",232,232,54297577.68,0,2022-01-09,2026-06-14,0,0.0,8,0,8|0
"SUBCATEGORY_CUCUMBERS_MINI-CUCUMBERS@@PORTLAND, OR - MULO",232,232,12870510.93,0,2022-01-09,2026-06-14,0,0.0,6,0,6|0
"SUBCATEGORY_CUCUMBERS_MINI-CUCUMBERS@@PROVIDENCE, RI - MULO",232,232,8914342.13,0,2022-01-09,2026-06-14,0,0.0,5,0,5|0
"SUBCATEGORY_CUCUMBERS_MINI-CUCUMBERS@@TULSA, OK - MULO",232,232,5553031.04,0,2022-01-09,2026-06-14,0,0.0,4,0,4|0
"SUBCATEGORY_GRAPES_BLACK-GRAPES@@BIRMINGHAM/MONTGOMERY, AL - MULO",232,232,7261789.3,0,2022-01-09,2026-06-14,0,0.0,5,0,5|0
"SUBCATEGORY_GRAPES_BLACK-GRAPES@@BOSTON, MA - MULO",232,232,2759039.85,0,2022-01-09,2026-06-14,0,0.0,3,0,3|0
"SUBCATEGORY_GRAPES_BLACK-GRAPES@@HARRISBURG/SCRANTON, PA - MULO",232,232,3256993.25,0,2022-01-09,2026-06-14,0,0.0,3,0,3|0
"SUBCATEGORY_GRAPES_BLACK-GRAPES@@KNOXVILLE, TN - MULO",232,232,1835862.91,0,2022-01-09,2026-06-14,0,0.0,2,0,2|0
SUBCATEGORY_GRAPES_BLACK-GRAPES@@NEW ENGLAND - MULO,232,232,1203685.41,0,2022-01-09,2026-06-14,0,0.0,2,0,2|0
"SUBCATEGORY_GRAPES_BLACK-GRAPES@@RALEIGH/GREENSBORO, NC - MULO",232,232,8444126.43,0,2022-01-09,2026-06-14,0,0.0,5,0,5|0
"SUBCATEGORY_GRAPES_BLACK-GRAPES@@SACRAMENTO, CA - MULO",232,232,1392667.81,0,2022-01-09,2026-06-14,0,0.0,2,0,2|0
"SUBCATEGORY_GRAPES_BLACK-GRAPES@@SAN FRANCISCO/OAKLAND, CA - MULO",232,232,885377.03,0,2022-01-09,2026-06-14,0,0.0,1,0,1|0
"SUBCATEGORY_GRAPES_BLACK-GRAPES@@ST. LOUIS, MO - MULO",232,232,2555229.4,0,2022-01-09,2026-06-14,0,0.0,3,0,3|0
"SUBCATEGORY_GRAPES_GREEN-GRAPES@@CHARLOTTE, NC - MULO",232,232,26193886.05,0,2022-01-09,2026-06-14,0,0.0,7,0,7|0
"SUBCATEGORY_GRAPES_GREEN-GRAPES@@PITTSBURGH, PA - MULO",232,232,25177043.01,0,2022-01-09,2026-06-14,0,0.0,7,0,7|0
"SUBCATEGORY_GRAPES_GREEN-GRAPES@@PROVIDENCE, RI - MULO",232,232,6478140.7,0,2022-01-09,2026-06-14,0,0.0,5,0,5|0
"SUBCATEGORY_GRAPES_GREEN-GRAPES@@SAN FRANCISCO/OAKLAND, CA - MULO",232,232,34515546.26,0,2022-01-09,2026-06-14,0,0.0,8,0,8|0
"SUBCATEGORY_GRAPES_GREEN-GRAPES@@ST. LOUIS, MO - MULO",232,232,24152808.47,0,2022-01-09,2026-06-14,0,0.0,7,0,7|0
SUBCATEGORY_GRAPES_GREEN-GRAPES@@WEST TEXAS/NEW MEXICO - MULO,232,232,54062121.55,0,2022-01-09,2026-06-14,0,0.0,8,0,8|0
"SUBCATEGORY_GRAPES_OTHER-GRAPES@@BALTIMORE, MD/WASHINGTON D.C. - MULO",232,232,25286554.07,0,2022-01-09,2026-06-14,0,0.0,7,0,7|0
"SUBCATEGORY_GRAPES_OTHER-GRAPES@@COLUMBUS, OH - MULO",232,232,5205707.86,0,2022-01-09,2026-06-14,0,0.0,4,0,4|0
"SUBCATEGORY_GRAPES_OTHER-GRAPES@@MILWAUKEE, WI - MULO",232,232,5496641.56,0,2022-01-09,2026-06-14,0,0.0,4,0,4|0
"SUBCATEGORY_GRAPES_OTHER-GRAPES@@TAMPA/ST. PETERSBURG, FL - MULO",232,232,7251049.1,0,2022-01-09,2026-06-14,0,0.0,5,0,5|0
"SUBCATEGORY_GRAPES_RED-GRAPES@@ALBANY, NY - MULO",232,232,5139677.41,0,2022-01-09,2026-06-14,0,0.0,4,0,4|0
"SUBCATEGORY_GRAPES_RED-GRAPES@@BUFFALO/ROCHESTER, NY - MULO",232,232,7787088.37,0,2022-01-09,2026-06-14,0,0.0,5,0,5|0
"SUBCATEGORY_GRAPES_RED-GRAPES@@HARRISBURG/SCRANTON, PA - MULO",232,232,18916817.25,0,2022-01-09,2026-06-14,0,0.0,7,0,7|0
"SUBCATEGORY_GRAPES_RED-GRAPES@@INDIANAPOLIS, IN - MULO",232,232,14115344.95,0,2022-01-09,2026-06-14,0,0.0,6,0,6|0
"SUBCATEGORY_GRAPES_RED-GRAPES@@JACKSONVILLE, FL - MULO",232,232,12138048.86,0,2022-01-09,2026-06-14,0,0.0,6,0,6|0
"SUBCATEGORY_GRAPES_RED-GRAPES@@KANSAS CITY, KS - MULO",232,232,13979312.08,0,2022-01-09,2026-06-14,0,0.0,6,0,6|0
SUBCATEGORY_GRAPES_RED-GRAPES@@NEW ENGLAND - MULO,232,232,18417340.55,0,2022-01-09,2026-06-14,0,0.0,7,0,7|0
"SUBCATEGORY_GREENS-&-LETTUCE_BUNCHED-GREENS@@ALBANY, NY - MULO",232,232,1602828.1,0,2022-01-09,2026-06-14,0,0.0,2,0,2|0
"SUBCATEGORY_GREENS-&-LETTUCE_BUNCHED-GREENS@@ATLANTA, GA - MULO",232,232,14460217.48,0,2022-01-09,2026-06-14,0,0.0,6,0,6|0
"SUBCATEGORY_GREENS-&-LETTUCE_BUNCHED-GREENS@@BIRMINGHAM/MONTGOMERY, AL - MULO",232,232,5949167.04,0,2022-01-09,2026-06-14,0,0.0,4,0,4|0
"SUBCATEGORY_GREENS-&-LETTUCE_BUNCHED-GREENS@@CLEVELAND, OH - MULO",232,232,5336445.37,0,2022-01-09,2026-06-14,0,0.0,4,0,4|0
"SUBCATEGORY_GREENS-&-LETTUCE_BUNCHED-GREENS@@DENVER, CO - MULO",232,232,10123584.72,0,2022-01-09,2026-06-14,0,0.0,6,0,6|0
"SUBCATEGORY_GREENS-&-LETTUCE_BUNCHED-GREENS@@HARRISBURG/SCRANTON, PA - MULO",232,232,3200350.41,0,2022-01-09,2026-06-14,0,0.0,3,0,3|0
"SUBCATEGORY_GREENS-&-LETTUCE_BUNCHED-GREENS@@HARTFORD, CT/SPRINGFIELD, MA - MULO",232,232,2358975.63,0,2022-01-09,2026-06-14,0,0.0,3,0,3|0
"SUBCATEGORY_GREENS-&-LETTUCE_BUNCHED-GREENS@@JACKSONVILLE, FL - MULO",232,232,4034004.55,0,2022-01-09,2026-06-14,0,0.0,4,0,4|0
"SUBCATEGORY_GREENS-&-LETTUCE_BUNCHED-GREENS@@NASHVILLE, TN - MULO",232,232,3760004.51,0,2022-01-09,2026-06-14,0,0.0,3,0,3|0
"SUBCATEGORY_GREENS-&-LETTUCE_BUNCHED-GREENS@@SPOKANE, WA - MULO",232,232,841359.37,0,2022-01-09,2026-06-14,0,0.0,1,0,1|0
"SUBCATEGORY_GREENS-&-LETTUCE_BUNCHED-GREENS@@WICHITA, KS - MULO",232,232,830688.9,0,2022-01-09,2026-06-14,0,0.0,1,0,1|0
"SUBCATEGORY_GREENS-&-LETTUCE_BUNCHED-SPINACH@@HOUSTON, TX - MULO",232,232,177394.06,0,2022-01-09,2026-06-14,0,0.0,0,0,0|0
"SUBCATEGORY_GREENS-&-LETTUCE_BUNCHED-SPINACH@@SAN DIEGO, CA - MULO",232,232,456329.32,11,2022-01-09,2026-06-14,0,0.04741379310344827,1,0,1|0
"SUBCATEGORY_GREENS-&-LETTUCE_HEAD-CABBAGE@@ALBANY, NY - MULO",232,232,544707.94,0,2022-01-09,2026-06-14,0,0.0,1,0,1|0
"SUBCATEGORY_GREENS-&-LETTUCE_HEAD-CABBAGE@@BOISE, ID - MULO",191,232,82158.8,35,2022-01-09,2026-06-14,41,0.18324607329842932,0,1,0|1
"SUBCATEGORY_GREENS-&-LETTUCE_HEAD-CABBAGE@@DALLAS/FT. WORTH, TX - MULO",232,232,2662778.24,0,2022-01-09,2026-06-14,0,0.0,3,0,3|0
"SUBCATEGORY_GREENS-&-LETTUCE_HEAD-CABBAGE@@JACKSONVILLE, FL - MULO",232,232,805582.87,0,2022-01-09,2026-06-14,0,0.0,1,0,1|0
"SUBCATEGORY_GREENS-&-LETTUCE_HEAD-CABBAGE@@KNOXVILLE, TN - MULO",232,232,337966.26,0,2022-01-09,2026-06-14,0,0.0,0,0,0|0
"SUBCATEGORY_GREENS-&-LETTUCE_HEAD-CABBAGE@@LOUISVILLE, KY - MULO",232,232,332875.53,0,2022-01-09,2026-06-14,0,0.0,0,0,0|0
SUBCATEGORY_GREENS-&-LETTUCE_HEAD-CABBAGE@@NEW ENGLAND - MULO,232,232,1758754.58,0,2022-01-09,2026-06-14,0,0.0,2,0,2|0
"SUBCATEGORY_GREENS-&-LETTUCE_HEAD-CABBAGE@@NEW ORLEANS, LA/MOBILE, AL - MULO",232,232,782626.53,0,2022-01-09,2026-06-14,0,0.0,1,0,1|0
"SUBCATEGORY_GREENS-&-LETTUCE_HEAD-CABBAGE@@PEORIA/SPRINGFIELD, IL - MULO",232,232,368560.31,0,2022-01-09,2026-06-14,0,0.0,0,0,0|0
"SUBCATEGORY_GREENS-&-LETTUCE_HEAD-CABBAGE@@WICHITA, KS - MULO",232,232,262675.43,0,2022-01-09,2026-06-14,0,0.0,0,0,0|0
"SUBCATEGORY_GREENS-&-LETTUCE_HEAD-LETTUCE@@BUFFALO/ROCHESTER, NY - MULO",232,232,32496625.38,0,2022-01-09,2026-06-14,0,0.0,8,0,8|0
"SUBCATEGORY_GREENS-&-LETTUCE_HEAD-LETTUCE@@CHARLOTTE, NC - MULO",232,232,22346341.71,0,2022-01-09,2026-06-14,0,0.0,7,0,7|0
"SUBCATEGORY_GREENS-&-LETTUCE_HEAD-LETTUCE@@CLEVELAND, OH - MULO",232,232,9486503.15,0,2022-01-09,2026-06-14,0,0.0,5,0,5|0
"SUBCATEGORY_GREENS-&-LETTUCE_HEAD-LETTUCE@@COLUMBUS, OH - MULO",232,232,7078040.23,0,2022-01-09,2026-06-14,0,0.0,5,0,5|0
"SUBCATEGORY_GREENS-&-LETTUCE_HEAD-LETTUCE@@DENVER, CO - MULO",232,232,26618592.82,0,2022-01-09,2026-06-14,0,0.0,7,0,7|0
"SUBCATEGORY_GREENS-&-LETTUCE_HEAD-LETTUCE@@HOUSTON, TX - MULO",232,232,18571067.01,0,2022-01-09,2026-06-14,0,0.0,7,0,7|0
"SUBCATEGORY_GREENS-&-LETTUCE_HEAD-LETTUCE@@INDIANAPOLIS, IN - MULO",232,232,10994318.24,0,2022-01-09,2026-06-14,0,0.0,6,0,6|0
"SUBCATEGORY_GREENS-&-LETTUCE_HEAD-LETTUCE@@LITTLE ROCK, AR - MULO",232,232,3528943.0,0,2022-01-09,2026-06-14,0,0.0,3,0,3|0
"SUBCATEGORY_GREENS-&-LETTUCE_HEAD-LETTUCE@@PHOENIX/TUCSON, AZ - MULO",232,232,19430271.0,0,2022-01-09,2026-06-14,0,0.0,7,0,7|0
"SUBCATEGORY_GREENS-&-LETTUCE_HEAD-LETTUCE@@PROVIDENCE, RI - MULO",232,232,11566888.62,0,2022-01-09,2026-06-14,0,0.0,6,0,6|0
"SUBCATEGORY_GREENS-&-LETTUCE_HEAD-LETTUCE@@TULSA, OK - MULO",232,232,6702689.09,0,2022-01-09,2026-06-14,0,0.0,5,0,5|0
"SUBCATEGORY_HERBS_BUNCHED-HERBS@@COLUMBUS, OH - MULO",232,232,52843.78,0,2022-01-09,2026-06-14,0,0.0,0,0,0|0
"SUBCATEGORY_HERBS_BUNCHED-HERBS@@LOUISVILLE, KY - MULO",225,232,228554.77,16,2022-01-09,2026-06-14,7,0.07111111111111111,0,1,0|1
"SUBCATEGORY_HERBS_BUNCHED-HERBS@@MILWAUKEE, WI - MULO",228,232,38866.31,0,2022-01-09,2026-06-14,4,0.0,0,0,0|0
"SUBCATEGORY_HERBS_BUNCHED-HERBS@@PEORIA/SPRINGFIELD, IL - MULO",215,232,551803.23,39,2022-01-09,2026-06-14,17,0.1813953488372093,1,1,1|1
"SUBCATEGORY_HERBS_BUNCHED-HERBS@@PROVIDENCE, RI - MULO",211,231,24812.44,14,2022-01-16,2026-06-14,20,0.06635071090047394,0,1,0|1
"SUBCATEGORY_HERBS_BUNCHED-HERBS@@SALT LAKE CITY, UT - MULO",209,215,9893.91,170,2022-05-08,2026-06-14,6,0.8133971291866029,0,2,0|2
"SUBCATEGORY_HERBS_HERB-PASTES@@BUFFALO/ROCHESTER, NY - MULO",232,232,1016190.61,0,2022-01-09,2026-06-14,0,0.0,1,0,1|0
"SUBCATEGORY_HERBS_HERB-PASTES@@COLUMBUS, OH - MULO",232,232,2004866.1099999999,0,2022-01-09,2026-06-14,0,0.0,2,0,2|0
"SUBCATEGORY_HERBS_HERB-PASTES@@DES MOINES, IA - MULO",232,232,717189.51,0,2022-01-09,2026-06-14,0,0.0,1,0,1|0
"SUBCATEGORY_HERBS_HERB-PASTES@@KANSAS CITY, KS - MULO",232,232,1670440.79,0,2022-01-09,2026-06-14,0,0.0,2,0,2|0
"SUBCATEGORY_HERBS_HERB-PASTES@@KNOXVILLE, TN - MULO",232,232,846483.37,0,2022-01-09,2026-06-14,0,0.0,1,0,1|0
"SUBCATEGORY_HERBS_HERB-PASTES@@LAS VEGAS, NV - MULO",232,232,2295787.69,0,2022-01-09,2026-06-14,0,0.0,2,0,2|0
"SUBCATEGORY_HERBS_HERB-PASTES@@PEORIA/SPRINGFIELD, IL - MULO",232,232,1161012.54,0,2022-01-09,2026-06-14,0,0.0,1,0,1|0
"SUBCATEGORY_HERBS_PACKAGED-HERBS@@DENVER, CO - MULO",232,232,61893192.1,0,2022-01-09,2026-06-14,0,0.0,9,0,9|0
"SUBCATEGORY_HERBS_PACKAGED-HERBS@@DETROIT, MI - MULO",232,232,27558896.91,0,2022-01-09,2026-06-14,0,0.0,8,0,8|0
"SUBCATEGORY_HERBS_PACKAGED-HERBS@@GRAND RAPIDS, MI - MULO",232,232,10083579.93,0,2022-01-09,2026-06-14,0,0.0,6,0,6|0
"SUBCATEGORY_HERBS_PACKAGED-HERBS@@INDIANAPOLIS, IN - MULO",232,232,16572220.15,0,2022-01-09,2026-06-14,0,0.0,7,0,7|0
"SUBCATEGORY_HERBS_PACKAGED-HERBS@@TOLEDO, OH - MULO",232,232,8852434.35,0,2022-01-09,2026-06-14,0,0.0,5,0,5|0
"SUBCATEGORY_MELONS_CANTALOUPE-MELON@@BIRMINGHAM/MONTGOMERY, AL - MULO",232,232,3416639.45,0,2022-01-09,2026-06-14,0,0.0,3,0,3|0
"SUBCATEGORY_MELONS_CANTALOUPE-MELON@@LITTLE ROCK, AR - MULO",231,232,1245700.1199999999,0,2022-01-09,2026-06-14,1,0.0,2,0,2|0
"SUBCATEGORY_MELONS_CANTALOUPE-MELON@@MEMPHIS, TN - MULO",231,232,1220428.82,0,2022-01-09,2026-06-14,1,0.0,2,0,2|0
SUBCATEGORY_MELONS_CANTALOUPE-MELON@@MISSISSIPPI - MULO,232,232,2725993.09,0,2022-01-09,2026-06-14,0,0.0,3,0,3|0
"SUBCATEGORY_MELONS_CANTALOUPE-MELON@@NEW ORLEANS, LA/MOBILE, AL - MULO",232,232,4245520.77,0,2022-01-09,2026-06-14,0,0.0,4,0,4|0
"SUBCATEGORY_MELONS_CANTALOUPE-MELON@@OKLAHOMA CITY, OK - MULO",232,232,2265744.16,0,2022-01-09,2026-06-14,0,0.0,2,0,2|0
"SUBCATEGORY_MELONS_CANTALOUPE-MELON@@RALEIGH/GREENSBORO, NC - MULO",232,232,7494323.08,0,2022-01-09,2026-06-14,0,0.0,5,0,5|0
"SUBCATEGORY_MELONS_CANTALOUPE-MELON@@ROANOKE, VA - MULO",232,232,2386073.27,0,2022-01-09,2026-06-14,0,0.0,3,0,3|0
"SUBCATEGORY_MELONS_CANTALOUPE-MELON@@SAN FRANCISCO/OAKLAND, CA - MULO",232,232,1897376.3,0,2022-01-09,2026-06-14,0,0.0,2,0,2|0
"SUBCATEGORY_MELONS_CANTALOUPE-MELON@@ST. LOUIS, MO - MULO",232,232,2216171.39,0,2022-01-09,2026-06-14,0,0.0,2,0,2|0
"SUBCATEGORY_MELONS_CANTALOUPE-MELON@@WICHITA, KS - MULO",232,232,1420685.15,0,2022-01-09,2026-06-14,0,0.0,2,0,2|0
"SUBCATEGORY_MELONS_HONEYDEW-MELON@@BOISE, ID - MULO",207,218,110248.37,52,2022-04-17,2026-06-14,11,0.25120772946859904,0,2,0|2
"SUBCATEGORY_MELONS_HONEYDEW-MELON@@COLUMBUS, OH - MULO",232,232,1286437.8,1,2022-01-09,2026-06-14,0,0.004310344827586207,2,0,2|0
"SUBCATEGORY_MELONS_HONEYDEW-MELON@@KANSAS CITY, KS - MULO",232,232,43209.2,5,2022-01-09,2026-06-14,0,0.021551724137931036,0,0,0|0
"SUBCATEGORY_MELONS_HONEYDEW-MELON@@LOUISVILLE, KY - MULO",232,232,729215.39,7,2022-01-09,2026-06-14,0,0.03017241379310345,1,0,1|0
"SUBCATEGORY_MELONS_HONEYDEW-MELON@@PHILADELPHIA, PA - MULO",232,232,901760.47,0,2022-01-09,2026-06-14,0,0.0,1,0,1|0
"SUBCATEGORY_MELONS_HONEYDEW-MELON@@PROVIDENCE, RI - MULO",193,232,72851.68000000001,37,2022-01-09,2026-06-14,39,0.19170984455958548,0,1,0|1
"SUBCATEGORY_MELONS_HONEYDEW-MELON@@SAN DIEGO, CA - MULO",205,232,161375.08,27,2022-01-09,2026-06-14,27,0.13170731707317074,0,1,0|1
"SUBCATEGORY_MELONS_OTHER-MELONS@@BIRMINGHAM/MONTGOMERY, AL - MULO",179,232,73289.54,47,2022-01-09,2026-06-14,53,0.26256983240223464,0,2,0|2
"SUBCATEGORY_MELONS_OTHER-MELONS@@CHICAGO, IL - MULO",176,211,52634.88,106,2022-06-05,2026-06-14,35,0.6022727272727273,0,2,0|2
"SUBCATEGORY_MELONS_OTHER-MELONS@@RICHMOND/NORFOLK, VA - MULO",203,209,1207.08,188,2022-06-19,2026-06-14,6,0.9261083743842364,0,2,0|2
"SUBCATEGORY_MELONS_OTHER-MELONS@@SEATTLE/TACOMA, WA - MULO",212,220,105878.15,136,2022-04-03,2026-06-14,8,0.6415094339622641,0,2,0|2
"SUBCATEGORY_MELONS_WATERMELON@@ATLANTA, GA - MULO",232,232,14030071.71,0,2022-01-09,2026-06-14,0,0.0,6,0,6|0
"SUBCATEGORY_MELONS_WATERMELON@@DES MOINES, IA - MULO",232,232,1029528.5599999999,0,2022-01-09,2026-06-14,0,0.0,1,0,1|0
"SUBCATEGORY_MELONS_WATERMELON@@HOUSTON, TX - MULO",232,232,18688240.13,0,2022-01-09,2026-06-14,0,0.0,7,0,7|0
"SUBCATEGORY_MELONS_WATERMELON@@LAS VEGAS, NV - MULO",232,232,10474767.58,0,2022-01-09,2026-06-14,0,0.0,6,0,6|0
"SUBCATEGORY_MELONS_WATERMELON@@NEW YORK, NY - MULO",232,232,17543074.04,0,2022-01-09,2026-06-14,0,0.0,7,0,7|0
"SUBCATEGORY_MELONS_WATERMELON@@PHOENIX/TUCSON, AZ - MULO",232,232,20453457.4,0,2022-01-09,2026-06-14,0,0.0,7,0,7|0
"SUBCATEGORY_MELONS_WATERMELON@@SAN DIEGO, CA - MULO",232,232,11929154.12,0,2022-01-09,2026-06-14,0,0.0,6,0,6|0
"SUBCATEGORY_MELONS_WATERMELON@@ST. LOUIS, MO - MULO",232,232,7938903.76,0,2022-01-09,2026-06-14,0,0.0,5,0,5|0
"SUBCATEGORY_MUSHROOMS_MUSHROOMS@@CHICAGO, IL - MULO",232,232,147320534.9,0,2022-01-09,2026-06-14,0,0.0,9,0,9|0
"SUBCATEGORY_MUSHROOMS_MUSHROOMS@@DETROIT, MI - MULO",232,232,94232734.83,0,2022-01-09,2026-06-14,0,0.0,9,0,9|0
"SUBCATEGORY_MUSHROOMS_MUSHROOMS@@LAS VEGAS, NV - MULO",232,232,40684486.78,0,2022-01-09,2026-06-14,0,0.0,8,0,8|0
"SUBCATEGORY_MUSHROOMS_MUSHROOMS@@LOS ANGELES, CA - MULO",232,232,242614770.06,0,2022-01-09,2026-06-14,0,0.0,9,0,9|0
"SUBCATEGORY_MUSHROOMS_MUSHROOMS@@NEW YORK, NY - MULO",232,232,258366333.68,0,2022-01-09,2026-06-14,0,0.0,9,0,9|0
"SUBCATEGORY_MUSHROOMS_MUSHROOMS@@OMAHA, NE - MULO",232,232,21479343.04,0,2022-01-09,2026-06-14,0,0.0,7,0,7|0
"SUBCATEGORY_MUSHROOMS_MUSHROOMS@@PHOENIX/TUCSON, AZ - MULO",232,232,97512829.66,0,2022-01-09,2026-06-14,0,0.0,9,0,9|0
"SUBCATEGORY_MUSHROOMS_MUSHROOMS@@RALEIGH/GREENSBORO, NC - MULO",232,232,51070055.15,0,2022-01-09,2026-06-14,0,0.0,8,0,8|0
"SUBCATEGORY_MUSHROOMS_MUSHROOMS@@SACRAMENTO, CA - MULO",232,232,54170214.56,0,2022-01-09,2026-06-14,0,0.0,8,0,8|0
"SUBCATEGORY_MUSHROOMS_MUSHROOMS@@SEATTLE/TACOMA, WA - MULO",232,232,78171904.83,0,2022-01-09,2026-06-14,0,0.0,9,0,9|0
SUBCATEGORY_MUSHROOMS_MUSHROOMS@@WEST TEXAS/NEW MEXICO - MULO,232,232,61061338.24,0,2022-01-09,2026-06-14,0,0.0,9,0,9|0
"SUBCATEGORY_MUSHROOMS_SPECIALTY-MUSHROOMS@@HOUSTON, TX - MULO",232,232,1199055.51,0,2022-01-09,2026-06-14,0,0.0,1,0,1|0
"SUBCATEGORY_MUSHROOMS_SPECIALTY-MUSHROOMS@@JACKSONVILLE, FL - MULO",232,232,3829079.71,0,2022-01-09,2026-06-14,0,0.0,3,0,3|0
"SUBCATEGORY_MUSHROOMS_SPECIALTY-MUSHROOMS@@MEMPHIS, TN - MULO",232,232,762673.35,0,2022-01-09,2026-06-14,0,0.0,1,0,1|0
"SUBCATEGORY_MUSHROOMS_SPECIALTY-MUSHROOMS@@RALEIGH/GREENSBORO, NC - MULO",232,232,19748239.3,0,2022-01-09,2026-06-14,0,0.0,7,0,7|0
"SUBCATEGORY_MUSHROOMS_SPECIALTY-MUSHROOMS@@TAMPA/ST. PETERSBURG, FL - MULO",232,232,8615994.46,0,2022-01-09,2026-06-14,0,0.0,5,0,5|0
"SUBCATEGORY_ONIONS_GREEN-ONIONS@@ATLANTA, GA - MULO",232,232,4024375.49,0,2022-01-09,2026-06-14,0,0.0,4,0,4|0
"SUBCATEGORY_ONIONS_GREEN-ONIONS@@BUFFALO/ROCHESTER, NY - MULO",232,232,3129633.25,0,2022-01-09,2026-06-14,0,0.0,3,0,3|0
"SUBCATEGORY_ONIONS_GREEN-ONIONS@@GRAND RAPIDS, MI - MULO",232,232,1659571.74,0,2022-01-09,2026-06-14,0,0.0,2,0,2|0
"SUBCATEGORY_ONIONS_GREEN-ONIONS@@GREEN BAY, WI - MULO",232,232,814880.69,0,2022-01-09,2026-06-14,0,0.0,1,0,1|0
"SUBCATEGORY_ONIONS_GREEN-ONIONS@@JACKSONVILLE, FL - MULO",232,232,2580405.31,0,2022-01-09,2026-06-14,0,0.0,3,0,3|0
"SUBCATEGORY_ONIONS_GREEN-ONIONS@@LOS ANGELES, CA - MULO",232,232,12612921.27,0,2022-01-09,2026-06-14,0,0.0,6,0,6|0
"SUBCATEGORY_ONIONS_GREEN-ONIONS@@MINNEAPOLIS/ST. PAUL, MN - MULO",232,232,7729922.96,0,2022-01-09,2026-06-14,0,0.0,5,0,5|0
SUBCATEGORY_ONIONS_GREEN-ONIONS@@MISSISSIPPI - MULO,232,232,1113560.24,0,2022-01-09,2026-06-14,0,0.0,1,0,1|0
"SUBCATEGORY_ONIONS_GREEN-ONIONS@@NEW YORK, NY - MULO",232,232,10270346.87,0,2022-01-09,2026-06-14,0,0.0,6,0,6|0
"SUBCATEGORY_ONIONS_GREEN-ONIONS@@ORLANDO, FL - MULO",232,232,7121629.89,0,2022-01-09,2026-06-14,0,0.0,5,0,5|0
"SUBCATEGORY_ONIONS_GREEN-ONIONS@@PHOENIX/TUCSON, AZ - MULO",232,232,3022598.59,0,2022-01-09,2026-06-14,0,0.0,3,0,3|0
"SUBCATEGORY_ONIONS_GREEN-ONIONS@@SALT LAKE CITY, UT - MULO",232,232,2385840.67,0,2022-01-09,2026-06-14,0,0.0,3,0,3|0
"SUBCATEGORY_ONIONS_OTHER-ONIONS@@HARTFORD, CT/SPRINGFIELD, MA - MULO",232,232,1249384.38,0,2022-01-09,2026-06-14,0,0.0,2,0,2|0
"SUBCATEGORY_ONIONS_OTHER-ONIONS@@JACKSONVILLE, FL - MULO",232,232,1114292.01,0,2022-01-09,2026-06-14,0,0.0,1,0,1|0
"SUBCATEGORY_ONIONS_OTHER-ONIONS@@MEMPHIS, TN - MULO",232,232,186071.25,0,2022-01-09,2026-06-14,0,0.0,0,0,0|0
"SUBCATEGORY_ONIONS_OTHER-ONIONS@@RALEIGH/GREENSBORO, NC - MULO",232,232,2105034.7,0,2022-01-09,2026-06-14,0,0.0,2,0,2|0
"SUBCATEGORY_ONIONS_OTHER-ONIONS@@TAMPA/ST. PETERSBURG, FL - MULO",232,232,1387643.14,0,2022-01-09,2026-06-14,0,0.0,2,0,2|0
"SUBCATEGORY_ONIONS_OTHER-ONIONS@@TULSA, OK - MULO",232,232,189382.27,0,2022-01-09,2026-06-14,0,0.0,0,0,0|0
"SUBCATEGORY_ONIONS_RED-ONIONS@@KANSAS CITY, KS - MULO",232,232,4178268.72,0,2022-01-09,2026-06-14,0,0.0,4,0,4|0
"SUBCATEGORY_ONIONS_RED-ONIONS@@MILWAUKEE, WI - MULO",232,232,7005136.94,0,2022-01-09,2026-06-14,0,0.0,5,0,5|0
"SUBCATEGORY_ONIONS_RED-ONIONS@@MINNEAPOLIS/ST. PAUL, MN - MULO",232,232,13213474.76,0,2022-01-09,2026-06-14,0,0.0,6,0,6|0
"SUBCATEGORY_ONIONS_RED-ONIONS@@NASHVILLE, TN - MULO",232,232,8356935.76,0,2022-01-09,2026-06-14,0,0.0,5,0,5|0
"SUBCATEGORY_ONIONS_RED-ONIONS@@PHOENIX/TUCSON, AZ - MULO",232,232,6758784.3,0,2022-01-09,2026-06-14,0,0.0,5,0,5|0
"SUBCATEGORY_ONIONS_RED-ONIONS@@PROVIDENCE, RI - MULO",232,232,2737438.7600000002,0,2022-01-09,2026-06-14,0,0.0,3,0,3|0
"SUBCATEGORY_ONIONS_RED-ONIONS@@ROANOKE, VA - MULO",232,232,5504723.02,0,2022-01-09,2026-06-14,0,0.0,4,0,4|0
"SUBCATEGORY_ONIONS_RED-ONIONS@@SACRAMENTO, CA - MULO",232,232,7000290.05,0,2022-01-09,2026-06-14,0,0.0,5,0,5|0
"SUBCATEGORY_ONIONS_RED-ONIONS@@SALT LAKE CITY, UT - MULO",232,232,2826993.13,0,2022-01-09,2026-06-14,0,0.0,3,0,3|0
"SUBCATEGORY_ONIONS_RED-ONIONS@@TAMPA/ST. PETERSBURG, FL - MULO",232,232,20174903.69,0,2022-01-09,2026-06-14,0,0.0,7,0,7|0
"SUBCATEGORY_ONIONS_SHALLOTS@@GREEN BAY, WI - MULO",232,232,118961.0,0,2022-01-09,2026-06-14,0,0.0,0,0,0|0
"SUBCATEGORY_ONIONS_SHALLOTS@@LITTLE ROCK, AR - MULO",232,232,136193.13,0,2022-01-09,2026-06-14,0,0.0,0,0,0|0
"SUBCATEGORY_ONIONS_SHALLOTS@@LOS ANGELES, CA - MULO",232,232,1778853.97,0,2022-01-09,2026-06-14,0,0.0,2,0,2|0
"SUBCATEGORY_ONIONS_SHALLOTS@@MILWAUKEE, WI - MULO",232,232,363793.5,0,2022-01-09,2026-06-14,0,0.0,0,0,0|0
SUBCATEGORY_ONIONS_SHALLOTS@@MISSISSIPPI - MULO,232,232,241626.92,0,2022-01-09,2026-06-14,0,0.0,0,0,0|0
"SUBCATEGORY_ONIONS_SHALLOTS@@ORLANDO, FL - MULO",232,232,3943306.93,0,2022-01-09,2026-06-14,0,0.0,4,0,4|0
"SUBCATEGORY_ONIONS_SHALLOTS@@PHOENIX/TUCSON, AZ - MULO",232,232,667228.87,0,2022-01-09,2026-06-14,0,0.0,1,0,1|0
"SUBCATEGORY_ONIONS_SHALLOTS@@PORTLAND, OR - MULO",232,232,431744.91,0,2022-01-09,2026-06-14,0,0.0,0,0,0|0
"SUBCATEGORY_ONIONS_SHALLOTS@@RICHMOND/NORFOLK, VA - MULO",232,232,1285805.32,0,2022-01-09,2026-06-14,0,0.0,2,0,2|0
"SUBCATEGORY_ONIONS_SHALLOTS@@SALT LAKE CITY, UT - MULO",232,232,316296.11,0,2022-01-09,2026-06-14,0,0.0,0,0,0|0
"SUBCATEGORY_ONIONS_SHALLOTS@@ST. LOUIS, MO - MULO",232,232,964363.57,0,2022-01-09,2026-06-14,0,0.0,1,0,1|0
SUBCATEGORY_ONIONS_SHALLOTS@@WEST TEXAS/NEW MEXICO - MULO,232,232,564556.96,0,2022-01-09,2026-06-14,0,0.0,1,0,1|0
"SUBCATEGORY_ONIONS_SWEET-ONIONS@@BALTIMORE, MD/WASHINGTON D.C. - MULO",232,232,31429351.28,0,2022-01-09,2026-06-14,0,0.0,8,0,8|0
"SUBCATEGORY_ONIONS_SWEET-ONIONS@@CHARLOTTE, NC - MULO",232,232,17371363.07,0,2022-01-09,2026-06-14,0,0.0,7,0,7|0
"SUBCATEGORY_ONIONS_SWEET-ONIONS@@COLUMBUS, OH - MULO",232,232,8126946.93,0,2022-01-09,2026-06-14,0,0.0,5,0,5|0
"SUBCATEGORY_ONIONS_SWEET-ONIONS@@HARTFORD, CT/SPRINGFIELD, MA - MULO",232,232,13830760.75,0,2022-01-09,2026-06-14,0,0.0,6,0,6|0
"SUBCATEGORY_ONIONS_SWEET-ONIONS@@INDIANAPOLIS, IN - MULO",232,232,7783673.11,0,2022-01-09,2026-06-14,0,0.0,5,0,5|0
"SUBCATEGORY_ONIONS_SWEET-ONIONS@@ORLANDO, FL - MULO",232,232,24483513.86,0,2022-01-09,2026-06-14,0,0.0,7,0,7|0
"SUBCATEGORY_ONIONS_SWEET-ONIONS@@SAN DIEGO, CA - MULO",232,232,2862282.23,0,2022-01-09,2026-06-14,0,0.0,3,0,3|0
"SUBCATEGORY_ONIONS_SWEET-ONIONS@@SEATTLE/TACOMA, WA - MULO",232,232,5137143.49,0,2022-01-09,2026-06-14,0,0.0,4,0,4|0
"SUBCATEGORY_ONIONS_SWEET-ONIONS@@ST. LOUIS, MO - MULO",232,232,9203565.41,0,2022-01-09,2026-06-14,0,0.0,5,0,5|0
"SUBCATEGORY_ONIONS_WHITE-ONIONS@@BUFFALO/ROCHESTER, NY - MULO",232,232,3241360.76,0,2022-01-09,2026-06-14,0,0.0,3,0,3|0
"SUBCATEGORY_ONIONS_WHITE-ONIONS@@DETROIT, MI - MULO",232,232,7438666.85,0,2022-01-09,2026-06-14,0,0.0,5,0,5|0
"SUBCATEGORY_ONIONS_WHITE-ONIONS@@LAS VEGAS, NV - MULO",232,232,2545381.08,0,2022-01-09,2026-06-14,0,0.0,3,0,3|0
"SUBCATEGORY_ONIONS_WHITE-ONIONS@@LITTLE ROCK, AR - MULO",232,232,573071.51,0,2022-01-09,2026-06-14,0,0.0,1,0,1|0
"SUBCATEGORY_ONIONS_WHITE-ONIONS@@LOUISVILLE, KY - MULO",232,232,3297732.69,0,2022-01-09,2026-06-14,0,0.0,3,0,3|0
SUBCATEGORY_ONIONS_WHITE-ONIONS@@NEW ENGLAND - MULO,232,232,592238.74,0,2022-01-09,2026-06-14,0,0.0,1,0,1|0
"SUBCATEGORY_ONIONS_WHITE-ONIONS@@RALEIGH/GREENSBORO, NC - MULO",232,232,5249353.07,0,2022-01-09,2026-06-14,0,0.0,4,0,4|0
"SUBCATEGORY_ONIONS_WHITE-ONIONS@@RICHMOND/NORFOLK, VA - MULO",232,232,2292370.51,0,2022-01-09,2026-06-14,0,0.0,2,0,2|0
"SUBCATEGORY_ONIONS_WHITE-ONIONS@@SAN DIEGO, CA - MULO",232,232,2315903.08,0,2022-01-09,2026-06-14,0,0.0,3,0,3|0
"SUBCATEGORY_ONIONS_YELLOW-ONIONS@@BUFFALO/ROCHESTER, NY - MULO",232,232,27050081.6,0,2022-01-09,2026-06-14,0,0.0,8,0,8|0
"SUBCATEGORY_ONIONS_YELLOW-ONIONS@@CHARLOTTE, NC - MULO",232,232,38269120.59,0,2022-01-09,2026-06-14,0,0.0,8,0,8|0
"SUBCATEGORY_ONIONS_YELLOW-ONIONS@@CLEVELAND, OH - MULO",232,232,22423972.38,0,2022-01-09,2026-06-14,0,0.0,7,0,7|0
"SUBCATEGORY_ONIONS_YELLOW-ONIONS@@HARRISBURG/SCRANTON, PA - MULO",232,232,48275501.37,0,2022-01-09,2026-06-14,0,0.0,8,0,8|0
"SUBCATEGORY_ONIONS_YELLOW-ONIONS@@JACKSONVILLE, FL - MULO",232,232,23140291.46,0,2022-01-09,2026-06-14,0,0.0,7,0,7|0
"SUBCATEGORY_ONIONS_YELLOW-ONIONS@@KNOXVILLE, TN - MULO",232,232,12927696.46,0,2022-01-09,2026-06-14,0,0.0,6,0,6|0
SUBCATEGORY_ONIONS_YELLOW-ONIONS@@MISSISSIPPI - MULO,232,232,24781591.12,0,2022-01-09,2026-06-14,0,0.0,7,0,7|0
"SUBCATEGORY_ONIONS_YELLOW-ONIONS@@NEW YORK, NY - MULO",232,232,184674931.51,0,2022-01-09,2026-06-14,0,0.0,9,0,9|0
"SUBCATEGORY_ONIONS_YELLOW-ONIONS@@PITTSBURGH, PA - MULO",232,232,26893648.01,0,2022-01-09,2026-06-14,0,0.0,8,0,8|0
"SUBCATEGORY_ONIONS_YELLOW-ONIONS@@SEATTLE/TACOMA, WA - MULO",232,232,14503724.3,0,2022-01-09,2026-06-14,0,0.0,6,0,6|0
"SUBCATEGORY_OTHER-FRUIT_OTHER-FRUIT@@COLUMBUS, OH - MULO",232,232,12417482.48,0,2022-01-09,2026-06-14,0,0.0,6,0,6|0
"SUBCATEGORY_OTHER-FRUIT_OTHER-FRUIT@@KANSAS CITY, KS - MULO",232,232,4499317.04,0,2022-01-09,2026-06-14,0,0.0,4,0,4|0
"SUBCATEGORY_OTHER-FRUIT_OTHER-FRUIT@@MINNEAPOLIS/ST. PAUL, MN - MULO",232,232,7127058.87,0,2022-01-09,2026-06-14,0,0.0,5,0,5|0
SUBCATEGORY_OTHER-FRUIT_OTHER-FRUIT@@NEW ENGLAND - MULO,232,232,8112547.2,0,2022-01-09,2026-06-14,0,0.0,5,0,5|0
"SUBCATEGORY_OTHER-FRUIT_OTHER-FRUIT@@PHILADELPHIA, PA - MULO",232,232,6266616.93,0,2022-01-09,2026-06-14,0,0.0,4,0,4|0
"SUBCATEGORY_OTHER-FRUIT_OTHER-FRUIT@@SYRACUSE, NY - MULO",232,232,1118796.36,0,2022-01-09,2026-06-14,0,0.0,1,0,1|0
"SUBCATEGORY_OTHER-VEGETABLES_ASPARAGUS@@BOISE, ID - MULO",232,232,1514607.91,0,2022-01-09,2026-06-14,0,0.0,2,0,2|0
"SUBCATEGORY_OTHER-VEGETABLES_ASPARAGUS@@DES MOINES, IA - MULO",232,232,2769842.8,0,2022-01-09,2026-06-14,0,0.0,3,0,3|0
"SUBCATEGORY_OTHER-VEGETABLES_ASPARAGUS@@GREEN BAY, WI - MULO",232,232,2311415.07,0,2022-01-09,2026-06-14,0,0.0,2,0,2|0
"SUBCATEGORY_OTHER-VEGETABLES_ASPARAGUS@@JACKSONVILLE, FL - MULO",232,232,11178101.63,0,2022-01-09,2026-06-14,0,0.0,6,0,6|0
"SUBCATEGORY_OTHER-VEGETABLES_ASPARAGUS@@MIAMI/FT. LAUDERDALE, FL - MULO",232,232,33184507.66,0,2022-01-09,2026-06-14,0,0.0,8,0,8|0
"SUBCATEGORY_OTHER-VEGETABLES_ASPARAGUS@@ORLANDO, FL - MULO",232,232,24764882.73,0,2022-01-09,2026-06-14,0,0.0,7,0,7|0
"SUBCATEGORY_OTHER-VEGETABLES_ASPARAGUS@@ROANOKE, VA - MULO",232,232,6399436.78,0,2022-01-09,2026-06-14,0,0.0,5,0,5|0
"SUBCATEGORY_OTHER-VEGETABLES_ASPARAGUS@@TAMPA/ST. PETERSBURG, FL - MULO",232,232,28862517.56,0,2022-01-09,2026-06-14,0,0.0,8,0,8|0
"SUBCATEGORY_OTHER-VEGETABLES_ASPARAGUS@@TULSA, OK - MULO",232,232,3270424.82,0,2022-01-09,2026-06-14,0,0.0,3,0,3|0
"SUBCATEGORY_OTHER-VEGETABLES_BEANS@@BALTIMORE, MD/WASHINGTON D.C. - MULO",232,232,115616701.34,0,2022-01-09,2026-06-14,0,0.0,9,0,9|0
"SUBCATEGORY_OTHER-VEGETABLES_BEANS@@COLUMBUS, OH - MULO",232,232,10669352.65,0,2022-01-09,2026-06-14,0,0.0,6,0,6|0
"SUBCATEGORY_OTHER-VEGETABLES_BEANS@@DES MOINES, IA - MULO",232,232,5539256.86,0,2022-01-09,2026-06-14,0,0.0,4,0,4|0
"SUBCATEGORY_OTHER-VEGETABLES_BEANS@@HARRISBURG/SCRANTON, PA - MULO",232,232,38414024.64,0,2022-01-09,2026-06-14,0,0.0,8,0,8|0
"SUBCATEGORY_OTHER-VEGETABLES_BEANS@@LITTLE ROCK, AR - MULO",232,232,2844415.99,0,2022-01-09,2026-06-14,0,0.0,3,0,3|0
"SUBCATEGORY_OTHER-VEGETABLES_BEANS@@MILWAUKEE, WI - MULO",232,232,9366942.86,0,2022-01-09,2026-06-14,0,0.0,5,0,5|0
"SUBCATEGORY_OTHER-VEGETABLES_BEANS@@ROANOKE, VA - MULO",232,232,9960188.43,0,2022-01-09,2026-06-14,0,0.0,6,0,6|0
"SUBCATEGORY_OTHER-VEGETABLES_BEANS@@SYRACUSE, NY - MULO",232,232,10467362.27,0,2022-01-09,2026-06-14,0,0.0,6,0,6|0
"SUBCATEGORY_OTHER-VEGETABLES_BEETS@@BOISE, ID - MULO",232,232,161001.59,0,2022-01-09,2026-06-14,0,0.0,0,0,0|0
"SUBCATEGORY_OTHER-VEGETABLES_BEETS@@BUFFALO/ROCHESTER, NY - MULO",232,232,345989.87,0,2022-01-09,2026-06-14,0,0.0,0,0,0|0
"SUBCATEGORY_OTHER-VEGETABLES_BEETS@@CHARLOTTE, NC - MULO",232,232,753734.78,0,2022-01-09,2026-06-14,0,0.0,1,0,1|0
"SUBCATEGORY_OTHER-VEGETABLES_BEETS@@DALLAS/FT. WORTH, TX - MULO",232,232,901317.38,0,2022-01-09,2026-06-14,0,0.0,1,0,1|0
"SUBCATEGORY_OTHER-VEGETABLES_BEETS@@GRAND RAPIDS, MI - MULO",232,232,215998.95,0,2022-01-09,2026-06-14,0,0.0,0,0,0|0
"SUBCATEGORY_OTHER-VEGETABLES_BEETS@@HARTFORD, CT/SPRINGFIELD, MA - MULO",232,232,705211.19,0,2022-01-09,2026-06-14,0,0.0,1,0,1|0
"SUBCATEGORY_OTHER-VEGETABLES_BEETS@@LAS VEGAS, NV - MULO",232,232,321869.25,0,2022-01-09,2026-06-14,0,0.0,0,0,0|0
"SUBCATEGORY_OTHER-VEGETABLES_BEETS@@PITTSBURGH, PA - MULO",232,232,453650.32,0,2022-01-09,2026-06-14,0,0.0,1,0,1|0
"SUBCATEGORY_OTHER-VEGETABLES_BEETS@@SACRAMENTO, CA - MULO",232,232,265155.71,0,2022-01-09,2026-06-14,0,0.0,0,0,0|0
"SUBCATEGORY_OTHER-VEGETABLES_BEETS@@SPOKANE, WA - MULO",232,232,72609.61,0,2022-01-09,2026-06-14,0,0.0,0,0,0|0
"SUBCATEGORY_OTHER-VEGETABLES_BEETS@@TOLEDO, OH - MULO",232,232,117604.08,0,2022-01-09,2026-06-14,0,0.0,0,0,0|0
"SUBCATEGORY_OTHER-VEGETABLES_BROCCOLI@@ALBANY, NY - MULO",232,232,2239142.66,0,2022-01-09,2026-06-14,0,0.0,2,0,2|0
"SUBCATEGORY_OTHER-VEGETABLES_BROCCOLI@@BOISE, ID - MULO",232,232,332492.39,0,2022-01-09,2026-06-14,0,0.0,0,0,0|0
"SUBCATEGORY_OTHER-VEGETABLES_BROCCOLI@@BOSTON, MA - MULO",232,232,3265256.35,0,2022-01-09,2026-06-14,0,0.0,3,0,3|0
"SUBCATEGORY_OTHER-VEGETABLES_BROCCOLI@@CINCINNATI/DAYTON, OH - MULO",232,232,4581592.52,0,2022-01-09,2026-06-14,0,0.0,4,0,4|0
"SUBCATEGORY_OTHER-VEGETABLES_BROCCOLI@@CLEVELAND, OH - MULO",232,232,1696482.15,0,2022-01-09,2026-06-14,0,0.0,2,0,2|0
"SUBCATEGORY_OTHER-VEGETABLES_BROCCOLI@@HARTFORD, CT/SPRINGFIELD, MA - MULO",232,232,1902150.48,0,2022-01-09,2026-06-14,0,0.0,2,0,2|0
"SUBCATEGORY_OTHER-VEGETABLES_BROCCOLI@@KNOXVILLE, TN - MULO",232,232,1473256.97,0,2022-01-09,2026-06-14,0,0.0,2,0,2|0
"SUBCATEGORY_OTHER-VEGETABLES_BROCCOLI@@LAS VEGAS, NV - MULO",232,232,2324355.12,0,2022-01-09,2026-06-14,0,0.0,3,0,3|0
"SUBCATEGORY_OTHER-VEGETABLES_BROCCOLI@@LITTLE ROCK, AR - MULO",232,232,588022.76,0,2022-01-09,2026-06-14,0,0.0,1,0,1|0
SUBCATEGORY_OTHER-VEGETABLES_BROCCOLI@@NEW ENGLAND - MULO,232,232,6608533.89,0,2022-01-09,2026-06-14,0,0.0,5,0,5|0
"SUBCATEGORY_OTHER-VEGETABLES_BROCCOLI@@OMAHA, NE - MULO",232,232,939270.59,0,2022-01-09,2026-06-14,0,0.0,1,0,1|0
"SUBCATEGORY_OTHER-VEGETABLES_BROCCOLI@@ORLANDO, FL - MULO",232,232,36606831.0,0,2022-01-09,2026-06-14,0,0.0,8,0,8|0
"SUBCATEGORY_OTHER-VEGETABLES_BROCCOLI@@ST. LOUIS, MO - MULO",232,232,2123393.65,0,2022-01-09,2026-06-14,0,0.0,2,0,2|0
"SUBCATEGORY_OTHER-VEGETABLES_BROCCOLI@@TOLEDO, OH - MULO",232,232,1676106.32,0,2022-01-09,2026-06-14,0,0.0,2,0,2|0
"SUBCATEGORY_OTHER-VEGETABLES_BRUSSELS-SPROUTS@@BALTIMORE, MD/WASHINGTON D.C. - MULO",232,232,45041783.64,0,2022-01-09,2026-06-14,0,0.0,8,0,8|0
"SUBCATEGORY_OTHER-VEGETABLES_BRUSSELS-SPROUTS@@HARRISBURG/SCRANTON, PA - MULO",232,232,19403658.06,0,2022-01-09,2026-06-14,0,0.0,7,0,7|0
"SUBCATEGORY_OTHER-VEGETABLES_BRUSSELS-SPROUTS@@OKLAHOMA CITY, OK - MULO",232,232,3581581.38,0,2022-01-09,2026-06-14,0,0.0,3,0,3|0
"SUBCATEGORY_OTHER-VEGETABLES_BRUSSELS-SPROUTS@@PHOENIX/TUCSON, AZ - MULO",232,232,11496692.36,0,2022-01-09,2026-06-14,0,0.0,6,0,6|0
SUBCATEGORY_OTHER-VEGETABLES_BRUSSELS-SPROUTS@@SOUTH CAROLINA - MULO,232,232,25936172.26,0,2022-01-09,2026-06-14,0,0.0,7,0,7|0
"SUBCATEGORY_OTHER-VEGETABLES_BRUSSELS-SPROUTS@@SPOKANE, WA - MULO",232,232,1022115.58,0,2022-01-09,2026-06-14,0,0.0,1,0,1|0
"SUBCATEGORY_OTHER-VEGETABLES_CAULIFLOWER@@BALTIMORE, MD/WASHINGTON D.C. - MULO",232,232,18357203.95,0,2022-01-09,2026-06-14,0,0.0,7,0,7|0
"SUBCATEGORY_OTHER-VEGETABLES_CAULIFLOWER@@DES MOINES, IA - MULO",232,232,391337.06,0,2022-01-09,2026-06-14,0,0.0,0,0,0|0
"SUBCATEGORY_OTHER-VEGETABLES_CAULIFLOWER@@GRAND RAPIDS, MI - MULO",232,232,5369318.4,0,2022-01-09,2026-06-14,0,0.0,4,0,4|0
"SUBCATEGORY_OTHER-VEGETABLES_CAULIFLOWER@@KANSAS CITY, KS - MULO",232,232,2758520.17,0,2022-01-09,2026-06-14,0,0.0,3,0,3|0
SUBCATEGORY_OTHER-VEGETABLES_CAULIFLOWER@@MISSISSIPPI - MULO,232,232,1962318.18,0,2022-01-09,2026-06-14,0,0.0,2,0,2|0
"SUBCATEGORY_OTHER-VEGETABLES_CAULIFLOWER@@RICHMOND/NORFOLK, VA - MULO",232,232,5648528.51,0,2022-01-09,2026-06-14,0,0.0,4,0,4|0
"SUBCATEGORY_OTHER-VEGETABLES_CAULIFLOWER@@SYRACUSE, NY - MULO",232,232,2431659.22,0,2022-01-09,2026-06-14,0,0.0,3,0,3|0
"SUBCATEGORY_OTHER-VEGETABLES_CAULIFLOWER@@WICHITA, KS - MULO",232,232,620881.18,0,2022-01-09,2026-06-14,0,0.0,1,0,1|0
"SUBCATEGORY_OTHER-VEGETABLES_CORN@@CHARLOTTE, NC - MULO",232,232,2532750.77,0,2022-01-09,2026-06-14,0,0.0,3,0,3|0
"SUBCATEGORY_OTHER-VEGETABLES_CORN@@COLUMBUS, OH - MULO",232,232,1023942.04,0,2022-01-09,2026-06-14,0,0.0,1,0,1|0
"SUBCATEGORY_OTHER-VEGETABLES_CORN@@MIAMI/FT. LAUDERDALE, FL - MULO",232,232,9965610.56,0,2022-01-09,2026-06-14,0,0.0,6,0,6|0
"SUBCATEGORY_OTHER-VEGETABLES_CORN@@NEW ORLEANS, LA/MOBILE, AL - MULO",232,232,3913079.87,0,2022-01-09,2026-06-14,0,0.0,3,0,3|0
"SUBCATEGORY_OTHER-VEGETABLES_CORN@@SYRACUSE, NY - MULO",232,232,958082.68,0,2022-01-09,2026-06-14,0,0.0,1,0,1|0
"SUBCATEGORY_OTHER-VEGETABLES_EGGPLANT@@HARTFORD, CT/SPRINGFIELD, MA - MULO",232,232,93757.78,0,2022-01-09,2026-06-14,0,0.0,0,0,0|0
"SUBCATEGORY_OTHER-VEGETABLES_EGGPLANT@@INDIANAPOLIS, IN - MULO",197,232,147263.84,50,2022-01-09,2026-06-14,35,0.25380710659898476,0,2,0|2
"SUBCATEGORY_OTHER-VEGETABLES_EGGPLANT@@NEW ORLEANS, LA/MOBILE, AL - MULO",220,232,177613.12,69,2022-01-09,2026-06-14,12,0.31363636363636366,0,2,0|2
"SUBCATEGORY_OTHER-VEGETABLES_GARLIC@@BUFFALO/ROCHESTER, NY - MULO",232,232,9971315.45,0,2022-01-09,2026-06-14,0,0.0,6,0,6|0
"SUBCATEGORY_OTHER-VEGETABLES_GARLIC@@LOS ANGELES, CA - MULO",232,232,40278852.04,0,2022-01-09,2026-06-14,0,0.0,8,0,8|0
SUBCATEGORY_OTHER-VEGETABLES_GARLIC@@MISSISSIPPI - MULO,232,232,5508487.05,0,2022-01-09,2026-06-14,0,0.0,4,0,4|0
"SUBCATEGORY_OTHER-VEGETABLES_GARLIC@@NEW YORK, NY - MULO",232,232,98909956.8,0,2022-01-09,2026-06-14,0,0.0,9,0,9|0
"SUBCATEGORY_OTHER-VEGETABLES_GARLIC@@PROVIDENCE, RI - MULO",232,232,3162851.94,0,2022-01-09,2026-06-14,0,0.0,3,0,3|0
"SUBCATEGORY_OTHER-VEGETABLES_GARLIC@@SACRAMENTO, CA - MULO",232,232,7754786.19,0,2022-01-09,2026-06-14,0,0.0,5,0,5|0
"SUBCATEGORY_OTHER-VEGETABLES_GARLIC@@SYRACUSE, NY - MULO",232,232,4491993.72,0,2022-01-09,2026-06-14,0,0.0,4,0,4|0
"SUBCATEGORY_OTHER-VEGETABLES_GARLIC@@TULSA, OK - MULO",232,232,3183396.05,0,2022-01-09,2026-06-14,0,0.0,3,0,3|0
"SUBCATEGORY_OTHER-VEGETABLES_GINGER-ROOT@@BALTIMORE, MD/WASHINGTON D.C. - MULO",232,232,10322726.85,0,2022-01-09,2026-06-14,0,0.0,6,0,6|0
"SUBCATEGORY_OTHER-VEGETABLES_GINGER-ROOT@@BIRMINGHAM/MONTGOMERY, AL - MULO",232,232,2267974.84,0,2022-01-09,2026-06-14,0,0.0,2,0,2|0
"SUBCATEGORY_OTHER-VEGETABLES_GINGER-ROOT@@CINCINNATI/DAYTON, OH - MULO",232,232,1219625.05,0,2022-01-09,2026-06-14,0,0.0,2,0,2|0
"SUBCATEGORY_OTHER-VEGETABLES_GINGER-ROOT@@CLEVELAND, OH - MULO",232,232,1435194.55,0,2022-01-09,2026-06-14,0,0.0,2,0,2|0
"SUBCATEGORY_OTHER-VEGETABLES_GINGER-ROOT@@GREEN BAY, WI - MULO",232,232,293154.79,0,2022-01-09,2026-06-14,0,0.0,0,0,0|0
"SUBCATEGORY_OTHER-VEGETABLES_GINGER-ROOT@@PEORIA/SPRINGFIELD, IL - MULO",232,232,819002.18,0,2022-01-09,2026-06-14,0,0.0,1,0,1|0
"SUBCATEGORY_OTHER-VEGETABLES_OTHER-VEGETABLES@@ATLANTA, GA - MULO",230,230,1823646.7,21,2022-01-23,2026-06-14,0,0.09130434782608696,2,1,2|1
"SUBCATEGORY_OTHER-VEGETABLES_OTHER-VEGETABLES@@CHICAGO, IL - MULO",231,231,2976960.31,28,2022-01-16,2026-06-14,0,0.12121212121212122,3,1,3|1
"SUBCATEGORY_OTHER-VEGETABLES_OTHER-VEGETABLES@@DENVER, CO - MULO",204,204,999694.22,9,2022-07-24,2026-06-14,0,0.04411764705882353,1,0,1|0
"SUBCATEGORY_OTHER-VEGETABLES_OTHER-VEGETABLES@@HARTFORD, CT/SPRINGFIELD, MA - MULO",232,232,6376478.84,0,2022-01-09,2026-06-14,0,0.0,5,0,5|0
"SUBCATEGORY_OTHER-VEGETABLES_OTHER-VEGETABLES@@LAS VEGAS, NV - MULO",232,232,589659.19,50,2022-01-09,2026-06-14,0,0.21551724137931033,1,2,1|2
"SUBCATEGORY_OTHER-VEGETABLES_OTHER-VEGETABLES@@LITTLE ROCK, AR - MULO",225,232,693482.31,48,2022-01-09,2026-06-14,7,0.21333333333333335,1,2,1|2
SUBCATEGORY_OTHER-VEGETABLES_OTHER-VEGETABLES@@MISSISSIPPI - MULO,207,226,168399.66,43,2022-02-20,2026-06-14,19,0.20772946859903382,0,2,0|2
"SUBCATEGORY_OTHER-VEGETABLES_OTHER-VEGETABLES@@PEORIA/SPRINGFIELD, IL - MULO",222,222,537259.97,40,2022-03-20,2026-06-14,0,0.18018018018018017,1,1,1|1
"SUBCATEGORY_OTHER-VEGETABLES_OTHER-VEGETABLES@@SALT LAKE CITY, UT - MULO",231,231,949323.0599999999,45,2022-01-16,2026-06-14,0,0.19480519480519481,1,1,1|1
"SUBCATEGORY_OTHER-VEGETABLES_PEAS@@CHARLOTTE, NC - MULO",232,232,4947782.78,0,2022-01-09,2026-06-14,0,0.0,4,0,4|0
"SUBCATEGORY_OTHER-VEGETABLES_PEAS@@LAS VEGAS, NV - MULO",232,232,4015384.8,0,2022-01-09,2026-06-14,0,0.0,4,0,4|0
"SUBCATEGORY_OTHER-VEGETABLES_PEAS@@NEW ORLEANS, LA/MOBILE, AL - MULO",232,232,3764187.1,0,2022-01-09,2026-06-14,0,0.0,3,0,3|0
"SUBCATEGORY_OTHER-VEGETABLES_PEAS@@PHILADELPHIA, PA - MULO",232,232,11951744.13,0,2022-01-09,2026-06-14,0,0.0,6,0,6|0
"SUBCATEGORY_OTHER-VEGETABLES_PEAS@@PITTSBURGH, PA - MULO",232,232,3886934.13,0,2022-01-09,2026-06-14,0,0.0,3,0,3|0
"SUBCATEGORY_OTHER-VEGETABLES_PEAS@@PORTLAND, OR - MULO",232,232,12118290.99,0,2022-01-09,2026-06-14,0,0.0,6,0,6|0
"SUBCATEGORY_OTHER-VEGETABLES_PEAS@@PROVIDENCE, RI - MULO",232,232,1695868.53,0,2022-01-09,2026-06-14,0,0.0,2,0,2|0
"SUBCATEGORY_OTHER-VEGETABLES_PEAS@@ROANOKE, VA - MULO",232,232,4263273.74,0,2022-01-09,2026-06-14,0,0.0,4,0,4|0
"SUBCATEGORY_OTHER-VEGETABLES_PEAS@@SALT LAKE CITY, UT - MULO",232,232,7872397.94,0,2022-01-09,2026-06-14,0,0.0,5,0,5|0
"SUBCATEGORY_OTHER-VEGETABLES_PEAS@@TOLEDO, OH - MULO",232,232,3627929.91,0,2022-01-09,2026-06-14,0,0.0,3,0,3|0
SUBCATEGORY_OTHER-VEGETABLES_PEAS@@WEST TEXAS/NEW MEXICO - MULO,232,232,9104087.13,0,2022-01-09,2026-06-14,0,0.0,5,0,5|0
"SUBCATEGORY_OTHER-VEGETABLES_RADISHES@@BIRMINGHAM/MONTGOMERY, AL - MULO",232,232,3781435.7,0,2022-01-09,2026-06-14,0,0.0,3,0,3|0
"SUBCATEGORY_OTHER-VEGETABLES_RADISHES@@CINCINNATI/DAYTON, OH - MULO",232,232,2978823.52,0,2022-01-09,2026-06-14,0,0.0,3,0,3|0
"SUBCATEGORY_OTHER-VEGETABLES_RADISHES@@GREEN BAY, WI - MULO",232,232,1522710.86,0,2022-01-09,2026-06-14,0,0.0,2,0,2|0
"SUBCATEGORY_OTHER-VEGETABLES_RADISHES@@KANSAS CITY, KS - MULO",232,232,3602520.8,0,2022-01-09,2026-06-14,0,0.0,3,0,3|0
"SUBCATEGORY_OTHER-VEGETABLES_RADISHES@@LOS ANGELES, CA - MULO",232,232,2679700.56,0,2022-01-09,2026-06-14,0,0.0,3,0,3|0
"SUBCATEGORY_OTHER-VEGETABLES_RADISHES@@MINNEAPOLIS/ST. PAUL, MN - MULO",232,232,5700147.1,0,2022-01-09,2026-06-14,0,0.0,4,0,4|0
SUBCATEGORY_OTHER-VEGETABLES_RADISHES@@NEW ENGLAND - MULO,232,232,4930500.61,0,2022-01-09,2026-06-14,0,0.0,4,0,4|0
"SUBCATEGORY_OTHER-VEGETABLES_RADISHES@@ROANOKE, VA - MULO",232,232,2781175.82,0,2022-01-09,2026-06-14,0,0.0,3,0,3|0
"SUBCATEGORY_OTHER-VEGETABLES_RADISHES@@SACRAMENTO, CA - MULO",232,232,722637.21,0,2022-01-09,2026-06-14,0,0.0,1,0,1|0
"SUBCATEGORY_OTHER-VEGETABLES_RADISHES@@SPOKANE, WA - MULO",232,232,237432.83000000002,0,2022-01-09,2026-06-14,0,0.0,0,0,0|0
"SUBCATEGORY_OTHER-VEGETABLES_RADISHES@@TAMPA/ST. PETERSBURG, FL - MULO",232,232,5119231.07,0,2022-01-09,2026-06-14,0,0.0,4,0,4|0
"SUBCATEGORY_OTHER-VEGETABLES_SPECIALTY-VEGETABLES@@BIRMINGHAM/MONTGOMERY, AL - MULO",232,232,6090306.51,0,2022-01-09,2026-06-14,0,0.0,4,0,4|0
"SUBCATEGORY_OTHER-VEGETABLES_SPECIALTY-VEGETABLES@@BOSTON, MA - MULO",232,232,4738948.56,0,2022-01-09,2026-06-14,0,0.0,4,0,4|0
"SUBCATEGORY_OTHER-VEGETABLES_SPECIALTY-VEGETABLES@@DETROIT, MI - MULO",232,232,1115094.65,0,2022-01-09,2026-06-14,0,0.0,1,0,1|0
"SUBCATEGORY_OTHER-VEGETABLES_SPECIALTY-VEGETABLES@@KNOXVILLE, TN - MULO",232,232,765774.77,0,2022-01-09,2026-06-14,0,0.0,1,0,1|0
"SUBCATEGORY_OTHER-VEGETABLES_SPECIALTY-VEGETABLES@@MILWAUKEE, WI - MULO",232,232,1173702.36,0,2022-01-09,2026-06-14,0,0.0,1,0,1|0
SUBCATEGORY_OTHER-VEGETABLES_SPECIALTY-VEGETABLES@@NEW ENGLAND - MULO,232,232,3214903.47,0,2022-01-09,2026-06-14,0,0.0,3,0,3|0
"SUBCATEGORY_OTHER-VEGETABLES_SPECIALTY-VEGETABLES@@ORLANDO, FL - MULO",232,232,8390895.53,0,2022-01-09,2026-06-14,0,0.0,5,0,5|0
"SUBCATEGORY_OTHER-VEGETABLES_SPECIALTY-VEGETABLES@@PORTLAND, OR - MULO",232,232,1429209.27,0,2022-01-09,2026-06-14,0,0.0,2,0,2|0
"SUBCATEGORY_OTHER-VEGETABLES_SPECIALTY-VEGETABLES@@PROVIDENCE, RI - MULO",232,232,687156.45,0,2022-01-09,2026-06-14,0,0.0,1,0,1|0
"SUBCATEGORY_OTHER-VEGETABLES_SPECIALTY-VEGETABLES@@SACRAMENTO, CA - MULO",232,232,1513493.97,0,2022-01-09,2026-06-14,0,0.0,2,0,2|0
"SUBCATEGORY_OTHER-VEGETABLES_SPECIALTY-VEGETABLES@@ST. LOUIS, MO - MULO",232,232,1858046.84,0,2022-01-09,2026-06-14,0,0.0,2,0,2|0
"SUBCATEGORY_OTHER-VEGETABLES_SPROUTS@@BOISE, ID - MULO",232,232,553281.36,0,2022-01-09,2026-06-14,0,0.0,1,0,1|0
"SUBCATEGORY_OTHER-VEGETABLES_SPROUTS@@CLEVELAND, OH - MULO",232,232,1037930.76,0,2022-01-09,2026-06-14,0,0.0,1,0,1|0
"SUBCATEGORY_OTHER-VEGETABLES_SPROUTS@@HARTFORD, CT/SPRINGFIELD, MA - MULO",232,232,1698972.21,0,2022-01-09,2026-06-14,0,0.0,2,0,2|0
"SUBCATEGORY_OTHER-VEGETABLES_SPROUTS@@HOUSTON, TX - MULO",232,232,1057313.89,0,2022-01-09,2026-06-14,0,0.0,1,0,1|0
"SUBCATEGORY_OTHER-VEGETABLES_SPROUTS@@LAS VEGAS, NV - MULO",232,232,1421942.7,0,2022-01-09,2026-06-14,0,0.0,2,0,2|0
"SUBCATEGORY_OTHER-VEGETABLES_SPROUTS@@OMAHA, NE - MULO",232,232,185545.21,0,2022-01-09,2026-06-14,0,0.0,0,0,0|0
"SUBCATEGORY_OTHER-VEGETABLES_SPROUTS@@ORLANDO, FL - MULO",232,232,1992487.0,0,2022-01-09,2026-06-14,0,0.0,2,0,2|0
"SUBCATEGORY_OTHER-VEGETABLES_SPROUTS@@SAN FRANCISCO/OAKLAND, CA - MULO",232,232,8215791.32,0,2022-01-09,2026-06-14,0,0.0,5,0,5|0
"SUBCATEGORY_OTHER-VEGETABLES_SPROUTS@@SEATTLE/TACOMA, WA - MULO",232,232,5372127.85,0,2022-01-09,2026-06-14,0,0.0,4,0,4|0
"SUBCATEGORY_OTHER-VEGETABLES_SPROUTS@@ST. LOUIS, MO - MULO",232,232,679308.89,0,2022-01-09,2026-06-14,0,0.0,1,0,1|0
"SUBCATEGORY_PEARS_ANJOU-PEARS@@BUFFALO/ROCHESTER, NY - MULO",231,232,1109187.88,0,2022-01-09,2026-06-14,1,0.0,1,0,1|0
"SUBCATEGORY_PEARS_ANJOU-PEARS@@CINCINNATI/DAYTON, OH - MULO",223,232,917905.9,9,2022-01-09,2026-06-14,9,0.04035874439461883,1,0,1|0
"SUBCATEGORY_PEARS_ANJOU-PEARS@@PORTLAND, OR - MULO",224,232,543209.22,20,2022-01-09,2026-06-14,8,0.08928571428571429,1,1,1|1
"SUBCATEGORY_PEARS_ANJOU-PEARS@@RICHMOND/NORFOLK, VA - MULO",232,232,1077223.22,0,2022-01-09,2026-06-14,0,0.0,1,0,1|0
"SUBCATEGORY_PEARS_ANJOU-PEARS@@SAN DIEGO, CA - MULO",225,232,686836.77,14,2022-01-09,2026-06-14,7,0.06222222222222222,1,1,1|1
"SUBCATEGORY_PEARS_ANJOU-PEARS@@SAN FRANCISCO/OAKLAND, CA - MULO",216,232,196404.57,47,2022-01-09,2026-06-14,16,0.2175925925925926,0,2,0|2
"SUBCATEGORY_PEARS_BARTLETT-PEARS@@ATLANTA, GA - MULO",232,232,8049400.5,0,2022-01-09,2026-06-14,0,0.0,5,0,5|0
"SUBCATEGORY_PEARS_BARTLETT-PEARS@@BOISE, ID - MULO",232,232,482480.42,0,2022-01-09,2026-06-14,0,0.0,1,0,1|0
"SUBCATEGORY_PEARS_BARTLETT-PEARS@@CHICAGO, IL - MULO",232,232,5502999.29,0,2022-01-09,2026-06-14,0,0.0,4,0,4|0
"SUBCATEGORY_PEARS_BARTLETT-PEARS@@CLEVELAND, OH - MULO",232,232,3413063.22,0,2022-01-09,2026-06-14,0,0.0,3,0,3|0
"SUBCATEGORY_PEARS_BARTLETT-PEARS@@COLUMBUS, OH - MULO",232,232,3216155.31,0,2022-01-09,2026-06-14,0,0.0,3,0,3|0
"SUBCATEGORY_PEARS_BARTLETT-PEARS@@GRAND RAPIDS, MI - MULO",232,232,1960371.82,2,2022-01-09,2026-06-14,0,0.008620689655172414,2,0,2|0
"SUBCATEGORY_PEARS_BARTLETT-PEARS@@GREEN BAY, WI - MULO",232,232,636473.12,0,2022-01-09,2026-06-14,0,0.0,1,0,1|0
"SUBCATEGORY_PEARS_BARTLETT-PEARS@@INDIANAPOLIS, IN - MULO",232,232,2807285.27,0,2022-01-09,2026-06-14,0,0.0,3,0,3|0
"SUBCATEGORY_PEARS_BARTLETT-PEARS@@KNOXVILLE, TN - MULO",232,232,1240851.19,0,2022-01-09,2026-06-14,0,0.0,2,0,2|0
"SUBCATEGORY_PEARS_BARTLETT-PEARS@@NASHVILLE, TN - MULO",232,232,3344203.13,0,2022-01-09,2026-06-14,0,0.0,3,0,3|0
"SUBCATEGORY_PEARS_BARTLETT-PEARS@@TAMPA/ST. PETERSBURG, FL - MULO",232,232,8425545.83,0,2022-01-09,2026-06-14,0,0.0,5,0,5|0
"SUBCATEGORY_PEARS_BARTLETT-PEARS@@TOLEDO, OH - MULO",232,232,1927988.8800000001,0,2022-01-09,2026-06-14,0,0.0,2,0,2|0
"SUBCATEGORY_PEARS_BOSC-PEARS@@BIRMINGHAM/MONTGOMERY, AL - MULO",231,232,872757.05,0,2022-01-09,2026-06-14,1,0.0,1,0,1|0
"SUBCATEGORY_PEARS_BOSC-PEARS@@BUFFALO/ROCHESTER, NY - MULO",190,232,310718.72,0,2022-01-09,2026-06-14,42,0.0,0,0,0|0
"SUBCATEGORY_PEARS_BOSC-PEARS@@DENVER, CO - MULO",219,232,577311.89,0,2022-01-09,2026-06-14,13,0.0,1,0,1|0
"SUBCATEGORY_PEARS_BOSC-PEARS@@DETROIT, MI - MULO",219,232,600474.99,1,2022-01-09,2026-06-14,13,0.0045662100456621,1,0,1|0
"SUBCATEGORY_PEARS_BOSC-PEARS@@GREEN BAY, WI - MULO",203,232,69669.8,1,2022-01-09,2026-06-14,29,0.0049261083743842365,0,0,0|0
"SUBCATEGORY_PEARS_BOSC-PEARS@@MINNEAPOLIS/ST. PAUL, MN - MULO",188,232,220977.93,2,2022-01-09,2026-06-14,44,0.010638297872340425,0,0,0|0
"SUBCATEGORY_PEARS_BOSC-PEARS@@RALEIGH/GREENSBORO, NC - MULO",213,232,818489.81,0,2022-01-09,2026-06-14,19,0.0,1,0,1|0
"SUBCATEGORY_PEARS_BOSC-PEARS@@SPOKANE, WA - MULO",215,232,50706.409999999996,0,2022-01-09,2026-06-14,17,0.0,0,0,0|0
"SUBCATEGORY_PEARS_OTHER-PEARS@@BALTIMORE, MD/WASHINGTON D.C. - MULO",232,232,10722717.65,0,2022-01-09,2026-06-14,0,0.0,6,0,6|0
"SUBCATEGORY_PEARS_OTHER-PEARS@@BOISE, ID - MULO",231,232,119857.76,0,2022-01-09,2026-06-14,1,0.0,0,0,0|0
"SUBCATEGORY_PEARS_OTHER-PEARS@@BUFFALO/ROCHESTER, NY - MULO",232,232,3178545.13,0,2022-01-09,2026-06-14,0,0.0,3,0,3|0
"SUBCATEGORY_PEARS_OTHER-PEARS@@CINCINNATI/DAYTON, OH - MULO",232,232,1492410.36,0,2022-01-09,2026-06-14,0,0.0,2,0,2|0
"SUBCATEGORY_PEARS_OTHER-PEARS@@DETROIT, MI - MULO",232,232,3688126.59,0,2022-01-09,2026-06-14,0,0.0,3,0,3|0
"SUBCATEGORY_PEARS_OTHER-PEARS@@GRAND RAPIDS, MI - MULO",230,232,1368844.1,0,2022-01-09,2026-06-14,2,0.0,2,0,2|0
"SUBCATEGORY_PEARS_OTHER-PEARS@@GREEN BAY, WI - MULO",232,232,868261.29,0,2022-01-09,2026-06-14,0,0.0,1,0,1|0
"SUBCATEGORY_PEARS_OTHER-PEARS@@KNOXVILLE, TN - MULO",232,232,748647.05,0,2022-01-09,2026-06-14,0,0.0,1,0,1|0
"SUBCATEGORY_PEARS_OTHER-PEARS@@LITTLE ROCK, AR - MULO",232,232,390101.46,0,2022-01-09,2026-06-14,0,0.0,0,0,0|0
"SUBCATEGORY_PEARS_OTHER-PEARS@@LOS ANGELES, CA - MULO",232,232,8724389.28,0,2022-01-09,2026-06-14,0,0.0,5,0,5|0
"SUBCATEGORY_PEARS_OTHER-PEARS@@SACRAMENTO, CA - MULO",229,232,1118736.88,0,2022-01-09,2026-06-14,3,0.0,1,0,1|0
SUBCATEGORY_PEARS_OTHER-PEARS@@SOUTH CAROLINA - MULO,232,232,4783073.54,0,2022-01-09,2026-06-14,0,0.0,4,0,4|0
SUBCATEGORY_PEARS_OTHER-PEARS@@WEST TEXAS/NEW MEXICO - MULO,232,232,3885233.62,0,2022-01-09,2026-06-14,0,0.0,3,0,3|0
"SUBCATEGORY_PEPPERS_CHILI-PEPPERS@@BIRMINGHAM/MONTGOMERY, AL - MULO",232,232,7620266.22,0,2022-01-09,2026-06-14,0,0.0,5,0,5|0
"SUBCATEGORY_PEPPERS_CHILI-PEPPERS@@DALLAS/FT. WORTH, TX - MULO",232,232,20413016.73,0,2022-01-09,2026-06-14,0,0.0,7,0,7|0
"SUBCATEGORY_PEPPERS_CHILI-PEPPERS@@DES MOINES, IA - MULO",232,232,1424366.52,0,2022-01-09,2026-06-14,0,0.0,2,0,2|0
"SUBCATEGORY_PEPPERS_CHILI-PEPPERS@@DETROIT, MI - MULO",232,232,2933445.93,0,2022-01-09,2026-06-14,0,0.0,3,0,3|0
"SUBCATEGORY_PEPPERS_CHILI-PEPPERS@@GRAND RAPIDS, MI - MULO",232,232,1899404.61,0,2022-01-09,2026-06-14,0,0.0,2,0,2|0
"SUBCATEGORY_PEPPERS_CHILI-PEPPERS@@JACKSONVILLE, FL - MULO",232,232,3033275.87,0,2022-01-09,2026-06-14,0,0.0,3,0,3|0
"SUBCATEGORY_PEPPERS_CHILI-PEPPERS@@MINNEAPOLIS/ST. PAUL, MN - MULO",232,232,6197464.72,0,2022-01-09,2026-06-14,0,0.0,4,0,4|0
"SUBCATEGORY_PEPPERS_CHILI-PEPPERS@@NEW ORLEANS, LA/MOBILE, AL - MULO",232,232,5685728.07,0,2022-01-09,2026-06-14,0,0.0,4,0,4|0
"SUBCATEGORY_PEPPERS_CHILI-PEPPERS@@PEORIA/SPRINGFIELD, IL - MULO",232,232,1955670.8800000001,0,2022-01-09,2026-06-14,0,0.0,2,0,2|0
"SUBCATEGORY_PEPPERS_CHILI-PEPPERS@@PHILADELPHIA, PA - MULO",232,232,6565825.78,0,2022-01-09,2026-06-14,0,0.0,5,0,5|0
"SUBCATEGORY_PEPPERS_CHILI-PEPPERS@@PORTLAND, OR - MULO",232,232,2704838.63,0,2022-01-09,2026-06-14,0,0.0,3,0,3|0
"SUBCATEGORY_PEPPERS_CHILI-PEPPERS@@SACRAMENTO, CA - MULO",232,232,3088165.52,0,2022-01-09,2026-06-14,0,0.0,3,0,3|0
SUBCATEGORY_PEPPERS_CHILI-PEPPERS@@SOUTH CAROLINA - MULO,232,232,10444232.46,0,2022-01-09,2026-06-14,0,0.0,6,0,6|0
"SUBCATEGORY_PEPPERS_CHILI-PEPPERS@@ST. LOUIS, MO - MULO",232,232,3438017.76,0,2022-01-09,2026-06-14,0,0.0,3,0,3|0
"SUBCATEGORY_PEPPERS_SWEET-PEPPERS@@CINCINNATI/DAYTON, OH - MULO",232,232,39675696.86,0,2022-01-09,2026-06-14,0,0.0,8,0,8|0
"SUBCATEGORY_PEPPERS_SWEET-PEPPERS@@DENVER, CO - MULO",232,232,50486904.38,0,2022-01-09,2026-06-14,0,0.0,8,0,8|0
SUBCATEGORY_PEPPERS_SWEET-PEPPERS@@NEW ENGLAND - MULO,232,232,44954081.08,0,2022-01-09,2026-06-14,0,0.0,8,0,8|0
"SUBCATEGORY_PEPPERS_SWEET-PEPPERS@@PHILADELPHIA, PA - MULO",232,232,86544494.77,0,2022-01-09,2026-06-14,0,0.0,9,0,9|0
"SUBCATEGORY_PEPPERS_SWEET-PEPPERS@@SAN FRANCISCO/OAKLAND, CA - MULO",232,232,33405007.78,0,2022-01-09,2026-06-14,0,0.0,8,0,8|0
SUBCATEGORY_PEPPERS_SWEET-PEPPERS@@WEST TEXAS/NEW MEXICO - MULO,232,232,27619675.1,0,2022-01-09,2026-06-14,0,0.0,8,0,8|0
"SUBCATEGORY_PEPPERS_SWEET-PEPPERS@@WICHITA, KS - MULO",232,232,10306520.47,0,2022-01-09,2026-06-14,0,0.0,6,0,6|0
"SUBCATEGORY_POTATOES_BAKING-&-RUSSET-POTATOES@@BOISE, ID - MULO",232,232,10808958.23,0,2022-01-09,2026-06-14,0,0.0,6,0,6|0
"SUBCATEGORY_POTATOES_BAKING-&-RUSSET-POTATOES@@KNOXVILLE, TN - MULO",232,232,50032937.05,0,2022-01-09,2026-06-14,0,0.0,8,0,8|0
"SUBCATEGORY_POTATOES_BAKING-&-RUSSET-POTATOES@@LOUISVILLE, KY - MULO",232,232,49532670.76,0,2022-01-09,2026-06-14,0,0.0,8,0,8|0
"SUBCATEGORY_POTATOES_BAKING-&-RUSSET-POTATOES@@PHILADELPHIA, PA - MULO",232,232,105160277.88,0,2022-01-09,2026-06-14,0,0.0,9,0,9|0
"SUBCATEGORY_POTATOES_BAKING-&-RUSSET-POTATOES@@SALT LAKE CITY, UT - MULO",232,232,41215934.3,0,2022-01-09,2026-06-14,0,0.0,8,0,8|0
"SUBCATEGORY_POTATOES_BAKING-&-RUSSET-POTATOES@@TAMPA/ST. PETERSBURG, FL - MULO",232,232,104217025.3,0,2022-01-09,2026-06-14,0,0.0,9,0,9|0
SUBCATEGORY_POTATOES_BAKING-&-RUSSET-POTATOES@@WEST TEXAS/NEW MEXICO - MULO,232,232,135408669.21,0,2022-01-09,2026-06-14,0,0.0,9,0,9|0
"SUBCATEGORY_POTATOES_OTHER-POTATOES@@BIRMINGHAM/MONTGOMERY, AL - MULO",232,232,4398921.75,0,2022-01-09,2026-06-14,0,0.0,4,0,4|0
"SUBCATEGORY_POTATOES_OTHER-POTATOES@@CHARLOTTE, NC - MULO",232,232,6909310.69,0,2022-01-09,2026-06-14,0,0.0,5,0,5|0
"SUBCATEGORY_POTATOES_OTHER-POTATOES@@CLEVELAND, OH - MULO",232,232,3024831.34,0,2022-01-09,2026-06-14,0,0.0,3,0,3|0
"SUBCATEGORY_POTATOES_OTHER-POTATOES@@DENVER, CO - MULO",232,232,40463079.66,0,2022-01-09,2026-06-14,0,0.0,8,0,8|0
"SUBCATEGORY_POTATOES_OTHER-POTATOES@@HARTFORD, CT/SPRINGFIELD, MA - MULO",232,232,2970398.98,0,2022-01-09,2026-06-14,0,0.0,3,0,3|0
"SUBCATEGORY_POTATOES_OTHER-POTATOES@@MILWAUKEE, WI - MULO",232,232,12055724.64,0,2022-01-09,2026-06-14,0,0.0,6,0,6|0
"SUBCATEGORY_POTATOES_OTHER-POTATOES@@MINNEAPOLIS/ST. PAUL, MN - MULO",225,232,87755.12,2,2022-01-09,2026-06-14,7,0.008888888888888889,0,0,0|0
"SUBCATEGORY_POTATOES_OTHER-POTATOES@@RICHMOND/NORFOLK, VA - MULO",232,232,11336693.42,0,2022-01-09,2026-06-14,0,0.0,6,0,6|0
"SUBCATEGORY_POTATOES_OTHER-POTATOES@@SAN DIEGO, CA - MULO",232,232,7785455.45,0,2022-01-09,2026-06-14,0,0.0,5,0,5|0
"SUBCATEGORY_POTATOES_PETITE-POTATOES@@CLEVELAND, OH - MULO",232,232,20260752.11,0,2022-01-09,2026-06-14,0,0.0,7,0,7|0
"SUBCATEGORY_POTATOES_PETITE-POTATOES@@HARTFORD, CT/SPRINGFIELD, MA - MULO",232,232,42797120.01,0,2022-01-09,2026-06-14,0,0.0,8,0,8|0
"SUBCATEGORY_POTATOES_PETITE-POTATOES@@KNOXVILLE, TN - MULO",232,232,9401147.75,0,2022-01-09,2026-06-14,0,0.0,5,0,5|0
"SUBCATEGORY_POTATOES_PETITE-POTATOES@@MIAMI/FT. LAUDERDALE, FL - MULO",232,232,57927345.53,0,2022-01-09,2026-06-14,0,0.0,9,0,9|0
"SUBCATEGORY_POTATOES_PETITE-POTATOES@@PROVIDENCE, RI - MULO",232,232,11183713.38,0,2022-01-09,2026-06-14,0,0.0,6,0,6|0
"SUBCATEGORY_POTATOES_PETITE-POTATOES@@SACRAMENTO, CA - MULO",232,232,21816763.21,0,2022-01-09,2026-06-14,0,0.0,7,0,7|0
"SUBCATEGORY_POTATOES_RED-POTATOES@@BIRMINGHAM/MONTGOMERY, AL - MULO",232,232,35201033.56,0,2022-01-09,2026-06-14,0,0.0,8,0,8|0
"SUBCATEGORY_POTATOES_RED-POTATOES@@BOSTON, MA - MULO",232,232,19804895.68,0,2022-01-09,2026-06-14,0,0.0,7,0,7|0
"SUBCATEGORY_POTATOES_RED-POTATOES@@CINCINNATI/DAYTON, OH - MULO",232,232,17082899.92,0,2022-01-09,2026-06-14,0,0.0,7,0,7|0
"SUBCATEGORY_POTATOES_RED-POTATOES@@CLEVELAND, OH - MULO",232,232,13848382.35,0,2022-01-09,2026-06-14,0,0.0,6,0,6|0
"SUBCATEGORY_POTATOES_RED-POTATOES@@DES MOINES, IA - MULO",232,232,3942664.79,0,2022-01-09,2026-06-14,0,0.0,4,0,4|0
"SUBCATEGORY_POTATOES_RED-POTATOES@@GRAND RAPIDS, MI - MULO",232,232,14320494.92,0,2022-01-09,2026-06-14,0,0.0,6,0,6|0
"SUBCATEGORY_POTATOES_RED-POTATOES@@INDIANAPOLIS, IN - MULO",232,232,12385563.65,0,2022-01-09,2026-06-14,0,0.0,6,0,6|0
"SUBCATEGORY_POTATOES_RED-POTATOES@@MIAMI/FT. LAUDERDALE, FL - MULO",232,232,67053366.19,0,2022-01-09,2026-06-14,0,0.0,9,0,9|0
"SUBCATEGORY_POTATOES_RED-POTATOES@@PHILADELPHIA, PA - MULO",232,232,49742168.75,0,2022-01-09,2026-06-14,0,0.0,8,0,8|0
"SUBCATEGORY_POTATOES_RED-POTATOES@@RICHMOND/NORFOLK, VA - MULO",232,232,22743056.22,0,2022-01-09,2026-06-14,0,0.0,7,0,7|0
"SUBCATEGORY_POTATOES_RED-POTATOES@@SAN DIEGO, CA - MULO",232,232,7365072.2,0,2022-01-09,2026-06-14,0,0.0,5,0,5|0
SUBCATEGORY_POTATOES_RED-POTATOES@@SOUTH CAROLINA - MULO,232,232,52928647.52,0,2022-01-09,2026-06-14,0,0.0,8,0,8|0
"SUBCATEGORY_POTATOES_SWEET-POTATOES-&-YAMS@@ALBANY, NY - MULO",232,232,5537508.62,0,2022-01-09,2026-06-14,0,0.0,4,0,4|0
"SUBCATEGORY_POTATOES_SWEET-POTATOES-&-YAMS@@ATLANTA, GA - MULO",232,232,19754071.24,0,2022-01-09,2026-06-14,0,0.0,7,0,7|0
"SUBCATEGORY_POTATOES_SWEET-POTATOES-&-YAMS@@BOISE, ID - MULO",232,232,911673.15,0,2022-01-09,2026-06-14,0,0.0,1,0,1|0
"SUBCATEGORY_POTATOES_SWEET-POTATOES-&-YAMS@@DENVER, CO - MULO",232,232,10183843.59,0,2022-01-09,2026-06-14,0,0.0,6,0,6|0
"SUBCATEGORY_POTATOES_SWEET-POTATOES-&-YAMS@@MINNEAPOLIS/ST. PAUL, MN - MULO",232,232,6393931.78,0,2022-01-09,2026-06-14,0,0.0,5,0,5|0
SUBCATEGORY_POTATOES_SWEET-POTATOES-&-YAMS@@MISSISSIPPI - MULO,232,232,7079604.77,0,2022-01-09,2026-06-14,0,0.0,5,0,5|0
"SUBCATEGORY_POTATOES_SWEET-POTATOES-&-YAMS@@NEW ORLEANS, LA/MOBILE, AL - MULO",232,232,11016921.26,0,2022-01-09,2026-06-14,0,0.0,6,0,6|0
"SUBCATEGORY_POTATOES_SWEET-POTATOES-&-YAMS@@PHOENIX/TUCSON, AZ - MULO",232,232,11205992.69,0,2022-01-09,2026-06-14,0,0.0,6,0,6|0
"SUBCATEGORY_POTATOES_SWEET-POTATOES-&-YAMS@@RICHMOND/NORFOLK, VA - MULO",232,232,14898518.17,0,2022-01-09,2026-06-14,0,0.0,6,0,6|0
"SUBCATEGORY_POTATOES_SWEET-POTATOES-&-YAMS@@SALT LAKE CITY, UT - MULO",232,232,4496308.09,0,2022-01-09,2026-06-14,0,0.0,4,0,4|0
"SUBCATEGORY_POTATOES_SWEET-POTATOES-&-YAMS@@SAN DIEGO, CA - MULO",232,232,4398269.63,0,2022-01-09,2026-06-14,0,0.0,4,0,4|0
"SUBCATEGORY_POTATOES_SWEET-POTATOES-&-YAMS@@TULSA, OK - MULO",232,232,3393995.06,0,2022-01-09,2026-06-14,0,0.0,3,0,3|0
"SUBCATEGORY_POTATOES_WHITE-POTATOES@@ALBANY, NY - MULO",232,232,7599597.57,0,2022-01-09,2026-06-14,0,0.0,5,0,5|0
"SUBCATEGORY_POTATOES_WHITE-POTATOES@@BUFFALO/ROCHESTER, NY - MULO",232,232,23200857.01,0,2022-01-09,2026-06-14,0,0.0,7,0,7|0
SUBCATEGORY_POTATOES_WHITE-POTATOES@@MISSISSIPPI - MULO,231,232,373761.13,0,2022-01-09,2026-06-14,1,0.0,0,0,0|0
"SUBCATEGORY_POTATOES_WHITE-POTATOES@@NASHVILLE, TN - MULO",232,232,1670673.31,0,2022-01-09,2026-06-14,0,0.0,2,0,2|0
"SUBCATEGORY_POTATOES_WHITE-POTATOES@@OKLAHOMA CITY, OK - MULO",232,232,3646085.28,0,2022-01-09,2026-06-14,0,0.0,3,0,3|0
"SUBCATEGORY_POTATOES_WHITE-POTATOES@@PEORIA/SPRINGFIELD, IL - MULO",230,232,533998.78,0,2022-01-09,2026-06-14,2,0.0,1,0,1|0
"SUBCATEGORY_POTATOES_WHITE-POTATOES@@RICHMOND/NORFOLK, VA - MULO",232,232,8622133.68,0,2022-01-09,2026-06-14,0,0.0,5,0,5|0
"SUBCATEGORY_POTATOES_WHITE-POTATOES@@ST. LOUIS, MO - MULO",220,232,83409.53,3,2022-01-09,2026-06-14,12,0.013636363636363636,0,0,0|0
"SUBCATEGORY_POTATOES_YELLOW-POTATOES@@ALBANY, NY - MULO",232,232,14229358.63,0,2022-01-09,2026-06-14,0,0.0,6,0,6|0
"SUBCATEGORY_POTATOES_YELLOW-POTATOES@@ATLANTA, GA - MULO",232,232,44798147.11,0,2022-01-09,2026-06-14,0,0.0,8,0,8|0
"SUBCATEGORY_POTATOES_YELLOW-POTATOES@@BUFFALO/ROCHESTER, NY - MULO",232,232,26573363.93,0,2022-01-09,2026-06-14,0,0.0,7,0,7|0
"SUBCATEGORY_POTATOES_YELLOW-POTATOES@@GRAND RAPIDS, MI - MULO",232,232,18721652.07,0,2022-01-09,2026-06-14,0,0.0,7,0,7|0
"SUBCATEGORY_POTATOES_YELLOW-POTATOES@@HOUSTON, TX - MULO",232,232,29923065.77,0,2022-01-09,2026-06-14,0,0.0,8,0,8|0
"SUBCATEGORY_POTATOES_YELLOW-POTATOES@@JACKSONVILLE, FL - MULO",232,232,21570706.69,0,2022-01-09,2026-06-14,0,0.0,7,0,7|0
"SUBCATEGORY_POTATOES_YELLOW-POTATOES@@LITTLE ROCK, AR - MULO",232,232,4971338.04,0,2022-01-09,2026-06-14,0,0.0,4,0,4|0
"SUBCATEGORY_POTATOES_YELLOW-POTATOES@@MINNEAPOLIS/ST. PAUL, MN - MULO",232,232,34217260.37,0,2022-01-09,2026-06-14,0,0.0,8,0,8|0
"SUBCATEGORY_POTATOES_YELLOW-POTATOES@@NEW ORLEANS, LA/MOBILE, AL - MULO",232,232,26498853.09,0,2022-01-09,2026-06-14,0,0.0,7,0,7|0
"SUBCATEGORY_POTATOES_YELLOW-POTATOES@@OMAHA, NE - MULO",232,232,11103060.04,0,2022-01-09,2026-06-14,0,0.0,6,0,6|0
"SUBCATEGORY_POTATOES_YELLOW-POTATOES@@PEORIA/SPRINGFIELD, IL - MULO",232,232,17784279.14,0,2022-01-09,2026-06-14,0,0.0,7,0,7|0
"SUBCATEGORY_POTATOES_YELLOW-POTATOES@@SYRACUSE, NY - MULO",232,232,14067787.02,0,2022-01-09,2026-06-14,0,0.0,6,0,6|0
SUBCATEGORY_POTATOES_YELLOW-POTATOES@@WEST TEXAS/NEW MEXICO - MULO,232,232,23863677.72,0,2022-01-09,2026-06-14,0,0.0,7,0,7|0
"SUBCATEGORY_SALADS_PACKAGED-GREENS@@BIRMINGHAM/MONTGOMERY, AL - MULO",232,232,36821577.34,0,2022-01-09,2026-06-14,0,0.0,8,0,8|0
"SUBCATEGORY_SALADS_PACKAGED-GREENS@@BOISE, ID - MULO",232,232,4284012.07,0,2022-01-09,2026-06-14,0,0.0,4,0,4|0
"SUBCATEGORY_SALADS_PACKAGED-GREENS@@BUFFALO/ROCHESTER, NY - MULO",232,232,27543526.19,0,2022-01-09,2026-06-14,0,0.0,8,0,8|0
"SUBCATEGORY_SALADS_PACKAGED-GREENS@@CHARLOTTE, NC - MULO",232,232,31705210.1,0,2022-01-09,2026-06-14,0,0.0,8,0,8|0
"SUBCATEGORY_SALADS_PACKAGED-GREENS@@CINCINNATI/DAYTON, OH - MULO",232,232,22814580.04,0,2022-01-09,2026-06-14,0,0.0,7,0,7|0
"SUBCATEGORY_SALADS_PACKAGED-GREENS@@DES MOINES, IA - MULO",232,232,5788923.95,0,2022-01-09,2026-06-14,0,0.0,4,0,4|0
"SUBCATEGORY_SALADS_PACKAGED-GREENS@@LAS VEGAS, NV - MULO",232,232,16753454.040000001,0,2022-01-09,2026-06-14,0,0.0,7,0,7|0
SUBCATEGORY_SALADS_PACKAGED-GREENS@@MISSISSIPPI - MULO,232,232,10336734.83,0,2022-01-09,2026-06-14,0,0.0,6,0,6|0
"SUBCATEGORY_SALADS_PACKAGED-GREENS@@OKLAHOMA CITY, OK - MULO",232,232,8371095.72,0,2022-01-09,2026-06-14,0,0.0,5,0,5|0
"SUBCATEGORY_SALADS_PACKAGED-GREENS@@PEORIA/SPRINGFIELD, IL - MULO",232,232,11819283.13,0,2022-01-09,2026-06-14,0,0.0,6,0,6|0
"SUBCATEGORY_SALADS_PACKAGED-GREENS@@TAMPA/ST. PETERSBURG, FL - MULO",232,232,60049481.92,0,2022-01-09,2026-06-14,0,0.0,9,0,9|0
"SUBCATEGORY_SALADS_PACKAGED-GREENS@@TOLEDO, OH - MULO",232,232,11291493.97,0,2022-01-09,2026-06-14,0,0.0,6,0,6|0
"SUBCATEGORY_SALADS_PACKAGED-MICROGREENS@@CINCINNATI/DAYTON, OH - MULO",217,222,131404.01,0,2022-03-20,2026-06-14,5,0.0,0,0,0|0
"SUBCATEGORY_SALADS_PACKAGED-MICROGREENS@@HARTFORD, CT/SPRINGFIELD, MA - MULO",232,232,1783522.27,0,2022-01-09,2026-06-14,0,0.0,2,0,2|0
"SUBCATEGORY_SALADS_PACKAGED-MICROGREENS@@NASHVILLE, TN - MULO",204,211,63464.37,0,2022-06-05,2026-06-14,7,0.0,0,0,0|0
"SUBCATEGORY_SALADS_PACKAGED-MICROGREENS@@NEW YORK, NY - MULO",232,232,5238709.31,0,2022-01-09,2026-06-14,0,0.0,4,0,4|0
"SUBCATEGORY_SALADS_PACKAGED-MICROGREENS@@PITTSBURGH, PA - MULO",232,232,335882.44,0,2022-01-09,2026-06-14,0,0.0,0,0,0|0
"SUBCATEGORY_SALADS_PACKAGED-MICROGREENS@@SACRAMENTO, CA - MULO",232,232,1680251.02,0,2022-01-09,2026-06-14,0,0.0,2,0,2|0
"SUBCATEGORY_SALADS_PACKAGED-MICROGREENS@@SEATTLE/TACOMA, WA - MULO",232,232,1008995.95,0,2022-01-09,2026-06-14,0,0.0,1,0,1|0
"SUBCATEGORY_SALADS_PACKAGED-MICROGREENS@@SYRACUSE, NY - MULO",230,232,53864.42,0,2022-01-09,2026-06-14,2,0.0,0,0,0|0
"SUBCATEGORY_SALADS_SALAD-KITS-SINGLES@@HOUSTON, TX - MULO",232,232,64248646.67,0,2022-01-09,2026-06-14,0,0.0,9,0,9|0
SUBCATEGORY_SALADS_SALAD-KITS-SINGLES@@NEW ENGLAND - MULO,232,232,91754338.54,0,2022-01-09,2026-06-14,0,0.0,9,0,9|0
"SUBCATEGORY_SALADS_SALAD-KITS-SINGLES@@PITTSBURGH, PA - MULO",232,232,41363725.95,0,2022-01-09,2026-06-14,0,0.0,8,0,8|0
"SUBCATEGORY_SALADS_SALAD-KITS-SINGLES@@SEATTLE/TACOMA, WA - MULO",232,232,92960750.9,0,2022-01-09,2026-06-14,0,0.0,9,0,9|0
SUBCATEGORY_SALADS_SALAD-KITS-SINGLES@@SOUTH CAROLINA - MULO,232,232,134226457.06,0,2022-01-09,2026-06-14,0,0.0,9,0,9|0
"SUBCATEGORY_SALADS_SALAD-KITS-SINGLES@@ST. LOUIS, MO - MULO",232,232,73877455.02,0,2022-01-09,2026-06-14,0,0.0,9,0,9|0
"SUBCATEGORY_SALADS_SALAD-KITS-SINGLES@@TOLEDO, OH - MULO",232,232,38110070.87,0,2022-01-09,2026-06-14,0,0.0,8,0,8|0
"SUBCATEGORY_SALADS_SALAD-KITS@@BIRMINGHAM/MONTGOMERY, AL - MULO",232,232,159183553.27,0,2022-01-09,2026-06-14,0,0.0,9,0,9|0
"SUBCATEGORY_SALADS_SALAD-KITS@@DENVER, CO - MULO",232,232,267929146.54,0,2022-01-09,2026-06-14,0,0.0,9,0,9|0
"SUBCATEGORY_SALADS_SALAD-KITS@@MINNEAPOLIS/ST. PAUL, MN - MULO",232,232,204569674.38,0,2022-01-09,2026-06-14,0,0.0,9,0,9|0
"SUBCATEGORY_SALADS_SALAD-KITS@@SAN FRANCISCO/OAKLAND, CA - MULO",232,232,215894352.3,0,2022-01-09,2026-06-14,0,0.0,9,0,9|0
"SUBCATEGORY_SALADS_SALAD-KITS@@TULSA, OK - MULO",232,232,53457625.75,0,2022-01-09,2026-06-14,0,0.0,8,0,8|0
"SUBCATEGORY_SALADS_SALADS@@GREEN BAY, WI - MULO",232,232,44884156.76,0,2022-01-09,2026-06-14,0,0.0,8,0,8|0
"SUBCATEGORY_SALADS_SALADS@@LOUISVILLE, KY - MULO",232,232,68886306.71,0,2022-01-09,2026-06-14,0,0.0,9,0,9|0
"SUBCATEGORY_SALADS_SALADS@@MINNEAPOLIS/ST. PAUL, MN - MULO",232,232,218358043.23,0,2022-01-09,2026-06-14,0,0.0,9,0,9|0
"SUBCATEGORY_SALADS_SALADS@@NEW YORK, NY - MULO",232,232,1060116435.7,0,2022-01-09,2026-06-14,0,0.0,9,0,9|0
"SUBCATEGORY_SALADS_SALADS@@OKLAHOMA CITY, OK - MULO",232,232,50534853.28,0,2022-01-09,2026-06-14,0,0.0,8,0,8|0
"SUBCATEGORY_SALADS_SALADS@@OMAHA, NE - MULO",232,232,68998163.32,0,2022-01-09,2026-06-14,0,0.0,9,0,9|0
"SUBCATEGORY_SALADS_SALADS@@PHOENIX/TUCSON, AZ - MULO",232,232,276008438.54,0,2022-01-09,2026-06-14,0,0.0,9,0,9|0
"SUBCATEGORY_SALADS_SALADS@@RALEIGH/GREENSBORO, NC - MULO",232,232,276525233.05,0,2022-01-09,2026-06-14,0,0.0,9,0,9|0
"SUBCATEGORY_SALADS_SLAWS@@CLEVELAND, OH - MULO",232,232,7071884.18,0,2022-01-09,2026-06-14,0,0.0,5,0,5|0
SUBCATEGORY_SALADS_SLAWS@@MISSISSIPPI - MULO,232,232,9954807.54,0,2022-01-09,2026-06-14,0,0.0,6,0,6|0
SUBCATEGORY_SALADS_SLAWS@@NEW ENGLAND - MULO,232,232,16653834.75,0,2022-01-09,2026-06-14,0,0.0,7,0,7|0
"SUBCATEGORY_SALADS_SLAWS@@OKLAHOMA CITY, OK - MULO",232,232,3969659.75,0,2022-01-09,2026-06-14,0,0.0,4,0,4|0
"SUBCATEGORY_SALADS_SLAWS@@PHILADELPHIA, PA - MULO",232,232,16699667.12,0,2022-01-09,2026-06-14,0,0.0,7,0,7|0
"SUBCATEGORY_SALADS_SLAWS@@PORTLAND, OR - MULO",232,232,13039138.790000001,0,2022-01-09,2026-06-14,0,0.0,6,0,6|0
"SUBCATEGORY_SALADS_SLAWS@@SALT LAKE CITY, UT - MULO",232,232,8048078.49,0,2022-01-09,2026-06-14,0,0.0,5,0,5|0
"SUBCATEGORY_SALADS_SLAWS@@SYRACUSE, NY - MULO",232,232,4383209.42,0,2022-01-09,2026-06-14,0,0.0,4,0,4|0
"SUBCATEGORY_SHELF-STABLE-RICE-&-GRAINS_SS-RICE-&-GRAINS-DRY-PLAIN@@BALTIMORE, MD/WASHINGTON D.C. - MULO",232,232,322264924.5,0,2022-01-09,2026-06-14,0,0.0,9,0,9|0
"SUBCATEGORY_SHELF-STABLE-RICE-&-GRAINS_SS-RICE-&-GRAINS-DRY-PLAIN@@BOISE, ID - MULO",232,232,15332846.83,0,2022-01-09,2026-06-14,0,0.0,6,0,6|0
"SUBCATEGORY_SHELF-STABLE-RICE-&-GRAINS_SS-RICE-&-GRAINS-DRY-PLAIN@@DES MOINES, IA - MULO",232,232,28982018.12,0,2022-01-09,2026-06-14,0,0.0,8,0,8|0
"SUBCATEGORY_SHELF-STABLE-RICE-&-GRAINS_SS-RICE-&-GRAINS-DRY-PLAIN@@DETROIT, MI - MULO",232,232,112540956.43,0,2022-01-09,2026-06-14,0,0.0,9,0,9|0
"SUBCATEGORY_SHELF-STABLE-RICE-&-GRAINS_SS-RICE-&-GRAINS-DRY-PLAIN@@LOS ANGELES, CA - MULO",232,232,499161052.7,0,2022-01-09,2026-06-14,0,0.0,9,0,9|0
"SUBCATEGORY_SHELF-STABLE-RICE-&-GRAINS_SS-RICE-&-GRAINS-DRY-PLAIN@@MIAMI/FT. LAUDERDALE, FL - MULO",232,232,543587747.7,0,2022-01-09,2026-06-14,0,0.0,9,0,9|0
"SUBCATEGORY_SHELF-STABLE-RICE-&-GRAINS_SS-RICE-&-GRAINS-DRY-PLAIN@@PEORIA/SPRINGFIELD, IL - MULO",232,232,38621529.31,0,2022-01-09,2026-06-14,0,0.0,8,0,8|0
"SUBCATEGORY_SHELF-STABLE-RICE-&-GRAINS_SS-RICE-&-GRAINS-DRY-PLAIN@@ST. LOUIS, MO - MULO",232,232,61013474.61,0,2022-01-09,2026-06-14,0,0.0,9,0,9|0
"SUBCATEGORY_SHELF-STABLE-RICE-&-GRAINS_SS-RICE-&-GRAINS-DRY-PLAIN@@SYRACUSE, NY - MULO",232,232,37841819.15,0,2022-01-09,2026-06-14,0,0.0,8,0,8|0
"SUBCATEGORY_SHELF-STABLE-RICE-&-GRAINS_SS-RICE-&-GRAINS-MIXES-&-CONVENIENCE@@ATLANTA, GA - MULO",232,232,144936398.59,0,2022-01-09,2026-06-14,0,0.0,9,0,9|0
"SUBCATEGORY_SHELF-STABLE-RICE-&-GRAINS_SS-RICE-&-GRAINS-MIXES-&-CONVENIENCE@@CINCINNATI/DAYTON, OH - MULO",232,232,77006106.12,0,2022-01-09,2026-06-14,0,0.0,9,0,9|0
"SUBCATEGORY_SHELF-STABLE-RICE-&-GRAINS_SS-RICE-&-GRAINS-MIXES-&-CONVENIENCE@@HARRISBURG/SCRANTON, PA - MULO",232,232,109963680.83,0,2022-01-09,2026-06-14,0,0.0,9,0,9|0
"SUBCATEGORY_SHELF-STABLE-RICE-&-GRAINS_SS-RICE-&-GRAINS-MIXES-&-CONVENIENCE@@INDIANAPOLIS, IN - MULO",232,232,57221174.3,0,2022-01-09,2026-06-14,0,0.0,9,0,9|0
"SUBCATEGORY_SHELF-STABLE-RICE-&-GRAINS_SS-RICE-&-GRAINS-MIXES-&-CONVENIENCE@@MINNEAPOLIS/ST. PAUL, MN - MULO",232,232,74380934.83,0,2022-01-09,2026-06-14,0,0.0,9,0,9|0
"SUBCATEGORY_SPECIALTY-FRUIT_COCONUTS@@CLEVELAND, OH - MULO",230,230,589535.63,3,2022-01-23,2026-06-14,0,0.013043478260869565,1,0,1|0
"SUBCATEGORY_SPECIALTY-FRUIT_COCONUTS@@JACKSONVILLE, FL - MULO",232,232,469513.04,3,2022-01-09,2026-06-14,0,0.01293103448275862,1,0,1|0
"SUBCATEGORY_SPECIALTY-FRUIT_COCONUTS@@KNOXVILLE, TN - MULO",220,232,358176.61,0,2022-01-09,2026-06-14,12,0.0,0,0,0|0
"SUBCATEGORY_SPECIALTY-FRUIT_COCONUTS@@LOUISVILLE, KY - MULO",221,232,478763.35,0,2022-01-09,2026-06-14,11,0.0,1,0,1|0
"SUBCATEGORY_SPECIALTY-FRUIT_COCONUTS@@NEW ORLEANS, LA/MOBILE, AL - MULO",230,232,1439219.7,2,2022-01-09,2026-06-14,2,0.008695652173913044,2,0,2|0
"SUBCATEGORY_SPECIALTY-FRUIT_COCONUTS@@OMAHA, NE - MULO",232,232,398318.5,0,2022-01-09,2026-06-14,0,0.0,0,0,0|0
"SUBCATEGORY_SPECIALTY-FRUIT_COCONUTS@@PROVIDENCE, RI - MULO",232,232,204990.47,0,2022-01-09,2026-06-14,0,0.0,0,0,0|0
"SUBCATEGORY_SPECIALTY-FRUIT_COCONUTS@@ROANOKE, VA - MULO",232,232,833728.34,0,2022-01-09,2026-06-14,0,0.0,1,0,1|0
"SUBCATEGORY_SPECIALTY-FRUIT_COCONUTS@@TAMPA/ST. PETERSBURG, FL - MULO",225,228,926565.43,20,2022-02-06,2026-06-14,3,0.08888888888888889,1,1,1|1
SUBCATEGORY_SPECIALTY-FRUIT_COCONUTS@@WEST TEXAS/NEW MEXICO - MULO,232,232,1560937.58,0,2022-01-09,2026-06-14,0,0.0,2,0,2|0
"SUBCATEGORY_SPECIALTY-FRUIT_FIGS@@CINCINNATI/DAYTON, OH - MULO",223,232,108052.99,0,2022-01-09,2026-06-14,9,0.0,0,0,0|0
"SUBCATEGORY_SPECIALTY-FRUIT_FIGS@@COLUMBUS, OH - MULO",222,232,50657.23,0,2022-01-09,2026-06-14,10,0.0,0,0,0|0
"SUBCATEGORY_SPECIALTY-FRUIT_FIGS@@GREEN BAY, WI - MULO",225,232,35571.16,1,2022-01-09,2026-06-14,7,0.0044444444444444444,0,0,0|0
"SUBCATEGORY_SPECIALTY-FRUIT_FIGS@@PROVIDENCE, RI - MULO",224,232,350704.87,2,2022-01-09,2026-06-14,8,0.008928571428571428,0,0,0|0
"SUBCATEGORY_SPECIALTY-FRUIT_FIGS@@RICHMOND/NORFOLK, VA - MULO",232,232,467511.25,0,2022-01-09,2026-06-14,0,0.0,1,0,1|0
"SUBCATEGORY_SPECIALTY-FRUIT_KIWI@@HARRISBURG/SCRANTON, PA - MULO",232,232,19674265.28,0,2022-01-09,2026-06-14,0,0.0,7,0,7|0
"SUBCATEGORY_SPECIALTY-FRUIT_KIWI@@JACKSONVILLE, FL - MULO",232,232,9959091.09,0,2022-01-09,2026-06-14,0,0.0,6,0,6|0
"SUBCATEGORY_SPECIALTY-FRUIT_KIWI@@KANSAS CITY, KS - MULO",232,232,8546261.49,0,2022-01-09,2026-06-14,0,0.0,5,0,5|0
"SUBCATEGORY_SPECIALTY-FRUIT_KIWI@@KNOXVILLE, TN - MULO",232,232,5167246.71,0,2022-01-09,2026-06-14,0,0.0,4,0,4|0
"SUBCATEGORY_SPECIALTY-FRUIT_KIWI@@LOS ANGELES, CA - MULO",232,232,75335911.05,0,2022-01-09,2026-06-14,0,0.0,9,0,9|0
"SUBCATEGORY_SPECIALTY-FRUIT_KIWI@@PHOENIX/TUCSON, AZ - MULO",232,232,24284999.45,0,2022-01-09,2026-06-14,0,0.0,7,0,7|0
"SUBCATEGORY_SPECIALTY-FRUIT_KIWI@@SYRACUSE, NY - MULO",232,232,5423455.3,0,2022-01-09,2026-06-14,0,0.0,4,0,4|0
"SUBCATEGORY_SPECIALTY-FRUIT_KIWI@@TULSA, OK - MULO",232,232,3995262.28,0,2022-01-09,2026-06-14,0,0.0,4,0,4|0
"SUBCATEGORY_SPECIALTY-FRUIT_MANGOES@@COLUMBUS, OH - MULO",232,232,4814844.74,0,2022-01-09,2026-06-14,0,0.0,4,0,4|0
"SUBCATEGORY_SPECIALTY-FRUIT_MANGOES@@DES MOINES, IA - MULO",220,232,1768735.7,0,2022-01-09,2026-06-14,12,0.0,2,0,2|0
"SUBCATEGORY_SPECIALTY-FRUIT_MANGOES@@HARRISBURG/SCRANTON, PA - MULO",232,232,8643831.63,0,2022-01-09,2026-06-14,0,0.0,5,0,5|0
"SUBCATEGORY_SPECIALTY-FRUIT_MANGOES@@LOS ANGELES, CA - MULO",232,232,23834008.71,0,2022-01-09,2026-06-14,0,0.0,7,0,7|0
"SUBCATEGORY_SPECIALTY-FRUIT_MANGOES@@MEMPHIS, TN - MULO",232,232,2629545.55,0,2022-01-09,2026-06-14,0,0.0,3,0,3|0
SUBCATEGORY_SPECIALTY-FRUIT_MANGOES@@MISSISSIPPI - MULO,232,232,2619485.6,0,2022-01-09,2026-06-14,0,0.0,3,0,3|0
"SUBCATEGORY_SPECIALTY-FRUIT_MANGOES@@OKLAHOMA CITY, OK - MULO",232,232,3565263.71,0,2022-01-09,2026-06-14,0,0.0,3,0,3|0
"SUBCATEGORY_SPECIALTY-FRUIT_MANGOES@@SALT LAKE CITY, UT - MULO",232,232,4098824.29,0,2022-01-09,2026-06-14,0,0.0,4,0,4|0
"SUBCATEGORY_SPECIALTY-FRUIT_MANGOES@@SAN DIEGO, CA - MULO",232,232,4088942.79,0,2022-01-09,2026-06-14,0,0.0,4,0,4|0
"SUBCATEGORY_SPECIALTY-FRUIT_MANGOES@@ST. LOUIS, MO - MULO",232,232,5124510.13,0,2022-01-09,2026-06-14,0,0.0,4,0,4|0
"SUBCATEGORY_SPECIALTY-FRUIT_OTHER-SPECIALTY-FRUIT@@ATLANTA, GA - MULO",232,232,4686686.59,0,2022-01-09,2026-06-14,0,0.0,4,0,4|0
"SUBCATEGORY_SPECIALTY-FRUIT_OTHER-SPECIALTY-FRUIT@@DALLAS/FT. WORTH, TX - MULO",232,232,9655404.68,0,2022-01-09,2026-06-14,0,0.0,5,0,5|0
"SUBCATEGORY_SPECIALTY-FRUIT_OTHER-SPECIALTY-FRUIT@@HARRISBURG/SCRANTON, PA - MULO",232,232,4544460.52,0,2022-01-09,2026-06-14,0,0.0,4,0,4|0
"SUBCATEGORY_SPECIALTY-FRUIT_OTHER-SPECIALTY-FRUIT@@HOUSTON, TX - MULO",232,232,6228493.66,0,2022-01-09,2026-06-14,0,0.0,4,0,4|0
"SUBCATEGORY_SPECIALTY-FRUIT_OTHER-SPECIALTY-FRUIT@@JACKSONVILLE, FL - MULO",232,232,1731725.5,0,2022-01-09,2026-06-14,0,0.0,2,0,2|0
"SUBCATEGORY_SPECIALTY-FRUIT_OTHER-SPECIALTY-FRUIT@@KANSAS CITY, KS - MULO",232,232,1929611.3,0,2022-01-09,2026-06-14,0,0.0,2,0,2|0
"SUBCATEGORY_SPECIALTY-FRUIT_OTHER-SPECIALTY-FRUIT@@NEW YORK, NY - MULO",232,232,15726072.18,0,2022-01-09,2026-06-14,0,0.0,7,0,7|0
"SUBCATEGORY_SPECIALTY-FRUIT_OTHER-SPECIALTY-FRUIT@@OMAHA, NE - MULO",232,232,1304056.25,0,2022-01-09,2026-06-14,0,0.0,2,0,2|0
"SUBCATEGORY_SPECIALTY-FRUIT_OTHER-SPECIALTY-FRUIT@@PEORIA/SPRINGFIELD, IL - MULO",232,232,1681280.71,0,2022-01-09,2026-06-14,0,0.0,2,0,2|0
"SUBCATEGORY_SPECIALTY-FRUIT_OTHER-SPECIALTY-FRUIT@@SPOKANE, WA - MULO",232,232,500617.41000000003,0,2022-01-09,2026-06-14,0,0.0,1,0,1|0
"SUBCATEGORY_SPECIALTY-FRUIT_OTHER-SPECIALTY-FRUIT@@ST. LOUIS, MO - MULO",232,232,2483242.65,0,2022-01-09,2026-06-14,0,0.0,3,0,3|0
"SUBCATEGORY_SPECIALTY-FRUIT_PAPAYAS@@BIRMINGHAM/MONTGOMERY, AL - MULO",183,232,214722.76,60,2022-01-09,2026-06-14,49,0.32786885245901637,0,2,0|2
"SUBCATEGORY_SPECIALTY-FRUIT_PAPAYAS@@SALT LAKE CITY, UT - MULO",199,232,212835.84,0,2022-01-09,2026-06-14,33,0.0,0,0,0|0
"SUBCATEGORY_SPECIALTY-FRUIT_PAPAYAS@@SAN FRANCISCO/OAKLAND, CA - MULO",232,232,1300932.58,0,2022-01-09,2026-06-14,0,0.0,2,0,2|0
"SUBCATEGORY_SPECIALTY-FRUIT_PINEAPPLE@@BUFFALO/ROCHESTER, NY - MULO",232,232,11824816.49,0,2022-01-09,2026-06-14,0,0.0,6,0,6|0
"SUBCATEGORY_SPECIALTY-FRUIT_PINEAPPLE@@DALLAS/FT. WORTH, TX - MULO",232,232,14852888.12,0,2022-01-09,2026-06-14,0,0.0,6,0,6|0
"SUBCATEGORY_SPECIALTY-FRUIT_PINEAPPLE@@HARTFORD, CT/SPRINGFIELD, MA - MULO",232,232,8858336.19,0,2022-01-09,2026-06-14,0,0.0,5,0,5|0
"SUBCATEGORY_SPECIALTY-FRUIT_PINEAPPLE@@LOS ANGELES, CA - MULO",232,232,21410086.92,0,2022-01-09,2026-06-14,0,0.0,7,0,7|0
SUBCATEGORY_SPECIALTY-FRUIT_PINEAPPLE@@MISSISSIPPI - MULO,232,232,3310286.96,0,2022-01-09,2026-06-14,0,0.0,3,0,3|0
"SUBCATEGORY_SPECIALTY-FRUIT_PINEAPPLE@@OKLAHOMA CITY, OK - MULO",232,232,2135981.55,0,2022-01-09,2026-06-14,0,0.0,2,0,2|0
"SUBCATEGORY_SPECIALTY-FRUIT_PINEAPPLE@@ORLANDO, FL - MULO",232,232,5006186.87,0,2022-01-09,2026-06-14,0,0.0,4,0,4|0
"SUBCATEGORY_SPECIALTY-FRUIT_PINEAPPLE@@RALEIGH/GREENSBORO, NC - MULO",232,232,6950147.28,0,2022-01-09,2026-06-14,0,0.0,5,0,5|0
"SUBCATEGORY_SPECIALTY-FRUIT_PINEAPPLE@@SAN FRANCISCO/OAKLAND, CA - MULO",232,232,2968363.44,0,2022-01-09,2026-06-14,0,0.0,3,0,3|0
SUBCATEGORY_SPECIALTY-FRUIT_PINEAPPLE@@SOUTH CAROLINA - MULO,232,232,9274299.34,0,2022-01-09,2026-06-14,0,0.0,5,0,5|0
"SUBCATEGORY_SPECIALTY-FRUIT_PINEAPPLE@@TAMPA/ST. PETERSBURG, FL - MULO",232,232,4408457.55,0,2022-01-09,2026-06-14,0,0.0,4,0,4|0
"SUBCATEGORY_SQUASH_OTHER-SQUASH@@BALTIMORE, MD/WASHINGTON D.C. - MULO",232,232,1563696.69,0,2022-01-09,2026-06-14,0,0.0,2,0,2|0
"SUBCATEGORY_SQUASH_OTHER-SQUASH@@BOISE, ID - MULO",211,232,14038.21,18,2022-01-09,2026-06-14,21,0.08530805687203792,0,1,0|1
"SUBCATEGORY_SQUASH_OTHER-SQUASH@@INDIANAPOLIS, IN - MULO",190,232,17147.9,0,2022-01-09,2026-06-14,42,0.0,0,0,0|0
SUBCATEGORY_SQUASH_OTHER-SQUASH@@MISSISSIPPI - MULO,188,232,44386.5,18,2022-01-09,2026-06-14,44,0.09574468085106383,0,1,0|1
"SUBCATEGORY_SQUASH_OTHER-SQUASH@@NASHVILLE, TN - MULO",202,232,26606.73,6,2022-01-09,2026-06-14,30,0.0297029702970297,0,0,0|0
"SUBCATEGORY_SQUASH_OTHER-SQUASH@@NEW YORK, NY - MULO",232,232,588421.43,0,2022-01-09,2026-06-14,0,0.0,1,0,1|0
"SUBCATEGORY_SQUASH_OTHER-SQUASH@@OKLAHOMA CITY, OK - MULO",220,232,32284.56,168,2022-01-09,2026-06-14,12,0.7636363636363637,0,2,0|2
"SUBCATEGORY_SQUASH_OTHER-SQUASH@@SAN DIEGO, CA - MULO",229,232,161587.19,0,2022-01-09,2026-06-14,3,0.0,0,0,0|0
"SUBCATEGORY_SQUASH_OTHER-SQUASH@@TULSA, OK - MULO",227,232,41748.87,11,2022-01-09,2026-06-14,5,0.048458149779735685,0,0,0|0
"SUBCATEGORY_SQUASH_OTHER-SQUASH@@WICHITA, KS - MULO",156,196,12879.69,84,2022-09-18,2026-06-14,40,0.5384615384615384,0,2,0|2
"SUBCATEGORY_SQUASH_SUMMER-SQUASH@@ATLANTA, GA - MULO",232,232,16618198.71,0,2022-01-09,2026-06-14,0,0.0,7,0,7|0
"SUBCATEGORY_SQUASH_SUMMER-SQUASH@@BALTIMORE, MD/WASHINGTON D.C. - MULO",232,232,5168573.12,0,2022-01-09,2026-06-14,0,0.0,4,0,4|0
"SUBCATEGORY_SQUASH_SUMMER-SQUASH@@BOISE, ID - MULO",221,232,5468.9400000000005,108,2022-01-09,2026-06-14,11,0.48868778280542985,0,2,0|2
"SUBCATEGORY_SQUASH_SUMMER-SQUASH@@DALLAS/FT. WORTH, TX - MULO",232,232,830505.8,0,2022-01-09,2026-06-14,0,0.0,1,0,1|0
"SUBCATEGORY_SQUASH_SUMMER-SQUASH@@JACKSONVILLE, FL - MULO",232,232,11786221.76,0,2022-01-09,2026-06-14,0,0.0,6,0,6|0
"SUBCATEGORY_SQUASH_SUMMER-SQUASH@@LOS ANGELES, CA - MULO",232,232,5443437.42,0,2022-01-09,2026-06-14,0,0.0,4,0,4|0
"SUBCATEGORY_SQUASH_SUMMER-SQUASH@@PORTLAND, OR - MULO",232,232,137365.56,0,2022-01-09,2026-06-14,0,0.0,0,0,0|0
"SUBCATEGORY_SQUASH_SUMMER-SQUASH@@RALEIGH/GREENSBORO, NC - MULO",232,232,1695104.29,0,2022-01-09,2026-06-14,0,0.0,2,0,2|0
"SUBCATEGORY_SQUASH_SUMMER-SQUASH@@SYRACUSE, NY - MULO",232,232,397279.07,0,2022-01-09,2026-06-14,0,0.0,0,0,0|0
"SUBCATEGORY_SQUASH_WINTER-SQUASH@@BIRMINGHAM/MONTGOMERY, AL - MULO",232,232,292883.39,0,2022-01-09,2026-06-14,0,0.0,0,0,0|0
"SUBCATEGORY_SQUASH_WINTER-SQUASH@@DES MOINES, IA - MULO",226,232,61652.42,0,2022-01-09,2026-06-14,6,0.0,0,0,0|0
"SUBCATEGORY_SQUASH_WINTER-SQUASH@@DETROIT, MI - MULO",232,232,565177.41,0,2022-01-09,2026-06-14,0,0.0,1,0,1|0
"SUBCATEGORY_SQUASH_WINTER-SQUASH@@MILWAUKEE, WI - MULO",232,232,176198.8,0,2022-01-09,2026-06-14,0,0.0,0,0,0|0
"SUBCATEGORY_SQUASH_WINTER-SQUASH@@NEW YORK, NY - MULO",232,232,14273188.15,0,2022-01-09,2026-06-14,0,0.0,6,0,6|0
"SUBCATEGORY_SQUASH_WINTER-SQUASH@@PEORIA/SPRINGFIELD, IL - MULO",232,232,193907.37,0,2022-01-09,2026-06-14,0,0.0,0,0,0|0
"SUBCATEGORY_SQUASH_WINTER-SQUASH@@PORTLAND, OR - MULO",232,232,1476125.8800000001,0,2022-01-09,2026-06-14,0,0.0,2,0,2|0
"SUBCATEGORY_SQUASH_WINTER-SQUASH@@ST. LOUIS, MO - MULO",232,232,934074.25,0,2022-01-09,2026-06-14,0,0.0,1,0,1|0
"SUBCATEGORY_SQUASH_WINTER-SQUASH@@SYRACUSE, NY - MULO",232,232,389221.64,0,2022-01-09,2026-06-14,0,0.0,0,0,0|0
"SUBCATEGORY_STONE-FRUIT_APRICOTS@@BUFFALO/ROCHESTER, NY - MULO",198,214,190006.44999999998,102,2022-05-15,2026-06-14,16,0.5151515151515151,0,2,0|2
"SUBCATEGORY_STONE-FRUIT_APRICOTS@@COLUMBUS, OH - MULO",229,232,285858.78,25,2022-01-09,2026-06-14,3,0.1091703056768559,0,1,0|1
"SUBCATEGORY_STONE-FRUIT_APRICOTS@@MINNEAPOLIS/ST. PAUL, MN - MULO",204,214,662336.15,114,2022-05-15,2026-06-14,10,0.5588235294117647,1,2,1|2
"SUBCATEGORY_STONE-FRUIT_APRICOTS@@ORLANDO, FL - MULO",206,214,892257.8,105,2022-05-15,2026-06-14,8,0.5097087378640777,1,2,1|2
"SUBCATEGORY_STONE-FRUIT_APRICOTS@@PEORIA/SPRINGFIELD, IL - MULO",207,214,165309.52,113,2022-05-15,2026-06-14,7,0.5458937198067633,0,2,0|2
"SUBCATEGORY_STONE-FRUIT_APRICOTS@@PHILADELPHIA, PA - MULO",220,232,553577.02,2,2022-01-09,2026-06-14,12,0.00909090909090909,1,0,1|0
"SUBCATEGORY_STONE-FRUIT_APRICOTS@@RICHMOND/NORFOLK, VA - MULO",206,220,326122.19,109,2022-04-03,2026-06-14,14,0.529126213592233,0,2,0|2
"SUBCATEGORY_STONE-FRUIT_APRICOTS@@TULSA, OK - MULO",209,214,142739.07,128,2022-05-15,2026-06-14,5,0.6124401913875598,0,2,0|2
SUBCATEGORY_STONE-FRUIT_APRICOTS@@WEST TEXAS/NEW MEXICO - MULO,215,230,957740.26,111,2022-01-23,2026-06-14,15,0.5162790697674419,1,2,1|2
"SUBCATEGORY_STONE-FRUIT_CHERRIES@@HOUSTON, TX - MULO",232,232,13760257.57,0,2022-01-09,2026-06-14,0,0.0,6,0,6|0
"SUBCATEGORY_STONE-FRUIT_CHERRIES@@MIAMI/FT. LAUDERDALE, FL - MULO",232,232,16220222.32,0,2022-01-09,2026-06-14,0,0.0,7,0,7|0
"SUBCATEGORY_STONE-FRUIT_CHERRIES@@SPOKANE, WA - MULO",214,232,1960123.18,18,2022-01-09,2026-06-14,18,0.08411214953271028,2,1,2|1
"SUBCATEGORY_STONE-FRUIT_CHERRIES@@SYRACUSE, NY - MULO",232,232,2948773.52,0,2022-01-09,2026-06-14,0,0.0,3,0,3|0
"SUBCATEGORY_STONE-FRUIT_CHERRIES@@TAMPA/ST. PETERSBURG, FL - MULO",232,232,12196806.45,3,2022-01-09,2026-06-14,0,0.01293103448275862,6,0,6|0
"SUBCATEGORY_STONE-FRUIT_NECTARINES@@BOISE, ID - MULO",217,230,369858.26,47,2022-01-23,2026-06-14,13,0.21658986175115208,0,2,0|2
"SUBCATEGORY_STONE-FRUIT_NECTARINES@@PITTSBURGH, PA - MULO",220,232,3717920.48,4,2022-01-09,2026-06-14,12,0.01818181818181818,3,0,3|0
"SUBCATEGORY_STONE-FRUIT_NECTARINES@@RALEIGH/GREENSBORO, NC - MULO",223,232,4412728.76,8,2022-01-09,2026-06-14,9,0.03587443946188341,4,0,4|0
"SUBCATEGORY_STONE-FRUIT_NECTARINES@@ROANOKE, VA - MULO",223,232,2033009.48,7,2022-01-09,2026-06-14,9,0.03139013452914798,2,0,2|0
"SUBCATEGORY_STONE-FRUIT_NECTARINES@@SACRAMENTO, CA - MULO",216,230,3041829.42,17,2022-01-23,2026-06-14,14,0.0787037037037037,3,1,3|1
"SUBCATEGORY_STONE-FRUIT_NECTARINES@@SYRACUSE, NY - MULO",220,232,1736567.1,13,2022-01-09,2026-06-14,12,0.05909090909090909,2,1,2|1
"SUBCATEGORY_STONE-FRUIT_PEACHES@@HARRISBURG/SCRANTON, PA - MULO",223,229,5649197.56,27,2022-01-30,2026-06-14,6,0.1210762331838565,4,1,4|1
"SUBCATEGORY_STONE-FRUIT_PEACHES@@INDIANAPOLIS, IN - MULO",212,229,3286969.75,42,2022-01-30,2026-06-14,17,0.19811320754716982,3,1,3|1
"SUBCATEGORY_STONE-FRUIT_PEACHES@@LAS VEGAS, NV - MULO",218,232,4268911.68,84,2022-01-09,2026-06-14,14,0.3853211009174312,4,2,4|2
"SUBCATEGORY_STONE-FRUIT_PEACHES@@MEMPHIS, TN - MULO",222,229,2987482.58,45,2022-01-30,2026-06-14,7,0.20270270270270271,3,2,3|2
"SUBCATEGORY_STONE-FRUIT_PEACHES@@MILWAUKEE, WI - MULO",209,228,3248451.34,48,2022-02-06,2026-06-14,19,0.22966507177033493,3,2,3|2
"SUBCATEGORY_STONE-FRUIT_PEACHES@@PHOENIX/TUCSON, AZ - MULO",206,230,6862658.46,37,2022-01-23,2026-06-14,24,0.1796116504854369,5,1,5|1
"SUBCATEGORY_STONE-FRUIT_PEACHES@@RICHMOND/NORFOLK, VA - MULO",219,229,5217485.31,23,2022-01-30,2026-06-14,10,0.1050228310502283,4,1,4|1
"SUBCATEGORY_STONE-FRUIT_PEACHES@@SEATTLE/TACOMA, WA - MULO",223,232,1604127.42,92,2022-01-09,2026-06-14,9,0.4125560538116592,2,2,2|2
SUBCATEGORY_STONE-FRUIT_PEACHES@@SOUTH CAROLINA - MULO,216,229,10084368.09,28,2022-01-30,2026-06-14,13,0.12962962962962962,6,1,6|1
"SUBCATEGORY_STONE-FRUIT_PEACHES@@TULSA, OK - MULO",203,228,1919692.23,54,2022-02-06,2026-06-14,25,0.2660098522167488,2,2,2|2
"SUBCATEGORY_STONE-FRUIT_PLUMS@@ATLANTA, GA - MULO",231,232,10777354.41,5,2022-01-09,2026-06-14,1,0.021645021645021644,6,0,6|0
"SUBCATEGORY_STONE-FRUIT_PLUMS@@BALTIMORE, MD/WASHINGTON D.C. - MULO",228,232,15088102.89,3,2022-01-09,2026-06-14,4,0.013157894736842105,6,0,6|0
"SUBCATEGORY_STONE-FRUIT_PLUMS@@DENVER, CO - MULO",226,232,5707961.68,3,2022-01-09,2026-06-14,6,0.01327433628318584,4,0,4|0
"SUBCATEGORY_STONE-FRUIT_PLUMS@@HOUSTON, TX - MULO",230,232,9814644.23,4,2022-01-09,2026-06-14,2,0.017391304347826087,6,0,6|0
"SUBCATEGORY_STONE-FRUIT_PLUMS@@KANSAS CITY, KS - MULO",231,231,3151559.86,7,2022-01-16,2026-06-14,0,0.030303030303030304,3,0,3|0
"SUBCATEGORY_STONE-FRUIT_PLUMS@@LOUISVILLE, KY - MULO",228,232,1718845.31,5,2022-01-09,2026-06-14,4,0.021929824561403508,2,0,2|0
"SUBCATEGORY_STONE-FRUIT_PLUMS@@OKLAHOMA CITY, OK - MULO",228,231,2877353.52,7,2022-01-16,2026-06-14,3,0.03070175438596491,3,0,3|0
"SUBCATEGORY_STONE-FRUIT_PLUMS@@OMAHA, NE - MULO",225,232,1981985.1300000001,11,2022-01-09,2026-06-14,7,0.04888888888888889,2,0,2|0
"SUBCATEGORY_STONE-FRUIT_PLUMS@@PEORIA/SPRINGFIELD, IL - MULO",229,232,1972802.06,6,2022-01-09,2026-06-14,3,0.026200873362445413,2,0,2|0
"SUBCATEGORY_STONE-FRUIT_PLUMS@@SACRAMENTO, CA - MULO",227,230,1972296.09,12,2022-01-23,2026-06-14,3,0.05286343612334802,2,1,2|1
SUBCATEGORY_STONE-FRUIT_PLUMS@@SOUTH CAROLINA - MULO,232,232,12792550.39,0,2022-01-09,2026-06-14,0,0.0,6,0,6|0
"SUBCATEGORY_STONE-FRUIT_PLUMS@@SPOKANE, WA - MULO",212,227,246559.0,42,2022-02-13,2026-06-14,15,0.19811320754716982,0,1,0|1
"SUBCATEGORY_STONE-FRUIT_PLUMS@@WICHITA, KS - MULO",221,222,1507735.31,2,2022-03-20,2026-06-14,1,0.00904977375565611,2,0,2|0
"SUBCATEGORY_TOMATOES_COCKTAIL-TOMATOES@@ALBANY, NY - MULO",232,232,5033642.65,0,2022-01-09,2026-06-14,0,0.0,4,0,4|0
"SUBCATEGORY_TOMATOES_COCKTAIL-TOMATOES@@BOSTON, MA - MULO",232,232,22005203.11,0,2022-01-09,2026-06-14,0,0.0,7,0,7|0
"SUBCATEGORY_TOMATOES_COCKTAIL-TOMATOES@@CHARLOTTE, NC - MULO",232,232,10494340.9,0,2022-01-09,2026-06-14,0,0.0,6,0,6|0
"SUBCATEGORY_TOMATOES_COCKTAIL-TOMATOES@@DALLAS/FT. WORTH, TX - MULO",232,232,18323945.38,0,2022-01-09,2026-06-14,0,0.0,7,0,7|0
"SUBCATEGORY_TOMATOES_COCKTAIL-TOMATOES@@DETROIT, MI - MULO",232,232,18694253.88,0,2022-01-09,2026-06-14,0,0.0,7,0,7|0
"SUBCATEGORY_TOMATOES_COCKTAIL-TOMATOES@@MEMPHIS, TN - MULO",232,232,2120681.35,0,2022-01-09,2026-06-14,0,0.0,2,0,2|0
"SUBCATEGORY_TOMATOES_COCKTAIL-TOMATOES@@NEW ORLEANS, LA/MOBILE, AL - MULO",232,232,5048020.03,0,2022-01-09,2026-06-14,0,0.0,4,0,4|0
"SUBCATEGORY_TOMATOES_COCKTAIL-TOMATOES@@NEW YORK, NY - MULO",232,232,68189041.41,0,2022-01-09,2026-06-14,0,0.0,9,0,9|0
"SUBCATEGORY_TOMATOES_COCKTAIL-TOMATOES@@PEORIA/SPRINGFIELD, IL - MULO",232,232,3520616.68,0,2022-01-09,2026-06-14,0,0.0,3,0,3|0
"SUBCATEGORY_TOMATOES_COCKTAIL-TOMATOES@@PHOENIX/TUCSON, AZ - MULO",232,232,13631564.5,0,2022-01-09,2026-06-14,0,0.0,6,0,6|0
"SUBCATEGORY_TOMATOES_COCKTAIL-TOMATOES@@ROANOKE, VA - MULO",232,232,7668934.03,0,2022-01-09,2026-06-14,0,0.0,5,0,5|0
"SUBCATEGORY_TOMATOES_COCKTAIL-TOMATOES@@SACRAMENTO, CA - MULO",232,232,7672614.15,0,2022-01-09,2026-06-14,0,0.0,5,0,5|0
"SUBCATEGORY_TOMATOES_COCKTAIL-TOMATOES@@SAN FRANCISCO/OAKLAND, CA - MULO",232,232,16921110.49,0,2022-01-09,2026-06-14,0,0.0,7,0,7|0
"SUBCATEGORY_TOMATOES_COCKTAIL-TOMATOES@@SYRACUSE, NY - MULO",232,232,3238319.37,0,2022-01-09,2026-06-14,0,0.0,3,0,3|0
"SUBCATEGORY_TOMATOES_ROMA-TOMATOES@@BUFFALO/ROCHESTER, NY - MULO",232,232,5541430.88,0,2022-01-09,2026-06-14,0,0.0,4,0,4|0
"SUBCATEGORY_TOMATOES_ROMA-TOMATOES@@CHICAGO, IL - MULO",232,232,3403466.6,0,2022-01-09,2026-06-14,0,0.0,3,0,3|0
"SUBCATEGORY_TOMATOES_ROMA-TOMATOES@@DETROIT, MI - MULO",232,232,1784312.23,0,2022-01-09,2026-06-14,0,0.0,2,0,2|0
"SUBCATEGORY_TOMATOES_ROMA-TOMATOES@@KANSAS CITY, KS - MULO",232,232,952803.58,0,2022-01-09,2026-06-14,0,0.0,1,0,1|0
"SUBCATEGORY_TOMATOES_ROMA-TOMATOES@@LOS ANGELES, CA - MULO",232,232,14168410.99,0,2022-01-09,2026-06-14,0,0.0,6,0,6|0
"SUBCATEGORY_TOMATOES_ROMA-TOMATOES@@PEORIA/SPRINGFIELD, IL - MULO",232,232,693285.91,0,2022-01-09,2026-06-14,0,0.0,1,0,1|0
"SUBCATEGORY_TOMATOES_ROMA-TOMATOES@@PITTSBURGH, PA - MULO",232,232,1670522.18,0,2022-01-09,2026-06-14,0,0.0,2,0,2|0
"SUBCATEGORY_TOMATOES_ROMA-TOMATOES@@SACRAMENTO, CA - MULO",232,232,3855557.77,0,2022-01-09,2026-06-14,0,0.0,3,0,3|0
SUBCATEGORY_TOMATOES_ROMA-TOMATOES@@SOUTH CAROLINA - MULO,232,232,7247973.36,0,2022-01-09,2026-06-14,0,0.0,5,0,5|0
"SUBCATEGORY_TOMATOES_ROMA-TOMATOES@@SPOKANE, WA - MULO",232,232,227434.77,0,2022-01-09,2026-06-14,0,0.0,0,0,0|0
"SUBCATEGORY_TOMATOES_ROMA-TOMATOES@@TULSA, OK - MULO",232,232,449298.55,0,2022-01-09,2026-06-14,0,0.0,1,0,1|0
SUBCATEGORY_TOMATOES_ROMA-TOMATOES@@WEST TEXAS/NEW MEXICO - MULO,232,232,8436379.5,0,2022-01-09,2026-06-14,0,0.0,5,0,5|0
"SUBCATEGORY_TOMATOES_ROMA-TOMATOES_ORGANIC@@LOS ANGELES, CA - MULO",180,180,6012916.54,0,2023-01-08,2026-06-14,0,0.0,4,0,4|0
"SUBCATEGORY_TOMATOES_SNACKING-TOMATOES@@GREEN BAY, WI - MULO",232,232,16705149.86,0,2022-01-09,2026-06-14,0,0.0,7,0,7|0
"SUBCATEGORY_TOMATOES_SNACKING-TOMATOES@@HARTFORD, CT/SPRINGFIELD, MA - MULO",232,232,113250972.52,0,2022-01-09,2026-06-14,0,0.0,9,0,9|0
"SUBCATEGORY_TOMATOES_SNACKING-TOMATOES@@INDIANAPOLIS, IN - MULO",232,232,52914502.25,0,2022-01-09,2026-06-14,0,0.0,8,0,8|0
"SUBCATEGORY_TOMATOES_SNACKING-TOMATOES@@JACKSONVILLE, FL - MULO",232,232,49911512.75,0,2022-01-09,2026-06-14,0,0.0,8,0,8|0
"SUBCATEGORY_TOMATOES_SNACKING-TOMATOES@@LOUISVILLE, KY - MULO",232,232,27898940.53,0,2022-01-09,2026-06-14,0,0.0,8,0,8|0
"SUBCATEGORY_TOMATOES_SNACKING-TOMATOES@@MILWAUKEE, WI - MULO",232,232,59039354.34,0,2022-01-09,2026-06-14,0,0.0,9,0,9|0
"SUBCATEGORY_TOMATOES_SNACKING-TOMATOES@@NEW YORK, NY - MULO",232,232,441086741.9,0,2022-01-09,2026-06-14,0,0.0,9,0,9|0
"SUBCATEGORY_TOMATOES_SNACKING-TOMATOES@@OKLAHOMA CITY, OK - MULO",232,232,27811756.83,0,2022-01-09,2026-06-14,0,0.0,8,0,8|0
"SUBCATEGORY_TOMATOES_SNACKING-TOMATOES@@ORLANDO, FL - MULO",232,232,104584136.07,0,2022-01-09,2026-06-14,0,0.0,9,0,9|0
"SUBCATEGORY_TOMATOES_SNACKING-TOMATOES@@SALT LAKE CITY, UT - MULO",232,232,43242349.17,0,2022-01-09,2026-06-14,0,0.0,8,0,8|0
SUBCATEGORY_TOMATOES_SNACKING-TOMATOES@@SOUTH CAROLINA - MULO,232,232,133873882.19,0,2022-01-09,2026-06-14,0,0.0,9,0,9|0
"SUBCATEGORY_TOMATOES_SNACKING-TOMATOES@@ST. LOUIS, MO - MULO",232,232,71686747.45,0,2022-01-09,2026-06-14,0,0.0,9,0,9|0
"SUBCATEGORY_TOMATOES_SNACKING-TOMATOES@@SYRACUSE, NY - MULO",232,232,40372345.25,0,2022-01-09,2026-06-14,0,0.0,8,0,8|0
"SUBCATEGORY_TOMATOES_TOMATOES@@ALBANY, NY - MULO",232,232,4928723.92,0,2022-01-09,2026-06-14,0,0.0,4,0,4|0
"SUBCATEGORY_TOMATOES_TOMATOES@@COLUMBUS, OH - MULO",232,232,11381292.3,0,2022-01-09,2026-06-14,0,0.0,6,0,6|0
"SUBCATEGORY_TOMATOES_TOMATOES@@DETROIT, MI - MULO",232,232,15014223.1,0,2022-01-09,2026-06-14,0,0.0,6,0,6|0
"SUBCATEGORY_TOMATOES_TOMATOES@@HARRISBURG/SCRANTON, PA - MULO",232,232,14106109.73,0,2022-01-09,2026-06-14,0,0.0,6,0,6|0
"SUBCATEGORY_TOMATOES_TOMATOES@@MEMPHIS, TN - MULO",232,232,4526902.26,0,2022-01-09,2026-06-14,0,0.0,4,0,4|0
"SUBCATEGORY_TOMATOES_TOMATOES@@MILWAUKEE, WI - MULO",232,232,7912831.45,0,2022-01-09,2026-06-14,0,0.0,5,0,5|0
SUBCATEGORY_TOMATOES_TOMATOES@@SOUTH CAROLINA - MULO,232,232,27162908.91,0,2022-01-09,2026-06-14,0,0.0,8,0,8|0
"SUBCATEGORY_TOMATOES_VINE-RIPE-TOMATOES@@ALBANY, NY - MULO",232,232,3392646.08,0,2022-01-09,2026-06-14,0,0.0,3,0,3|0
"SUBCATEGORY_TOMATOES_VINE-RIPE-TOMATOES@@BOISE, ID - MULO",224,232,353048.07,0,2022-01-09,2026-06-14,8,0.0,0,0,0|0
"SUBCATEGORY_TOMATOES_VINE-RIPE-TOMATOES@@HARRISBURG/SCRANTON, PA - MULO",232,232,11534628.14,0,2022-01-09,2026-06-14,0,0.0,6,0,6|0
"SUBCATEGORY_TOMATOES_VINE-RIPE-TOMATOES@@MEMPHIS, TN - MULO",232,232,3846223.17,0,2022-01-09,2026-06-14,0,0.0,3,0,3|0
"SUBCATEGORY_TOMATOES_VINE-RIPE-TOMATOES@@MIAMI/FT. LAUDERDALE, FL - MULO",232,232,20701443.54,0,2022-01-09,2026-06-14,0,0.0,7,0,7|0
"SUBCATEGORY_TOMATOES_VINE-RIPE-TOMATOES@@PHOENIX/TUCSON, AZ - MULO",232,232,9578088.41,0,2022-01-09,2026-06-14,0,0.0,5,0,5|0
"SUBCATEGORY_TOMATOES_VINE-RIPE-TOMATOES@@ROANOKE, VA - MULO",232,232,6619137.51,0,2022-01-09,2026-06-14,0,0.0,5,0,5|0
"SUBCATEGORY_TOMATOES_VINE-RIPE-TOMATOES@@ST. LOUIS, MO - MULO",232,232,6528071.91,0,2022-01-09,2026-06-14,0,0.0,5,0,5|0
SUBCATEGORY_TOMATOES_VINE-RIPE-TOMATOES@@WEST TEXAS/NEW MEXICO - MULO,232,232,9150668.43,0,2022-01-09,2026-06-14,0,0.0,5,0,5|0
"SUBCATEGORY_VALUE-ADDED-FRUIT_FRUIT-TRAYS@@HARTFORD, CT/SPRINGFIELD, MA - MULO",232,232,2163723.49,0,2022-01-09,2026-06-14,0,0.0,2,0,2|0
"SUBCATEGORY_VALUE-ADDED-FRUIT_FRUIT-TRAYS@@LOS ANGELES, CA - MULO",232,232,8609399.66,0,2022-01-09,2026-06-14,0,0.0,5,0,5|0
"SUBCATEGORY_VALUE-ADDED-FRUIT_FRUIT-TRAYS@@MINNEAPOLIS/ST. PAUL, MN - MULO",232,232,2614253.05,0,2022-01-09,2026-06-14,0,0.0,3,0,3|0
"SUBCATEGORY_VALUE-ADDED-FRUIT_FRUIT-TRAYS@@NEW YORK, NY - MULO",232,232,6320240.37,0,2022-01-09,2026-06-14,0,0.0,4,0,4|0
"SUBCATEGORY_VALUE-ADDED-FRUIT_FRUIT-TRAYS@@SACRAMENTO, CA - MULO",232,232,2014425.05,0,2022-01-09,2026-06-14,0,0.0,2,0,2|0
"SUBCATEGORY_VALUE-ADDED-FRUIT_PREPARED-FRUIT@@DENVER, CO - MULO",232,232,145770173.57,0,2022-01-09,2026-06-14,0,0.0,9,0,9|0
"SUBCATEGORY_VALUE-ADDED-FRUIT_PREPARED-FRUIT@@INDIANAPOLIS, IN - MULO",232,232,95934322.92,0,2022-01-09,2026-06-14,0,0.0,9,0,9|0
"SUBCATEGORY_VALUE-ADDED-FRUIT_PREPARED-FRUIT@@MINNEAPOLIS/ST. PAUL, MN - MULO",232,232,87496446.09,0,2022-01-09,2026-06-14,0,0.0,9,0,9|0
SUBCATEGORY_VALUE-ADDED-FRUIT_PREPARED-FRUIT@@NEW ENGLAND - MULO,232,232,61105304.0,0,2022-01-09,2026-06-14,0,0.0,9,0,9|0
"SUBCATEGORY_VALUE-ADDED-VEGETABLES_PREPARED-VEGETABLES@@BOSTON, MA - MULO",232,232,73441632.83,0,2022-01-09,2026-06-14,0,0.0,9,0,9|0
"SUBCATEGORY_VALUE-ADDED-VEGETABLES_PREPARED-VEGETABLES@@CHICAGO, IL - MULO",232,232,78005932.91,0,2022-01-09,2026-06-14,0,0.0,9,0,9|0
"SUBCATEGORY_VALUE-ADDED-VEGETABLES_PREPARED-VEGETABLES@@KNOXVILLE, TN - MULO",232,232,17030301.45,0,2022-01-09,2026-06-14,0,0.0,7,0,7|0
"SUBCATEGORY_VALUE-ADDED-VEGETABLES_PREPARED-VEGETABLES@@LAS VEGAS, NV - MULO",232,232,28594106.41,0,2022-01-09,2026-06-14,0,0.0,8,0,8|0
"SUBCATEGORY_VALUE-ADDED-VEGETABLES_PREPARED-VEGETABLES@@MILWAUKEE, WI - MULO",232,232,30706422.28,0,2022-01-09,2026-06-14,0,0.0,8,0,8|0
"SUBCATEGORY_VALUE-ADDED-VEGETABLES_PREPARED-VEGETABLES@@MINNEAPOLIS/ST. PAUL, MN - MULO",232,232,49216411.52,0,2022-01-09,2026-06-14,0,0.0,8,0,8|0
"SUBCATEGORY_VALUE-ADDED-VEGETABLES_PREPARED-VEGETABLES@@OMAHA, NE - MULO",232,232,17069543.76,0,2022-01-09,2026-06-14,0,0.0,7,0,7|0
"SUBCATEGORY_VALUE-ADDED-VEGETABLES_PREPARED-VEGETABLES@@PHOENIX/TUCSON, AZ - MULO",232,232,76127167.53,0,2022-01-09,2026-06-14,0,0.0,9,0,9|0
"SUBCATEGORY_VALUE-ADDED-VEGETABLES_PREPARED-VEGETABLES@@PORTLAND, OR - MULO",232,232,40652443.33,0,2022-01-09,2026-06-14,0,0.0,8,0,8|0
"SUBCATEGORY_VALUE-ADDED-VEGETABLES_PREPARED-VEGETABLES@@SACRAMENTO, CA - MULO",232,232,36834910.72,0,2022-01-09,2026-06-14,0,0.0,8,0,8|0
SUBCATEGORY_VALUE-ADDED-VEGETABLES_PREPARED-VEGETABLES@@SOUTH CAROLINA - MULO,232,232,80175965.03,0,2022-01-09,2026-06-14,0,0.0,9,0,9|0
"SUBCATEGORY_VALUE-ADDED-VEGETABLES_PREPARED-VEGETABLES@@TULSA, OK - MULO",232,232,11358494.47,0,2022-01-09,2026-06-14,0,0.0,6,0,6|0
"SUBCATEGORY_VALUE-ADDED-VEGETABLES_VEGETABLE-TRAYS@@BUFFALO/ROCHESTER, NY - MULO",232,232,2704969.7600000002,0,2022-01-09,2026-06-14,0,0.0,3,0,3|0
"SUBCATEGORY_VALUE-ADDED-VEGETABLES_VEGETABLE-TRAYS@@CINCINNATI/DAYTON, OH - MULO",232,232,14954366.34,0,2022-01-09,2026-06-14,0,0.0,6,0,6|0
"SUBCATEGORY_VALUE-ADDED-VEGETABLES_VEGETABLE-TRAYS@@GREEN BAY, WI - MULO",232,232,2775644.89,0,2022-01-09,2026-06-14,0,0.0,3,0,3|0
"SUBCATEGORY_VALUE-ADDED-VEGETABLES_VEGETABLE-TRAYS@@HARRISBURG/SCRANTON, PA - MULO",232,232,7744707.02,0,2022-01-09,2026-06-14,0,0.0,5,0,5|0
"SUBCATEGORY_VALUE-ADDED-VEGETABLES_VEGETABLE-TRAYS@@HOUSTON, TX - MULO",232,232,8355384.56,0,2022-01-09,2026-06-14,0,0.0,5,0,5|0
"SUBCATEGORY_VALUE-ADDED-VEGETABLES_VEGETABLE-TRAYS@@KANSAS CITY, KS - MULO",232,232,7004365.11,0,2022-01-09,2026-06-14,0,0.0,5,0,5|0
"SUBCATEGORY_VALUE-ADDED-VEGETABLES_VEGETABLE-TRAYS@@MINNEAPOLIS/ST. PAUL, MN - MULO",232,232,16457210.01,0,2022-01-09,2026-06-14,0,0.0,7,0,7|0
"SUBCATEGORY_VALUE-ADDED-VEGETABLES_VEGETABLE-TRAYS@@OMAHA, NE - MULO",232,232,4666800.34,0,2022-01-09,2026-06-14,0,0.0,4,0,4|0
"SUBCATEGORY_VALUE-ADDED-VEGETABLES_VEGETABLE-TRAYS@@PHOENIX/TUCSON, AZ - MULO",232,232,30098239.51,0,2022-01-09,2026-06-14,0,0.0,8,0,8|0
"SUBCATEGORY_VALUE-ADDED-VEGETABLES_VEGETABLE-TRAYS@@PITTSBURGH, PA - MULO",232,232,6479304.49,0,2022-01-09,2026-06-14,0,0.0,5,0,5|0
"SUBCATEGORY_VALUE-ADDED-VEGETABLES_VEGETABLE-TRAYS@@PORTLAND, OR - MULO",232,232,19921675.76,0,2022-01-09,2026-06-14,0,0.0,7,0,7|0
"SUBCATEGORY_VALUE-ADDED-VEGETABLES_VEGETABLE-TRAYS@@RALEIGH/GREENSBORO, NC - MULO",232,232,9254401.78,0,2022-01-09,2026-06-14,0,0.0,5,0,5|0
